Temperature (C),Temperature (K),1/T (1/K),Rate Constant k (1/s),ln(k),Conversion (%),Pressure (bar),Agitation RPM,Residence Time (min),Heat Duty (kJ/mol),Cooling Load (kW),Scale-Up Success
40.703,313.853,0.00318621,0.007674761686254944,-4.86981804,37.144,10.583,532,83.494,42.752,17.233,0
71.416,344.566,0.0029022,0.03822314295239706,-3.26431411,39.456,5.301,763,154.618,47.228,61.552,0
108.232,381.382,0.00262204,0.1862724011127283,-1.68054515,45.259,13.241,254,294.315,39.013,234.895,0
84.781,357.931,0.00279383,0.07053101602389036,-2.65170272,36.512,9.963,343,216.096,42.173,147.486,0
89.856,363.006,0.00275478,0.08795791876062295,-2.43089677,40.097,2.051,1152,59.58,48.686,32.927,0
24.054,297.204,0.00336469,0.002798065271133562,-5.87882708,41.758,6.845,771,12.489,55.872,237.908,0
30.785,303.935,0.00329018,0.004263841818499318,-5.45758469,40.355,5.714,1111,138.283,46.532,181.305,0
54.228,327.378,0.00305457,0.01615239179377276,-4.12568714,36.477,1.008,379,27.148,39.237,129.292,0
105.733,378.883,0.00263934,0.1689231560884811,-1.77831137,37.909,10.378,270,203.98,43.008,56.386,0
72.253,345.403,0.00289517,0.03977339713534525,-3.224557,45.36,5.293,1149,268.994,54.359,58.597,0
94.633,367.783,0.00271899,0.1076765007513296,-2.22862391,36.692,13.084,589,53.779,37.666,196.974,0
72.953,346.103,0.00288931,0.04111200981419529,-3.19145499,42.698,13.278,760,184.254,43.306,98.026,0
90.361,363.511,0.00275095,0.0898815824711283,-2.40926223,43.317,12.472,903,38.821,49.922,60.104,0
22.157,295.307,0.00338631,0.002476238573037386,-6.00101457,42.501,7.744,830,196.395,47.135,179.814,0
71.398,344.548,0.00290235,0.03819039542784056,-3.26517122,38.01,1.523,904,251.193,38.098,220.001,0
31.714,304.864,0.00328015,0.004512488942642666,-5.40090641,36.7,4.42,180,150.618,44.518,231.622,0
111.633,384.783,0.00259887,0.2123475531905655,-1.54953094,44.892,1.768,952,31.392,42.067,39.914,1
44.222,317.372,0.00315088,0.00937131047019354,-4.67010233,36.61,7.714,1028,201.989,43.792,183.972,0
55.926,329.076,0.00303881,0.01765764037356449,-4.03658671,40.732,3.22,533,16.922,41.229,234.683,0
55.988,329.138,0.00303824,0.01771487262515329,-4.03335073,40.583,14.24,927,249.337,46.368,194.717,0
49.876,323.026,0.00309573,0.01279974519098069,-4.35833002,36.46,3.082,1030,122.803,48.926,165.089,0
57.858,331.008,0.00302108,0.01951993183622576,-3.93631919,38.235,3.776,1166,85.084,40.947,6.277,0
20.515,293.665,0.00340524,0.002224880987638245,-6.10805185,38.368,12.603,543,25.02,40.576,128.479,0
102.403,375.553,0.00266274,0.1479900691709654,-1.91061011,43.444,5.313,312,135.478,39.65,8.895,0
68.479,341.629,0.00292715,0.03319482251165059,-3.40536136,43.902,7.866,561,258.094,47.912,155.182,0
126.925,400.075,0.00249953,0.3723307664624705,-0.98797266,42.945,3.711,1047,146.505,38.548,124.866,0
36.018,309.168,0.00323449,0.005841521647495631,-5.14276396,43.481,8.037,573,209.517,49.578,109.583,0
118.277,391.427,0.00255475,0.272488966738235,-1.30015715,37.829,11.594,399,288.372,51.387,24.664,0
122.406,395.556,0.00252809,0.3168263721032178,-1.14940138,43.09,7.748,352,14.179,45.703,109.84,0
109.809,382.959,0.00261125,0.1979964448237869,-1.6195062,43.675,7.62,118,85.407,40.302,100.146,0
81.957,355.107,0.00281605,0.0622059901937386,-2.77730398,43.306,8.515,1119,113.77,52.902,126.92,0
115.031,388.181,0.00257612,0.2414905360322706,-1.42092499,37.875,1.9,1015,237.062,38.357,36.579,0
111.439,384.589,0.00260018,0.2107796623982133,-1.55694195,38.717,5.406,850,70.297,51.007,164.616,0
76.21,349.36,0.00286238,0.04787410454759459,-3.03918054,43.555,6.823,407,61.173,45.494,229.321,0
135.96,409.11,0.00244433,0.5086906218975668,-0.67591526,48.754,6.249,172,41.233,52.522,171.065,1
105.131,378.281,0.00264354,0.1649593901788786,-1.80205596,42.28,5.206,507,176.471,50.721,146.406,0
23.384,296.534,0.00337229,0.002680360931111645,-5.92180382,38.554,6.884,574,271.138,56.357,74.563,0
63.083,336.233,0.00297413,0.0254529757025525,-3.67092262,42.164,6.301,1010,293.241,55.96,246.33,0
47.209,320.359,0.0031215,0.01106440297354373,-4.50402226,44.911,3.882,480,126.747,40.544,22.271,0
59.45,332.6,0.00300661,0.02118265691832195,-3.8545725,37.007,14.843,295,124.503,42.794,28.023,0
121.195,394.345,0.00253585,0.3032221521325683,-1.19328957,41.353,3.453,803,295.32,42.336,149.942,0
24.416,297.566,0.0033606,0.002863566690635738,-5.85568734,44.171,14.51,594,199.113,37.813,241.499,0
98.356,371.506,0.00269175,0.1256082302673077,-2.0745875,42.68,12.555,865,156.615,48.186,10.235,0
104.152,377.302,0.0026504,0.1586852969493576,-1.8408323,41.615,8.644,213,174.004,54.038,146.86,0
71.438,344.588,0.00290202,0.03826320118792533,-3.26326665,43.727,12.484,249,15.71,53.366,132.818,0
85.491,358.641,0.0027883,0.07277115168992965,-2.62043567,35.981,5.166,531,31.292,39.742,88.956,0
123.733,396.883,0.00251963,0.3323333522853686,-1.10161674,41.612,3.391,689,226.49,42.419,218.723,0
117.264,390.414,0.00256138,0.2624668779696402,-1.33763038,46.462,9.742,987,219.674,54.864,204.82,0
133.984,407.134,0.00245619,0.4756940059378461,-0.74298048,39.313,8.509,1056,118.506,40.349,68.447,0
117.437,390.587,0.00256025,0.2641556019995384,-1.33121695,38.75,4.767,981,135.453,51.796,14.097,0
61.969,335.119,0.00298401,0.02406943359315325,-3.72681256,41.186,7.172,944,298.121,53.571,79.922,0
27.991,301.141,0.0033207,0.003588022624529495,-5.63015403,41.375,13.342,536,221.823,45.979,221.648,0
68.113,341.263,0.00293029,0.03261091061066942,-3.42310837,42.235,1.458,311,295.332,43.491,156.006,0
74.418,347.568,0.00287713,0.04404212411820452,-3.12260874,44.763,10.098,582,74.778,45.128,83.09,0
124.815,397.965,0.00251278,0.3454558991420609,-1.06289029,44.763,8.576,875,64.919,45.113,101.651,0
131.328,404.478,0.00247232,0.4342403370431986,-0.83415713,41.2,12.095,833,26.474,50.211,10.784,0
59.154,332.304,0.00300929,0.02086437003828105,-3.86971236,38.202,11.187,638,297.216,47.805,11.221,0
28.431,301.581,0.00331586,0.003687650922532821,-5.60276563,36.255,5.007,1009,14.394,45.714,194.034,0
105.123,378.273,0.00264359,0.164907262742477,-1.80237201,44.823,9.278,804,11.155,40.659,46.865,0
102.961,376.111,0.00265879,0.1513322179256997,-1.88827774,42.033,4.284,870,221.201,42.131,40.774,0
101.663,374.813,0.002668,0.1436566685562109,-1.94032907,37.466,8.603,986,240.457,46.182,80.055,0
134.698,407.848,0.00245189,0.4873988906520186,-0.71867241,45.624,3.889,432,226.842,53.167,220.768,0
131.157,404.307,0.00247337,0.4316810148007652,-0.84006836,43.537,6.531,1144,143.586,43.146,42.435,0
123.498,396.648,0.00252113,0.3295406112991723,-1.11005568,37.863,5.177,988,17.35,38.365,134.94,0
36.899,310.049,0.0032253,0.00615304879377799,-5.09080758,42.551,7.189,349,216.784,44.565,138.272,0
43.229,316.379,0.00316077,0.008861771024322812,-4.72600864,37.995,8.497,364,78.549,47.481,54.032,0
64.162,337.312,0.00296461,0.02685936864066913,-3.61714059,38.172,10.342,402,198.273,37.785,102.642,0
59.964,333.114,0.00300198,0.02174554708001307,-3.82834627,43.175,1.338,889,52.306,38.252,80.175,0
135.743,408.893,0.00244563,0.5049738996685651,-0.68324853,45.4,1.154,874,63.98,54.712,188.655,1
44.99,318.14,0.00314327,0.00978306003818178,-4.62710296,37.848,4.003,176,90.607,44.142,201.986,0
108.659,381.809,0.00261911,0.1893859989949269,-1.66396802,43.263,12.816,355,73.863,49.188,97.315,0
53.399,326.549,0.00306233,0.01545960919786954,-4.16952451,36.841,10.867,1166,217.431,45.929,80.155,0
51.562,324.712,0.00307965,0.01401730972932052,-4.2674623,36.988,10.681,1007,126.458,44.627,202.22,0
123.928,397.078,0.0025184,0.3346661542515797,-1.0946218,40.388,14.052,728,91.356,38.55,182.387,0
33.009,306.159,0.00326628,0.00488067185489064,-5.32247239,41.836,12.84,1122,31.217,47.165,210.569,0
102.715,375.865,0.00266053,0.1498508189740093,-1.89811502,43.432,4.482,160,49.087,41.522,143.133,0
34.785,307.935,0.00324744,0.005429118496935494,-5.2159785,38.826,2.314,579,172.377,52.441,10.646,0
45.749,318.899,0.00313579,0.01020567887857676,-4.58481096,38.472,7.042,724,205.068,51.937,76.626,0
100.984,374.134,0.00267284,0.1397777446739153,-1.96770166,36.64,10.31,415,260.46,48.037,125.868,0
30.512,303.662,0.00329314,0.004193136121993729,-5.47430635,44.67,10.689,1031,129.72,46.934,131.082,0
95.647,368.797,0.00271152,0.112324617438453,-2.18636223,45.34,10.064,214,260.176,51.027,13.131,0
56.676,329.826,0.0030319,0.01836105396114169,-3.99752349,43.802,1.692,1142,185.038,51.617,52.157,0
85.062,358.212,0.00279164,0.07141029761887449,-2.6393132,38.983,3.808,598,87.625,41.472,214.444,0
52.798,325.948,0.00306797,0.01497392810632746,-4.20144472,35.363,3.967,586,261.798,42.782,108.382,0
96.984,370.134,0.00270172,0.1187194136149883,-2.13099244,36.957,5.089,367,148.794,46.286,80.548,0
79.571,352.721,0.0028351,0.05585523182364716,-2.88499208,35.902,3.735,693,269.382,45.477,103.221,0
83.825,356.975,0.00280132,0.067609982976831,-2.69399963,39.31,10.18,719,113.657,47.418,177.415,0
64.042,337.192,0.00296567,0.02669964789078,-3.6231049,39.338,14.463,646,268.056,49.587,56.049,0
46.158,319.308,0.00313177,0.01044006400492668,-4.56210457,45.077,11.412,940,114.86,47.413,127.983,0
80.191,353.341,0.00283013,0.0574483172809241,-2.85686957,44.088,14.674,708,49.246,45.277,166.184,0
139.284,412.434,0.00242463,0.5686166300156257,-0.56454883,46.482,9.763,771,176.435,50.961,159.382,0
37.499,310.649,0.00321907,0.006373594511227475,-5.05559168,41.18,1.581,738,282.19,55.429,14.362,0
118.37,391.52,0.00255415,0.2734253639858696,-1.29672659,38.886,14.433,244,20.47,41.959,92.982,0
50.711,323.861,0.00308774,0.01339050947879677,-4.31320907,35.716,2.344,141,227.275,39.62,17.681,0
40.523,313.673,0.00318803,0.007595843100064903,-4.88015414,40.241,1.155,395,59.469,41.347,112.707,0
81.37,354.52,0.00282072,0.06058773503532593,-2.8036628,38.127,5.045,651,99.983,45.744,146.966,0
123.602,396.752,0.00252047,0.3307740490102051,-1.10631977,47.407,11.665,923,249.484,54.829,154.451,0
24.173,297.323,0.00336335,0.002819448026073644,-5.87121415,37.505,7.239,643,123.708,43.791,39.123,0
84.297,357.447,0.00279762,0.0690386793470758,-2.67308836,39.462,4.395,900,92.557,41.914,71.05,0
84.896,358.046,0.00279294,0.07088971462899417,-2.64662992,37.203,2.691,362,152.485,51.272,92.84,0
122.561,395.711,0.0025271,0.3186049419274813,-1.14380337,46.758,3.125,207,113.696,51.772,132.964,0
71.727,344.877,0.00289958,0.03879285394249355,-3.24951923,43.887,9.238,521,57.799,54.763,114.267,0
72.219,345.369,0.00289545,0.03970936467989122,-3.22616823,40.632,11.798,414,148.855,52.011,235.656,0
29.075,302.225,0.00330879,0.003837927571071405,-5.56282275,36.063,5.81,792,151.953,43.336,177.512,0
70.059,343.209,0.00291368,0.03582235927655609,-3.32918302,43.055,12.117,1045,107.588,43.568,17.462,0
102.054,375.204,0.00266522,0.1459324248637247,-1.92461161,36.799,12.208,1003,203.442,44.373,48.178,0
139.063,412.213,0.00242593,0.5644534156291259,-0.57189742,45.815,4.218,159,228.94,38.105,227.34,0
35.321,308.471,0.0032418,0.005605094634202579,-5.18407934,41.736,8.216,1028,151.248,54.625,202.507,0
133.231,406.381,0.00246074,0.4636112817242846,-0.76870883,46.772,1.117,281,240.73,47.843,79.679,1
120.206,393.356,0.00254223,0.2924877023685495,-1.22933266,38.492,14.429,646,208.064,38.959,248.265,0
101.693,374.843,0.00266778,0.1438301819397137,-1.93912197,38.626,2.213,696,61.65,51.575,41.702,0
127.467,400.617,0.00249615,0.3795170284261326,-0.96885581,47.884,4.214,907,248.453,55.542,193.224,1
91.618,364.768,0.00274147,0.09482979746817612,-2.3556716,40.319,11.792,851,267.253,39.392,183.264,0
136.186,409.336,0.00244298,0.512586341350131,-0.66828611,42.003,10.103,1000,170.76,45.042,248.416,0
105.885,379.035,0.00263828,0.1699369183084945,-1.77232798,45.542,3.283,538,204.679,44.091,53.347,0
91.864,365.014,0.00273962,0.09582545854469093,-2.34522688,44.402,8.922,1049,82.986,51.994,209.31,0
24.905,298.055,0.00335509,0.002954225503956476,-5.82451876,37.006,10.335,254,299.668,49.932,119.346,0
114.913,388.063,0.0025769,0.2404235168690564,-1.42535326,42.643,11.301,439,77.495,51.769,167.107,0
60.26,333.41,0.00299931,0.02207565360129097,-3.81327992,39.74,14.33,995,146.205,52.318,236.235,0
133.716,406.866,0.00245781,0.4713631173431402,-0.75212653,41.494,3.038,1062,209.096,44.404,150.557,0
87.278,360.428,0.00277448,0.07868641313301175,-2.54228478,39.214,5.928,363,13.66,47.658,32.021,0
44.188,317.338,0.00315121,0.009353443041900958,-4.67201076,36.631,9.633,1144,59.259,50.613,28.513,0
76.05,349.2,0.00286369,0.04752047210042505,-3.04659467,35.528,6.187,816,264.811,53.042,91.474,0
53.355,326.505,0.00306274,0.01542358499833511,-4.17185745,42.038,9.972,901,104.53,53.156,123.377,0
31.69,304.84,0.00328041,0.004505905998643681,-5.4023663,41.624,14.736,218,192.027,51.57,47.196,0
33.369,306.519,0.00326244,0.004987671700882355,-5.30078607,41.749,7.191,471,125.381,54.762,183.087,0
84.829,357.979,0.00279346,0.07068054050122308,-2.64958498,37.411,2.646,1152,246.103,45.852,96.625,0
108.794,381.944,0.00261818,0.1903797109496563,-1.65873472,43.751,2.21,680,33.033,49.675,19.639,0
38.764,311.914,0.00320601,0.006861777481428757,-4.98178876,43.79,1.868,703,188.297,40.656,19.621,0
114.856,388.006,0.00257728,0.2399095509288822,-1.4274933,40.321,11.074,159,71.353,48.209,187.724,0
122.689,395.839,0.00252628,0.3200801630550719,-1.13918381,45.942,8.458,310,211.776,53.0,23.489,0
122.493,395.643,0.00252753,0.3178236117767356,-1.14625873,47.115,3.376,1110,68.433,44.035,135.901,1
107.235,380.385,0.00262892,0.1791743534119462,-1.71939591,43.574,11.264,557,16.419,41.486,220.376,0
93.234,366.384,0.00272938,0.1015386559060378,-2.28731571,38.543,11.708,1176,178.235,40.073,84.647,0
124.477,397.627,0.00251492,0.3413096345614249,-1.07496519,39.929,4.295,399,228.788,52.321,60.372,0
79.887,353.037,0.00283256,0.0566622923438152,-2.87064633,38.525,8.217,1193,259.073,44.064,141.131,0
131.659,404.809,0.0024703,0.4392313058468288,-0.82272911,43.662,13.417,733,294.628,52.842,8.117,0
61.742,334.892,0.00298604,0.02379578376581274,-3.73824687,42.393,7.905,972,111.782,53.506,44.988,0
103.973,377.123,0.00265165,0.1575607901748652,-1.84794393,46.228,14.687,403,157.748,38.679,118.01,0
29.124,302.274,0.00330826,0.003849582459099207,-5.55979059,42.833,5.681,342,207.432,49.301,202.58,0
55.994,329.144,0.00303818,0.01772041991863413,-4.03303764,40.812,11.901,229,248.976,41.371,101.609,0
88.588,361.738,0.00276443,0.08328514953127268,-2.48548502,37.874,10.328,1048,87.465,51.491,132.352,0
45.789,318.939,0.0031354,0.0102283938295237,-4.58258772,42.541,12.986,432,61.878,40.879,100.434,0
84.079,357.229,0.00279932,0.06837557118465463,-2.68273966,39.206,9.743,184,259.639,49.427,117.605,0
72.591,345.741,0.00289234,0.04041490101111089,-3.20855673,39.078,3.596,1162,36.874,38.723,190.224,0
122.424,395.574,0.00252797,0.3170324764607602,-1.14875106,38.096,10.896,921,148.706,56.35,65.249,0
139.027,412.177,0.00242614,0.5637777171637237,-0.57309522,42.117,14.647,624,275.9,50.097,28.651,0
125.958,399.108,0.00250559,0.3597994021700558,-1.02220862,43.215,1.39,653,138.35,51.184,133.142,0
54.883,328.033,0.00304847,0.01671903229359586,-4.09120755,43.8,7.29,1052,225.408,46.122,81.284,0
116.927,390.077,0.0025636,0.259203984214006,-1.35013994,46.93,7.164,741,168.4,48.858,196.004,0
77.506,350.656,0.0028518,0.05082456832353269,-2.97937541,38.44,12.469,417,132.111,45.988,43.604,0
45.48,318.63,0.00313844,0.01005407983406561,-4.59977677,38.405,2.796,160,117.102,51.796,38.96,0
60.705,333.855,0.00299531,0.02258024717607829,-3.79067977,41.698,10.798,902,199.116,54.2,150.936,0
82.342,355.492,0.002813,0.06328777505292207,-2.7600631,40.383,6.856,961,125.405,44.012,79.145,0
58.438,331.588,0.00301579,0.02011184747704248,-3.90644621,41.719,9.318,1156,240.573,37.709,48.235,0
90.144,363.294,0.00275259,0.0890505328293874,-2.41855129,39.347,9.621,308,53.843,39.335,195.428,0
61.124,334.274,0.00299156,0.02306462818133378,-3.76945508,42.86,5.78,302,145.393,42.751,29.873,0
76.261,349.411,0.00286196,0.04798730857845405,-3.03681871,39.514,3.241,609,124.273,54.69,172.257,0
26.667,299.817,0.00333537,0.003302574036894792,-5.7130531,35.341,1.75,1103,259.787,45.085,111.832,0
65.669,338.819,0.00295143,0.02893803359605792,-3.54259851,43.425,6.049,967,163.449,53.087,126.295,0
115.876,389.026,0.00257052,0.2492515550366227,-1.38929263,44.549,2.383,1136,93.55,43.714,134.361,0
59.759,332.909,0.00300382,0.02151948570421927,-3.83879644,39.307,3.91,965,270.086,51.803,98.042,0
46.475,319.625,0.00312867,0.01062499859962315,-4.5445457,41.953,14.073,862,141.749,46.752,71.129,0
99.521,372.671,0.00268333,0.1317276580183283,-2.02701868,37.827,14.59,173,176.534,51.601,203.499,0
130.844,403.994,0.00247528,0.4270298820957505,-0.85090129,44.522,7.23,1151,209.681,42.654,79.168,0
125.601,398.751,0.00250783,0.3552654861325468,-1.03488992,44.379,4.179,573,271.233,47.295,85.974,0
54.396,327.546,0.00305301,0.01629608519044801,-4.11683037,35.675,4.492,554,122.72,46.012,11.399,0
38.9,312.05,0.00320461,0.006916192737725109,-4.97388984,36.747,6.224,666,222.75,48.888,197.881,0
20.442,293.592,0.00340609,0.002214257132879646,-6.11283831,40.59,12.121,1045,52.833,48.468,207.338,0
41.769,314.919,0.00317542,0.008157255378356945,-4.80884752,42.762,6.525,1059,53.554,51.377,39.352,0
38.348,311.498,0.00321029,0.00669768737744477,-5.00599298,43.23,2.359,853,286.252,46.798,101.305,0
111.2,384.35,0.0026018,0.2088618442973262,-1.56608228,37.49,11.158,671,54.488,40.581,133.909,0
21.676,294.826,0.00339183,0.002400097028111097,-6.03224611,40.936,11.306,1189,157.771,49.967,199.235,0
28.192,301.342,0.00331849,0.003633232295587579,-5.61763259,40.658,14.226,341,135.083,38.103,51.564,0
125.025,398.175,0.00251146,0.3480537171654092,-1.05539845,47.6,3.735,980,277.585,55.141,213.841,1
139.135,412.285,0.00242551,0.5658068879771343,-0.56950245,45.606,3.718,319,235.956,41.194,134.081,0
50.489,323.639,0.00308986,0.01323113418770992,-4.32518258,37.411,14.618,215,74.716,48.149,249.4,0
103.085,376.235,0.00265791,0.1520837401501451,-1.88332399,40.631,3.118,533,182.693,42.041,125.062,0
116.879,390.029,0.00256391,0.2587420966469567,-1.35192348,46.996,6.599,877,226.351,39.702,140.622,0
81.2,354.35,0.00282207,0.0601260049498514,-2.81131284,44.898,10.142,948,275.318,46.151,155.951,0
50.779,323.929,0.0030871,0.01343966601800455,-4.30954479,36.096,2.166,625,77.271,46.983,70.903,0
132.941,406.091,0.0024625,0.4590285156136441,-0.77864295,39.854,2.563,165,207.151,38.654,154.012,0
81.501,354.651,0.00281967,0.06094565139709605,-2.79777277,42.201,7.785,761,125.287,42.115,46.187,0
121.753,394.903,0.00253227,0.3094268718213929,-1.17303349,45.779,9.668,393,126.66,54.179,161.977,0
65.813,338.963,0.00295017,0.02914387814339648,-3.5355104,41.635,11.03,715,240.715,52.131,118.204,0
63.559,336.709,0.00296992,0.02606519886393333,-3.64715423,44.718,7.835,466,28.634,47.911,115.878,0
80.196,353.346,0.00283009,0.05746132466915718,-2.85664317,36.716,6.479,292,142.784,43.121,84.885,0
108.893,382.043,0.00261751,0.1911112960808645,-1.65489932,42.469,8.125,345,205.941,46.796,85.487,0
124.771,397.921,0.00251306,0.3449137105736049,-1.06446101,45.906,1.434,724,86.544,38.728,52.767,1
118.624,391.774,0.00255249,0.2759969741715065,-1.28736538,38.385,12.137,1062,49.29,44.483,211.239,0
104.914,378.064,0.00264505,0.1635504794327433,-1.81063359,38.192,12.545,1067,127.822,42.633,117.264,0
84.856,358.006,0.00279325,0.0707647696188959,-2.64839401,40.207,2.659,622,73.182,54.885,159.798,0
105.471,378.621,0.00264116,0.1671880403957629,-1.78863611,41.786,2.284,516,211.422,47.443,115.613,0
71.843,344.993,0.00289861,0.03900725178161486,-3.24400771,42.047,9.35,400,34.62,51.988,212.012,0
136.021,409.171,0.00244397,0.5097396179865324,-0.67385524,47.193,8.68,787,68.815,56.293,176.362,0
87.149,360.299,0.00277547,0.0782457802771772,-2.54790038,43.771,11.315,1017,130.05,55.502,93.994,0
106.715,379.865,0.00263251,0.1755660405361972,-1.73974001,45.2,11.691,592,74.882,54.811,235.822,0
117.407,390.557,0.00256045,0.2638620903681902,-1.3323287,41.4,7.815,1130,48.464,41.723,228.656,0
79.444,352.594,0.00283612,0.05553372052368093,-2.89076487,36.047,5.702,177,85.066,52.041,59.066,0
97.928,371.078,0.00269485,0.1234229200395736,-2.09213845,37.528,11.058,863,131.021,51.464,71.777,0
119.103,392.253,0.00254938,0.2809033145855897,-1.26974475,40.091,11.423,691,218.312,41.068,21.663,0
65.135,338.285,0.00295609,0.02818582031405695,-3.56893625,39.31,10.125,741,244.461,45.839,216.289,0
112.605,385.755,0.00259232,0.2203557978390716,-1.51251178,45.033,11.584,392,58.519,38.901,174.578,0
106.559,379.709,0.0026336,0.174495887724664,-1.7458541,41.077,4.283,441,51.221,54.46,99.249,0
29.511,302.661,0.00330403,0.003942748631438265,-5.53587718,39.767,11.689,863,156.048,52.44,189.469,0
105.464,378.614,0.00264121,0.1671418948510832,-1.78891216,41.923,9.283,528,178.618,54.708,171.622,0
121.769,394.919,0.00253216,0.3096063837577868,-1.17245352,41.426,5.54,865,68.495,47.444,14.771,0
66.707,339.857,0.00294241,0.0304509078649479,-3.49163947,38.341,10.814,998,17.346,43.462,118.104,0
57.641,330.791,0.00302306,0.0193024599376061,-3.94752273,38.285,8.492,857,116.254,53.064,92.179,0
127.31,400.46,0.00249713,0.377423255940544,-0.97438803,38.744,12.639,505,52.043,45.152,238.607,0
60.461,333.611,0.0029975,0.02230232601305132,-3.8030643,41.571,9.579,872,164.796,51.445,133.935,0
137.372,410.522,0.00243592,0.533451218191375,-0.62838765,44.367,11.134,916,13.395,55.961,168.021,0
53.641,326.791,0.00306006,0.01565907573596495,-4.15670461,44.304,14.227,1151,79.545,43.05,36.474,0
51.538,324.688,0.00307988,0.01399928288275261,-4.26874917,35.967,11.754,507,218.571,41.6,167.254,0
119.688,392.838,0.00254558,0.2869971326570874,-1.24828305,44.333,9.623,657,80.111,51.927,174.344,0
88.055,361.205,0.00276851,0.08138653479662603,-2.50854544,44.624,5.777,917,131.127,37.735,19.158,0
23.25,296.4,0.00337382,0.002657359066384141,-5.93042248,44.797,14.03,1131,218.567,40.188,40.769,0
69.616,342.766,0.00291744,0.03506783205642492,-3.35047103,36.085,13.576,887,184.198,51.076,65.917,0
91.002,364.152,0.00274611,0.09237602883279128,-2.38188776,37.811,1.879,370,114.225,52.681,113.677,0
91.114,364.264,0.00274526,0.0928180093135375,-2.37711459,36.754,13.068,387,278.357,49.171,81.304,0
115.619,388.769,0.00257222,0.2468686633793613,-1.39889881,41.081,13.604,458,256.199,37.795,139.601,0
104.079,377.229,0.00265091,0.1582258622947731,-1.84373176,42.646,12.098,200,93.362,37.798,50.589,0
47.878,321.028,0.00311499,0.01147885266081059,-4.46724884,44.397,12.296,478,125.992,46.54,84.372,0
133.904,407.054,0.00245668,0.4743976517783615,-0.74570938,45.464,8.337,539,236.199,53.373,12.897,0
135.354,408.504,0.00244796,0.4983693272771189,-0.69641386,46.396,10.976,450,13.243,46.192,98.823,0
65.342,338.492,0.00295428,0.02847534041727956,-3.55871681,39.474,12.324,507,190.332,46.61,23.055,0
107.618,380.768,0.00262627,0.1818728926662171,-1.70444723,40.705,13.797,346,179.115,40.529,5.067,0
135.923,409.073,0.00244455,0.5080552455927627,-0.67716509,41.969,7.558,1188,139.97,43.607,78.918,0
89.774,362.924,0.0027554,0.0876489722401954,-2.43441539,43.262,5.659,518,192.037,45.825,21.757,0
58.24,331.39,0.00301759,0.01990802280627194,-3.91663247,36.056,4.63,658,285.712,46.926,64.462,0
33.774,306.924,0.00325814,0.005110542235891163,-5.27644977,35.805,5.976,914,94.152,54.335,77.056,0
100.536,373.686,0.00267604,0.1372685043945808,-1.98581639,42.202,7.904,266,83.713,47.976,186.698,0
126.769,399.919,0.00250051,0.3702841730536701,-0.99348453,42.323,1.313,775,214.152,52.579,15.602,0
68.119,341.269,0.00293024,0.03262040963967432,-3.42281712,37.743,4.172,422,256.855,49.593,189.46,0
37.603,310.753,0.00321799,0.006412529806428888,-5.04950142,43.474,10.635,213,14.289,48.626,25.151,0
101.406,374.556,0.00266983,0.1421776620828793,-1.95067786,45.252,13.265,204,94.166,42.397,225.636,0
67.72,340.87,0.00293367,0.03199399648699248,-3.442207,35.81,8.665,1159,126.059,41.517,232.168,0
39.961,313.111,0.00319376,0.007354063691055808,-4.91250224,36.973,4.264,167,53.834,51.107,229.836,0
139.247,412.397,0.00242485,0.5679177990344623,-0.56577859,45.674,13.429,937,120.228,41.393,79.709,0
116.762,389.912,0.00256468,0.2576192169859597,-1.35627269,46.231,13.663,671,207.574,44.887,12.677,0
57.116,330.266,0.00302786,0.01878514320112828,-3.97468898,35.888,9.848,705,288.055,37.897,79.982,0
74.995,348.145,0.00287237,0.04524549262580638,-3.09565222,37.021,2.988,997,45.502,49.674,16.79,0
104.205,377.355,0.00265002,0.1590195829742359,-1.83872792,39.147,11.916,940,94.266,51.648,218.146,0
63.078,336.228,0.00297417,0.02544661261496866,-3.67117264,40.314,12.275,107,197.521,45.121,33.028,0
65.844,338.994,0.0029499,0.0291883600901936,-3.53398528,37.163,2.16,142,138.353,54.758,31.874,0
80.257,353.407,0.0028296,0.05762022242591288,-2.85388169,42.43,5.127,168,113.204,43.481,47.763,0
75.34,348.49,0.00286952,0.04597870052163889,-3.07957702,35.519,5.094,1178,24.244,43.595,239.166,0
83.663,356.813,0.00280259,0.06712561561572626,-2.70118956,42.088,9.211,576,232.185,47.582,116.281,0
39.07,312.22,0.00320287,0.006984751447428222,-4.96402587,36.031,4.601,540,289.789,51.075,151.509,0
138.329,411.479,0.00243026,0.5508125685383494,-0.59636069,43.625,8.196,1182,237.922,45.187,27.454,0
43.431,316.581,0.00315875,0.008963383095839926,-4.71460755,36.596,12.797,116,43.604,51.694,43.92,0
48.398,321.548,0.00310996,0.01181044113854532,-4.4387713,35.16,4.334,910,209.168,40.382,90.091,0
40.395,313.545,0.00318933,0.007540162984351116,-4.88751148,39.74,6.244,332,168.098,54.673,203.545,0
20.195,293.345,0.00340896,0.002178646958833754,-6.12905126,39.678,1.031,310,171.554,52.944,98.146,0
64.033,337.183,0.00296575,0.02668770262602031,-3.6235524,40.867,4.891,455,212.035,46.003,77.671,0
69.663,342.813,0.00291704,0.03514721563834373,-3.34820988,37.392,10.491,1092,140.079,52.049,154.001,0
60.658,333.808,0.00299573,0.02252647691365621,-3.79306391,36.053,9.809,590,49.58,53.977,8.848,0
127.459,400.609,0.0024962,0.3794100988546075,-0.9691376,42.479,6.887,568,176.204,54.678,230.006,0
80.719,353.869,0.0028259,0.05883621201488919,-2.83299776,37.609,6.822,243,65.247,51.807,82.062,0
67.989,341.139,0.00293136,0.03241514111413096,-3.42912965,41.016,12.168,864,48.0,56.299,92.642,0
41.518,314.668,0.00317795,0.008041284600027187,-4.82316643,35.951,12.916,361,97.495,42.32,76.064,0
138.417,411.567,0.00242974,0.5524329757344786,-0.59342316,46.777,11.636,444,110.403,54.263,203.8,0
70.957,344.107,0.00290607,0.03739573913696683,-3.28619851,35.62,12.768,1117,61.691,46.342,130.58,0
77.855,351.005,0.00284896,0.05164582287017581,-2.96334596,43.175,7.606,1065,20.498,46.745,97.676,0
80.548,353.698,0.00282727,0.05838354641387541,-2.84072117,44.942,3.608,370,258.814,49.726,131.345,0
66.511,339.661,0.00294411,0.03016002399671266,-3.50123794,36.379,8.377,876,145.875,38.799,135.582,0
131.287,404.437,0.00247257,0.4336255163980997,-0.83557398,47.406,2.58,349,50.451,40.064,118.35,1
84.926,358.076,0.0027927,0.07098354977961636,-2.64530712,44.468,8.86,310,57.191,47.634,43.205,0
118.561,391.711,0.0025529,0.2753571988491708,-1.28968612,38.387,7.906,558,50.376,53.382,192.166,0
87.779,360.929,0.00277063,0.08041830661132554,-2.52051343,40.879,8.456,930,62.632,50.881,246.768,0
38.469,311.619,0.00320905,0.006745051553578639,-4.99894615,42.849,3.332,723,161.845,38.227,44.216,0
73.255,346.405,0.00288679,0.04170162652770751,-3.17721515,36.882,13.302,849,90.595,41.688,205.094,0
72.599,345.749,0.00289227,0.04043019390526571,-3.2081784,41.305,10.666,1191,247.22,38.116,6.918,0
109.764,382.914,0.00261155,0.1976532604002685,-1.62124099,44.011,10.716,925,73.563,52.38,221.41,0
62.253,335.403,0.00298149,0.02441570083545133,-3.71252888,40.213,3.468,581,141.699,51.985,56.722,0
47.853,321.003,0.00311524,0.01146312092828539,-4.46862027,38.207,1.563,975,181.002,50.238,127.0,0
76.783,349.933,0.00285769,0.04915954314387447,-3.01268429,37.677,10.22,976,285.935,55.585,42.405,0
104.033,377.183,0.00265123,0.157936947918129,-1.84555939,41.771,9.599,923,299.272,42.892,86.14,0
47.718,320.868,0.00311655,0.01137849936716887,-4.47602972,42.269,2.117,264,10.816,42.84,234.605,0
70.416,343.566,0.00291065,0.03644075041392359,-3.31206761,45.182,1.727,592,205.583,49.718,96.996,1
112.538,385.688,0.00259277,0.2197955415410052,-1.51505752,43.824,11.784,374,251.069,47.499,149.354,0
36.717,309.867,0.00322719,0.006087506664998562,-5.1015167,38.509,6.667,730,153.238,44.244,245.812,0
40.015,313.165,0.0031932,0.007376994197341779,-4.90938901,36.846,11.038,212,140.682,48.204,245.009,0
79.143,352.293,0.00283855,0.05477817443814607,-2.90446344,42.455,10.624,753,12.069,48.77,125.076,0
71.635,344.785,0.00290036,0.0386235506595957,-3.25389307,43.312,6.689,828,272.742,52.429,13.222,0
111.432,384.582,0.00260023,0.2107232764777349,-1.55720949,41.322,5.176,922,161.402,42.272,218.471,0
123.149,396.299,0.00252335,0.3254303317890163,-1.12260687,38.309,7.943,200,39.941,55.717,113.858,0
34.98,308.13,0.00324538,0.005492561536206472,-5.20436055,44.364,11.199,628,216.363,42.225,158.071,0
95.405,368.555,0.0027133,0.1111997412793478,-2.19642722,36.1,12.936,403,276.314,37.703,38.245,0
92.674,365.824,0.00273355,0.09916848420478651,-2.31093501,40.021,8.678,963,217.691,43.077,112.949,0
40.957,314.107,0.00318363,0.007787364487493738,-4.8552528,38.347,9.527,344,135.271,41.971,218.011,0
116.021,389.171,0.00256956,0.2506047202795599,-1.3838784,43.495,9.585,601,197.215,46.739,143.437,0
29.262,302.412,0.00330675,0.003882576480498333,-5.5512563,38.26,7.553,341,243.075,44.456,173.444,0
126.344,399.494,0.00250317,0.3647574434449477,-1.00852268,38.63,13.34,299,131.87,51.978,179.029,0
36.2,309.35,0.00323258,0.005904701503558689,-5.13200638,35.744,5.359,948,105.393,41.814,19.507,0
48.906,322.056,0.00310505,0.01214254674770475,-4.41103973,42.381,11.44,594,74.266,49.225,101.653,0
49.668,322.818,0.00309772,0.01265622565610648,-4.36960604,37.095,10.679,870,12.976,41.046,7.27,0
112.269,385.419,0.00259458,0.2175585195613694,-1.52528741,46.337,4.666,1142,158.862,56.321,114.019,1
26.927,300.077,0.00333248,0.003356971312326272,-5.69671611,36.808,14.493,1010,27.41,43.529,201.152,0
58.995,332.145,0.00301073,0.02069514689060178,-3.87785606,40.191,4.075,690,63.314,55.92,179.103,0
109.996,383.146,0.00260997,0.1994280909064716,-1.61230155,36.98,7.621,802,78.413,45.361,191.614,0
120.521,393.671,0.00254019,0.2958705799270518,-1.21783315,40.752,6.381,116,13.734,48.983,61.49,0
124.511,397.661,0.0025147,0.3417247705829298,-1.07374963,38.465,5.648,275,277.147,51.866,219.419,0
137.152,410.302,0.00243723,0.5295269126868157,-0.63577129,45.775,4.769,619,56.025,42.66,5.878,0
53.989,327.139,0.0030568,0.01594990149164,-4.13830263,43.735,6.747,960,101.687,55.953,234.294,0
134.155,407.305,0.00245516,0.4784751339245545,-0.73715104,41.871,9.92,754,244.989,40.313,189.041,0
126.457,399.607,0.00250246,0.3662199448794611,-1.00452118,47.494,8.356,542,254.83,38.285,150.431,0
49.838,322.988,0.00309609,0.01277341816080742,-4.36038897,36.283,13.087,344,100.012,47.489,143.173,0
89.876,363.026,0.00275462,0.08803341538971389,-2.43003882,43.826,2.201,1190,264.726,54.641,99.69,0
90.02,363.17,0.00275353,0.08857866034090775,-2.4238643,38.693,5.849,229,46.517,41.511,246.318,0
102.399,375.549,0.00266277,0.1479663440878562,-1.91077044,37.329,3.182,313,17.083,38.96,208.108,0
112.013,385.163,0.0025963,0.2154478948587832,-1.53503619,39.566,11.357,449,181.442,41.475,131.913,0
131.893,405.043,0.00246887,0.4427892469817362,-0.81466136,46.131,4.392,1102,196.973,43.556,38.444,1
21.989,295.139,0.00338823,0.00244940211402845,-6.01191132,37.078,12.011,747,282.27,39.283,59.427,0
118.67,391.82,0.00255219,0.2764649201152664,-1.28567134,41.264,2.609,1190,29.82,40.52,86.528,0
22.248,295.398,0.00338526,0.00249088466033585,-5.99511735,40.583,1.765,966,184.745,51.457,146.273,0
21.6,294.75,0.00339271,0.002388260141341684,-6.03719015,36.561,1.041,885,120.245,52.73,83.513,0
62.374,335.524,0.00298041,0.02456455891981247,-3.70645057,38.217,2.784,624,118.393,45.726,33.926,0
103.583,376.733,0.0026544,0.1551346349831554,-1.86346193,41.546,7.193,408,257.768,45.471,202.971,0
87.021,360.171,0.00277646,0.07781069270799075,-2.55347642,38.395,6.587,754,50.617,38.726,156.867,0
71.492,344.642,0.00290156,0.03836168227605263,-3.26069617,39.846,11.901,836,184.939,54.473,76.615,0
56.947,330.097,0.00302941,0.01862124202667073,-3.98345231,38.963,3.701,142,145.821,42.671,16.589,0
78.052,351.202,0.00284736,0.05211450908888652,-2.95431188,40.75,6.967,293,178.198,54.818,237.833,0
74.498,347.648,0.00287647,0.04420727449028398,-3.11886592,40.542,7.496,230,134.323,54.472,232.043,0
34.021,307.171,0.00325552,0.005186795909301611,-5.26163913,37.057,12.406,1189,61.952,50.329,57.494,0
53.658,326.808,0.0030599,0.01567317302271062,-4.15580475,44.588,11.242,114,210.813,50.985,181.907,0
43.006,316.156,0.003163,0.008750784499155945,-4.73861193,40.887,1.81,436,121.811,53.946,46.829,0
58.71,331.86,0.00301332,0.02039485163709977,-3.89247278,41.265,7.471,1127,250.922,54.779,236.673,0
71.341,344.491,0.00290283,0.03808685740658113,-3.26788601,41.033,9.729,546,189.925,40.504,154.559,0
21.799,294.949,0.00339042,0.002419365467277278,-6.02424998,41.079,3.505,409,178.865,54.426,56.914,0
106.517,379.667,0.00263389,0.1742087362843407,-1.74750106,40.24,10.69,971,105.584,55.034,200.578,0
77.739,350.889,0.0028499,0.05137157559141905,-2.96867026,38.469,5.094,1026,244.347,53.153,139.387,0
87.285,360.435,0.00277443,0.07871038524480822,-2.54198017,44.254,3.867,177,20.407,49.909,238.208,0
35.357,308.507,0.00324142,0.005617094002351682,-5.18194083,39.063,9.374,685,215.114,38.213,110.742,0
128.729,401.879,0.00248831,0.3967123997097317,-0.92454369,38.687,9.679,847,192.324,54.179,238.332,0
53.505,326.655,0.00306133,0.01554670053892966,-4.16390685,42.324,10.423,858,250.56,50.163,129.592,0
95.07,368.22,0.00271577,0.1096587505620368,-2.210382,39.999,1.785,842,160.795,51.744,97.341,0
123.39,396.54,0.00252181,0.3282639207528342,-1.11393736,44.738,11.705,774,290.138,55.34,52.835,0
26.782,299.932,0.00333409,0.003326536418968004,-5.70582363,38.036,3.529,893,146.734,53.083,78.9,0
40.783,313.933,0.00318539,0.00771006996613394,-4.86522802,42.527,11.602,847,108.398,46.131,160.884,0
81.303,354.453,0.00282125,0.06040539013856757,-2.80667694,42.946,9.619,260,246.126,42.586,35.566,0
36.043,309.193,0.00323423,0.005850164373119899,-5.14128552,37.101,3.188,961,29.949,48.009,231.151,0
31.594,304.744,0.00328144,0.004479659815626795,-5.40820817,39.022,8.24,645,191.327,49.624,53.219,0
58.768,331.918,0.00301279,0.02045565074445527,-3.88949611,44.437,8.046,380,189.959,43.534,131.946,0
36.23,309.38,0.00323227,0.005915173983309997,-5.13023437,40.774,11.673,949,261.76,52.973,103.777,0
41.877,315.027,0.00317433,0.008207610777580539,-4.80269341,36.818,5.21,155,257.333,49.851,226.97,0
73.754,346.904,0.00288264,0.04269212838915012,-3.15374072,40.383,14.088,220,186.461,46.739,163.197,0
25.104,298.254,0.00335285,0.002991848444838333,-5.81186387,40.854,7.533,1169,153.735,56.025,16.139,0
90.603,363.753,0.00274912,0.09081633865982136,-2.39891607,37.738,14.79,135,28.3,44.604,16.004,0
64.947,338.097,0.00295773,0.02792512328594712,-3.57822852,37.256,8.582,740,283.188,49.468,86.77,0
55.636,328.786,0.00304149,0.01739210470406011,-4.05173893,38.422,8.842,763,180.496,42.529,18.407,0
43.722,316.872,0.00315585,0.009111583672867898,-4.69820874,39.345,5.333,625,160.335,51.908,79.825,0
125.758,398.908,0.00250684,0.3572533111986527,-1.02931019,41.169,5.692,705,240.108,52.796,242.941,0
26.453,299.603,0.00333775,0.003258393546614709,-5.72652098,36.925,6.502,538,215.029,42.24,212.74,0
20.284,293.434,0.00340792,0.002191418562615458,-6.1232062,43.801,11.033,153,61.191,54.349,249.811,0
132.211,405.361,0.00246694,0.4476639552484313,-0.80371243,39.02,12.194,265,12.189,52.238,81.073,0
77.136,350.286,0.00285481,0.04996641145271834,-2.99640427,44.084,12.581,740,120.826,42.746,229.57,0
109.44,382.59,0.00261376,0.1951974778495999,-1.63374353,41.602,13.369,210,78.698,46.726,84.612,0
68.953,342.103,0.0029231,0.0339646848048839,-3.38243398,42.486,10.122,208,107.853,39.349,178.809,0
23.969,297.119,0.00336565,0.00278288084264713,-5.88426861,40.979,7.975,974,274.298,44.33,9.112,0
129.344,402.494,0.00248451,0.4053314542829942,-0.90305014,39.603,11.815,958,260.243,41.291,94.381,0
20.687,293.837,0.00340325,0.00225009335188335,-6.09678357,41.486,3.592,668,110.382,55.399,201.546,0
93.026,366.176,0.00273093,0.1006526136784577,-2.29608016,36.285,12.769,972,264.58,51.583,43.41,0
70.227,343.377,0.00291225,0.03611220876865056,-3.32112428,36.855,4.777,906,265.482,49.12,166.771,0
69.481,342.631,0.00291859,0.0348406909073164,-3.3569693,43.71,4.937,1137,130.941,46.864,169.476,0
88.605,361.755,0.0027643,0.08334633596408463,-2.48475063,42.346,11.242,380,268.722,42.322,71.388,0
133.869,407.019,0.00245689,0.4738314484677389,-0.74690361,39.295,3.645,263,236.171,39.949,227.353,0
98.505,371.655,0.00269067,0.1263768504422461,-2.06848696,42.615,11.262,296,220.444,45.907,182.479,0
94.399,367.549,0.00272073,0.1066279378132849,-2.23840972,37.093,2.338,467,223.688,49.41,142.635,0
72.456,345.606,0.00289347,0.04015759803419797,-3.21494362,40.018,9.096,804,164.167,54.284,34.812,0
117.144,390.294,0.00256217,0.2613009815784669,-1.34208235,44.629,13.55,141,23.773,55.017,233.454,0
111.301,384.451,0.00260111,0.2096704555396005,-1.56221824,40.596,8.625,598,36.852,39.043,151.27,0
101.282,374.432,0.00267071,0.1414687926219962,-1.95567613,40.688,12.62,1113,87.694,54.959,79.747,0
111.87,385.02,0.00259727,0.2142766300528979,-1.54048743,42.21,1.426,789,29.604,41.439,98.365,0
133.394,406.544,0.00245976,0.4662042677413449,-0.7631314,39.529,11.108,416,115.01,44.029,163.136,0
59.58,332.73,0.00300544,0.02132379370827762,-3.84793175,44.008,8.109,1048,232.792,49.79,215.027,0
109.288,382.438,0.0026148,0.1940545038231865,-1.63961621,46.159,10.657,1067,106.069,44.247,33.588,0
23.98,297.13,0.00336553,0.002784841723330566,-5.88356424,36.463,2.388,488,283.161,53.021,209.416,0
70.436,343.586,0.00291048,0.03647566987287411,-3.31110982,44.148,6.852,1152,66.771,46.208,215.685,0
104.722,377.872,0.0026464,0.1623125893386907,-1.81823124,38.721,8.143,547,273.546,55.377,53.196,0
129.375,402.525,0.00248432,0.4057701288673817,-0.90196846,42.823,2.827,427,206.685,47.793,110.819,0
40.964,314.114,0.00318356,0.007790488397874196,-4.85485173,43.013,9.346,467,214.644,40.337,111.512,0
47.139,320.289,0.00312218,0.01102181394595035,-4.50787888,40.549,8.417,428,199.071,43.574,232.636,0
43.741,316.891,0.00315566,0.009121335226909236,-4.69713908,38.757,13.354,902,183.046,43.949,70.551,0
35.112,308.262,0.00324399,0.005535881668566057,-5.19650444,36.621,11.898,473,286.307,48.63,31.665,0
138.818,411.968,0.00242737,0.559868545423096,-0.58005326,46.845,9.224,922,107.317,38.6,209.78,0
95.372,368.522,0.00271354,0.1110471106816548,-2.19780075,41.602,10.483,226,153.667,38.119,146.967,0
83.12,356.27,0.00280686,0.06552412990457823,-2.72533681,39.86,9.198,1137,293.113,42.246,45.879,0
97.149,370.299,0.00270052,0.1195301144855588,-2.12418694,45.185,5.189,680,250.484,41.422,215.047,0
124.425,397.575,0.00251525,0.3406755589162731,-1.07682469,47.271,14.765,161,62.101,53.821,16.04,0
85.263,358.413,0.00279008,0.07204510811484527,-2.63046285,40.072,14.094,120,192.498,52.733,26.762,0
93.281,366.431,0.00272903,0.1017398050620716,-2.28533666,43.175,13.16,873,285.407,39.298,127.828,0
22.952,296.102,0.00337721,0.002606837900693198,-5.94961732,35.46,4.512,212,60.591,39.62,186.382,0
56.43,329.58,0.00303416,0.01812765453669338,-4.01031663,44.825,8.316,693,14.973,47.639,209.464,0
124.312,397.462,0.00251596,0.339301152885929,-1.08086721,44.476,7.16,522,293.748,56.208,57.212,0
135.569,408.719,0.00244667,0.5020104738183317,-0.6891343,40.058,14.099,435,173.952,37.889,172.677,0
22.936,296.086,0.0033774,0.002604149842761255,-5.95064901,39.642,13.586,789,241.684,44.095,100.413,0
75.986,349.136,0.00286421,0.0473796614663766,-3.04956223,40.962,5.247,396,223.331,45.182,142.751,0
31.536,304.686,0.00328207,0.004463868924896476,-5.41173942,38.308,8.27,639,31.871,52.662,21.018,0
39.469,312.619,0.00319878,0.007148042865440542,-4.94091668,42.918,7.154,972,16.825,55.868,168.701,0
36.157,309.307,0.00323303,0.005889719743755697,-5.13454686,43.919,7.177,467,66.968,43.005,43.944,0
123.158,396.308,0.00252329,0.3255357711843462,-1.12228293,41.032,11.377,409,229.563,41.49,204.768,0
110.292,383.442,0.00260796,0.2017125191011502,-1.60091177,44.704,7.42,326,227.436,40.748,122.536,0
53.661,326.811,0.00305987,0.01567566194396506,-4.15564596,38.822,2.89,1047,265.219,45.946,41.458,0
64.64,337.79,0.00296042,0.02750397256453051,-3.59342483,38.629,12.427,966,56.041,38.131,85.141,0
136.379,409.529,0.00244183,0.5159333870505839,-0.66177762,43.658,14.767,533,178.058,50.88,233.043,0
110.007,383.157,0.0026099,0.1995125833320676,-1.61187797,43.831,7.545,586,114.271,51.651,47.321,0
73.131,346.281,0.00288783,0.04145864047199948,-3.18305896,44.638,6.216,914,131.882,50.531,106.131,0
117.465,390.615,0.00256007,0.2644298000094547,-1.33017947,45.266,12.453,506,77.738,45.14,208.44,0
93.934,367.084,0.00272417,0.1045705922348891,-2.25789291,45.239,9.096,896,165.997,55.014,18.697,0
113.818,386.968,0.00258419,0.2307143669328726,-1.46657484,42.997,14.343,666,223.506,38.171,70.975,0
57.53,330.68,0.00302407,0.01919204780803915,-3.95325926,37.017,10.363,965,238.409,44.751,110.427,0
70.042,343.192,0.00291382,0.03579314346457903,-3.32999893,41.363,3.615,256,120.901,53.475,181.1,0
103.931,377.081,0.00265195,0.1572979419164947,-1.84961355,38.465,3.413,486,254.37,48.357,69.308,0
28.67,301.82,0.00331323,0.003742796506927896,-5.58792222,43.849,1.806,834,119.535,42.109,57.85,0
92.413,365.563,0.00273551,0.09808037117986913,-2.32196802,38.493,7.47,502,156.719,53.389,218.607,0
21.622,294.772,0.00339245,0.002391681219338384,-6.03575872,41.514,11.735,1122,173.621,55.101,166.596,0
54.526,327.676,0.0030518,0.01640805095396744,-4.10998315,38.181,10.929,451,19.996,37.748,212.314,0
79.297,352.447,0.00283731,0.055163601050491,-2.89745194,44.374,5.845,332,97.641,45.937,87.452,0
120.468,393.618,0.00254053,0.2952990521806679,-1.2197667,39.028,10.65,974,192.393,45.218,236.869,0
49.43,322.58,0.00310001,0.01249375637576999,-4.38252625,40.141,9.478,550,77.897,43.151,65.246,0
75.03,348.18,0.00287208,0.04531940577576937,-3.09401995,40.492,12.634,188,44.682,39.402,189.492,0
96.586,369.736,0.00270463,0.1167835410145316,-2.14743313,41.966,12.051,294,56.265,54.208,123.597,0
49.81,322.96,0.00309636,0.01275404999877925,-4.36190641,44.199,5.235,163,20.922,45.51,149.156,0
93.016,366.166,0.002731,0.1006101855912958,-2.29650178,44.575,8.596,977,101.854,53.586,194.497,0
23.822,296.972,0.00336732,0.002756794669965458,-5.89368663,40.273,3.398,227,168.632,49.713,199.164,0
51.652,324.802,0.0030788,0.01408509353328656,-4.26263824,37.384,13.847,1022,252.198,42.607,241.931,0
38.933,312.083,0.00320428,0.006929454175209252,-4.97197423,42.533,13.789,1061,180.315,39.549,175.58,0
29.74,302.89,0.00330153,0.003998821280347771,-5.52175564,36.405,12.143,960,61.342,42.365,149.5,0
39.843,312.993,0.00319496,0.007304176728369779,-4.91930894,41.297,13.925,678,28.943,40.521,101.827,0
92.388,365.538,0.00273569,0.09797669343495843,-2.32302565,45.052,1.417,1085,66.528,51.956,141.605,1
43.601,316.751,0.00315705,0.009049698561125695,-4.70502383,38.56,13.687,734,140.562,38.905,234.517,0
80.461,353.611,0.00282797,0.05815441450167948,-2.84465349,40.933,8.098,534,232.648,50.018,209.076,0
114.602,387.752,0.00257897,0.2376307530542724,-1.43703727,38.228,4.526,543,225.614,41.003,163.716,0
132.82,405.97,0.00246324,0.4571278973023853,-0.78279206,44.456,7.384,653,167.943,38.502,201.254,0
108.843,381.993,0.00261785,0.1907415053333832,-1.65683614,40.797,1.179,488,202.101,56.176,110.769,0
60.119,333.269,0.00300058,0.0219178597055669,-3.82045346,43.649,4.171,639,39.37,44.616,164.575,0
112.326,385.476,0.0025942,0.2180308863681639,-1.52311855,40.181,4.422,327,117.994,47.103,170.43,0
112.322,385.472,0.00259422,0.2179977089471836,-1.52327073,45.142,5.275,502,209.705,40.914,155.411,0
126.576,399.726,0.00250171,0.3677655414627543,-1.00030966,41.423,1.743,369,166.606,41.344,215.365,0
26.789,299.939,0.00333401,0.003328000003931182,-5.70538375,36.154,14.844,691,120.477,44.628,192.665,0
61.727,334.877,0.00298617,0.02377779816961066,-3.73900298,44.101,8.308,783,121.131,45.889,34.632,0
127.556,400.706,0.0024956,0.3807083654688334,-0.96572164,41.571,6.536,658,141.416,54.785,84.772,0
102.281,375.431,0.00266361,0.1472679362859211,-1.91550166,42.905,5.259,728,227.533,45.958,19.678,0
137.272,410.422,0.00243652,0.5316643722587971,-0.63174287,42.175,5.566,307,136.246,53.051,246.575,0
124.247,397.397,0.00251638,0.3385127262961954,-1.08319359,39.865,5.888,883,77.106,40.451,240.16,0
116.279,389.429,0.00256786,0.2530280887372667,-1.37425477,37.613,11.436,970,228.222,48.979,104.177,0
82.459,355.609,0.00281208,0.06361976701596031,-2.75483105,38.531,3.3,1137,37.712,49.067,221.381,0
119.128,392.278,0.00254921,0.2811614359450203,-1.26882627,39.864,2.99,599,243.345,44.386,230.314,0
79.87,353.02,0.0028327,0.05661861623583214,-2.87141744,39.784,6.847,549,289.544,51.46,202.466,0
30.658,303.808,0.00329155,0.004230818139548384,-5.46535989,39.681,5.997,281,245.6,44.14,139.897,0
137.297,410.447,0.00243637,0.5321106034018045,-0.63090391,39.469,12.699,477,97.598,40.64,15.698,0
39.132,312.282,0.00320223,0.007009905249639408,-4.96043109,37.308,1.491,225,226.471,45.471,173.594,0
96.128,369.278,0.00270799,0.1145898345488529,-2.16639618,44.287,9.393,728,54.127,53.783,84.857,0
46.144,319.294,0.00313191,0.0104319627943221,-4.56288084,40.759,10.261,538,246.174,45.708,30.948,0
110.805,383.955,0.00260447,0.2057252724434959,-1.58121363,40.967,1.693,1137,255.173,56.176,211.66,0
87.632,360.782,0.00277176,0.0799067326656166,-2.52689517,43.763,1.174,246,66.434,40.827,114.804,0
100.811,373.961,0.00267408,0.1388040977556158,-1.97469171,44.863,2.643,660,99.297,52.749,186.966,0
65.465,338.615,0.00295321,0.02864861117017517,-3.55265031,40.345,2.368,285,169.036,44.413,180.884,0
26.148,299.298,0.00334115,0.003196339145273779,-5.74574914,43.258,3.773,793,19.645,41.368,159.629,0
71.335,344.485,0.00290288,0.03807597301974196,-3.26817183,39.547,13.321,517,174.068,38.104,123.167,0
124.387,397.537,0.00251549,0.3402128363492801,-1.07818387,39.266,5.055,938,180.777,52.644,46.508,0
119.512,392.662,0.00254672,0.2851519225544892,-1.25473318,38.327,11.612,814,148.373,40.911,233.633,0
46.297,319.447,0.00313041,0.01052080072017184,-4.55440096,42.937,7.99,1110,222.027,55.757,202.343,0
47.73,320.88,0.00311643,0.01138599879442737,-4.47537085,40.386,6.996,160,230.649,48.67,21.078,0
135.909,409.059,0.00244464,0.5078150100032264,-0.67763805,47.81,3.897,199,195.389,49.27,178.215,1
73.136,346.286,0.00288779,0.04146841420539695,-3.18282325,43.213,9.353,179,260.468,45.661,72.24,0
116.388,389.538,0.00256714,0.2540579703260375,-1.37019281,41.007,4.634,1182,286.854,56.188,217.497,0
121.627,394.777,0.00253308,0.3080163416577216,-1.17760244,42.895,9.255,896,167.231,38.951,51.852,0
96.515,369.665,0.00270515,0.1164410964844247,-2.15036974,44.848,7.804,890,33.306,44.533,235.456,0
33.932,307.082,0.00325646,0.005159203812218,-5.26697301,42.943,13.534,715,57.155,45.228,204.005,0
101.663,374.813,0.002668,0.1436566685562109,-1.94032907,40.616,2.85,891,18.038,52.699,163.076,0
112.285,385.435,0.00259447,0.2176910244395008,-1.52467854,42.127,8.879,594,161.895,46.507,72.599,0
121.557,394.707,0.00253352,0.3072351067823147,-1.180142,44.343,3.04,267,235.165,40.094,202.476,0
56.769,329.919,0.00303105,0.01844997934309298,-3.99269203,40.479,7.937,1187,83.97,42.737,195.436,0
132.962,406.112,0.00246237,0.4593590631558926,-0.7779231,47.924,10.955,632,124.636,54.451,191.323,0
88.489,361.639,0.00276519,0.08292960618365527,-2.48976315,36.43,4.905,575,158.14,55.842,23.219,0
92.709,365.859,0.00273329,0.09931519587925086,-2.30945669,36.568,14.3,461,85.703,54.316,30.023,0
40.329,313.479,0.00319001,0.007511594963805419,-4.89130746,36.725,3.63,260,87.39,54.229,178.073,0
80.879,354.029,0.00282463,0.05926253610625842,-2.82577794,40.753,11.167,291,35.377,55.945,69.284,0
130.116,403.266,0.00247975,0.4163777357482265,-0.87616241,46.607,10.395,955,16.571,39.97,143.395,0
80.378,353.528,0.00282863,0.05793655110748758,-2.84840681,38.639,3.602,279,30.26,43.144,227.23,0
47.096,320.246,0.0031226,0.0109957242441479,-4.51024879,39.131,12.882,712,198.607,40.263,144.064,0
79.006,352.156,0.00283965,0.05443727837685933,-2.9107061,39.873,5.796,1025,283.771,38.519,112.624,0
20.966,294.116,0.00340002,0.002291534945379666,-6.0785334,42.915,4.953,983,66.801,42.371,203.414,0
70.323,343.473,0.00291144,0.03627876040137925,-3.31652282,40.823,5.362,520,120.945,56.382,239.292,0
56.801,329.951,0.00303075,0.01848066517002665,-3.99103022,41.705,2.78,388,218.098,50.564,100.832,0
132.592,405.742,0.00246462,0.453564875695357,-0.79061696,40.455,7.482,108,273.047,51.764,5.585,0
53.316,326.466,0.00306311,0.0153917165497432,-4.1739258,36.865,4.861,855,155.393,39.386,248.212,0
56.77,329.92,0.00303104,0.0184509375935367,-3.99264009,38.138,14.944,753,18.85,53.712,198.174,0
126.959,400.109,0.00249932,0.3727781054053221,-0.98677193,38.386,9.201,779,225.641,56.104,103.965,0
24.619,297.769,0.00335831,0.00290089547204084,-5.84273581,35.034,13.192,229,225.243,46.937,243.598,0
135.325,408.475,0.00244813,0.4978799294682531,-0.69739634,43.033,3.203,775,190.526,45.515,224.902,0
92.251,365.401,0.00273672,0.09741023189541978,-2.32882402,39.936,6.017,789,67.225,47.078,216.194,0
105.862,379.012,0.00263844,0.1697831826480243,-1.77323305,41.802,10.261,1020,132.242,53.3,183.964,0
54.575,327.725,0.00305134,0.01645042958782324,-4.10740369,42.296,3.198,403,187.558,43.449,128.063,0
117.591,390.741,0.00255924,0.2656667286884969,-1.32551266,41.384,10.036,776,288.896,50.432,142.768,0
28.008,301.158,0.00332052,0.003591826775686197,-5.62909435,35.624,5.531,1174,10.848,50.732,17.344,0
133.911,407.061,0.00245663,0.4745109619107716,-0.74547056,41.683,9.559,1018,255.148,39.947,88.658,0
103.172,376.322,0.0026573,0.1526129471600308,-1.87985032,43.95,7.395,1018,207.453,49.53,141.025,0
93.413,366.563,0.00272804,0.1023065905865783,-2.27978118,36.675,12.45,189,120.899,51.434,145.529,0
91.786,364.936,0.00274021,0.09550878009419898,-2.3485371,36.248,7.313,547,31.566,46.673,46.479,0
116.651,389.801,0.00256541,0.2565578066322179,-1.36040127,39.55,1.005,774,215.291,47.733,186.408,0
113.005,386.155,0.00258963,0.2237263385020976,-1.49733168,44.296,2.429,100,206.403,48.538,56.398,0
120.48,393.63,0.00254046,0.295428371399763,-1.21932887,42.385,11.444,175,215.597,53.637,164.245,0
78.317,351.467,0.00284522,0.05275084860453334,-2.94217542,39.49,9.375,279,196.859,48.569,161.792,0
66.197,339.347,0.00294684,0.02969911027209193,-3.51663819,42.708,1.398,238,185.588,46.023,178.597,0
33.915,307.065,0.00325664,0.005153948319093808,-5.26799219,44.249,13.465,904,183.365,55.562,207.932,0
76.601,349.751,0.00285918,0.04874801548558708,-3.02109079,41.104,2.888,1032,138.408,41.848,160.441,0
41.22,314.37,0.00318097,0.00790550231077992,-4.84019627,44.287,2.747,379,25.746,43.788,19.986,0
39.116,312.266,0.0032024,0.007003406243950495,-4.96135864,40.274,8.791,375,130.43,41.447,234.858,0
135.904,409.054,0.00244467,0.5077292351272648,-0.67780698,42.307,5.469,590,174.958,43.839,128.96,0
44.822,317.972,0.00314493,0.009691642900239267,-4.63649132,43.99,1.613,729,192.583,49.95,248.115,0
39.038,312.188,0.0032032,0.006971800280517506,-4.9658818,37.408,10.496,634,264.141,39.307,94.253,0
105.239,378.389,0.00264278,0.1656645087466798,-1.79779057,45.689,1.427,557,252.277,48.628,236.918,0
114.33,387.48,0.00258078,0.2352111973894905,-1.44727146,43.073,9.946,815,204.078,52.717,78.726,0
113.876,387.026,0.00258381,0.2312200178026894,-1.46438556,45.791,14.364,351,140.887,53.92,136.416,0
79.553,352.703,0.00283525,0.0558095644400881,-2.88581002,43.144,3.133,573,175.721,53.168,203.791,0
37.924,311.074,0.00321467,0.006534043694962782,-5.03072928,42.841,6.494,903,161.007,40.917,246.971,0
54.908,328.058,0.00304824,0.01674100360716546,-4.08989426,43.001,1.021,1082,165.301,55.02,112.948,0
127.842,400.992,0.00249382,0.3845584613485819,-0.95565946,43.352,11.729,178,227.196,51.407,121.412,0
47.754,320.904,0.0031162,0.01140101079514809,-4.47405326,36.077,13.868,1154,219.144,41.171,82.902,0
70.06,343.21,0.00291367,0.03582407850601175,-3.32913503,38.349,8.7,225,93.586,43.396,183.666,0
114.096,387.246,0.00258234,0.2331467086857464,-1.45608737,45.394,6.373,599,58.839,44.614,248.573,0
23.387,296.537,0.00337226,0.002680877931497287,-5.92161095,37.344,5.837,713,241.203,49.357,168.724,0
64.749,337.899,0.00295946,0.0276528568578759,-3.58802623,44.003,12.115,308,94.565,55.396,59.413,0
126.877,400.027,0.00249983,0.3717000137036061,-0.98966816,43.079,8.341,123,210.827,53.32,148.939,0
83.408,356.558,0.00280459,0.06636932739463655,-2.71252027,36.802,6.585,1163,173.051,54.183,173.761,0
70.702,343.852,0.00290823,0.03694290182293289,-3.29838175,38.543,5.112,739,203.695,38.831,123.1,0
57.815,330.965,0.00302147,0.0194766672759322,-3.93853808,39.581,14.62,1082,283.961,52.587,236.171,0
117.077,390.227,0.00256261,0.2606519668000056,-1.34456922,43.044,2.99,1051,246.572,47.627,206.004,0
128.915,402.065,0.00248716,0.3993023940242623,-0.91803627,39.638,1.742,359,120.193,40.113,81.881,0
50.739,323.889,0.00308748,0.01341073109376583,-4.31170006,43.133,11.581,1132,105.13,39.877,48.198,0
120.182,393.332,0.00254238,0.2922313299934906,-1.23020956,41.296,10.423,609,108.39,48.487,49.559,0
41.772,314.922,0.00317539,0.008158650424010936,-4.80867651,38.717,5.45,579,225.055,45.466,108.274,0
104.159,377.309,0.00265035,0.1587294130030684,-1.84055433,38.098,5.127,940,168.435,38.063,50.257,0
127.19,400.34,0.00249788,0.3758296126942205,-0.9786194,46.224,2.803,592,90.245,44.972,27.633,1
91.444,364.594,0.00274278,0.0941310011998314,-2.36306784,39.027,4.235,1120,270.857,38.42,207.097,0
22.833,295.983,0.00337857,0.002586904793930893,-5.95729318,44.193,1.642,609,209.391,44.696,117.759,0
129.311,402.461,0.00248471,0.4048649250958603,-0.90420179,42.279,4.456,683,35.466,44.269,247.506,0
23.32,296.47,0.00337302,0.002669352827738961,-5.92591922,37.512,8.231,746,160.627,40.603,91.508,0
83.112,356.262,0.00280692,0.06550078710386133,-2.72569312,43.785,1.825,120,284.841,54.402,139.155,0
39.634,312.784,0.00319709,0.007216555724110119,-4.93137749,41.066,7.123,923,120.359,40.275,155.739,0
124.288,397.438,0.00251612,0.3390098579586106,-1.08172609,46.634,4.103,295,194.972,45.983,223.541,0
109.783,382.933,0.00261142,0.197798097712081,-1.62050848,45.799,10.12,535,29.438,45.908,128.046,0
139.006,412.156,0.00242627,0.5633838788873744,-0.57379404,45.956,13.034,1009,62.884,54.011,222.047,0
136.286,409.436,0.00244238,0.5143182363290099,-0.66491307,46.902,14.312,973,231.618,42.746,17.304,0
79.494,352.644,0.00283572,0.05566010592687628,-2.88849162,35.966,9.764,731,155.772,42.269,50.922,0
88.431,361.581,0.00276563,0.08272192354273718,-2.49227061,43.303,10.338,400,95.743,47.405,100.151,0
96.176,369.326,0.00270763,0.1148180494289051,-2.16440658,42.004,4.0,1134,131.236,40.171,141.683,0
53.741,326.891,0.00305912,0.015742162251873,-4.15141267,43.35,8.208,136,194.936,46.316,136.545,0
38.097,311.247,0.00321288,0.006600378635094988,-5.02062826,35.557,12.075,1150,115.536,37.647,107.933,0
125.876,399.026,0.0025061,0.3587536263785351,-1.0251194,47.764,13.873,590,102.568,48.221,174.577,0
107.145,380.295,0.00262954,0.1785452838278472,-1.72291302,37.53,8.488,681,271.27,49.223,122.927,0
92.353,365.503,0.00273596,0.09783170490557258,-2.32450657,39.34,5.119,1096,96.168,48.313,179.999,0
130.238,403.388,0.002479,0.4181467916044854,-0.87192273,44.687,13.233,374,211.188,55.132,175.365,0
74.533,347.683,0.00287618,0.04427969839502856,-3.11722898,35.973,9.142,735,102.39,40.118,203.042,0
63.472,336.622,0.00297069,0.02595234173253952,-3.65149343,44.216,5.393,1014,134.194,44.185,114.577,0
31.928,305.078,0.00327785,0.00457156728099373,-5.38789918,35.5,13.726,834,159.33,53.383,239.584,0
55.534,328.684,0.00304244,0.01729955178074066,-4.05707469,36.188,9.61,191,260.369,55.093,11.805,0
118.545,391.695,0.00255301,0.2751949197997516,-1.29027563,44.709,8.12,673,184.463,44.693,60.186,0
39.959,313.109,0.00319378,0.007353215631598574,-4.91261756,37.034,14.091,816,88.123,54.323,80.734,0
51.183,324.333,0.00308325,0.01373502195271441,-4.28780636,44.358,6.694,140,157.491,48.542,138.625,0
43.604,316.754,0.00315702,0.009051228379274103,-4.7048548,38.712,4.558,437,107.798,38.893,113.075,0
86.473,359.623,0.00278069,0.07597174977727518,-2.57739372,37.594,9.336,469,26.837,56.074,247.448,0
100.36,373.51,0.0026773,0.136293480283018,-1.99294478,38.499,2.859,1070,199.389,51.814,223.827,0
109.695,382.845,0.00261202,0.1971280430932786,-1.6239018,40.117,8.059,768,159.87,46.789,128.134,0
119.077,392.227,0.00254954,0.2806350848899194,-1.27070008,42.047,14.674,353,65.211,39.236,24.77,0
72.437,345.587,0.00289363,0.04012150069161623,-3.21584291,36.156,10.659,529,178.197,45.582,17.639,0
83.619,356.769,0.00280293,0.06699458379042984,-2.7031435,44.586,12.457,517,181.464,37.846,192.499,0
118.364,391.514,0.00255419,0.2733648677170773,-1.29694786,44.984,11.397,935,296.554,49.357,37.586,0
130.958,404.108,0.00247459,0.4287189070245953,-0.8469538,39.913,12.756,958,249.48,45.536,190.54,0
105.03,378.18,0.00264424,0.1643023275106949,-1.80604709,41.623,12.381,866,177.177,45.293,186.171,0
126.279,399.429,0.00250357,0.3639184558135875,-1.01082546,42.836,9.109,157,205.819,49.614,163.75,0
97.002,370.152,0.00270159,0.1188076208671157,-2.13024973,42.792,13.772,187,46.454,45.993,103.468,0
104.212,377.362,0.00264998,0.1590637795435504,-1.83845003,45.673,7.235,127,143.208,38.04,10.772,0
58.988,332.138,0.0030108,0.02068772473224772,-3.87821476,36.027,8.907,401,98.87,56.026,131.512,0
22.892,296.042,0.0033779,0.002596770473808254,-5.95348673,43.144,9.891,833,298.76,50.83,209.346,0
127.882,401.032,0.00249357,0.3850995903901708,-0.9542533,44.883,12.559,281,146.586,46.133,220.872,0
74.493,347.643,0.00287651,0.04419693670342962,-3.1190998,39.322,2.991,173,286.293,53.854,110.111,0
101.048,374.198,0.00267238,0.1401394363308042,-1.96511738,41.591,2.916,1189,80.477,42.166,14.089,0
91.286,364.436,0.00274397,0.0935003519034109,-2.36979008,36.379,6.259,711,134.099,53.562,166.775,0
60.227,333.377,0.00299961,0.02203863357776194,-3.81495829,40.294,13.067,1112,77.427,37.853,163.283,0
46.018,319.168,0.00313315,0.01035930245220802,-4.56987038,36.236,12.666,1079,103.376,49.106,52.897,0
108.702,381.852,0.00261882,0.1897020266091141,-1.66230072,45.7,10.618,399,26.948,43.097,92.843,0
67.479,340.629,0.00293575,0.03162078283068485,-3.45394069,36.48,2.132,810,218.575,53.793,40.338,0
120.755,393.905,0.00253868,0.298405324902722,-1.20930257,44.017,14.845,434,101.017,51.192,58.068,0
125.103,398.253,0.00251097,0.3490228864163595,-1.05261778,46.43,4.398,810,184.649,37.689,18.405,1
23.603,296.753,0.00336981,0.002718337369986529,-5.90773485,43.761,13.938,500,210.091,38.993,174.068,0
87.711,360.861,0.00277115,0.08018130614160142,-2.52346488,44.179,2.303,917,112.748,44.063,200.574,0
65.354,338.504,0.00295417,0.02849220417532608,-3.55812477,43.197,8.048,430,92.964,54.087,115.912,0
105.136,378.286,0.0026435,0.1649919770737961,-1.80185843,46.133,5.124,216,296.488,49.563,198.253,0
20.53,293.68,0.00340507,0.002227069620134234,-6.10706863,38.048,5.022,1072,47.203,42.378,29.555,0
128.704,401.854,0.00248847,0.396365383311023,-0.92541881,41.597,14.627,662,132.666,48.268,234.689,0
95.179,368.329,0.00271496,0.1101580962214944,-2.20583871,42.79,3.027,847,112.469,48.156,111.741,0
50.612,323.762,0.00308869,0.01331922793493358,-4.31854658,44.385,1.694,693,14.455,37.632,139.388,0
70.747,343.897,0.00290785,0.03702246253242224,-3.29623046,38.807,8.785,721,72.456,48.791,234.245,0
135.195,408.345,0.00244891,0.4956911263458744,-0.70180228,42.349,5.577,160,219.535,49.172,202.999,0
74.495,347.645,0.0028765,0.04420107156372628,-3.11900625,39.718,5.028,722,218.206,54.638,28.164,0
33.866,307.016,0.00325716,0.005138826822763872,-5.27093047,38.225,10.421,686,248.013,51.86,222.911,0
55.739,328.889,0.00304054,0.01748600875734842,-4.04635422,40.951,9.992,105,115.375,55.889,118.57,0
38.46,311.61,0.00320914,0.006741518367309231,-4.9994701,43.554,14.456,796,29.63,53.509,109.614,0
114.181,387.331,0.00258177,0.2338948139181624,-1.45288378,39.486,5.311,160,288.315,54.047,221.518,0
101.756,374.906,0.00266734,0.1441951518423828,-1.93658768,39.285,11.591,183,298.014,49.578,208.928,0
119.072,392.222,0.00254958,0.2805835275532275,-1.27088382,38.391,4.193,328,241.018,42.494,202.871,0
80.702,353.852,0.00282604,0.05879107314909109,-2.83376525,38.98,7.968,733,99.116,38.51,234.478,0
89.008,362.158,0.00276123,0.08480833896815243,-2.4673614,37.204,7.526,693,135.725,54.567,185.091,0
51.412,324.562,0.00308108,0.01390497817984454,-4.27550836,41.599,8.731,796,110.897,55.368,244.163,0
108.091,381.241,0.00262301,0.1852540306562933,-1.68602726,37.656,7.462,804,37.692,50.255,49.856,0
137.751,410.901,0.00243368,0.5402700366721874,-0.6156862,48.961,1.381,344,182.672,40.104,6.861,1
103.858,377.008,0.00265246,0.1568419907537857,-1.85251641,43.917,13.061,986,214.625,43.637,100.31,0
108.943,382.093,0.00261716,0.1914817066802003,-1.652963,40.584,6.505,488,185.085,46.91,114.687,0
90.703,363.853,0.00274836,0.09120506780542428,-2.39464482,38.019,13.005,529,243.912,39.351,206.512,0
55.445,328.595,0.00304326,0.01721915067687949,-4.0617331,39.218,8.304,1147,129.159,54.224,53.298,0
55.352,328.502,0.00304412,0.01713548903918724,-4.06660358,38.67,14.067,666,85.829,49.108,185.258,0
93.831,366.981,0.00272494,0.1041195810056298,-2.26221522,37.191,10.232,933,229.067,49.706,66.941,0
26.535,299.685,0.00333684,0.003275259684520295,-5.72135812,41.286,3.956,309,288.616,42.76,106.437,0
35.751,308.901,0.00323728,0.005749924105456347,-5.15856862,43.112,4.049,742,288.229,47.972,233.354,0
79.066,352.216,0.00283917,0.05458634666604081,-2.90797149,43.098,5.017,544,268.124,41.82,133.678,0
26.074,299.224,0.00334198,0.003181443536746088,-5.75042024,38.967,13.369,779,49.734,44.526,218.058,0
37.157,310.307,0.00322262,0.006247036706107674,-5.07564805,40.611,5.882,465,39.95,52.271,155.3,0
77.707,350.857,0.00285016,0.05129614599793998,-2.97013966,44.375,4.141,449,192.843,38.532,61.848,0
37.754,310.904,0.00321643,0.006469437701757348,-5.04066608,38.39,13.217,768,63.76,50.53,82.817,0
47.424,320.574,0.0031194,0.01119612593507553,-4.49218746,36.97,4.692,919,69.292,48.658,28.326,0
58.337,331.487,0.00301671,0.02000764731644029,-3.91164071,37.916,11.207,253,299.981,52.271,176.077,0
121.451,394.601,0.00253421,0.3060553394647543,-1.18398935,41.353,14.394,376,140.664,45.932,132.054,0
20.909,294.059,0.00340068,0.00228301322511998,-6.08225912,39.363,12.47,1190,244.051,37.622,139.931,0
100.693,373.843,0.00267492,0.1381433725687412,-1.9794632,37.509,6.664,942,251.797,46.419,176.995,0
60.311,333.461,0.00299885,0.02213297425578847,-3.81068673,41.363,4.169,500,185.51,49.431,65.604,0
139.867,413.017,0.00242121,0.5797252901600526,-0.54520093,42.194,13.515,805,59.205,39.004,90.493,0
130.32,403.47,0.0024785,0.4193394466705895,-0.86907455,42.094,9.863,972,223.034,38.195,163.778,0
24.42,297.57,0.00336055,0.002864298062305893,-5.85543196,40.626,11.534,244,155.303,49.183,170.886,0
127.051,400.201,0.00249874,0.3739908659577695,-0.9835239,43.259,8.744,1179,20.957,42.607,32.289,0
105.563,378.713,0.00264052,0.1677955509343386,-1.785009,39.787,11.867,577,98.488,44.556,184.087,0
120.923,394.073,0.0025376,0.3002366470949602,-1.20318429,42.877,10.773,1008,224.282,41.784,165.832,0
99.059,372.209,0.00268666,0.1292706184068265,-2.04584725,42.467,10.918,369,151.065,48.161,152.765,0
114.96,388.11,0.00257659,0.2408480276286242,-1.42358914,46.374,7.027,1005,206.416,46.889,5.382,0
132.916,406.066,0.00246265,0.4586352722280562,-0.7795,46.447,12.396,1145,277.749,43.263,164.738,0
45.048,318.198,0.0031427,0.009814797949328392,-4.62386404,38.855,7.943,759,287.804,46.398,189.837,0
116.849,389.999,0.00256411,0.2584537773499112,-1.35303841,41.252,11.869,370,186.376,44.482,87.041,0
45.134,318.284,0.00314185,0.009862025802240501,-4.61906367,37.389,5.21,978,192.537,52.594,125.324,0
27.627,300.777,0.00332472,0.003507428010692014,-5.65287227,39.236,13.729,512,51.489,41.244,83.371,0
106.216,379.366,0.00263598,0.17216276196285,-1.75931496,40.9,3.107,964,257.319,39.837,171.977,0
22.334,295.484,0.00338428,0.002504797264519876,-5.98954748,35.774,4.947,126,68.151,47.067,29.711,0
137.104,410.254,0.00243751,0.5286739880598137,-0.63738332,48.128,9.278,656,249.255,51.964,22.968,0
38.616,311.766,0.00320753,0.006802993955620983,-4.99039248,36.77,1.883,1144,164.336,44.001,69.103,0
117.054,390.204,0.00256276,0.2604294912755509,-1.34542312,44.487,6.962,687,81.302,55.396,103.62,0
44.72,317.87,0.00314594,0.009636510262141813,-4.64219624,44.156,4.979,1190,178.948,38.552,215.7,0
129.347,402.497,0.00248449,0.4053738888791458,-0.90294546,39.525,7.233,413,165.784,42.707,92.282,0
64.426,337.576,0.0029623,0.02721371940169842,-3.60403404,37.515,10.399,694,39.746,45.892,142.219,0
55.65,328.8,0.00304136,0.01740484213588621,-4.05100683,42.957,4.499,908,275.634,40.134,193.961,0
43.336,316.486,0.0031597,0.008915467086294888,-4.71996764,35.805,11.06,250,37.39,56.063,144.395,0
85.156,358.306,0.00279091,0.07170656351848859,-2.63517299,38.325,11.09,347,112.975,52.848,81.25,0
41.862,315.012,0.00317448,0.008200600496384875,-4.8035479,45.039,11.63,403,93.757,46.03,81.332,0
77.621,350.771,0.00285086,0.05109390943291783,-2.97408998,40.561,9.966,476,264.798,51.941,161.986,0
133.094,406.244,0.00246157,0.4614414614954926,-0.77340008,45.127,11.431,870,173.799,52.013,231.944,0
125.688,398.838,0.00250728,0.3563658428343337,-1.03179743,45.387,1.748,690,263.649,54.711,114.954,1
84.715,357.865,0.00279435,0.07032587098561355,-2.65461554,41.276,1.829,149,283.191,40.782,100.743,0
71.884,345.034,0.00289827,0.03908327876500482,-3.24206056,36.913,3.228,241,263.813,53.626,181.307,0
52.435,325.585,0.00307139,0.01468716362512853,-4.22078139,38.879,1.471,864,179.18,43.585,17.533,0
31.309,304.459,0.00328451,0.004402543104446036,-5.42557293,42.154,4.656,1168,16.129,39.571,35.972,0
53.59,326.74,0.00306054,0.01561685113526676,-4.15940475,39.18,14.866,863,162.918,51.369,201.4,0
51.052,324.202,0.0030845,0.01363862724052924,-4.29484927,35.753,12.011,883,181.925,45.142,231.304,0
77.803,350.953,0.00284938,0.05152272627499362,-2.96573228,40.761,6.382,1003,241.663,51.57,162.394,0
32.984,306.134,0.00326654,0.004873317891451449,-5.32398028,37.893,6.549,690,74.515,53.329,245.597,0
84.01,357.16,0.00279987,0.06816685089211105,-2.68579689,36.369,6.696,1071,256.712,53.653,36.69,0
89.731,362.881,0.00275572,0.08748734205828936,-2.43626116,43.031,11.627,439,167.278,41.617,20.332,0
37.091,310.241,0.0032233,0.006222872431706018,-5.07952367,40.554,4.451,252,262.82,47.05,202.494,0
72.297,345.447,0.0028948,0.03985639719883587,-3.22247235,38.402,9.367,1025,65.802,50.457,127.268,0
66.515,339.665,0.00294408,0.03016593587644894,-3.50104194,44.43,2.643,912,245.929,55.4,129.96,0
51.685,324.835,0.00307849,0.01411002018856188,-4.26087008,36.181,10.643,344,71.054,48.081,199.944,0
56.522,329.672,0.00303332,0.01821463349339314,-4.00552997,41.734,12.262,390,296.893,44.242,129.411,0
94.425,367.575,0.00272053,0.1067440044089117,-2.23732179,36.227,2.548,923,166.121,53.247,103.431,0
75.432,348.582,0.00286877,0.04617597326968677,-3.07529568,38.563,6.523,703,58.071,51.862,221.608,0
126.056,399.206,0.00250497,0.3610526649304235,-1.01873145,45.711,2.031,999,99.407,54.092,124.839,1
41.648,314.798,0.00317664,0.008101164917606114,-4.81574741,35.794,1.642,353,286.627,55.132,48.316,0
55.501,328.651,0.00304274,0.01726970151847509,-4.05880167,37.731,2.315,128,246.612,51.99,110.09,0
90.72,363.87,0.00274823,0.0912712957308561,-2.39391894,39.508,13.78,415,286.881,53.041,202.985,0
25.147,298.297,0.00335236,0.003000034113427919,-5.80913162,43.343,6.86,414,180.051,55.117,92.945,0
45.749,318.899,0.00313579,0.01020567887857676,-4.58481096,37.371,13.526,396,256.804,43.7,73.803,0
74.356,347.506,0.00287765,0.04391450500822765,-3.1255106,39.667,12.762,567,98.256,51.19,125.204,0
56.54,329.69,0.00303315,0.01823169417010355,-4.00459376,41.934,6.926,497,47.808,45.309,150.352,0
130.027,403.177,0.0024803,0.4150912463895494,-0.87925691,44.906,13.103,689,83.325,50.815,58.001,0
48.69,321.84,0.00310713,0.01200033864926952,-4.42282041,43.54,13.158,397,243.445,39.584,147.103,0
56.847,329.997,0.00303033,0.01852485502133212,-3.98864193,44.224,7.876,744,102.27,46.525,30.287,0
57.427,330.577,0.00302501,0.01909009253594732,-3.95858579,42.758,3.061,431,213.987,51.146,158.436,0
49.812,322.962,0.00309634,0.0127554325757692,-4.36179801,36.934,5.174,836,231.29,45.548,34.579,0
94.747,367.897,0.00271815,0.1081905803796424,-2.22386097,41.729,13.512,433,94.287,54.514,116.752,0
30.22,303.37,0.0032963,0.004118669547817468,-5.49222509,41.361,11.596,1086,48.272,46.916,200.287,0
134.262,407.412,0.00245452,0.4802224408955769,-0.73350586,38.955,9.79,631,268.096,42.594,165.266,0
121.756,394.906,0.00253225,0.3094605234873156,-1.17292474,41.904,14.576,858,240.313,51.365,84.066,0
47.88,321.03,0.00311497,0.01148011202577046,-4.46713913,43.919,13.993,1141,238.327,51.102,187.954,0
126.451,399.601,0.0025025,0.366142163560462,-1.0047336,47.566,7.4,659,65.689,48.018,127.439,0
138.186,411.336,0.0024311,0.5481880683885461,-0.60113686,48.063,13.098,178,95.994,45.244,84.084,0
95.857,369.007,0.00270998,0.113308754829926,-2.17763884,43.508,5.361,761,142.478,42.577,14.051,0
76.273,349.423,0.00286186,0.04801397888903498,-3.03626308,40.657,11.917,1045,10.808,48.771,228.979,0
105.743,378.893,0.00263927,0.1689896896600014,-1.77791757,42.976,6.919,494,242.064,41.128,17.558,0
106.412,379.562,0.00263462,0.1734926466813328,-1.75162006,45.201,10.356,1198,137.12,49.079,99.278,0
125.786,398.936,0.00250667,0.3576088296620329,-1.02831554,39.169,3.062,908,65.533,40.499,81.369,0
107.509,380.659,0.00262702,0.1811013446798452,-1.70869849,46.119,3.284,330,219.992,50.838,139.244,0
35.923,309.073,0.00323548,0.005808782906164447,-5.14838421,43.375,4.691,856,51.702,39.25,93.836,0
77.189,350.339,0.00285438,0.050088552283257,-2.99396279,44.293,10.743,1114,288.645,42.851,75.228,0
43.793,316.943,0.00315514,0.00914807109200004,-4.69421223,35.924,8.055,449,190.01,42.52,245.241,0
112.514,385.664,0.00259293,0.2195951521709884,-1.51596965,39.928,6.511,1055,140.883,44.824,45.911,0
82.05,355.2,0.00281532,0.06246581236646803,-2.77313587,37.273,4.449,526,89.234,47.006,87.639,0
134.822,407.972,0.00245115,0.4894565832953808,-0.71445952,46.31,13.129,775,265.463,41.724,142.073,0
118.118,391.268,0.00255579,0.2708944283726255,-1.3060261,41.127,9.311,356,120.352,43.098,75.294,0
97.013,370.163,0.00270151,0.1188615533321318,-2.12979588,43.989,7.793,159,75.3,51.077,56.038,0
32.952,306.102,0.00326688,0.004863919236655585,-5.32591074,37.668,11.776,142,136.968,46.32,15.656,0
118.136,391.286,0.00255568,0.2710745376610139,-1.30536145,38.516,3.968,410,86.817,47.367,150.457,0
47.158,320.308,0.003122,0.01103335942799553,-4.50683192,35.868,5.758,606,116.579,55.035,129.647,0
99.514,372.664,0.00268338,0.1316901298007814,-2.02730362,45.193,8.337,311,298.529,45.678,144.491,0
50.857,324.007,0.00308635,0.01349624814930492,-4.30534355,44.546,13.024,929,224.638,38.79,78.512,0
113.13,386.28,0.0025888,0.2247887192343819,-1.49259434,40.591,11.112,498,114.393,49.436,127.911,0
48.669,321.819,0.00310734,0.01198659189826368,-4.4239666,44.575,12.553,946,281.177,48.21,103.827,0
92.305,365.455,0.00273632,0.09763316729262494,-2.32653801,44.236,4.985,632,158.978,43.932,95.513,0
138.295,411.445,0.00243046,0.5501875906827869,-0.59749598,46.027,9.506,703,109.21,41.705,13.225,0
55.019,328.169,0.00304721,0.01683886477505623,-4.08406568,43.831,13.002,1173,180.921,44.669,151.839,0
25.711,298.861,0.00334604,0.003109269726904161,-5.77336739,42.365,12.555,287,94.69,55.341,142.952,0
120.014,393.164,0.00254347,0.290442133767748,-1.23635092,42.638,8.508,821,125.255,53.608,186.068,0
135.313,408.463,0.0024482,0.4976775403244003,-0.69780292,43.554,3.269,321,19.857,46.863,35.577,0
109.393,382.543,0.00261409,0.1948434382224242,-1.63555892,39.002,10.897,1156,125.203,44.704,138.973,0
118.127,391.277,0.00255573,0.2709844701245622,-1.30569377,40.94,1.655,651,123.809,39.989,193.833,0
94.423,367.573,0.00272055,0.106735072308748,-2.23740547,42.224,12.965,968,199.236,41.199,49.955,0
48.155,321.305,0.00311231,0.01165444534828526,-4.4520676,35.824,4.968,438,243.691,55.652,222.799,0
93.193,366.343,0.00272968,0.1013634681350152,-2.28904253,36.323,9.147,849,80.181,45.489,213.772,0
37.991,311.141,0.00321398,0.006559663378125408,-5.02681599,40.106,8.106,109,157.403,42.264,167.242,0
21.808,294.958,0.00339031,0.002420780777733847,-6.02366516,35.235,11.239,659,183.228,46.826,153.228,0
100.22,373.37,0.00267831,0.1355221905506354,-1.99861988,44.91,6.567,205,25.964,56.385,69.352,0
125.227,398.377,0.00251019,0.3505683895610849,-1.04819947,38.727,14.271,178,231.737,44.632,113.899,0
64.545,337.695,0.00296125,0.02737478714087895,-3.59813287,40.492,6.764,787,252.334,40.088,223.454,0
138.99,412.14,0.00242636,0.5630839693880556,-0.57432652,45.724,11.145,964,42.271,51.276,83.179,0
104.192,377.342,0.00265012,0.158937531861242,-1.83924404,38.962,2.071,541,90.677,45.216,115.539,0
128.122,401.272,0.00249208,0.3883601062346959,-0.94582226,42.975,7.747,106,37.212,44.569,120.396,0
63.551,336.701,0.00296999,0.02605480317881941,-3.64755314,39.905,1.963,1056,112.543,42.95,112.126,0
109.975,383.125,0.00261011,0.1992668730749311,-1.61311028,44.111,3.073,197,268.769,40.275,216.524,0
75.765,348.915,0.00286603,0.0468962324700553,-3.05981794,37.792,4.734,600,267.449,46.157,238.228,0
52.387,325.537,0.00307185,0.01464961046806842,-4.22334153,39.36,13.111,657,96.586,41.694,33.26,0
93.147,366.297,0.00273003,0.101167229218832,-2.2909804,43.12,11.134,774,92.918,54.582,130.81,0
68.078,341.228,0.00293059,0.03255554806673949,-3.42480748,37.634,6.389,187,189.795,51.837,204.933,0
94.912,368.062,0.00271693,0.1089384238076713,-2.21697248,45.688,3.898,687,22.756,50.107,11.945,1
82.483,355.633,0.00281189,0.06368805579312338,-2.75375824,45.182,13.844,1129,209.291,52.113,214.127,0
54.145,327.295,0.00305535,0.0160818147662846,-4.13006616,35.403,2.039,257,22.544,51.943,153.086,0
138.851,412.001,0.00242718,0.5604842392268494,-0.57895416,45.454,7.727,969,232.016,51.675,73.048,0
138.863,412.013,0.00242711,0.5607082712397419,-0.57855452,48.832,12.089,788,238.654,51.319,153.68,0
65.428,338.578,0.00295353,0.02859639174346256,-3.55447473,37.659,8.938,1196,176.204,55.965,39.755,0
55.118,328.268,0.00304629,0.01692657259910782,-4.07887055,37.872,2.254,787,75.04,53.893,109.477,0
127.407,400.557,0.00249652,0.3787156867142959,-0.97096952,39.082,11.82,1173,61.342,50.282,53.137,0
32.591,305.741,0.00327074,0.004759004849906081,-5.3477167,42.281,3.839,973,281.025,41.336,83.867,0
56.441,329.591,0.00303406,0.01813803484515876,-4.00974417,37.914,14.025,951,14.254,43.177,71.712,0
133.424,406.574,0.00245958,0.4666828548526039,-0.76210536,40.318,2.304,367,202.434,39.905,58.969,0
94.859,368.009,0.00271732,0.108697718795907,-2.21918447,42.578,11.263,813,277.618,50.333,246.296,0
119.722,392.872,0.00254536,0.2873547760469632,-1.24703767,40.229,7.589,289,265.402,41.103,121.688,0
93.526,366.676,0.0027272,0.1027939745258875,-2.27502854,36.824,12.054,653,36.188,45.654,34.694,0
119.349,392.499,0.00254778,0.283452127065637,-1.26071203,44.413,2.427,251,75.609,37.825,47.242,0
62.357,335.507,0.00298056,0.02454359680066997,-3.70730428,43.433,8.877,871,53.612,53.395,124.504,0
129.228,402.378,0.00248523,0.4036935687229492,-0.90709918,45.852,6.082,589,242.368,42.612,41.396,0
98.891,372.041,0.00268788,0.1283870689733122,-2.0527056,40.189,8.396,109,96.924,38.008,115.469,0
123.264,396.414,0.00252262,0.3267798248630415,-1.11846865,42.219,2.054,828,270.562,51.332,227.701,0
49.174,322.324,0.00310247,0.0123210645187698,-4.39644492,43.566,4.227,1184,209.956,46.521,44.974,0
47.685,320.835,0.00311687,0.01135789851540837,-4.47784187,41.143,7.303,690,58.704,39.02,108.795,0
131.363,404.513,0.00247211,0.4347657747991667,-0.83294784,45.34,7.393,745,283.167,46.663,237.861,0
138.031,411.181,0.00243202,0.5453554056929746,-0.60631758,41.776,5.34,505,72.961,45.643,18.546,0
59.284,332.434,0.00300812,0.02100363467571786,-3.86305978,41.811,2.932,134,220.118,49.844,79.921,0
83.776,356.926,0.0028017,0.06746315569616307,-2.69617367,35.964,14.317,332,274.402,46.575,219.201,0
33.31,306.46,0.00326307,0.00496999359525145,-5.30433673,36.442,12.059,896,79.862,41.53,106.0,0
115.672,388.822,0.00257187,0.247358462149234,-1.39691673,42.233,6.296,259,66.291,53.042,70.224,0
83.012,356.162,0.00280771,0.06520961471441669,-2.73014836,42.743,4.299,1198,266.519,38.202,240.046,0
136.733,409.883,0.00243972,0.5221211198480459,-0.64985569,42.024,3.104,460,270.576,44.682,28.076,0
107.823,380.973,0.00262486,0.1833316765449716,-1.69645833,38.769,8.518,969,45.053,53.282,205.973,0
123.858,397.008,0.00251884,0.3338271240094796,-1.09713201,40.699,9.62,133,246.308,52.47,227.025,0
102.002,375.152,0.00266559,0.1456279756615704,-1.92670002,40.694,4.999,1127,249.725,46.034,70.495,0
122.263,395.413,0.002529,0.3151930778411731,-1.15456988,38.775,11.166,140,92.195,45.777,93.308,0
104.846,377.996,0.00264553,0.1631111279881891,-1.81332354,40.622,4.616,1194,286.493,56.197,112.755,0
108.334,381.484,0.00262134,0.1870121101008352,-1.6765819,41.306,8.068,815,32.54,43.052,103.429,0
113.88,387.03,0.00258378,0.2312549255054297,-1.4642346,41.445,8.245,699,49.148,39.2,219.56,0
76.888,350.038,0.00285683,0.04939834493852013,-3.00783836,41.395,12.352,889,29.204,56.297,246.03,0
78.242,351.392,0.00284582,0.05257006590128194,-2.94560841,43.218,8.288,328,252.693,54.332,194.779,0
44.223,317.373,0.00315087,0.009371836441152366,-4.67004621,38.649,9.63,939,213.249,40.491,246.231,0
68.723,341.873,0.00292506,0.0335891849686963,-3.39355114,37.134,9.585,553,179.982,42.382,91.506,0
101.743,374.893,0.00266743,0.1441197748873245,-1.93711056,37.358,10.415,665,207.783,41.431,195.081,0
128.106,401.256,0.00249217,0.3881420040290217,-0.94638402,38.741,8.5,673,52.626,48.489,115.408,0
118.542,391.692,0.00255303,0.2751645016514811,-1.29038617,45.822,4.467,347,102.945,40.512,172.165,0
128.289,401.439,0.00249104,0.3906428320342142,-0.93996161,43.629,4.605,157,287.014,50.187,58.395,0
95.883,369.033,0.00270978,0.1134311204013838,-2.17655949,39.859,8.857,758,55.996,47.862,163.993,0
116.412,389.562,0.00256699,0.2542852181045965,-1.36929874,47.084,7.971,455,63.23,50.624,124.508,0
69.718,342.868,0.00291657,0.0352403117947921,-3.34556463,36.829,7.981,220,200.226,44.835,200.987,0
115.256,388.406,0.00257463,0.2435364316213313,-1.41248873,40.542,8.879,420,116.065,43.442,144.714,0
117.197,390.347,0.00256182,0.2618153675836265,-1.34011573,38.345,11.857,1087,18.287,39.429,246.313,0
137.553,410.703,0.00243485,0.5366984650105143,-0.62231886,47.996,13.981,321,263.145,38.075,246.827,0
20.344,293.494,0.00340722,0.002200066454977543,-6.11926771,42.202,4.656,198,88.718,38.841,60.017,0
56.575,329.725,0.00303283,0.0182649081218295,-4.00277365,41.501,5.462,768,170.201,53.572,230.994,0
68.824,341.974,0.0029242,0.03375362657314547,-3.38866741,44.109,12.063,216,36.83,48.935,74.585,0
30.367,303.517,0.00329471,0.004156008979786544,-5.48320005,36.853,8.948,681,90.052,53.856,10.288,0
93.236,366.386,0.00272936,0.1015472083879205,-2.28723148,45.505,10.41,309,122.564,44.01,163.934,0
69.789,342.939,0.00291597,0.03536081082304169,-3.34215111,38.662,8.753,1133,188.2,44.373,146.923,0
117.295,390.445,0.00256118,0.2627687955866134,-1.33648074,39.688,12.971,259,101.936,48.436,246.419,0
39.638,312.788,0.00319705,0.007218223867488827,-4.93114636,40.448,5.235,808,155.335,54.411,148.583,0
105.763,378.913,0.00263913,0.1691228248840565,-1.77713005,36.822,6.617,642,31.38,40.292,164.854,0
135.508,408.658,0.00244703,0.500975099527647,-0.69119888,44.779,5.733,275,251.659,55.853,36.601,0
118.319,391.469,0.00255448,0.2729115131378732,-1.29860766,39.245,2.629,1150,204.999,54.446,21.611,0
37.366,310.516,0.00322045,0.006324108947530049,-5.06338613,42.333,14.976,809,260.559,40.144,129.262,0
35.846,308.996,0.00323629,0.00578236730952046,-5.15294211,43.578,3.948,603,10.769,46.697,55.658,0
94.838,367.988,0.00271748,0.1086024731519482,-2.2200611,39.38,10.193,974,30.212,42.047,88.551,0
81.911,355.061,0.00281642,0.06207782565071333,-2.77936643,45.368,3.716,929,244.986,40.888,186.028,0
117.119,390.269,0.00256234,0.2610586491718626,-1.34301019,45.748,10.283,794,272.488,53.592,15.06,0
82.878,356.028,0.00280877,0.06482121763512359,-2.7361223,36.307,8.393,254,214.82,52.41,243.34,0
106.444,379.594,0.00263439,0.173710613051425,-1.75036451,41.876,6.739,775,229.193,54.436,67.645,0
66.821,339.971,0.00294143,0.03062122823254649,-3.48606178,39.02,6.522,207,263.047,48.26,204.084,0
61.197,334.347,0.0029909,0.02314994981678982,-3.76576267,43.914,5.686,418,50.169,37.765,176.851,0
50.581,323.731,0.00308898,0.01329697663449762,-4.32021859,39.81,11.328,1050,78.247,42.091,163.253,0
59.268,332.418,0.00300826,0.0209864502672885,-3.86387827,38.083,12.263,786,255.923,41.232,162.698,0
102.249,375.399,0.00266383,0.1470790310111886,-1.91678521,44.728,8.174,1050,147.712,44.73,146.138,0
46.236,319.386,0.00313101,0.01048530156233135,-4.55778085,41.847,2.965,150,110.336,52.343,32.64,0
94.515,367.665,0.00271987,0.1071466225479702,-2.23355708,40.258,11.184,547,269.889,53.828,124.888,0
36.606,309.756,0.00322835,0.006047839024252305,-5.10805426,44.309,3.489,1016,172.672,51.445,220.221,0
87.305,360.455,0.00277427,0.07877891210683272,-2.54110993,43.842,13.027,1004,293.095,53.821,51.559,0
34.276,307.426,0.00325282,0.005266581675638847,-5.24637377,44.338,4.735,226,109.831,45.026,82.421,0
139.573,412.723,0.00242293,0.5741003833635997,-0.55495101,41.278,7.207,954,186.204,48.475,218.677,0
83.74,356.89,0.00280198,0.06735546019776653,-2.69777131,38.927,9.438,130,275.266,47.316,167.486,0
57.025,330.175,0.0030287,0.01869673110730694,-3.97940658,43.189,12.354,453,50.772,48.851,187.274,0
46.107,319.257,0.00313227,0.01041057928822003,-4.56493275,39.437,8.184,1134,211.245,49.371,118.115,0
121.912,395.062,0.00253125,0.3112147543245109,-1.16727208,39.969,5.323,207,16.895,55.488,131.14,0
28.667,301.817,0.00331327,0.003742099763038058,-5.58810839,39.925,14.645,421,73.712,45.226,63.793,0
105.237,378.387,0.0026428,0.1656514273097016,-1.79786953,37.958,4.918,1003,139.984,49.41,66.252,0
97.997,371.147,0.00269435,0.1237729754029514,-2.08930623,37.854,13.345,554,21.329,37.678,235.565,0
134.849,407.999,0.00245099,0.4899056133971529,-0.71354253,43.941,8.016,291,269.46,49.882,163.975,0
120.777,393.927,0.00253854,0.2986445925064334,-1.20850107,46.376,14.434,731,82.962,44.174,26.331,0
20.244,293.394,0.00340839,0.002185670238080081,-6.12583275,36.112,3.745,1136,96.98,53.534,133.323,0
96.461,369.611,0.00270555,0.1161812304041717,-2.15260398,37.783,10.799,1150,22.695,49.473,168.8,0
66.268,339.418,0.00294622,0.02980278374743155,-3.51315348,36.666,10.087,1068,91.139,51.011,83.358,0
80.008,353.158,0.00283159,0.0569740161479587,-2.86515997,36.715,11.09,217,278.171,37.731,235.661,0
93.148,366.298,0.00273002,0.101171491763404,-2.29093826,44.643,7.423,600,188.134,50.246,42.656,0
70.927,344.077,0.00290633,0.03734221236387919,-3.28763089,39.685,13.568,484,259.305,41.477,73.8,0
63.344,336.494,0.00297182,0.02578708159950645,-3.65788163,38.179,4.624,331,146.101,55.272,75.994,0
52.146,325.296,0.00307412,0.01446234350378489,-4.23620701,36.038,1.877,152,125.45,50.846,241.93,0
109.375,382.525,0.00261421,0.1947079956936077,-1.6362543,45.495,14.142,420,284.134,45.341,191.614,0
124.774,397.924,0.00251304,0.3449506547352446,-1.0643539,47.473,3.69,208,48.618,51.45,29.737,1
48.392,321.542,0.00311001,0.01180656722030622,-4.43909936,41.436,14.402,378,45.297,50.832,7.956,0
125.92,399.07,0.00250583,0.3593144493235239,-1.02355737,45.763,3.01,757,85.981,40.54,180.347,0
132.575,405.725,0.00246472,0.4533001673227552,-0.79120075,48.027,5.837,664,29.338,46.43,241.347,1
122.981,396.131,0.00252442,0.3234675124699413,-1.1286566,43.12,10.346,1199,290.905,42.638,120.598,0
102.067,375.217,0.00266512,0.1460086233565236,-1.92408959,37.875,13.573,878,297.875,40.397,92.604,0
62.889,336.039,0.00297585,0.02520711331670925,-3.68062905,42.553,13.517,660,71.99,51.71,108.615,0
48.658,321.808,0.00310744,0.01197939678977043,-4.42456704,44.605,3.194,1014,215.85,48.138,59.745,0
85.832,358.982,0.00278565,0.07386895431189408,-2.60546264,45.083,9.051,1087,185.56,50.932,105.471,0
139.544,412.694,0.0024231,0.5735480797822622,-0.55591351,48.3,2.505,441,250.539,51.251,80.789,1
59.95,333.1,0.0030021,0.02173004236385422,-3.82905954,45.049,2.03,790,169.062,51.935,239.005,0
71.957,345.107,0.00289765,0.03921896594556443,-3.23859482,36.052,1.211,871,186.689,38.947,120.384,0
82.077,355.227,0.0028151,0.06254142211184299,-2.77192619,37.335,8.8,601,150.931,46.961,207.735,0
125.148,398.298,0.00251068,0.3495830764388015,-1.05101404,46.479,5.521,158,266.574,45.9,170.212,0
132.672,405.822,0.00246413,0.4548123403126746,-0.78787038,40.33,14.299,416,196.05,40.342,249.047,0
32.604,305.754,0.0032706,0.004762747612064526,-5.34693055,38.836,13.277,1059,283.668,42.759,162.553,0
130.222,403.372,0.0024791,0.4179144178021141,-0.87247861,47.31,12.982,325,181.266,56.341,32.128,0
22.455,295.605,0.00338289,0.002524489801657497,-5.9817163,44.356,11.497,502,72.418,45.878,208.508,0
37.446,310.596,0.00321962,0.006353833544123969,-5.05869694,39.045,5.026,1200,224.188,55.571,20.58,0
131.402,404.552,0.00247187,0.4353519042455902,-0.8316006,40.621,11.86,388,114.884,54.837,16.774,0
121.081,394.231,0.00253658,0.3019677792543646,-1.19743496,40.243,8.805,1157,108.643,52.495,15.326,0
122.222,395.372,0.00252926,0.314726128661771,-1.15605245,39.264,1.293,213,34.049,50.414,30.65,0
82.454,355.604,0.00281212,0.06360554824694892,-2.75505458,38.62,6.426,1163,221.632,55.664,192.671,0
28.971,302.121,0.00330993,0.003813295029835993,-5.56926163,37.96,9.627,635,202.26,47.89,72.537,0
31.501,304.651,0.00328244,0.004454363983907681,-5.41387099,39.258,10.508,330,98.673,39.247,62.919,0
71.701,344.851,0.0028998,0.03874494143924725,-3.25075508,37.215,13.513,565,171.108,54.04,78.083,0
21.409,294.559,0.00339491,0.002358742680805101,-6.04962656,35.734,4.303,688,285.246,45.039,212.578,0
134.301,407.451,0.00245428,0.4808606663547115,-0.73217773,46.692,10.213,608,177.217,38.343,172.945,0
71.355,344.505,0.00290272,0.03811226493506804,-3.26721913,38.674,7.149,769,185.481,41.53,144.242,0
65.777,338.927,0.00295049,0.02909229656738611,-3.53728186,39.145,9.728,253,162.937,38.029,98.952,0
124.514,397.664,0.00251469,0.3417614210542906,-1.07364238,46.475,7.041,807,226.731,46.04,131.461,0
64.398,337.548,0.00296254,0.02717594261084856,-3.60542316,35.739,13.816,363,216.858,50.71,64.18,0
47.066,320.216,0.00312289,0.01097755457069799,-4.51190258,39.01,8.606,1046,62.03,49.566,50.767,0
110.655,383.805,0.00260549,0.2045448787823736,-1.58696787,37.956,11.642,750,36.352,40.376,8.666,0
52.995,326.145,0.00306612,0.01513161935060493,-4.19096873,36.836,2.065,721,197.741,41.691,138.443,0
94.314,367.464,0.00272136,0.1062492551690946,-2.24196748,37.586,13.928,1072,82.714,40.202,187.946,0
136.65,409.8,0.00244021,0.5206646587422432,-0.65264909,45.369,13.376,916,246.732,44.275,130.251,0
65.951,339.101,0.00294897,0.02934235393343621,-3.52872328,36.695,1.748,717,289.377,48.259,198.921,0
44.022,317.172,0.00315286,0.009266641485725199,-4.68133426,42.204,3.46,1191,96.055,52.647,114.149,0
53.006,326.156,0.00306602,0.01514046758827742,-4.19038415,41.738,12.132,389,30.754,41.65,143.342,0
89.049,362.199,0.00276091,0.0849583242585927,-2.46559445,39.267,8.854,1007,197.582,45.422,86.886,0
30.978,304.128,0.00328809,0.004314467946519895,-5.44578127,39.133,5.642,831,286.389,47.143,88.852,0
85.878,359.028,0.0027853,0.07401814606857417,-2.603445,45.537,13.138,337,295.975,53.627,193.299,0
34.857,308.007,0.00324668,0.00545246717069565,-5.21168708,36.607,9.664,891,240.946,47.867,30.003,0
21.622,294.772,0.00339245,0.002391681219338384,-6.03575872,43.489,11.663,462,179.495,55.376,98.542,0
92.428,365.578,0.00273539,0.0981426236661307,-2.32133351,37.768,3.067,314,19.785,49.083,40.608,0
70.234,343.384,0.00291219,0.03612433041339346,-3.32078867,39.296,2.098,951,50.437,46.283,165.365,0
31.044,304.194,0.00328738,0.004331903189839676,-5.4417483,42.696,14.501,573,148.695,39.376,214.079,0
28.546,301.696,0.00331459,0.003714094148048117,-5.59562047,36.311,3.618,1090,142.02,41.993,216.579,0
91.59,364.74,0.00274168,0.0947170433930471,-2.35686132,43.546,8.771,186,23.492,42.061,57.683,0
113.431,386.581,0.00258678,0.2273648199914017,-1.48119942,38.072,5.841,287,28.879,44.564,123.911,0
67.825,340.975,0.00293277,0.03215780774810106,-3.4371,39.231,8.187,416,92.775,39.299,74.8,0
56.829,329.979,0.0030305,0.01850755223815216,-3.9895764,36.772,9.246,396,128.612,50.004,88.479,0
48.373,321.523,0.0031102,0.01179430724078983,-4.4401383,36.635,6.308,1161,173.593,42.039,96.675,0
44.284,317.434,0.00315026,0.009403970267319817,-4.66662331,37.504,8.287,1092,111.69,46.682,116.03,0
43.537,316.687,0.00315769,0.009017117087149584,-4.70863061,39.272,8.091,503,216.113,44.014,130.029,0
34.802,307.952,0.00324726,0.005434623329066063,-5.21496507,40.283,6.066,514,277.558,42.64,136.607,0
47.268,320.418,0.00312092,0.01110041269490695,-4.50077299,35.924,1.611,187,53.752,41.62,76.855,0
135.255,408.405,0.00244855,0.4967003180262934,-0.69976842,47.567,2.02,636,25.508,38.148,64.219,1
88.455,361.605,0.00276545,0.08280780611077809,-2.49123295,43.04,4.848,830,87.528,53.618,39.618,0
134.345,407.495,0.00245402,0.4815815869726622,-0.73067962,47.281,6.061,612,207.762,46.2,81.804,1
75.061,348.211,0.00287182,0.04538496009994872,-3.0925745,36.053,1.668,1066,215.315,49.513,63.421,0
62.113,335.263,0.00298273,0.02424446089687008,-3.7195671,37.043,4.66,345,190.31,54.784,51.598,0
47.039,320.189,0.00312316,0.01096122463226377,-4.51339127,38.009,1.547,885,33.216,43.408,70.519,0
123.123,396.273,0.00252351,0.3251258940158731,-1.12354281,43.013,7.634,696,92.183,52.713,162.921,0
100.618,373.768,0.00267546,0.137724840188114,-1.9824975,36.911,5.585,745,112.833,40.276,243.164,0
28.613,301.763,0.00331386,0.003729578168063069,-5.59146014,36.54,3.644,1192,50.819,50.868,33.73,0
74.926,348.076,0.00287294,0.04510008766363211,-3.09887109,40.844,12.797,431,80.403,42.133,137.821,0
105.471,378.621,0.00264116,0.1671880403957629,-1.78863611,41.467,6.464,1182,219.397,42.565,196.664,0
124.996,398.146,0.00251164,0.3476939750947264,-1.05643257,42.631,11.001,186,84.749,39.385,120.967,0
98.84,371.99,0.00268824,0.128119888360209,-2.05478883,40.867,10.141,663,271.394,46.177,39.418,0
124.335,397.485,0.00251582,0.3395805123414332,-1.08004421,47.004,4.818,345,159.393,50.425,81.825,0
126.642,399.792,0.0025013,0.368625175074456,-0.99797494,46.817,4.377,744,250.855,40.868,32.349,1
112.794,385.944,0.00259105,0.2219428732362655,-1.50533526,45.491,14.287,817,215.03,45.41,46.901,0
32.567,305.717,0.003271,0.004752102025936424,-5.34916823,37.134,1.029,889,49.457,48.686,223.558,0
41.277,314.427,0.00318039,0.007931315359598614,-4.83693639,44.229,1.242,750,190.087,54.641,100.24,0
123.665,396.815,0.00252007,0.3315231561277213,-1.10405762,40.061,14.812,281,91.272,54.863,202.196,0
138.58,411.73,0.00242878,0.5554451723435658,-0.58798537,46.678,7.019,1162,43.398,44.151,237.828,0
48.633,321.783,0.00310768,0.01196305850219622,-4.42593184,37.916,3.014,230,56.347,42.637,177.125,0
101.974,375.124,0.00266579,0.1454642697558196,-1.92782479,45.94,8.657,474,183.497,55.672,231.795,0
82.604,355.754,0.00281093,0.06403332186490152,-2.74835168,44.67,12.869,427,113.247,50.035,67.487,0
56.823,329.973,0.00303055,0.01850178781674218,-3.98988791,44.672,1.76,248,186.147,44.555,213.751,0
75.368,348.518,0.00286929,0.04603866168603834,-3.07827376,39.715,13.675,227,233.805,51.203,83.972,0
125.958,399.108,0.00250559,0.3597994021700558,-1.02220862,39.026,4.835,730,258.142,40.93,209.261,0
107.154,380.304,0.00262948,0.1786081046496071,-1.72256123,41.359,8.224,167,211.503,38.082,156.777,0
104.862,378.012,0.00264542,0.1632144127103736,-1.81269053,37.466,3.13,417,141.002,54.987,195.12,0
87.54,360.69,0.00277246,0.079588010328821,-2.53089182,45.605,3.567,780,287.729,43.481,180.596,0
65.558,338.708,0.0029524,0.02878023620010958,-3.54806637,39.814,5.958,1162,248.636,49.315,10.689,0
43.671,316.821,0.00315636,0.009085454203314086,-4.70108058,36.795,4.805,1013,138.376,40.358,118.714,0
126.117,399.267,0.00250459,0.3618346485107667,-1.01656794,44.186,13.22,613,125.458,53.547,39.703,0
92.434,365.584,0.00273535,0.09816753429146131,-2.32107973,43.235,10.807,462,175.841,43.358,34.912,0
83.75,356.9,0.00280191,0.06738536053565922,-2.69732749,44.568,14.724,1184,175.455,55.579,170.972,0
88.586,361.736,0.00276445,0.08327795370323883,-2.48557143,39.11,2.452,328,162.425,55.527,213.046,0
85.363,358.513,0.0027893,0.07236276579053581,-2.6260634,43.684,8.883,534,292.143,50.705,208.266,0
128.863,402.013,0.00248748,0.3985768531751896,-0.91985494,47.875,6.821,428,132.955,51.382,223.136,0
71.154,344.304,0.00290441,0.03774890876574406,-3.27679871,42.446,6.853,407,46.193,51.006,43.135,0
129.568,402.718,0.00248313,0.408510400797351,-0.8952379,45.682,1.969,522,225.048,56.094,124.381,1
108.211,381.361,0.00262219,0.1861204226852965,-1.68136138,38.596,4.261,142,116.167,53.621,22.035,0
31.681,304.831,0.00328051,0.004503439604366964,-5.40291382,37.084,1.35,696,221.578,48.027,40.923,0
97.276,370.426,0.00269959,0.1201573807737392,-2.11895289,38.816,9.868,1079,71.945,55.171,77.655,0
97.25,370.4,0.00269978,0.1200287317184076,-2.12002413,44.324,3.693,1089,101.731,41.085,159.082,0
32.062,305.212,0.00327641,0.004608910610682594,-5.37976376,41.002,2.262,397,157.109,54.396,65.682,0
133.461,406.611,0.00245935,0.467273691537781,-0.76084013,43.682,8.224,149,267.384,38.113,49.421,0
89.307,362.457,0.00275895,0.08590745147115539,-2.45448471,39.56,7.026,282,194.02,39.361,47.54,0
38.375,311.525,0.00321002,0.006708230515773412,-5.00442007,35.524,8.361,415,252.064,37.622,125.741,0
97.375,370.525,0.00269887,0.1206483341450681,-2.11487529,38.794,11.578,686,290.259,41.776,89.057,0
23.922,297.072,0.00336619,0.002774516444982594,-5.8872788,37.787,10.579,927,15.751,39.701,237.141,0
39.679,312.829,0.00319663,0.007235342119502908,-4.92877763,42.436,13.291,1154,115.963,52.356,239.241,0
20.09,293.24,0.00341018,0.002163665139639779,-6.13595167,42.569,3.381,1190,284.867,46.865,73.537,0
83.622,356.772,0.00280291,0.0670035106734683,-2.70301026,44.848,14.66,210,76.038,48.064,158.777,0
80.622,353.772,0.00282668,0.05857906143957796,-2.83737796,35.898,14.438,136,116.783,47.18,215.041,0
51.838,324.988,0.00307704,0.01422610010554656,-4.25267697,41.61,9.096,720,214.95,51.174,157.353,0
69.994,343.144,0.00291423,0.0357107647327584,-3.3323031,42.428,8.969,1014,279.639,55.175,201.057,0
52.934,326.084,0.00306669,0.01508263481893391,-4.19421121,39.581,11.976,576,48.118,42.695,72.338,0
42.116,315.266,0.00317192,0.008320028545552754,-4.78908959,36.94,1.885,1010,206.627,54.363,20.562,0
118.331,391.481,0.0025544,0.2730323443131162,-1.29816501,43.634,11.092,293,289.69,54.704,83.582,0
112.33,385.48,0.00259417,0.2180640681497689,-1.52296637,39.85,8.66,203,192.244,43.844,198.673,0
76.823,349.973,0.00285736,0.04925039571695296,-3.01083788,35.729,10.502,832,104.171,43.169,144.396,0
70.945,344.095,0.00290617,0.03737432034695422,-3.28677143,41.985,14.824,1170,192.628,52.4,106.576,0
52.649,325.799,0.00306938,0.01485562652896681,-4.20937659,38.809,12.827,400,234.743,49.077,128.418,0
76.822,349.972,0.00285737,0.04924812261089221,-3.01088403,36.436,10.095,894,12.008,38.285,10.055,0
104.141,377.291,0.00265047,0.1586159931880814,-1.84126914,37.018,8.868,259,196.292,52.697,201.47,0
53.533,326.683,0.00306107,0.01556977812567549,-4.16242354,35.714,7.021,460,263.288,39.419,94.111,0
47.681,320.831,0.00311691,0.01135540369064279,-4.47806155,35.218,11.891,787,46.62,41.054,95.69,0
53.527,326.677,0.00306113,0.01556483037958634,-4.16274137,39.005,7.943,245,297.494,54.49,9.936,0
26.475,299.625,0.00333751,0.003262910969305494,-5.72513555,40.429,8.35,287,34.871,45.777,150.424,0
34.376,307.526,0.00325176,0.005298167579432719,-5.24039426,38.942,7.287,423,248.956,38.685,159.379,0
63.022,336.172,0.00297467,0.02537544172669268,-3.67397343,36.761,6.719,204,233.396,50.855,166.299,0
77.292,350.442,0.00285354,0.05032666860458245,-2.98922015,35.945,12.893,870,264.429,47.554,96.116,0
80.833,353.983,0.00282499,0.0591396920497075,-2.82785297,41.554,4.935,1086,112.779,38.443,51.634,0
134.374,407.524,0.00245384,0.4820572447722661,-0.72969241,39.947,13.715,556,139.986,55.2,220.907,0
83.948,357.098,0.00280035,0.06797978012581936,-2.68854497,36.526,2.36,392,133.471,43.168,8.08,0
31.958,305.108,0.00327753,0.004579904196912244,-5.3860772,42.628,2.774,496,97.03,54.092,199.994,0
37.274,310.424,0.0032214,0.006290078737417216,-5.06878169,38.404,6.086,958,68.979,51.888,9.732,0
23.841,296.991,0.00336711,0.002760153991233409,-5.89246881,42.525,10.377,686,203.254,50.887,94.993,0
40.781,313.931,0.00318541,0.007709185502323607,-4.86534274,38.877,14.998,862,92.29,56.244,6.437,0
40.507,313.657,0.0031882,0.007588863153992181,-4.88107348,37.176,11.697,468,51.534,47.9,211.448,0
117.698,390.848,0.00255854,0.266721048216076,-1.32155193,40.181,1.54,139,192.141,51.78,224.557,0
75.287,348.437,0.00286996,0.04586539003019361,-3.08204448,42.749,5.849,158,191.776,45.999,232.815,0
41.008,314.158,0.00318311,0.007810149924712721,-4.85233112,44.234,8.126,703,116.355,39.095,44.067,0
68.326,341.476,0.00292846,0.03294961954197174,-3.41277556,35.983,6.221,696,238.393,38.67,50.168,0
52.607,325.757,0.00306977,0.0148224295243862,-4.21161374,36.298,8.106,1069,29.377,40.257,155.828,0
109.74,382.89,0.00261172,0.1974704390706856,-1.62216638,37.006,10.838,1182,211.26,37.694,150.761,0
58.209,331.359,0.00301787,0.01987627651566292,-3.91822839,41.809,14.909,783,17.731,40.067,9.164,0
123.136,396.286,0.00252343,0.3252780822793374,-1.12307482,39.194,8.8,954,197.468,46.836,151.962,0
130.935,404.085,0.00247473,0.4283776785672734,-0.84775005,42.494,1.336,675,215.416,47.292,67.22,0
41.349,314.499,0.00317966,0.007964028372755037,-4.83282033,42.038,10.5,1073,122.55,55.372,14.368,0
61.138,334.288,0.00299143,0.02308096971269787,-3.76874682,40.854,7.021,344,124.834,44.525,181.338,0
58.198,331.348,0.00301798,0.01986502244988113,-3.91879476,40.991,10.677,1110,139.768,47.095,74.87,0
135.728,408.878,0.00244572,0.5047178439512097,-0.68375573,47.239,9.27,482,55.641,38.596,94.633,0
48.113,321.263,0.00311271,0.01162766901132244,-4.45436776,35.362,10.07,815,189.362,44.629,152.513,0
96.981,370.131,0.00270175,0.1187047179408556,-2.13111623,39.058,2.379,1062,175.518,50.462,35.492,0
45.181,318.331,0.00314138,0.009887921502019708,-4.61644132,40.59,1.64,929,70.038,46.005,160.915,0
77.832,350.982,0.00284915,0.05159134456720758,-2.96440136,43.456,1.645,380,102.915,50.594,17.578,0
93.032,366.182,0.00273088,0.100678078005721,-2.2958272,45.411,3.943,422,29.684,54.149,113.091,0
64.175,337.325,0.0029645,0.02687672213457285,-3.61649472,45.178,14.998,984,298.898,48.079,26.236,0
91.189,364.339,0.0027447,0.0931150071851393,-2.37391991,37.949,5.758,760,256.296,42.448,139.097,0
33.651,306.801,0.00325944,0.005072943795385226,-5.283834,35.907,6.324,1143,59.589,53.476,117.492,0
41.097,314.247,0.00318221,0.007850054719153732,-4.84723478,39.364,4.551,585,181.377,51.532,52.746,0
74.12,347.27,0.0028796,0.04343169102090799,-3.1365659,42.337,5.058,808,256.068,48.936,103.557,0
79.763,352.913,0.00283356,0.05634438934565657,-2.87627261,36.485,14.197,108,248.823,52.375,235.591,0
71.406,344.556,0.00290229,0.03820494684041908,-3.26479027,37.371,4.617,830,12.258,49.081,248.574,0
112.453,385.603,0.00259334,0.2190865391359722,-1.51828847,44.751,13.773,687,35.136,55.204,150.924,0
45.304,318.454,0.00314017,0.009955976904060377,-4.60958221,38.551,12.119,297,288.654,51.856,226.332,0
73.067,346.217,0.00288836,0.04133371509356779,-3.18607677,36.73,7.034,509,142.428,56.386,157.751,0
106.48,379.63,0.00263414,0.1739561085475195,-1.74895226,40.769,9.4,549,49.187,53.087,42.188,0
132.359,405.509,0.00246604,0.4499483173242014,-0.79862255,41.201,5.847,447,258.747,47.238,156.301,0
121.929,395.079,0.00253114,0.3114064363736892,-1.16665635,45.087,3.878,309,93.797,53.872,74.97,0
27.275,300.425,0.00332862,0.003431032927255915,-5.67489392,35.292,13.38,255,71.51,47.249,133.238,0
50.294,323.444,0.00309173,0.01309253048257639,-4.3357134,37.652,8.558,680,295.082,42.412,15.906,0
65.44,338.59,0.00295342,0.02861331858628983,-3.55388298,40.335,9.883,227,179.294,43.792,39.56,0
99.204,372.354,0.00268562,0.1300374459576417,-2.03993282,38.515,13.849,434,165.579,54.733,159.938,0
88.216,361.366,0.00276728,0.08195601712616489,-2.50157255,41.174,12.143,441,49.018,45.983,241.257,0
102.669,375.819,0.00266086,0.149575209284762,-1.89995594,44.308,8.876,343,284.161,50.952,68.295,0
61.137,334.287,0.00299144,0.02307980212199224,-3.76879741,36.691,13.777,908,276.666,52.184,219.994,0
114.666,387.816,0.00257854,0.2382031709973192,-1.43463131,39.606,7.117,324,266.142,47.427,19.881,0
82.491,355.641,0.00281182,0.0637108329539451,-2.75340067,44.513,2.788,195,16.22,45.814,144.317,0
116.647,389.797,0.00256544,0.2565196280931223,-1.36055009,38.058,2.038,455,251.906,53.388,179.958,0
131.952,405.102,0.00246851,0.4436902222456636,-0.81262866,44.283,3.239,1077,185.781,39.002,84.151,0
131.456,404.606,0.00247154,0.436164585820611,-0.82973562,46.987,14.934,898,267.262,38.261,105.852,0
100.342,373.492,0.00267743,0.136194101538662,-1.99367419,44.089,12.547,760,26.045,47.702,169.516,0
122.712,395.862,0.00252613,0.320345863468988,-1.13835404,47.492,10.483,169,94.901,54.458,236.768,0
119.807,392.957,0.00254481,0.2882505638072886,-1.24392516,39.769,2.951,895,293.668,48.249,194.755,0
38.911,312.061,0.0032045,0.006920610706086567,-4.97325126,35.153,4.399,195,61.637,46.089,240.049,0
91.021,364.171,0.00274596,0.09245087827308983,-2.38107782,39.473,4.318,264,49.573,38.008,205.94,0
66.037,339.187,0.00294823,0.02946664249040313,-3.52449642,39.851,7.816,205,100.45,43.448,189.173,0
134.364,407.514,0.0024539,0.4818931794435739,-0.73003281,47.769,4.892,1148,284.379,52.861,245.694,1
129.307,402.457,0.00248474,0.4048084074087533,-0.90434139,39.777,5.721,168,73.229,50.213,113.402,0
122.573,395.723,0.00252702,0.3187429950550452,-1.14337016,45.545,11.119,764,177.546,49.396,11.832,0
83.587,356.737,0.00280319,0.06689942834734589,-2.70456486,37.571,2.878,892,268.967,41.987,132.467,0
50.495,323.645,0.00308981,0.01323541944328907,-4.32485875,41.726,7.613,186,240.969,55.795,186.359,0
125.675,398.825,0.00250737,0.3562012359340767,-1.03225944,42.336,5.558,1041,66.226,49.97,207.844,0
85.905,359.055,0.00278509,0.0741058375971339,-2.60226097,43.275,8.209,388,177.207,46.514,164.892,0
85.508,358.658,0.00278817,0.07282554153171891,-2.61968854,40.012,3.633,1155,103.592,39.503,78.256,0
36.516,309.666,0.00322929,0.006015845208268702,-5.11335842,40.105,11.972,723,43.422,47.837,246.59,0
20.861,294.011,0.00340123,0.00227585907424353,-6.08539768,40.84,7.646,634,219.376,44.443,115.204,0
73.913,347.063,0.00288132,0.04301204537376033,-3.14627508,38.087,12.419,657,211.902,46.863,249.778,0
86.194,359.344,0.00278285,0.07505015766684967,-2.58959862,43.461,10.395,434,298.354,48.76,182.871,0
126.236,399.386,0.00250384,0.3633643443942254,-1.01234924,38.169,2.872,260,188.791,40.229,43.086,0
87.151,360.301,0.00277546,0.07825259532876003,-2.54781328,41.777,1.681,1039,111.685,41.382,80.645,0
88.427,361.577,0.00276566,0.0827076173359519,-2.49244357,40.785,3.492,231,50.176,41.447,67.457,0
121.521,394.671,0.00253376,0.3068339930960908,-1.18144842,44.56,6.974,647,227.528,46.12,127.381,0
97.814,370.964,0.00269568,0.1228464518729113,-2.09682006,42.546,1.163,599,160.969,40.342,186.264,0
108.141,381.291,0.00262267,0.1856146023739964,-1.68408279,43.643,14.426,1165,21.985,41.192,25.923,0
102.763,375.913,0.00266019,0.1501388810312927,-1.89619454,38.009,8.586,436,77.041,51.786,113.52,0
23.549,296.699,0.00337042,0.002708928854765897,-5.91120198,35.915,7.558,142,77.059,51.455,99.849,0
128.507,401.657,0.00248969,0.3936399926947346,-0.93231851,39.324,3.398,656,199.51,45.617,151.486,0
29.956,303.106,0.00329918,0.00405236215283484,-5.50845532,37.221,14.054,452,126.587,48.494,241.187,0
121.684,394.834,0.00253271,0.3086537519095053,-1.17553517,44.12,6.072,1063,213.027,45.069,146.004,0
72.197,345.347,0.00289564,0.03966798015149783,-3.22721096,44.459,7.003,1035,177.82,46.298,85.469,0
98.665,371.815,0.00268951,0.1272067596215876,-2.06194149,38.218,5.406,275,53.633,41.362,123.659,0
95.373,368.523,0.00271353,0.111051733173168,-2.19775912,41.425,13.341,103,233.378,48.814,159.896,0
94.491,367.641,0.00272004,0.1070391287529741,-2.23456082,36.404,13.852,1092,209.813,52.099,117.678,0
110.284,383.434,0.00260801,0.2016504817018104,-1.60121937,43.623,8.724,479,40.8,42.712,123.945,0
134.806,407.956,0.00245124,0.4891906575974901,-0.71500297,39.447,8.2,1146,187.146,56.086,247.952,0
40.961,314.111,0.00318359,0.007789149442770297,-4.85502361,37.197,8.252,987,62.88,45.737,149.911,0
64.462,337.612,0.00296198,0.02726235750314824,-3.60224837,38.324,10.051,910,148.127,46.45,187.977,0
57.851,331.001,0.00302114,0.01951288299135781,-3.93668037,38.066,2.75,180,43.227,48.55,35.878,0
125.787,398.937,0.00250666,0.3576215323677836,-1.02828002,44.078,10.926,442,280.454,43.766,187.013,0
109.637,382.787,0.00261242,0.1966874899171292,-1.62613916,41.154,4.759,234,45.675,53.097,200.171,0
24.847,297.997,0.00335574,0.002943339968174021,-5.8282103,40.277,11.7,882,186.059,47.146,203.586,0
92.738,365.888,0.00273308,0.09943690008705411,-2.30823201,38.734,13.869,349,272.954,55.555,220.627,0
28.957,302.107,0.00331009,0.003809989916913799,-5.57012874,39.012,12.714,158,208.499,53.287,227.505,0
24.531,297.681,0.0033593,0.002884660413127823,-5.84834809,41.699,6.529,858,104.479,38.026,63.445,0
102.821,375.971,0.00265978,0.1504875964709842,-1.89387461,38.738,12.672,568,197.615,46.926,245.815,0
119.091,392.241,0.00254945,0.28077948884119,-1.27018565,39.369,13.635,432,256.199,44.435,44.873,0
40.352,313.502,0.00318977,0.007521539542516763,-4.88998444,40.07,2.031,556,105.849,56.189,68.105,0
31.979,305.129,0.0032773,0.004585748104982396,-5.38480202,38.894,6.021,337,183.67,42.768,170.716,0
120.631,393.781,0.00253948,0.2970598088780987,-1.21382178,45.285,7.378,1008,277.028,48.448,113.462,0
31.661,304.811,0.00328072,0.004497963039874437,-5.40413064,37.479,1.775,989,53.609,52.889,218.664,0
51.589,324.739,0.0030794,0.0140376144884879,-4.2660148,40.33,6.358,1004,21.755,40.587,239.397,0
60.429,333.579,0.00299779,0.02226610204875873,-3.80468984,43.655,1.983,884,31.294,53.341,191.143,0
73.202,346.352,0.00288724,0.04159761710348932,-3.17971239,42.505,3.468,297,262.931,44.999,221.475,0
127.568,400.718,0.00249552,0.3808692404652978,-0.96529916,43.153,2.586,437,40.303,43.589,159.336,0
73.238,346.388,0.00288694,0.04166824018422006,-3.17801607,44.4,12.87,370,196.198,50.05,61.81,0
133.489,406.639,0.00245918,0.4677212367787387,-0.75988281,44.135,10.044,770,30.796,44.681,212.236,0
114.473,387.623,0.00257983,0.2364805793045908,-1.44188919,39.848,14.047,1187,83.805,50.664,200.172,0
99.952,373.102,0.00268023,0.1340562830448192,-2.00949554,44.423,6.04,682,33.249,48.213,179.386,0
24.485,297.635,0.00335982,0.002876206299647095,-5.85128311,35.595,5.909,291,219.2,49.488,111.143,0
81.687,354.837,0.0028182,0.06145701409832142,-2.78941731,37.64,12.654,828,223.335,50.984,129.536,0
54.568,327.718,0.0030514,0.01644436957911113,-4.10777214,38.165,14.05,852,53.514,41.505,193.449,0
22.489,295.639,0.0033825,0.002530048134432685,-5.97951695,37.506,1.906,326,103.963,51.015,17.172,0
23.24,296.39,0.00337393,0.002655649615580845,-5.93106598,42.208,13.551,1181,188.626,40.917,15.621,0
68.269,341.419,0.00292895,0.03285867739526604,-3.41553942,37.136,11.255,699,159.127,48.187,148.008,0
30.605,303.755,0.00329213,0.004217104251351868,-5.46860658,43.36,5.439,263,85.961,40.15,242.66,0
35.708,308.858,0.00323773,0.005735292664804431,-5.1611165,35.154,14.895,1011,261.608,52.952,161.609,0
119.505,392.655,0.00254676,0.2850787452439554,-1.25498984,45.438,1.733,1193,129.716,46.994,48.052,1
130.916,404.066,0.00247484,0.4280959697794154,-0.84840788,41.57,7.018,1125,287.449,46.089,215.695,0
25.684,298.834,0.00334634,0.003103960397310066,-5.77507644,35.89,14.714,1107,119.464,49.947,87.993,0
37.227,310.377,0.00322189,0.006272756727820641,-5.07153935,35.883,2.564,355,121.71,47.371,128.606,0
66.112,339.262,0.00294757,0.02957541162068742,-3.52081195,44.63,8.782,959,195.146,54.754,18.377,0
31.514,304.664,0.0032823,0.004457892280536665,-5.41307921,40.584,10.865,758,296.466,53.319,130.231,0
92.702,365.852,0.00273335,0.09928583843746246,-2.30975233,44.318,9.765,318,112.126,46.076,5.582,0
28.357,301.507,0.00331667,0.003670724337337963,-5.60736627,39.584,9.129,452,32.175,51.261,60.782,0
65.299,338.449,0.00295465,0.02841498407656367,-3.56083866,36.02,10.626,746,186.712,55.794,155.613,0
98.272,371.422,0.00269236,0.1251767065299375,-2.07802889,41.053,9.708,818,62.644,48.884,32.722,0
28.214,301.364,0.00331825,0.003638211386567043,-5.6162631,36.952,1.68,679,206.784,48.603,47.413,0
95.058,368.208,0.00271586,0.1096038972141029,-2.21088235,45.135,9.621,787,102.889,55.218,141.981,0
109.551,382.701,0.00261301,0.1960358228106588,-1.62945787,44.381,8.917,1199,165.458,41.543,41.674,0
88.194,361.344,0.00276745,0.08187799524428116,-2.502525,43.85,13.69,479,75.607,52.364,150.02,0
132.296,405.446,0.00246642,0.4489747024366089,-0.80078873,41.323,6.859,1058,107.434,51.234,189.794,0
83.627,356.777,0.00280287,0.06701839112154183,-2.7027882,36.744,4.215,1043,59.94,41.17,57.292,0
131.689,404.839,0.00247012,0.4396860787811538,-0.82169426,42.902,3.821,293,82.294,54.001,51.92,0
112.339,385.489,0.00259411,0.2181387431043802,-1.52262398,37.822,5.447,413,269.415,43.9,181.723,0
24.434,297.584,0.0033604,0.002866859179494542,-5.85453821,35.273,6.679,488,51.92,53.251,82.49,0
28.956,302.106,0.0033101,0.00380975393534977,-5.57019068,36.801,11.03,227,229.569,53.827,76.427,0
36.389,309.539,0.00323061,0.00597095476525071,-5.12084844,43.233,5.1,233,67.592,39.207,169.019,0
58.002,331.152,0.00301976,0.01966543632692439,-3.92889269,44.146,9.847,911,19.403,41.323,115.909,0
100.628,373.778,0.00267538,0.1377805808514087,-1.98209285,40.31,4.788,228,226.431,44.719,8.219,0
63.368,336.518,0.00297161,0.0258179970694388,-3.65668347,42.253,1.768,874,103.112,54.686,80.877,0
119.085,392.235,0.00254949,0.2807175935994963,-1.27040612,37.53,12.541,1164,46.62,55.687,21.313,0
21.165,294.315,0.00339772,0.002321510101508475,-6.0655374,40.424,1.289,527,89.197,40.197,45.295,0
129.273,402.423,0.00248495,0.4043282801961743,-0.90552816,44.695,1.072,543,123.696,43.909,77.066,0
81.508,354.658,0.00281962,0.06096482863122514,-2.79745816,43.982,7.028,682,119.753,53.867,237.556,0
35.411,308.561,0.00324085,0.005635135964746408,-5.178734,41.169,13.577,1131,23.482,42.242,198.445,0
136.869,410.019,0.00243891,0.5245151404385754,-0.64528099,41.983,8.006,900,258.689,46.618,97.074,0
51.479,324.629,0.00308044,0.01395505408489894,-4.27191354,44.079,2.648,319,118.784,47.822,30.433,0
120.803,393.953,0.00253837,0.2989275761664977,-1.20755396,44.695,1.471,305,171.651,43.652,13.324,0
38.094,311.244,0.00321291,0.006599223231364313,-5.02080333,43.624,7.72,341,173.488,52.261,150.783,0
110.128,383.278,0.00260907,0.2004440443179129,-1.60722015,38.463,5.108,148,296.197,47.772,134.252,0
60.899,334.049,0.00299357,0.02280339226421337,-3.78084597,36.12,12.242,1162,249.705,42.637,139.746,0
102.352,375.502,0.0026631,0.1476878213156041,-1.91265455,44.034,8.853,143,26.266,38.707,174.559,0
112.111,385.261,0.00259564,0.2162537695709668,-1.5313027,38.814,6.664,1119,198.806,38.417,242.264,0
61.75,334.9,0.00298597,0.02380538098651494,-3.73784363,42.047,14.694,877,36.374,54.261,89.743,0
83.569,356.719,0.00280333,0.06684595532551407,-2.70536448,43.67,6.3,760,277.315,39.576,42.563,0
109.43,382.58,0.00261383,0.1951221037219186,-1.63412974,38.997,11.413,513,139.004,50.904,92.591,0
139.827,412.977,0.00242144,0.5789572420290113,-0.54652665,42.925,14.302,905,287.133,55.176,133.762,0
88.998,362.148,0.0027613,0.0847717922294582,-2.46779243,44.296,2.281,774,155.026,56.049,185.531,0
23.836,296.986,0.00336716,0.002759269604329544,-5.89278927,38.319,5.735,1163,75.953,49.064,92.851,0
115.968,389.118,0.00256991,0.2501093823299374,-1.38585693,37.398,12.254,792,262.75,40.99,65.446,0
95.002,368.152,0.00271627,0.1093482303426783,-2.21321772,41.494,14.177,666,106.831,55.345,124.012,0
81.175,354.325,0.00282227,0.06005836371017043,-2.81243846,40.197,3.019,662,251.571,40.44,213.254,0
122.274,395.424,0.00252893,0.3153184582235558,-1.15417217,45.189,2.765,862,69.364,53.345,88.876,1
40.151,313.301,0.00319182,0.007435027041402211,-4.90155306,43.297,11.904,607,258.277,48.079,115.926,0
41.346,314.496,0.00317969,0.00796266294016764,-4.83299179,35.802,13.617,225,273.09,41.521,6.313,0
52.722,325.872,0.00306869,0.0149134826350881,-4.2054896,40.671,1.927,696,104.533,41.245,246.891,0
64.241,337.391,0.00296392,0.02696497689130422,-3.61321641,35.592,3.381,185,155.754,43.352,73.942,0
138.66,411.81,0.0024283,0.5569286770946011,-0.5853181,44.025,13.675,734,88.428,41.053,64.196,0
39.697,312.847,0.00319645,0.007242868847255157,-4.9277379,42.348,8.155,920,45.507,43.939,103.122,0
83.052,356.202,0.0028074,0.06532594763407018,-2.72836596,37.096,10.711,996,204.935,45.636,108.133,0
97.559,370.709,0.00269753,0.1215654449064449,-2.10730252,36.514,6.928,664,270.137,54.282,99.499,0
25.055,298.205,0.0033534,0.002982544948538598,-5.81497833,41.706,5.944,703,244.213,50.069,101.787,0
129.896,403.046,0.00248111,0.413203850034368,-0.88381422,39.182,13.768,360,229.188,45.932,244.313,0
136.459,409.609,0.00244135,0.5173262323144994,-0.65908159,42.65,7.92,498,228.817,53.052,232.639,0
68.178,341.328,0.00292973,0.03271394641986666,-3.4199538,42.749,8.576,997,33.74,50.982,52.814,0
39.296,312.446,0.00320055,0.007076830014541719,-4.95092921,44.649,6.164,1021,270.652,42.743,241.105,0
98.692,371.842,0.00268931,0.127347272520621,-2.06083749,42.239,2.573,671,83.925,41.515,50.368,0
131.094,404.244,0.00247375,0.4307413706875706,-0.84224744,43.673,8.414,767,79.648,51.963,142.87,0
97.082,370.232,0.00270101,0.1192003425405927,-2.12694965,36.33,8.693,1094,55.636,41.295,177.517,0
40.812,313.962,0.0031851,0.007722904831861514,-4.86356471,35.989,2.74,527,35.255,48.918,106.084,0
66.999,340.149,0.00293989,0.03088884311634497,-3.47736022,37.081,10.17,473,277.793,52.533,226.814,0
99.784,372.934,0.00268144,0.1331443909922731,-2.01632109,37.269,5.221,881,269.819,54.066,172.676,0
63.073,336.223,0.00297422,0.02544025092893658,-3.67142268,35.968,3.394,1141,57.757,55.871,235.531,0
42.057,315.207,0.00317252,0.00829215045284947,-4.79244594,42.879,7.533,253,100.407,42.414,82.592,0
30.135,303.285,0.00329723,0.00409721563166287,-5.49744765,44.768,4.649,544,239.063,38.581,228.765,0
126.599,399.749,0.00250157,0.3680649151525976,-0.99949596,39.277,8.211,830,116.311,47.382,54.166,0
126.394,399.544,0.00250285,0.365403948200755,-1.00675183,40.241,9.5,166,195.757,48.848,137.041,0
95.446,368.596,0.002713,0.1113896273403945,-2.19472107,41.72,10.89,463,271.373,43.995,138.248,0
44.431,317.581,0.0031488,0.009481809704967622,-4.65838008,43.573,11.098,922,24.524,52.294,44.259,0
41.306,314.456,0.0031801,0.007944477042823684,-4.8352783,36.741,12.125,715,171.961,47.258,42.801,0
33.077,306.227,0.00326555,0.004900724723271559,-5.31837218,35.91,4.087,359,261.391,40.684,14.005,0
116.351,389.501,0.00256739,0.2537079730543157,-1.37157139,46.78,1.507,211,234.064,38.818,114.486,1
66.907,340.057,0.00294068,0.03075026954868927,-3.48185652,39.952,14.692,665,187.549,41.324,211.54,0
127.414,400.564,0.00249648,0.3788091016862443,-0.97072289,46.281,1.29,783,188.708,44.031,108.259,1
30.642,303.792,0.00329173,0.004226673909556259,-5.46633991,35.983,1.571,296,61.949,52.428,118.182,0
24.56,297.71,0.00335897,0.002890001599691524,-5.84649822,39.959,1.583,285,14.826,55.016,238.819,0
52.672,325.822,0.00306916,0.01487383370100598,-4.20815174,44.706,4.163,1089,220.24,41.536,40.789,0
88.19,361.34,0.00276748,0.08186381640971037,-2.50269819,41.806,9.782,990,177.547,47.51,58.894,0
103.972,377.122,0.00265166,0.1575545274624645,-1.84798367,36.944,12.147,221,184.036,44.771,223.787,0
64.994,338.144,0.00295732,0.02799009772629981,-3.57590448,37.713,6.058,310,176.704,45.832,222.383,0
134.152,407.302,0.00245518,0.4784262225370887,-0.73725326,38.922,14.483,157,203.155,45.316,128.124,0
121.222,394.372,0.00253568,0.3035198962935002,-1.19230811,46.23,13.991,1034,255.307,51.193,30.115,0
46.493,319.643,0.00312849,0.01063558624970022,-4.54354971,35.968,7.422,1174,288.082,45.862,36.368,0
113.92,387.07,0.00258351,0.2316042527743701,-1.46272517,42.494,12.482,559,238.765,47.908,132.133,0
32.328,305.478,0.00327356,0.004683847063881922,-5.36363548,37.396,12.199,377,91.741,53.202,175.906,0
108.944,382.094,0.00261716,0.1914891212206064,-1.65292428,43.173,14.916,834,136.434,40.837,218.466,0
90.493,363.643,0.00274995,0.09039040470086498,-2.40361716,42.933,3.198,673,158.816,43.128,183.723,0
27.617,300.767,0.00332483,0.003505236890972282,-5.65349717,35.941,3.853,423,73.672,52.032,138.15,0
28.085,301.235,0.00331967,0.003609102507171683,-5.62429615,37.195,6.004,977,60.918,46.728,172.553,0
113.816,386.966,0.00258421,0.2306969477324375,-1.46665034,40.722,7.19,598,298.575,46.552,174.339,0
67.875,341.025,0.00293234,0.03223607200556634,-3.4346692,41.121,5.473,186,150.305,42.563,19.689,0
65.947,339.097,0.00294901,0.02933658431542279,-3.52891993,44.976,8.421,1154,203.45,46.021,63.937,0
110.808,383.958,0.00260445,0.2057489402315196,-1.58109859,42.175,3.346,886,215.051,49.418,203.575,0
39.554,312.704,0.00319791,0.007183264775687597,-4.9360013,36.989,9.809,757,170.312,50.537,122.666,0
31.123,304.273,0.00328652,0.004352855300374261,-5.43692326,35.668,12.956,780,121.853,55.358,232.67,0
72.126,345.276,0.00289623,0.03953467913385691,-3.23057704,38.21,8.42,327,145.357,43.57,183.021,0
111.31,384.46,0.00260105,0.2097426410744045,-1.56187402,41.612,10.409,971,77.085,40.208,73.132,0
112.75,385.9,0.00259134,0.2215725166777696,-1.50700535,44.413,6.093,961,108.199,55.992,116.054,0
124.076,397.226,0.00251746,0.3364460730831631,-1.0893174,47.05,4.297,1006,43.895,44.586,237.631,1
70.086,343.236,0.00291345,0.03586880392420074,-3.32788733,40.648,1.079,198,297.407,45.049,249.524,0
118.487,391.637,0.00255338,0.2746073486616821,-1.29241302,46.106,1.854,764,35.907,38.38,133.727,1
134.581,407.731,0.0024526,0.4854641499566162,-0.72264984,44.698,10.009,1109,135.086,52.317,81.193,0
105.073,378.223,0.00264394,0.1645817894064614,-1.80434763,36.931,12.951,1153,210.88,52.377,68.511,0
99.299,372.449,0.00268493,0.1305419889824117,-2.03606035,37.901,6.055,1140,54.211,40.243,217.498,0
101.016,374.166,0.00267261,0.1399584891299893,-1.96640941,43.164,4.908,806,181.784,56.179,241.504,0
59.238,332.388,0.00300853,0.02095426293715719,-3.86541317,39.596,13.499,674,222.057,55.92,182.486,0
72.267,345.417,0.00289505,0.03979978977331328,-3.22389365,38.2,4.989,738,98.13,46.507,78.752,0
60.213,333.363,0.00299973,0.02202294466389859,-3.81567043,38.399,12.506,1181,279.017,43.964,18.594,0
96.904,370.054,0.00270231,0.1183280695970307,-2.13429426,39.79,13.017,572,169.456,53.679,185.372,0
72.862,346.012,0.00289007,0.04093578423318619,-3.19575068,45.107,14.154,674,217.948,56.395,27.667,0
51.675,324.825,0.00307858,0.0141024625368536,-4.26140585,36.825,3.55,332,11.916,42.262,5.823,0
74.532,347.682,0.00287619,0.04427762769746049,-3.11727575,40.619,14.837,617,84.294,49.335,218.994,0
88.413,361.563,0.00276577,0.08265756260239215,-2.49304896,43.253,7.771,583,196.186,48.992,61.647,0
85.511,358.661,0.00278815,0.07283514342260942,-2.6195567,41.974,6.394,577,151.978,53.895,36.528,0
77.366,350.516,0.00285294,0.05049835404746265,-2.98581454,41.211,8.921,964,289.752,37.902,39.538,0
127.958,401.108,0.00249309,0.3861295358959611,-0.95158238,39.737,2.083,773,285.892,46.308,215.403,0
22.876,296.026,0.00337808,0.002594091711999418,-5.95451884,36.715,5.028,904,147.919,46.237,54.588,0
57.6,330.75,0.00302343,0.01926161192964467,-3.94964118,42.403,10.209,419,175.447,47.718,83.534,0
24.408,297.558,0.00336069,0.00286210444854221,-5.8561981,40.227,3.635,670,26.301,56.263,44.646,0
43.997,317.147,0.00315311,0.009253631113982676,-4.68273925,36.578,13.368,904,116.189,42.452,239.742,0
77.946,351.096,0.00284822,0.05186186179801883,-2.9591716,37.729,12.412,613,226.077,50.067,33.499,0
49.232,322.382,0.00310191,0.01236000362664349,-4.39328953,39.883,7.621,192,119.34,37.921,82.199,0
120.598,393.748,0.0025397,0.2967026089879025,-1.21502496,46.64,2.391,890,180.511,45.035,240.876,1
124.327,397.477,0.00251587,0.3394833214244513,-1.08033046,46.117,9.436,102,156.702,39.806,28.986,0
78.389,351.539,0.00284463,0.05292491192358252,-2.93888113,40.895,2.55,656,295.464,41.302,9.715,0
109.329,382.479,0.00261452,0.1943622345846652,-1.63803167,44.486,3.664,116,29.322,50.151,205.57,0
57.078,330.228,0.00302821,0.01874817906633683,-3.97665865,44.323,8.331,120,44.801,49.117,19.717,0
90.254,363.404,0.00275176,0.08947096148514194,-2.41384116,44.105,14.531,294,94.244,47.734,127.459,0
112.919,386.069,0.00259021,0.2229979402891643,-1.50059274,41.765,9.481,548,61.776,48.233,123.418,0
23.733,296.883,0.00336833,0.002741107563314056,-5.89939322,41.251,6.056,238,60.987,45.5,169.813,0
59.348,332.498,0.00300754,0.02107249653689622,-3.85978657,39.815,9.469,842,26.397,52.632,137.47,0
64.822,337.972,0.00295882,0.02775296467698763,-3.58441261,38.541,1.522,399,263.888,49.862,84.786,0
118.685,391.835,0.00255209,0.2766176588691432,-1.28511902,41.539,3.779,1196,10.953,41.145,111.701,0
125.878,399.028,0.00250609,0.3587791020116954,-1.02504839,40.433,5.048,908,233.101,51.285,175.9,0
100.111,373.261,0.00267909,0.1349243120083246,-2.00304131,37.607,7.836,839,206.038,56.375,236.878,0
135.444,408.594,0.00244742,0.4998907693731047,-0.69336567,39.762,7.915,322,114.814,51.362,93.808,0
89.302,362.452,0.00275899,0.08588897006692765,-2.45469986,44.896,2.001,772,96.849,55.321,132.14,0
71.874,345.024,0.00289835,0.03906472361301246,-3.24253543,43.157,12.89,187,110.675,49.88,220.371,0
62.602,335.752,0.00297839,0.02484722669516032,-3.69500913,37.25,4.388,424,187.337,42.287,208.971,0
132.985,406.135,0.00246224,0.4597213252676705,-0.77713479,45.401,14.273,421,299.278,38.572,62.695,0
112.986,386.136,0.00258976,0.2235652367785738,-1.49805202,45.807,9.954,664,207.481,42.62,232.296,0
61.622,334.772,0.00298711,0.023652234181765,-3.7442977,39.436,14.37,460,27.478,37.755,120.204,0
136.684,409.834,0.00244001,0.5212608607689839,-0.65150467,45.003,14.287,689,95.486,40.262,73.504,0
104.731,377.881,0.00264634,0.1623704335840335,-1.81787493,40.197,8.176,917,241.51,51.864,9.46,0
81.12,354.27,0.00282271,0.05990978721768234,-2.81491539,40.889,9.682,399,12.211,47.082,84.811,0
84.127,357.277,0.00279895,0.06852109699534076,-2.6806136,44.052,8.502,794,96.255,47.357,49.144,0
45.105,318.255,0.00314213,0.009846077644021333,-4.62068211,36.119,8.103,487,238.392,38.685,231.406,0
116.155,389.305,0.00256868,0.251860858992045,-1.37887849,39.398,13.685,147,101.619,52.001,198.361,0
50.613,323.763,0.00308868,0.01331994626742388,-4.31849265,43.549,2.188,708,19.455,40.946,11.202,0
59.469,332.619,0.00300644,0.02120323303513294,-3.85360161,44.486,10.655,579,113.815,38.433,229.461,0
88.897,362.047,0.00276207,0.08440343918428109,-2.47214713,43.169,3.288,840,188.442,55.202,156.383,0
84.421,357.571,0.00279665,0.06941836093468329,-2.66760388,43.181,1.597,1010,292.389,51.123,186.16,0
70.33,343.48,0.00291138,0.03629093114453945,-3.3161874,37.476,9.231,957,41.203,55.171,196.793,0
87.429,360.579,0.00277332,0.0792049416278565,-2.53571659,43.728,9.471,1128,50.804,42.635,51.596,0
62.847,335.997,0.00297622,0.02515416177534291,-3.68273192,40.793,6.678,597,173.606,50.896,153.529,0
119.138,392.288,0.00254915,0.2812647416695048,-1.26845891,43.931,1.057,298,207.18,47.706,229.086,0
26.996,300.146,0.00333171,0.003371541329291117,-5.69238527,38.868,14.07,764,174.217,52.551,218.105,0
108.052,381.202,0.00262328,0.184973205531702,-1.6875443,37.423,10.152,476,91.76,43.663,202.88,0
45.543,318.693,0.00313782,0.01008940411623463,-4.5962695,38.151,12.665,1189,103.082,40.601,198.383,0
100.199,373.349,0.00267846,0.135406824449287,-1.99947152,38.897,11.744,429,57.268,38.879,92.298,0
95.783,368.933,0.00271052,0.1129611115550562,-2.18071167,39.892,8.757,180,191.82,38.171,71.408,0
107.285,380.435,0.00262857,0.1795246646325943,-1.71744267,37.226,13.007,1100,159.07,53.356,168.87,0
27.136,300.286,0.00333016,0.00340127749034222,-5.68360419,37.202,4.19,549,253.838,39.693,177.584,0
39.736,312.886,0.00319605,0.007259200649840324,-4.92548556,39.573,6.24,791,174.405,47.608,182.855,0
122.522,395.672,0.00252735,0.3181566243379906,-1.14521149,42.567,12.528,167,279.27,40.025,55.081,0
111.524,384.674,0.0025996,0.211465389419055,-1.55369394,44.018,10.467,563,32.377,52.776,99.231,0
92.881,366.031,0.00273201,0.1000389282437712,-2.30219589,38.102,10.858,220,199.831,52.19,108.871,0
66.452,339.602,0.00294462,0.03007294210034816,-3.50412945,36.433,8.119,352,62.014,45.217,51.58,0
46.508,319.658,0.00312834,0.01064441643828355,-4.5427198,43.995,10.677,1003,116.75,40.02,236.587,0
114.204,387.354,0.00258162,0.2340975981399087,-1.45201716,40.634,10.633,599,209.404,46.819,237.175,0
68.274,341.424,0.00292891,0.03286664593685307,-3.41529694,39.201,3.92,176,22.498,48.045,127.89,0
28.555,301.705,0.0033145,0.003716170746746526,-5.59506151,36.492,4.057,818,75.646,41.902,118.745,0
72.838,345.988,0.00289027,0.04088941777458463,-3.19688398,43.122,10.151,138,258.695,54.49,91.594,0
112.021,385.171,0.00259625,0.2155135831759254,-1.53473134,39.203,9.391,861,266.464,38.512,86.801,0
111.361,384.511,0.00260071,0.210152098153397,-1.55992373,45.129,8.302,135,105.018,43.238,25.699,0
108.768,381.918,0.00261836,0.190187979547377,-1.65974233,42.098,3.784,124,145.529,46.782,23.443,0
120.456,393.606,0.00254061,0.2951697816890486,-1.22020456,40.217,14.699,1082,134.126,46.237,220.188,0
67.288,340.438,0.00293739,0.03132772464336204,-3.4632518,43.202,14.586,123,158.443,46.39,19.885,0
21.139,294.289,0.00339802,0.002317573903868227,-6.06723437,38.718,1.844,714,69.303,39.965,165.386,0
67.989,341.139,0.00293136,0.03241514111413096,-3.42912965,36.971,2.078,599,168.143,53.4,248.112,0
100.028,373.178,0.00267969,0.1344705833218248,-2.00640982,41.99,14.812,1040,56.123,44.466,21.07,0
136.735,409.885,0.00243971,0.5221562582313629,-0.64978839,47.001,11.142,635,15.656,55.973,97.687,0
76.284,349.434,0.00286177,0.048038438084498,-3.0357538,38.244,12.01,361,249.309,43.18,164.178,0
24.624,297.774,0.00335825,0.002901820368015019,-5.84241703,44.298,4.696,1098,58.786,48.676,232.316,0
62.972,336.122,0.00297511,0.02531204455300302,-3.67647493,44.534,9.99,1189,227.47,56.22,161.849,0
82.091,355.241,0.00281499,0.06258065865786132,-2.77129902,44.237,14.483,896,59.507,39.606,117.332,0
68.182,341.332,0.0029297,0.03272029642376697,-3.41975971,36.854,4.341,877,121.13,39.989,104.853,0
107.697,380.847,0.00262573,0.1824338642140584,-1.70136756,45.594,3.56,253,155.042,38.672,232.67,0
139.37,412.52,0.00242412,0.5702437778917488,-0.56169133,41.186,14.796,422,75.23,46.189,153.32,0
47.552,320.702,0.00311816,0.0112752056075215,-4.48514916,42.821,13.863,450,159.645,51.295,77.401,0
118.138,391.288,0.00255566,0.2710945561713297,-1.3052876,40.738,12.499,338,124.816,56.354,206.861,0
123.867,397.017,0.00251878,0.3339348979349968,-1.09680922,47.28,10.33,556,241.628,41.878,234.179,0
111.627,384.777,0.00259891,0.2122989111682691,-1.54976004,45.478,4.075,269,156.347,51.551,90.324,0
122.615,395.765,0.00252675,0.3192265862047352,-1.14185413,46.373,7.211,940,276.014,44.641,213.32,0
119.528,392.678,0.00254662,0.2853192457182297,-1.25414657,38.91,10.979,1133,141.158,54.476,227.087,0
42.869,316.019,0.00316437,0.0086832137692272,-4.74636357,44.484,13.867,333,83.456,54.86,22.971,0
87.329,360.479,0.00277409,0.07886121304608254,-2.54006577,45.183,11.006,693,289.807,50.956,101.191,0
90.313,363.463,0.00275131,0.0896971760126397,-2.41131599,44.558,2.185,1054,43.269,37.987,94.672,1
29.293,302.443,0.00330641,0.003890022825001201,-5.54934025,40.673,5.092,1062,107.495,52.99,102.86,0
75.063,348.213,0.00287181,0.04538919226476573,-3.09248126,41.788,2.064,417,281.757,56.017,65.417,0
22.667,295.817,0.00338047,0.002559326892740791,-5.96801099,39.648,7.841,227,194.327,47.938,60.929,0
91.698,364.848,0.00274087,0.095152596382163,-2.3522734,45.417,3.285,1135,141.164,44.312,246.773,0
108.282,381.432,0.0026217,0.1866346866782105,-1.67860212,45.204,6.549,974,245.103,50.128,82.579,0
79.288,352.438,0.00283738,0.05514101098600695,-2.89786154,43.004,9.423,154,194.139,47.408,46.653,0
103.03,376.18,0.0026583,0.151750005370693,-1.88552081,40.955,2.584,615,111.657,37.765,202.721,0
114.081,387.231,0.00258244,0.2330149047011939,-1.45665286,43.333,1.471,700,105.683,53.01,130.339,0
137.888,411.038,0.00243287,0.5427531482233663,-0.61110067,48.574,10.324,717,25.126,47.789,14.61,0
83.523,356.673,0.00280369,0.06670947168873709,-2.70740833,39.117,2.724,1060,106.918,48.357,176.493,0
131.632,404.782,0.00247047,0.4388223548403893,-0.82366061,45.15,2.757,327,161.624,51.067,140.214,0
63.94,337.09,0.00296657,0.02656454355399562,-3.6281779,43.998,11.161,657,274.253,44.578,216.892,0
103.603,376.753,0.00265426,0.1552582608085742,-1.86266535,41.509,14.446,129,71.264,50.972,61.677,0
67.878,341.028,0.00293231,0.03224077318275246,-3.43452338,42.626,3.381,716,218.657,43.177,99.752,0
56.472,329.622,0.00303378,0.01816731669801104,-4.00813109,40.217,7.078,690,44.442,44.195,91.549,0
115.473,388.623,0.00257319,0.2455237298355668,-1.40436168,38.436,1.655,462,241.855,44.965,241.438,0
115.313,388.463,0.00257425,0.2440570924097382,-1.4103531,47.013,7.326,536,110.046,51.176,80.23,0
67.149,340.299,0.00293859,0.03111595643079411,-3.47003452,39.254,3.569,537,205.533,48.632,59.622,0
89.271,362.421,0.00275922,0.08577446270493311,-2.45603395,36.413,5.479,828,252.365,51.62,189.119,0
92.765,365.915,0.00273288,0.09955032759263575,-2.30709196,36.315,8.093,128,79.848,44.02,141.503,0
123.116,396.266,0.00252356,0.3250439718505332,-1.12379481,40.929,8.885,325,283.608,44.416,220.116,0
83.399,356.549,0.00280466,0.06634277146827924,-2.71292047,44.407,7.521,670,66.324,40.931,156.7,0
56.529,329.679,0.00303325,0.01822126652446905,-4.00516588,38.872,13.547,391,233.223,40.228,144.82,0
113.574,386.724,0.00258582,0.2285975847954321,-1.47579209,46.425,13.925,632,97.618,43.566,110.294,0
54.225,327.375,0.0030546,0.01614983605436564,-4.12584538,40.53,4.236,1109,224.372,43.167,55.745,0
67.981,341.131,0.00293143,0.03240254638601172,-3.42951827,38.736,11.212,537,43.879,48.361,205.985,0
64.605,337.755,0.00296073,0.02745631561902373,-3.59515906,40.616,11.325,962,247.101,41.255,17.565,0
94.245,367.395,0.00272187,0.1059427148988552,-2.24485676,36.808,12.223,1060,115.209,41.474,32.264,0
25.259,298.409,0.00335111,0.003021449045782039,-5.80201875,43.251,14.945,895,298.263,40.644,30.704,0
91.999,365.149,0.00273861,0.09637571712875276,-2.33950101,43.61,11.75,682,253.643,48.954,53.352,0
109.792,382.942,0.00261136,0.1978667368792204,-1.62016152,45.976,5.079,295,22.479,50.284,159.082,0
110.456,383.606,0.00260684,0.2029879262945458,-1.59460878,38.079,3.155,281,29.722,51.202,199.379,0
130.241,403.391,0.00247898,0.4181903740217014,-0.87181851,48.104,13.752,953,71.097,47.192,154.704,0
120.952,394.102,0.00253741,0.300553745063337,-1.20212869,41.721,11.96,798,124.655,39.381,13.902,0
50.469,323.619,0.00309005,0.01321685887417118,-4.32626208,41.611,9.631,935,26.369,38.87,134.517,0
114.723,387.873,0.00257816,0.2387139819520777,-1.43248917,44.852,2.571,278,40.308,53.92,247.941,0
60.535,333.685,0.00299684,0.0223862930714948,-3.79930642,37.889,5.942,694,273.886,47.368,120.175,0
102.61,375.76,0.00266127,0.1492223533530458,-1.90231778,45.377,5.35,387,282.162,42.988,51.374,0
124.345,397.495,0.00251575,0.3397020346130996,-1.07968641,46.981,8.404,247,123.437,55.588,75.488,0
101.802,374.952,0.00266701,0.1444621449343065,-1.93473778,43.497,13.65,847,299.573,39.585,41.495,0
124.591,397.741,0.0025142,0.3427032731460406,-1.0708903,41.894,10.864,210,234.945,37.811,226.699,0
139.456,412.606,0.00242362,0.5718749007885631,-0.55883502,45.979,4.714,528,63.159,42.229,31.637,0
30.202,303.352,0.0032965,0.004114118014586465,-5.4933308,43.853,13.946,224,239.741,52.235,145.361,0
132.43,405.58,0.0024656,0.4510477327695164,-0.79618211,38.807,13.577,974,95.752,50.017,6.789,0
78.975,352.125,0.0028399,0.05436039948098482,-2.91211934,36.61,11.39,530,82.817,46.629,151.407,0
85.254,358.404,0.00279015,0.07201657874099737,-2.63085893,43.401,14.539,350,41.142,52.288,131.725,0
31.186,304.336,0.00328584,0.004369628707695457,-5.43307724,36.815,12.992,396,232.468,43.052,21.768,0
105.607,378.757,0.00264022,0.1680867746106051,-1.78327492,45.302,3.888,812,216.219,54.532,202.447,0
125.607,398.757,0.00250779,0.3553412789974654,-1.0346766,42.413,10.755,1179,267.416,38.192,139.703,0
57.437,330.587,0.00302492,0.01909997009870272,-3.95806851,40.186,2.523,820,230.496,47.255,11.332,0
129.805,402.955,0.00248167,0.4118970931688877,-0.88698173,41.634,5.009,173,60.835,53.566,71.005,0
69.233,342.383,0.00292071,0.03442679139974419,-3.3689202,43.415,1.817,805,220.202,54.594,84.825,0
116.123,389.273,0.00256889,0.251560393188976,-1.38007219,42.203,8.861,166,82.162,48.25,43.854,0
117.146,390.296,0.00256216,0.2613203765441932,-1.34200813,39.929,2.497,957,47.885,45.777,104.797,0
96.14,369.29,0.0027079,0.1146468512672262,-2.16589873,41.285,6.026,872,282.065,42.523,170.396,0
127.262,400.412,0.00249743,0.3767851040056452,-0.97608027,45.98,11.669,1058,63.068,41.993,165.201,0
75.15,348.3,0.00287109,0.04557362667656591,-3.08842609,43.219,14.825,223,12.02,42.261,245.976,0
86.815,359.965,0.00277805,0.07711490571217222,-2.56245869,44.354,11.303,434,148.471,44.217,56.754,0
124.042,397.192,0.00251767,0.3360364545945117,-1.09053563,40.258,6.257,193,84.953,43.514,23.455,0
33.46,306.61,0.00326147,0.005015047860721987,-5.29531231,38.081,14.438,440,152.386,51.647,234.861,0
99.28,372.43,0.00268507,0.1304409446264048,-2.03683469,37.099,7.547,259,153.901,39.1,46.101,0
96.834,369.984,0.00270282,0.1179865637460423,-2.13718453,37.619,8.811,1055,131.028,52.406,196.475,0
50.927,324.077,0.00308569,0.01354720644961432,-4.30157492,41.72,6.002,1184,47.674,50.412,113.213,0
90.787,363.937,0.00274773,0.09153271982907558,-2.39105878,39.028,9.573,890,107.192,37.631,239.223,0
28.167,301.317,0.00331876,0.003627581627880501,-5.61918907,42.373,2.59,933,35.33,49.102,50.546,0
80.674,353.824,0.00282626,0.05871679282117459,-2.83502951,39.731,1.271,636,286.149,45.578,187.691,0
82.187,355.337,0.00281423,0.06285028951736492,-2.76699974,45.474,13.313,1153,205.417,43.759,65.043,0
82.115,355.265,0.0028148,0.0626479713815497,-2.77022398,45.186,9.964,698,127.425,48.938,218.951,0
38.574,311.724,0.00320797,0.006786393965817551,-4.99283556,38.657,7.79,901,289.589,46.286,134.772,0
69.513,342.663,0.00291832,0.0348944145348945,-3.3554285,43.643,4.574,808,160.999,39.511,154.374,0
132.61,405.76,0.00246451,0.4538452994376738,-0.78999889,41.37,2.382,199,110.396,53.323,101.591,0
134.802,407.952,0.00245127,0.4891241954930688,-0.71513884,47.383,6.512,373,252.268,56.078,201.315,0
94.789,367.939,0.00271784,0.1083805155739269,-2.22210695,38.87,7.098,1001,248.885,48.878,110.128,0
59.061,332.211,0.00301014,0.02076524285521596,-3.87447471,41.846,13.363,1200,173.0,38.41,130.233,0
32.219,305.369,0.00327473,0.004653009606133488,-5.37024104,38.292,14.508,1108,37.823,45.796,192.065,0
69.864,343.014,0.00291533,0.03548849159235001,-3.33854682,41.896,12.18,262,154.213,50.826,147.616,0
29.482,302.632,0.00330434,0.00393569804869704,-5.53766702,43.112,13.48,252,176.409,37.673,59.41,0
93.705,366.855,0.00272587,0.1035701610888287,-2.26750601,39.631,5.517,526,77.434,41.779,237.834,0
81.017,354.167,0.00282353,0.05963240855747531,-2.81955608,45.237,8.574,971,88.157,53.971,8.514,0
91.781,364.931,0.00274024,0.09548851131514595,-2.34874934,44.866,6.524,816,96.721,52.689,230.273,0
116.666,389.816,0.00256531,0.256701019785366,-1.35984322,39.951,12.955,727,184.789,54.603,217.277,0
95.083,368.233,0.00271567,0.1097182019643668,-2.20984,38.239,11.904,533,115.267,45.25,87.165,0
114.909,388.059,0.00257693,0.240387418118384,-1.42550341,45.263,2.35,430,156.334,44.791,80.67,0
118.169,391.319,0.00255546,0.2714050059941528,-1.30414309,45.096,8.162,955,81.32,52.292,165.164,0
117.518,390.668,0.00255972,0.2649494892948882,-1.32821608,40.477,8.649,555,26.686,51.275,142.456,0
57.357,330.507,0.00302565,0.01902107580669541,-3.96220766,44.144,7.842,457,287.454,49.286,82.947,0
94.403,367.553,0.0027207,0.1066457870631511,-2.23824234,40.308,11.422,996,211.819,44.914,98.392,0
20.291,293.441,0.00340784,0.002192425911210066,-6.12274663,41.268,2.582,1192,294.383,40.754,51.983,0
137.223,410.373,0.00243681,0.5307906870533737,-0.63338752,44.067,7.101,1112,89.534,46.855,6.471,0
118.666,391.816,0.00255222,0.276424202052153,-1.28581863,47.313,4.636,272,298.293,53.898,54.86,1
137.57,410.72,0.00243475,0.5370043210814678,-0.62174914,46.38,7.326,226,82.856,47.228,190.182,0
39.675,312.825,0.00319668,0.007233670458288982,-4.9290087,38.329,11.053,1172,112.994,49.413,128.326,0
131.168,404.318,0.0024733,0.431845259643432,-0.83968795,43.862,9.688,377,265.083,55.547,236.91,0
120.56,393.71,0.00253994,0.2962917459039422,-1.21641068,40.535,10.935,712,243.208,51.073,139.3,0
35.068,308.218,0.00324446,0.005521407921974503,-5.19912239,37.452,10.997,1165,156.846,44.086,207.355,0
86.588,359.738,0.0027798,0.07635448258682713,-2.57236854,39.54,4.266,560,41.789,47.22,51.704,0
46.927,320.077,0.00312425,0.01089371539102665,-4.51956923,36.793,4.863,217,283.814,41.527,91.828,0
44.088,317.238,0.00315221,0.009301066929183786,-4.67762616,43.053,4.489,577,261.408,44.344,138.066,0
35.489,308.639,0.00324003,0.005661287717703848,-5.1741039,43.981,6.832,938,166.402,48.377,66.916,0
53.853,327.003,0.00305808,0.01583568179358253,-4.14548954,38.971,11.269,314,212.797,42.899,226.472,0
134.42,407.57,0.00245357,0.4828125611492914,-0.72812677,48.052,6.156,1191,252.775,55.468,195.727,1
49.594,322.744,0.00309843,0.01260551067634392,-4.37362121,40.176,2.751,267,257.37,54.029,224.247,0
31.649,304.799,0.00328085,0.004494679953961508,-5.40486081,44.339,13.993,287,269.152,46.172,127.083,0
50.65,323.8,0.00308833,0.01334654869674452,-4.31649745,38.405,9.833,219,167.798,48.063,36.474,0
128.576,401.726,0.00248926,0.3945927359965624,-0.92990109,46.177,12.736,883,168.939,40.062,239.174,0
128.373,401.523,0.00249052,0.391795374333245,-0.93701558,43.23,9.354,663,219.381,40.161,108.856,0
63.382,336.532,0.00297149,0.02583604616798613,-3.65598462,42.029,12.432,314,113.65,38.455,222.431,0
67.99,341.14,0.00293135,0.0324167157577782,-3.42908107,41.378,2.774,734,109.629,52.098,57.115,0
127.813,400.963,0.002494,0.3841665509313572,-0.95667909,47.111,11.518,211,274.478,41.524,175.69,0
44.818,317.968,0.00314497,0.009689475573574285,-4.63671497,35.542,2.367,761,249.369,49.564,30.155,0
103.546,376.696,0.00265466,0.1549061521129656,-1.86493582,44.301,10.386,958,99.781,51.628,184.901,0
116.303,389.453,0.0025677,0.2532545420821893,-1.3733602,45.338,2.849,574,241.69,53.465,165.736,0
138.405,411.555,0.00242981,0.5522117715762463,-0.59382366,44.079,8.36,419,281.394,53.156,59.049,0
64.922,338.072,0.00295795,0.02789061654360777,-3.57946497,39.97,11.067,166,262.457,51.325,130.708,0
61.484,334.634,0.00298834,0.02348809638277579,-3.75126152,36.607,4.214,949,34.911,51.933,221.855,0
136.285,409.435,0.00244239,0.514300892641186,-0.66494679,47.345,13.012,860,286.31,41.175,230.427,0
92.044,365.194,0.00273827,0.09655974709195027,-2.33759332,43.737,3.317,1021,206.792,53.43,9.834,0
90.653,363.803,0.00274874,0.09101052240050823,-2.39678015,44.638,10.305,284,17.119,39.766,9.685,0
64.431,337.581,0.00296225,0.0272204701209518,-3.60378601,38.489,6.762,1165,180.721,51.235,31.649,0
89.647,362.797,0.00275636,0.08717234867780096,-2.4398681,41.704,3.403,1028,154.03,44.461,159.804,0
60.626,333.776,0.00299602,0.02248993201802747,-3.79468754,43.665,3.747,270,184.146,38.005,222.62,0
122.242,395.392,0.00252914,0.3149538343633572,-1.15532921,42.635,2.563,1058,67.813,45.276,174.843,0
51.167,324.317,0.0030834,0.01372321631058889,-4.28866626,36.786,6.039,639,84.392,48.144,197.686,0
106.693,379.843,0.00263267,0.1754147783157964,-1.74060195,39.806,9.37,237,191.751,52.524,19.768,0
95.763,368.913,0.00271067,0.1128673132576594,-2.18154237,38.646,14.996,476,72.79,51.854,229.606,0
104.143,377.293,0.00265046,0.1586285919207953,-1.84118971,39.765,8.564,1130,201.825,43.376,58.093,0
116.098,389.248,0.00256906,0.2513258693905646,-1.3810049,37.351,4.931,598,117.359,42.954,43.395,0
20.607,293.757,0.00340417,0.002238335000699126,-6.10202299,42.338,1.368,968,196.966,44.419,6.877,0
85.962,359.112,0.00278465,0.0742912620423008,-2.59976194,42.082,8.371,502,216.176,50.729,153.864,0
31.631,304.781,0.00328104,0.004489759333654402,-5.40595618,42.917,13.237,982,157.79,37.742,11.376,0
58.556,331.706,0.00301472,0.02023419278071448,-3.90038139,38.561,11.962,1066,253.29,41.035,85.501,0
62.601,335.751,0.0029784,0.02484598069256348,-3.69505928,44.136,14.562,120,219.406,44.295,165.53,0
41.143,314.293,0.00318174,0.007870750621396217,-4.84460184,44.08,12.805,537,299.865,40.826,236.436,0
75.486,348.636,0.00286832,0.04629210904859118,-3.07278376,36.177,10.191,381,184.974,40.103,171.118,0
138.268,411.418,0.00243062,0.5496917164625149,-0.59839767,40.292,11.668,114,199.798,38.955,236.848,0
131.168,404.318,0.0024733,0.431845259643432,-0.83968795,44.151,13.349,745,199.357,41.011,102.063,0
87.552,360.702,0.00277237,0.07962951981033677,-2.5303704,43.47,8.603,916,156.585,53.702,23.755,0
45.581,318.731,0.00313744,0.0101107640268798,-4.59415468,44.928,12.736,121,220.461,40.039,55.317,0
124.261,397.411,0.00251629,0.3386824080833389,-1.08269246,41.482,10.388,640,155.378,52.34,32.804,0
54.735,327.885,0.00304985,0.01658948344327634,-4.09898631,40.393,10.732,1105,229.436,44.053,179.004,0
134.214,407.364,0.00245481,0.4794379280126732,-0.73514084,47.131,11.919,1000,271.417,50.582,90.446,0
63.722,336.872,0.00296849,0.02627780807996283,-3.6390305,41.195,9.066,904,267.251,55.226,111.117,0
110.63,383.78,0.00260566,0.2043487166567322,-1.58792735,42.306,1.825,121,17.979,45.792,106.66,0
38.866,312.016,0.00320496,0.006902553057331713,-4.97586393,39.471,4.873,1145,24.74,45.113,168.068,0
81.038,354.188,0.00282336,0.05968887014271364,-2.81860971,37.692,3.857,1097,250.338,54.121,98.355,0
36.841,309.991,0.0032259,0.006132093864550205,-5.09421901,44.837,2.031,385,43.273,43.341,210.716,0
57.872,331.022,0.00302095,0.01953403627070372,-3.93559689,42.68,6.243,898,73.909,42.992,200.914,0
133.857,407.007,0.00245696,0.4736374548306357,-0.74731311,46.207,1.837,1047,138.728,41.919,185.956,1
124.392,397.542,0.00251546,0.3402736900229978,-1.07800501,47.54,9.887,782,214.888,41.906,73.998,0
40.216,313.366,0.00319116,0.007462906418544362,-4.89781034,37.057,6.465,583,49.354,40.753,192.06,0
90.499,363.649,0.0027499,0.0904135924977818,-2.40336066,39.258,3.931,589,50.757,44.891,119.44,0
80.198,353.348,0.00283007,0.05746652834595206,-2.85655262,39.6,14.042,542,174.523,42.346,158.543,0
113.173,386.323,0.00258851,0.225155183628812,-1.49096541,41.171,10.516,1191,52.09,42.385,88.718,0
96.215,369.365,0.00270735,0.1150037648555884,-2.16279041,43.352,3.798,774,211.555,45.567,197.628,0
107.32,380.47,0.00262833,0.179770235015551,-1.71607572,43.129,1.363,1175,271.755,41.932,31.791,0
136.217,409.367,0.0024428,0.5131226945872887,-0.66724029,45.121,14.228,890,56.168,53.677,160.589,0
58.384,331.534,0.00301628,0.02005607706711979,-3.90922308,37.134,6.958,1167,255.46,50.759,227.988,0
65.333,338.483,0.00295436,0.02846269836511962,-3.55916088,35.68,6.016,682,156.978,48.638,218.805,0
58.968,332.118,0.00301098,0.0206665315079738,-3.87923972,37.657,1.594,947,285.224,42.615,40.463,0
94.693,367.843,0.00271855,0.1079468034707398,-2.22611673,39.153,7.041,988,299.468,42.316,60.369,0
30.03,303.18,0.00329837,0.004070851501229903,-5.50390309,44.555,11.304,391,65.43,44.359,165.83,0
119.097,392.247,0.00254941,0.2808413958359399,-1.2699652,42.55,8.174,1050,157.31,39.612,43.524,0
69.037,342.187,0.00292238,0.03410274086317832,-3.37837752,38.432,7.847,979,13.527,50.966,7.092,0
95.804,368.954,0.00271036,0.1130596727046555,-2.17983952,39.978,14.396,769,298.122,39.935,101.603,0
64.533,337.683,0.00296136,0.02735850704962287,-3.59872775,37.887,5.917,129,145.704,41.634,17.631,0
88.069,361.219,0.0027684,0.08143591760868225,-2.50793886,36.459,11.053,982,32.732,53.342,128.097,0
110.143,383.293,0.00260897,0.200559776147756,-1.60664294,45.311,12.347,1032,69.537,55.175,173.651,0
93.629,366.779,0.00272644,0.1032399862270804,-2.27069904,42.327,11.313,100,233.868,55.863,219.562,0
84.219,357.369,0.00279823,0.06880077792686211,-2.67654023,43.896,12.683,589,60.622,40.97,34.239,0
55.158,328.308,0.00304592,0.01696212447581993,-4.07677239,36.676,9.831,226,16.638,41.075,208.985,0
95.458,368.608,0.00271291,0.1114452570617274,-2.19422178,43.87,2.918,747,123.528,53.077,122.278,0
46.435,319.585,0.00312906,0.01060150395014357,-4.54675941,44.701,9.364,941,204.869,37.992,221.845,0
82.196,355.346,0.00281416,0.0628756194052275,-2.7665968,41.385,1.633,109,207.566,37.913,109.128,0
112.931,386.081,0.00259013,0.223099454164428,-1.50013762,39.805,9.689,554,166.339,45.485,233.41,0
138.288,411.438,0.0024305,0.5500589940135796,-0.59772974,49.073,9.32,1105,25.648,48.449,115.682,1
75.234,348.384,0.0028704,0.0457523244338725,-3.08451268,38.883,2.468,211,148.314,46.378,101.046,0
59.667,332.817,0.00300465,0.02141870958708006,-3.84349046,36.904,12.383,809,184.017,46.567,167.322,0
59.066,332.216,0.00301009,0.02077056168286598,-3.8742186,38.373,2.56,273,21.78,51.236,204.529,0
113.461,386.611,0.00258658,0.2276229652044392,-1.48006468,43.328,11.626,917,66.473,53.301,183.117,0
84.403,357.553,0.00279679,0.06936313295365437,-2.66839978,36.241,13.202,970,87.656,53.827,9.636,0
25.796,298.946,0.00334509,0.003126037352790674,-5.7679891,40.385,7.715,240,247.676,44.704,7.189,0
89.384,362.534,0.00275836,0.08619250320812033,-2.45117207,38.246,2.316,334,137.661,48.654,10.496,0
71.514,344.664,0.00290138,0.03840186796420077,-3.25964918,39.141,8.301,642,297.057,52.696,131.626,0
139.832,412.982,0.00242141,0.5790532005030175,-0.54636092,43.109,4.412,861,59.681,39.385,19.655,0
45.872,319.022,0.00313458,0.01027567049736411,-4.57797627,41.561,14.87,512,43.501,52.642,156.563,0
112.917,386.067,0.00259022,0.2229810251879119,-1.5006686,43.685,9.321,397,31.578,50.738,154.185,0
44.675,317.825,0.00314639,0.009612275661283453,-4.64471428,35.377,1.059,1015,54.857,40.224,215.084,0
108.749,381.899,0.00261849,0.1900479737710185,-1.66047875,37.479,5.572,961,99.376,54.324,211.996,0
60.643,333.793,0.00299587,0.02250933997826562,-3.79382495,43.407,8.059,335,227.532,46.194,180.405,0
64.063,337.213,0.00296548,0.02672753848902603,-3.62206084,35.904,2.759,237,223.066,49.362,6.696,0
48.784,321.934,0.00310623,0.0120620431000469,-4.41769169,38.693,7.782,783,125.846,52.69,154.313,0
102.571,375.721,0.00266155,0.1489895060271244,-1.9038794,40.627,7.579,796,298.677,38.947,57.326,0
76.651,349.801,0.00285877,0.04886077067885868,-3.01878044,42.298,1.284,935,159.227,44.648,224.137,0
66.741,339.891,0.00294212,0.03050161773293934,-3.48997556,38.366,5.131,182,97.226,42.851,170.37,0
36.513,309.663,0.00322932,0.006014781348218873,-5.11353528,43.474,7.324,1077,164.064,39.839,119.506,0
32.495,305.645,0.00327177,0.004731447098899057,-5.35352418,35.111,12.454,307,244.913,50.119,239.273,0
131.737,404.887,0.00246982,0.4404145545955077,-0.82003883,41.165,3.098,782,47.418,45.683,7.089,0
63.234,336.384,0.00297279,0.02564580258446475,-3.66337536,41.623,12.814,635,77.799,51.606,157.101,0
52.904,326.054,0.00306698,0.01505859556643979,-4.19580632,36.909,10.516,931,32.448,39.087,83.755,0
95.694,368.844,0.00271117,0.1125442287728257,-2.18440899,36.881,13.592,184,21.379,47.884,123.442,0
72.95,346.1,0.00288934,0.04110618958490179,-3.19159657,40.073,1.499,1161,129.35,54.114,198.778,0
48.491,321.641,0.00310906,0.01187063109117728,-4.4336879,39.58,11.505,997,284.036,53.339,147.907,0
36.253,309.403,0.00323203,0.005923214082896706,-5.12887606,44.1,5.405,534,225.593,54.123,55.249,0
101.062,374.212,0.00267228,0.1402186645334271,-1.96455219,37.741,1.5,609,231.082,56.027,59.537,0
29.615,302.765,0.00330289,0.003968126320963839,-5.52946126,35.804,4.762,1100,175.133,55.594,16.896,0
104.676,377.826,0.00264672,0.1620172196894022,-1.82005266,36.65,7.907,963,286.242,50.806,5.391,0
112.609,385.759,0.00259229,0.2203892849497251,-1.51235982,46.297,12.02,147,231.283,56.384,20.578,0
112.375,385.525,0.00259387,0.2184376638118952,-1.5212546,39.52,12.571,488,151.573,46.991,110.675,0
53.606,326.756,0.00306039,0.01563008721557881,-4.15855755,40.99,10.703,707,66.762,56.313,97.675,0
132.959,406.109,0.00246239,0.459311829602799,-0.77802593,43.603,11.827,1007,50.546,51.066,206.432,0
104.177,377.327,0.00265022,0.1588429030871692,-1.8398396,36.865,5.408,144,21.283,52.605,40.864,0
27.083,300.233,0.00333075,0.003389992769635523,-5.68692749,38.592,14.747,214,220.783,52.11,28.237,0
133.146,406.296,0.00246126,0.4622640167553313,-0.77161909,45.223,13.713,1021,229.052,43.249,167.992,0
111.533,384.683,0.00259954,0.2115381085162006,-1.55335011,42.621,5.465,1066,243.996,44.104,215.626,0
46.941,320.091,0.00312411,0.01090213383294723,-4.51879674,36.847,4.963,649,226.948,52.986,17.426,0
22.176,295.326,0.00338609,0.00247929016148432,-5.99978298,40.832,8.7,637,282.554,55.37,107.313,0
82.88,356.03,0.00280875,0.06482699970902571,-2.7360331,43.373,13.542,571,16.909,53.423,145.0,0
104.209,377.359,0.00265,0.1590448368535657,-1.83856912,37.584,13.062,1092,214.273,49.599,238.929,0
31.534,304.684,0.00328209,0.004463325298328952,-5.41186121,38.592,7.696,257,159.388,39.397,219.703,0
76.218,349.368,0.00286231,0.04789184655056869,-3.03881001,44.862,11.545,523,100.261,48.256,114.547,0
29.683,302.833,0.00330215,0.003984798183115923,-5.52526861,39.017,2.402,325,172.735,40.422,146.787,0
127.16,400.31,0.00249806,0.3754321055929594,-0.97967763,44.213,7.868,741,184.053,49.534,216.977,0
130.775,403.925,0.00247571,0.4260103507284607,-0.85329164,48.516,1.279,271,157.687,50.705,117.922,1
84.448,357.598,0.00279644,0.06950127492580421,-2.66641018,36.524,5.729,381,281.641,41.044,174.393,0
24.609,297.759,0.00335842,0.002899046471262136,-5.8433734,35.876,14.68,181,116.944,45.574,51.852,0
110.084,383.234,0.00260937,0.2001048972400427,-1.60891356,45.599,14.283,220,62.221,40.556,62.101,0
99.91,373.06,0.00268053,0.1338278033135137,-2.01120136,44.392,12.583,604,213.063,49.921,229.516,0
60.305,333.455,0.00299891,0.0221262238427321,-3.81099177,43.291,12.637,618,263.942,38.447,249.567,0
74.782,347.932,0.00287412,0.04479795305685703,-3.10559283,40.962,5.154,529,86.868,41.049,128.769,0
30.494,303.644,0.00329333,0.00418851119870214,-5.47540993,38.068,5.275,1147,249.937,50.478,138.3,0
53.913,327.063,0.00305751,0.01588598336493494,-4.14231811,40.682,11.913,931,254.435,44.301,5.512,0
56.725,329.875,0.00303145,0.01840785981762714,-3.99497754,37.965,3.889,1026,249.648,54.628,45.45,0
103.957,377.107,0.00265177,0.1574606126592044,-1.84857993,44.426,7.887,405,117.462,45.415,97.228,0
138.157,411.307,0.00243127,0.5476571323627125,-0.60210586,40.333,12.577,391,276.842,44.726,155.992,0
107.795,380.945,0.00262505,0.1831318330154708,-1.69754899,37.302,2.112,882,125.903,46.201,62.467,0
105.145,378.295,0.00264344,0.165050647535939,-1.8015029,37.476,3.838,864,69.236,46.381,14.984,0
52.722,325.872,0.00306869,0.0149134826350881,-4.2054896,43.267,2.658,832,212.534,53.971,115.283,0
28.405,301.555,0.00331614,0.00368169581543974,-5.60438181,43.125,11.832,317,198.831,51.976,16.871,0
30.562,303.712,0.00329259,0.004206007056824587,-5.47124152,39.169,2.378,761,209.76,53.75,151.726,0
25.221,298.371,0.00335153,0.003014167989693925,-5.80443144,40.014,12.268,1073,200.436,44.32,232.989,0
33.828,306.978,0.00325756,0.00512712718801599,-5.27320978,40.701,14.012,208,18.105,42.067,88.021,0
96.17,369.32,0.00270768,0.114789500978087,-2.16465525,42.408,9.328,809,161.594,49.142,236.434,0
129.093,402.243,0.00248606,0.4017945588319147,-0.91181437,42.012,10.83,1134,64.593,39.423,129.977,0
103.064,376.214,0.00265806,0.1519562391302968,-1.8841627,41.242,12.273,697,125.161,51.298,22.342,0
78.668,351.818,0.00284238,0.0536041667961016,-2.92612848,37.544,6.915,579,263.843,52.923,246.764,0
53.525,326.675,0.00306115,0.01556318143993415,-4.16284732,41.476,11.388,949,12.578,42.076,119.836,0
34.244,307.394,0.00325315,0.005256509691149318,-5.24828803,39.222,4.073,561,141.936,53.277,138.192,0
85.93,359.08,0.00278489,0.07418711430839343,-2.60116481,39.158,5.852,1184,204.969,40.252,155.761,0
53.201,326.351,0.00306419,0.0152980842912276,-4.18002767,35.391,1.92,563,123.618,52.364,111.804,0
42.104,315.254,0.00317205,0.008314351688565492,-4.78977214,39.166,10.499,488,177.378,51.591,128.143,0
64.22,337.37,0.0029641,0.02693686819039898,-3.61425937,42.028,5.843,506,271.403,46.997,211.927,0
125.683,398.833,0.00250732,0.356302524757878,-1.03197512,41.862,2.131,1162,131.191,50.936,241.469,0
48.085,321.235,0.00311299,0.011609848426638,-4.45590154,44.069,2.311,164,14.786,43.925,13.42,0
51.771,324.921,0.00307767,0.01417516411632281,-4.25626385,44.841,3.559,497,123.424,56.014,111.722,0
32.573,305.723,0.00327093,0.004753826894267402,-5.34880532,38.791,13.279,1120,272.664,56.287,75.002,0
94.571,367.721,0.00271945,0.1073978066748331,-2.23121552,40.833,3.672,1049,277.098,45.554,199.262,0
130.649,403.799,0.00247648,0.4241539804591404,-0.85765873,45.436,4.581,1089,258.816,47.889,194.755,0
84.853,358.003,0.00279327,0.07075540650114039,-2.64852633,42.244,11.472,416,291.948,44.175,96.158,0
117.734,390.884,0.0025583,0.2670765822106681,-1.32021984,45.64,7.52,760,37.238,39.535,136.842,0
127.8,400.95,0.00249408,0.3839909782418117,-0.95713622,46.262,13.197,991,224.938,45.383,68.237,0
57.887,331.037,0.00302081,0.01954915814893718,-3.93482305,38.067,12.869,501,54.593,42.08,59.888,0
57.932,331.082,0.0030204,0.0195945858140304,-3.93250198,41.563,10.286,917,270.364,50.046,50.992,0
118.01,391.16,0.0025565,0.2698159363221358,-1.31001527,41.039,6.759,352,14.362,50.839,129.34,0
68.833,341.983,0.00292412,0.03376831406553019,-3.38823237,36.655,1.238,942,281.91,51.232,154.348,0
97.349,370.499,0.00269906,0.1205192284243025,-2.11594597,39.092,14.848,108,264.239,38.263,106.655,0
101.146,374.296,0.00267168,0.1406948503438369,-1.96116192,45.548,5.766,600,290.114,54.932,137.257,0
38.004,311.154,0.00321384,0.006564644704053312,-5.02605689,36.827,10.403,941,128.923,48.097,111.748,0
108.083,381.233,0.00262307,0.185196395451912,-1.68633842,37.376,13.669,729,160.078,46.281,34.356,0
121.655,394.805,0.0025329,0.3083293138043102,-1.17658687,40.55,9.475,578,31.593,50.093,38.144,0
52.196,325.346,0.00307365,0.01450102046950934,-4.23353625,43.212,3.435,1061,202.694,54.176,80.308,0
70.044,343.194,0.0029138,0.03579657953200366,-3.32990293,37.411,5.445,232,268.217,55.124,239.967,0
61.584,334.734,0.00298745,0.02360693624246976,-3.7462147,44.708,12.898,1121,211.267,50.495,174.67,0
59.682,332.832,0.00300452,0.02143511201209399,-3.84272495,44.838,3.819,490,85.586,38.338,47.392,0
40.777,313.927,0.00318545,0.007707416845276903,-4.86557219,39.753,6.502,253,259.609,40.908,21.173,0
96.442,369.592,0.00270569,0.1160899160116567,-2.15339025,43.414,4.978,573,78.696,44.523,119.111,0
37.12,310.27,0.003223,0.006233479799757104,-5.07782055,40.523,9.796,860,108.847,46.652,138.108,0
138.002,411.152,0.00243219,0.5448268150690084,-0.60728731,42.668,8.633,142,240.075,39.994,28.166,0
71.773,344.923,0.0028992,0.03887774966216449,-3.24733318,43.67,5.988,128,257.398,51.063,36.865,0
105.155,378.305,0.00264337,0.1651158581316102,-1.80110788,46.192,14.991,995,158.633,50.033,164.973,0
55.587,328.737,0.00304195,0.01734758853741773,-4.05430177,36.608,3.644,924,191.99,55.334,29.724,0
64.979,338.129,0.00295745,0.02796934675785613,-3.57664613,43.03,13.678,553,145.467,38.993,65.738,0
48.028,321.178,0.00311354,0.01157364559108666,-4.4590247,44.076,13.675,788,59.509,56.314,83.755,0
116.584,389.734,0.00256585,0.2559189618399653,-1.36289444,42.68,1.809,879,261.108,48.22,196.479,0
119.075,392.225,0.00254956,0.2806144609762389,-1.27077358,46.677,10.825,668,68.43,45.63,53.493,0
84.553,357.703,0.00279562,0.06982454112243755,-2.66176974,36.736,13.648,1029,233.11,48.642,7.595,0
62.531,335.681,0.00297902,0.02475889721856689,-3.69857037,38.126,11.19,243,177.51,53.879,62.731,0
80.3,353.45,0.00282925,0.05773246322177202,-2.85193564,44.574,10.901,527,152.754,55.275,21.535,0
28.802,301.952,0.00331178,0.003773568191059258,-5.57973426,37.785,2.756,1129,254.682,51.796,190.351,0
50.7,323.85,0.00308785,0.01338257266245103,-4.31380197,35.135,4.805,828,215.812,53.997,184.132,0
132.134,405.284,0.00246741,0.4464794034759622,-0.80636201,40.77,10.573,930,288.357,55.627,89.93,0
70.865,344.015,0.00290685,0.03723180355540703,-3.29059195,41.134,14.931,584,170.203,56.283,237.886,0
50.03,323.18,0.00309425,0.01290693167577734,-4.34999077,35.929,10.02,493,21.435,38.677,109.734,0
39.176,312.326,0.00320178,0.007027805185367945,-4.95788083,38.248,1.256,449,146.305,46.576,192.629,0
43.397,316.547,0.00315909,0.008946207996893442,-4.71652552,42.211,10.954,528,111.898,49.896,183.65,0
107.083,380.233,0.00262997,0.1781130375535394,-1.72533689,45.917,6.629,778,252.962,51.106,176.672,0
90.775,363.925,0.00274782,0.09148584970169894,-2.39157097,36.127,9.673,1173,194.653,43.397,163.048,0
116.422,389.572,0.00256692,0.2543799563899351,-1.36892624,47.197,10.612,908,294.701,48.08,205.143,0
139.494,412.644,0.0024234,0.5725968978049252,-0.5575733,42.216,11.526,186,297.091,48.456,130.033,0
118.358,391.508,0.00255423,0.2733043829796471,-1.29716915,47.269,14.624,383,270.82,39.366,19.107,0
131.469,404.619,0.00247146,0.4363604254059782,-0.82928671,43.865,1.166,890,77.827,50.646,76.747,0
123.075,396.225,0.00252382,0.3245644983453884,-1.125271,47.662,9.718,255,159.403,45.695,6.052,0
138.63,411.78,0.00242848,0.5563719666322784,-0.5863182,42.617,5.029,780,24.289,55.178,154.526,0
126.63,399.78,0.00250138,0.3684687498631499,-0.99839937,47.03,2.528,238,58.146,40.651,106.632,1
95.693,368.843,0.00271118,0.1125395523068898,-2.18445054,39.686,10.119,699,103.569,42.333,85.726,0
98.477,371.627,0.00269087,0.126232100858857,-2.069633,40.881,6.863,253,31.69,49.375,230.866,0
38.304,311.454,0.00321075,0.006680537556152809,-5.00855682,36.672,4.748,974,184.865,42.078,160.422,0
97.541,370.691,0.00269766,0.1214754610646785,-2.108043,44.282,5.882,881,22.385,47.021,79.888,0
115.766,388.916,0.00257125,0.248229223441106,-1.39340267,42.877,4.753,878,41.865,46.021,149.104,0
83.94,357.09,0.00280041,0.06795567466363002,-2.68889963,44.364,13.712,626,291.505,46.34,5.649,0
23.664,296.814,0.00336911,0.002729000677895291,-5.90381979,42.118,14.373,850,239.136,39.148,123.334,0
35.264,308.414,0.00324239,0.005586142333037997,-5.18746633,41.78,11.748,266,249.675,38.814,74.009,0
79.481,352.631,0.00283583,0.05562722152802599,-2.8890826,41.847,9.87,347,50.236,53.488,162.304,0
101.489,374.639,0.00266924,0.1426538669689705,-1.94733409,37.528,2.967,120,111.232,52.473,20.229,0
65.765,338.915,0.00295059,0.02907512057269311,-3.53787243,35.917,11.479,1097,165.022,49.335,10.277,0
35.419,308.569,0.00324077,0.005637813233962427,-5.17825901,41.784,4.257,1172,247.45,39.212,188.082,0
90.181,363.331,0.00275231,0.08919175716783956,-2.41696665,41.949,4.225,1128,29.016,51.253,151.942,0
91.333,364.483,0.00274361,0.09368756439224499,-2.36778982,43.116,14.854,740,118.268,47.59,57.552,0
34.7,307.85,0.00324834,0.005401668793740557,-5.22104734,36.073,3.517,1047,216.39,55.173,205.383,0
39.569,312.719,0.00319776,0.007189496404519599,-4.93513415,39.989,7.808,574,92.435,43.957,169.738,0
20.059,293.209,0.00341054,0.002159259625948127,-6.13798988,42.125,4.068,801,92.326,38.003,19.338,0
99.553,372.703,0.0026831,0.1318993338444246,-2.02571627,39.256,14.867,495,183.931,46.346,144.191,0
85.193,358.343,0.00279062,0.07182347287206088,-2.63354394,38.294,3.888,919,67.005,51.622,39.685,0
115.487,388.637,0.0025731,0.2456524215227511,-1.40383766,41.5,4.76,440,277.847,55.068,73.838,0
95.417,368.567,0.00271321,0.1112552885281727,-2.19592782,39.824,3.995,160,63.084,52.64,39.023,0
136.217,409.367,0.0024428,0.5131226945872887,-0.66724029,47.789,2.171,330,268.621,49.433,140.494,1
95.219,368.369,0.00271467,0.1103418377003579,-2.20417212,41.662,12.148,561,26.884,46.874,41.14,0
22.135,295.285,0.00338656,0.002472709357309087,-6.00244082,42.828,4.058,117,24.116,47.676,229.311,0
120.331,393.481,0.00254142,0.2938261077650554,-1.22476716,42.027,2.958,922,234.436,48.808,209.969,0
59.099,332.249,0.00300979,0.02080569610766324,-3.87252848,40.151,9.889,758,150.134,44.132,188.695,0
127.573,400.723,0.00249549,0.380936288931091,-0.96512314,45.015,1.247,242,237.238,47.918,9.344,0
27.592,300.742,0.00332511,0.00349976444204437,-5.65505962,42.535,10.422,505,297.372,50.756,13.033,0
98.442,371.592,0.00269112,0.1260513663895357,-2.07106579,43.765,5.097,926,160.061,46.226,188.374,0
119.612,392.762,0.00254607,0.2861990800663052,-1.25106763,37.963,11.114,1199,233.576,46.852,119.048,0
114.692,387.842,0.00257837,0.2384360553856763,-1.43365412,37.637,2.365,260,161.815,50.952,95.57,0
62.161,335.311,0.00298231,0.02430305210156109,-3.71715334,39.707,9.128,468,47.225,52.609,223.22,0
48.557,321.707,0.00310842,0.01191351129972269,-4.43008212,35.136,14.338,1136,105.223,43.845,105.318,0
45.626,318.776,0.003137,0.01013611053863557,-4.59165093,43.425,10.07,1051,271.441,55.709,108.764,0
45.798,318.948,0.00313531,0.01023351087042904,-4.58208756,42.002,7.244,159,29.524,54.489,94.562,0
99.612,372.762,0.00268268,0.1322163704054236,-2.02331553,43.28,7.995,1102,103.248,51.523,41.707,0
99.512,372.662,0.0026834,0.1316794091578972,-2.02738503,42.68,2.827,1172,98.403,47.452,70.323,0
91.151,364.301,0.00274498,0.09296442496684805,-2.37553839,36.16,3.142,529,149.429,53.408,138.273,0
60.482,333.632,0.00299731,0.02232612622694436,-3.80199771,40.672,9.743,977,242.586,50.803,48.96,0
45.061,318.211,0.00314257,0.009821924141588612,-4.62313823,35.463,14.444,1111,180.802,43.836,139.651,0
139.872,413.022,0.00242118,0.5798213573211256,-0.54503523,40.566,4.829,1133,273.961,42.293,248.519,0
75.864,349.014,0.00286521,0.04711225390369051,-3.05522214,36.065,3.238,686,62.181,45.243,83.856,0
129.662,402.812,0.00248255,0.4098507775442317,-0.89196214,42.513,11.235,1024,172.417,50.942,154.693,0
60.324,333.474,0.00299873,0.02214760638267239,-3.81002585,35.423,6.056,588,275.068,43.171,70.237,0
103.097,376.247,0.00265783,0.1521566395065627,-1.88284477,36.73,2.584,545,199.248,39.831,25.701,0
60.66,333.81,0.00299572,0.02252876270749452,-3.79296244,42.771,8.37,881,192.496,37.761,10.462,0
103.254,376.404,0.00265672,0.1531132005643824,-1.87657776,41.345,9.898,724,159.469,56.265,209.394,0
127.413,400.563,0.00249649,0.3787957554795625,-0.97075812,42.276,10.339,235,259.988,55.794,147.298,0
75.944,349.094,0.00286456,0.04728745335645016,-3.05151028,38.038,6.886,229,93.415,45.75,226.961,0
85.245,358.395,0.00279022,0.071988059232582,-2.63125502,42.406,5.271,475,111.376,42.832,97.304,0
37.124,310.274,0.00322296,0.006234944147498747,-5.07758566,41.254,5.745,1129,92.903,38.838,8.137,0
61.393,334.543,0.00298915,0.0233804107958929,-3.75585675,36.572,14.422,152,112.417,48.665,12.496,0
47.011,320.161,0.00312343,0.01094431263650634,-4.51493535,42.305,12.146,191,183.49,47.221,26.906,0
119.751,392.901,0.00254517,0.2876601279906251,-1.24597561,38.704,9.851,592,229.364,44.892,51.465,0
36.177,309.327,0.00323282,0.005896683787891426,-5.13336516,39.943,5.227,579,104.899,39.567,105.807,0
100.795,373.945,0.00267419,0.1387143475152599,-1.97533851,38.526,6.721,217,246.453,51.037,212.939,0
52.437,325.587,0.00307138,0.01468873018674926,-4.22067473,40.612,4.881,301,196.02,52.055,236.24,0
64.051,337.201,0.00296559,0.02671159786409863,-3.62265743,37.795,11.272,1012,134.436,43.791,109.787,0
118.344,391.494,0.00255432,0.2731632967596241,-1.29768551,44.909,11.974,1165,99.35,55.021,133.011,0
25.403,298.553,0.00334949,0.003049183389514317,-5.79288147,36.173,13.967,416,179.736,50.659,167.321,0
31.547,304.697,0.00328195,0.004466859927129837,-5.41106959,39.811,4.471,194,15.583,54.506,46.634,0
26.657,299.807,0.00333548,0.003300497661767423,-5.71368202,43.788,5.885,903,78.336,38.464,63.817,0
63.829,336.979,0.00296754,0.02641820273680607,-3.63370201,39.467,11.128,301,15.331,41.249,6.38,0
118.758,391.908,0.00255162,0.2773620255490811,-1.28243167,45.097,13.051,577,102.944,52.579,178.382,0
107.086,380.236,0.00262995,0.1781339318251564,-1.72521959,41.32,14.11,426,239.92,55.387,230.386,0
79.559,352.709,0.0028352,0.05582478326895853,-2.88553736,39.285,14.681,258,227.063,55.322,16.153,0
45.48,318.63,0.00313844,0.01005407983406561,-4.59977677,41.027,9.165,605,297.84,40.469,129.962,0
73.012,346.162,0.00288882,0.04122662138402905,-3.18867108,38.678,12.31,289,125.131,45.823,193.036,0
93.904,367.054,0.00272439,0.104439054622544,-2.25915159,41.616,7.367,679,167.03,49.952,161.304,0
134.69,407.84,0.00245194,0.487266390868809,-0.7189443,48.29,14.001,516,50.649,54.738,19.94,0
91.469,364.619,0.00274259,0.09423112621242648,-2.36200473,42.625,9.967,177,202.673,49.222,237.293,0
23.178,296.328,0.00337464,0.002645072973815765,-5.93505662,42.364,6.737,642,46.259,55.617,199.619,0
69.263,342.413,0.00292045,0.03447662902781094,-3.3674736,39.03,12.076,183,94.629,38.165,199.436,0
115.932,389.082,0.00257015,0.2497734080728933,-1.38720114,44.269,3.872,586,120.647,47.9,201.368,0
47.222,320.372,0.00312137,0.01107232841001792,-4.50330622,36.533,4.599,748,254.099,38.686,237.237,0
135.713,408.863,0.00244581,0.5044618992977193,-0.68426296,39.273,11.356,712,243.517,46.333,43.819,0
40.591,313.741,0.00318734,0.007625571587040518,-4.876248,35.363,11.018,840,244.886,43.928,215.454,0
98.104,371.254,0.00269357,0.1243175206274029,-2.08491634,40.788,10.897,888,135.329,46.719,17.287,0
67.667,340.817,0.00293413,0.03191158983598481,-3.44478602,39.431,9.226,247,106.972,55.77,230.586,0
132.702,405.852,0.00246395,0.4552808964902566,-0.7868407,44.488,9.361,834,105.367,53.745,61.492,0
71.179,344.329,0.0029042,0.03779393602006126,-3.27560661,39.384,2.786,923,50.979,37.763,200.917,0
50.659,323.809,0.00308824,0.01335302666681964,-4.3160122,44.263,11.546,1135,151.773,46.494,206.666,0
27.83,300.98,0.00332248,0.003552173160831282,-5.6401957,43.291,14.11,586,106.369,45.828,103.049,0
93.913,367.063,0.00272433,0.1044785007806248,-2.25877396,44.232,7.102,185,60.875,48.549,31.819,0
135.739,408.889,0.00244565,0.5049056072821364,-0.68338378,47.597,11.34,1082,208.571,48.113,53.883,0
69.428,342.578,0.00291904,0.03475187102832606,-3.35952187,43.922,8.214,605,265.124,40.308,46.544,0
48.322,321.472,0.00311069,0.01176145464466985,-4.44292765,37.206,2.02,377,96.168,44.911,82.296,0
77.461,350.611,0.00285216,0.05071951301465504,-2.98144457,35.998,9.885,762,166.805,54.312,115.493,0
80.432,353.582,0.0028282,0.05807821223044434,-2.84596469,37.181,12.522,1140,43.928,38.287,125.904,0
40.125,313.275,0.00319208,0.007423901245829465,-4.90305059,38.127,6.656,461,34.644,48.726,94.694,0
43.927,317.077,0.00315381,0.009217288305351862,-4.68667439,40.236,4.524,1171,34.896,42.039,36.506,0
112.178,385.328,0.00259519,0.2168062219604984,-1.52875131,41.801,2.493,229,144.379,51.744,67.606,0
23.747,296.897,0.00336817,0.002743569890736949,-5.89849533,40.701,4.168,963,164.254,41.095,121.715,0
30.511,303.661,0.00329315,0.004192879062279498,-5.47436765,35.794,11.774,703,141.207,51.419,194.441,0
120.136,393.286,0.00254268,0.2917404902789751,-1.2318906,45.427,5.985,982,250.35,48.058,177.517,0
123.425,396.575,0.00252159,0.3286771965181218,-1.11267918,46.55,7.502,1097,262.334,44.938,122.933,0
82.835,355.985,0.00280911,0.06469701202548117,-2.73804026,36.145,5.212,901,291.592,52.437,6.325,0
109.384,382.534,0.00261415,0.1947757067783652,-1.6359066,39.235,3.745,455,82.668,44.741,227.116,0
111.285,384.435,0.00260122,0.2095421786977573,-1.56283023,39.13,7.585,238,236.894,39.461,61.196,0
50.159,323.309,0.00309302,0.01299732882138109,-4.34301142,42.359,5.862,814,190.585,48.107,169.052,0
49.073,322.223,0.00310344,0.01225351612027015,-4.40194235,40.849,7.223,357,110.924,41.089,62.738,0
126.986,400.136,0.00249915,0.373133673751689,-0.98581855,39.819,7.403,603,47.89,42.921,190.505,0
112.844,385.994,0.00259071,0.222364381674539,-1.50343788,37.2,6.712,648,222.464,42.361,133.372,0
57.615,330.765,0.00302329,0.01927654745993073,-3.94886608,37.638,11.438,461,34.253,54.952,10.774,0
64.337,337.487,0.00296308,0.02709380301836067,-3.60845025,44.615,3.089,738,58.0,40.389,44.524,0
54.306,327.456,0.00305385,0.01621896666172035,-4.12157394,35.683,5.119,698,203.472,41.002,244.286,0
91.964,365.114,0.00273887,0.09623279394590947,-2.34098509,36.993,10.307,662,189.826,40.011,191.604,0
49.771,322.921,0.00309673,0.01272711626495152,-4.36402042,36.83,8.475,679,124.257,42.801,171.695,0
69.056,342.206,0.00292222,0.03413403613962559,-3.37746027,37.372,6.864,131,25.731,53.679,191.464,0
65.689,338.839,0.00295125,0.0289665463765509,-3.54161369,44.653,7.629,656,143.361,46.25,148.823,0
54.515,327.665,0.0030519,0.0163985506593766,-4.11056232,36.49,1.971,905,162.789,39.743,75.353,0
29.958,303.108,0.00329915,0.004052860877531318,-5.50833226,44.005,10.451,978,263.144,41.855,161.416,0
113.211,386.361,0.00258825,0.2254794650729122,-1.48952619,44.796,10.514,963,293.363,37.9,47.508,0
102.267,375.417,0.0026637,0.1471852643551303,-1.91606318,36.753,4.329,970,268.167,55.226,190.915,0
72.199,345.349,0.00289562,0.03967174081621665,-3.22711616,42.522,6.044,1064,291.02,51.908,65.059,0
24.212,297.362,0.0033629,0.002826487564243989,-5.86872048,43.252,11.703,595,223.609,48.378,204.838,0
31.639,304.789,0.00328096,0.004491945682358143,-5.40546933,35.098,8.685,559,164.108,54.013,5.04,0
88.013,361.163,0.00276883,0.08123854304013406,-2.51036548,38.316,14.121,278,298.422,40.055,49.737,0
129.199,402.349,0.0024854,0.4032849853942932,-0.90811181,39.539,1.621,971,160.436,54.844,20.963,0
27.59,300.74,0.00332513,0.003499326976125797,-5.65518462,35.247,13.07,588,147.035,51.447,26.789,0
34.083,307.233,0.00325486,0.005206095021404491,-5.25792522,39.2,13.785,967,162.177,42.072,192.424,0
131.631,404.781,0.00247047,0.4388072147740354,-0.82369511,44.285,2.853,1072,117.745,53.766,146.281,0
119.481,392.631,0.00254692,0.284827974357452,-1.25586988,42.732,8.536,1039,189.496,38.144,138.78,0
123.657,396.807,0.00252012,0.3314279506534825,-1.10434484,46.195,3.089,682,79.789,53.532,36.127,1
65.039,338.189,0.00295693,0.02805243197711954,-3.57367995,42.673,4.649,1151,94.479,43.061,47.57,0
22.028,295.178,0.00338779,0.002455608683169367,-6.00938061,42.235,11.013,588,189.141,49.896,115.289,0
72.432,345.582,0.00289367,0.04011200612582742,-3.21607958,40.969,13.237,101,177.55,48.307,62.704,0
64.609,337.759,0.00296069,0.02746175844455631,-3.59496084,43.715,2.335,732,203.769,56.33,180.757,0
55.289,328.439,0.00304471,0.01707901932859144,-4.06990451,36.174,11.077,821,29.084,41.852,82.899,0
96.666,369.816,0.00270405,0.1171704425401126,-2.14412563,39.998,7.078,1114,110.998,42.784,54.698,0
108.776,381.926,0.00261831,0.1902469560297172,-1.65943228,39.779,4.271,938,61.523,51.164,48.664,0
72.156,345.306,0.00289598,0.03959095545681068,-3.22915458,35.606,10.156,1033,97.325,48.691,71.258,0
106.849,379.999,0.00263159,0.1764898054649041,-1.73449216,44.122,8.515,423,270.735,54.573,109.338,0
111.525,384.675,0.0025996,0.2114734682521159,-1.55365573,45.226,12.678,796,118.369,44.114,75.828,0
53.74,326.89,0.00305913,0.01574132946065756,-4.15146558,40.368,12.135,178,194.694,48.118,115.311,0
45.377,318.527,0.00313945,0.009996563754214522,-4.60551387,36.388,12.985,257,181.634,46.732,102.839,0
42.362,315.512,0.00316945,0.008437165561837288,-4.77510886,41.149,14.169,993,293.738,55.188,213.468,0
137.665,410.815,0.00243419,0.5387162605905317,-0.61856626,46.63,1.871,633,107.183,48.364,149.973,1
85.658,358.808,0.00278701,0.0733069922116035,-2.61309928,44.074,4.9,481,87.259,55.431,245.122,0
119.099,392.249,0.0025494,0.2808620341129653,-1.26989171,42.317,5.972,334,189.919,49.092,108.423,0
96.947,370.097,0.00270199,0.1185382774218892,-2.13251935,38.856,4.719,995,256.66,49.37,72.745,0
81.203,354.353,0.00282204,0.06013412637449396,-2.81117777,40.755,13.64,808,189.182,45.603,29.022,0
41.087,314.237,0.00318231,0.007845562015680877,-4.84780726,40.464,9.419,773,293.308,56.318,200.942,0
111.953,385.103,0.00259671,0.2149557834711053,-1.53732293,39.432,8.627,628,76.099,49.172,73.13,0
95.37,368.52,0.00271356,0.1110378662005967,-2.197884,37.665,8.484,774,59.181,54.607,128.703,0
61.214,334.364,0.00299075,0.02316985914258598,-3.76490302,42.641,6.675,775,230.699,46.867,144.027,0
99.026,372.176,0.0026869,0.1290966485630479,-2.04719394,36.239,11.005,647,153.133,42.402,131.112,0
58.647,331.797,0.00301389,0.02032899198833331,-3.89570724,39.197,6.755,852,283.594,44.512,180.609,0
115.168,388.318,0.00257521,0.2427344859184696,-1.41578708,43.422,5.48,1172,220.283,42.271,127.794,0
64.52,337.67,0.00296147,0.02734087990518873,-3.59937226,41.193,5.013,695,115.159,39.871,238.103,0
33.248,306.398,0.00326373,0.004951476820410502,-5.3080694,43.257,14.753,250,114.569,41.407,92.193,0
25.703,298.853,0.00334613,0.003107695746177338,-5.77387375,43.394,13.482,735,170.914,55.109,73.472,0
90.901,364.051,0.00274687,0.09197903050511978,-2.38619466,45.754,13.815,792,281.141,49.776,131.351,0
50.497,323.647,0.00308979,0.01323684813489658,-4.32475081,42.334,7.782,893,295.161,40.398,116.605,0
58.041,331.191,0.00301941,0.01970500820958001,-3.92688245,39.692,1.559,400,49.559,51.366,94.703,0
21.498,294.648,0.00339388,0.002372455982247679,-6.04382958,40.017,6.548,434,114.852,49.113,43.17,0
94.629,367.779,0.00271902,0.1076585015231325,-2.22879108,44.023,9.413,771,103.005,50.784,222.157,0
31.701,304.851,0.00328029,0.00450892211703363,-5.40169715,42.646,9.564,319,99.255,50.304,22.653,0
119.675,392.825,0.00254566,0.2868604879767487,-1.24875929,46.597,5.168,520,40.329,48.496,62.761,0
36.018,309.168,0.00323449,0.005841521647495631,-5.14276396,44.675,14.012,716,282.933,53.36,51.677,0
139.885,413.035,0.0024211,0.5800711955587259,-0.54460443,42.963,10.863,610,119.409,43.596,30.938,0
94.051,367.201,0.0027233,0.1050849672970748,-2.25298604,40.712,8.713,431,257.366,52.055,162.572,0
139.677,412.827,0.00242232,0.5760847949407012,-0.55150042,47.424,2.079,462,90.573,50.671,116.226,1
33.286,306.436,0.00326332,0.004962818500409122,-5.30578145,42.362,1.46,145,285.816,44.653,236.51,0
57.154,330.304,0.00302751,0.01882217168457187,-3.97271976,37.514,10.643,908,111.804,43.203,181.903,0
118.191,391.341,0.00255532,0.2716255109984764,-1.30333096,42.805,3.174,123,220.629,41.356,178.576,0
85.186,358.336,0.00279068,0.07180134212908965,-2.63385211,35.795,5.586,809,21.369,51.672,185.0,0
65.005,338.155,0.00295722,0.02800532371612112,-3.57536065,38.736,9.75,386,160.587,45.646,160.575,0
93.972,367.122,0.00272389,0.1047374134654402,-2.25629889,40.339,12.978,232,185.451,40.517,161.729,0
53.716,326.866,0.00305936,0.01572135415631037,-4.15273535,35.531,10.707,948,111.675,51.999,54.966,0
28.421,301.571,0.00331597,0.003685359479199865,-5.60338721,39.8,7.497,1008,73.129,46.151,153.97,0
34.093,307.243,0.00325475,0.005209213768229302,-5.25732634,44.518,7.591,609,63.348,40.736,178.716,0
107.731,380.881,0.00262549,0.1826757554444387,-1.70004253,41.832,7.34,907,38.569,54.56,112.578,0
98.282,371.432,0.00269228,0.1252280107867897,-2.07761912,42.957,12.073,1047,288.833,53.402,180.267,0
41.991,315.141,0.00317318,0.008261063165727103,-4.79620199,37.472,2.71,420,145.252,49.361,8.748,0
48.401,321.551,0.00310993,0.01181237852006658,-4.43860727,38.584,3.021,340,140.923,40.77,151.208,0
105.715,378.865,0.00263946,0.1688034528218036,-1.77902024,43.34,10.855,562,226.064,47.056,134.938,0
36.157,309.307,0.00323303,0.005889719743755697,-5.13454686,42.934,7.638,731,259.887,40.712,184.452,0
41.845,314.995,0.00317465,0.008192661943123777,-4.80451641,41.746,9.16,1096,252.701,47.77,26.902,0
32.649,305.799,0.00327012,0.004775723606580516,-5.34420978,35.828,4.257,999,20.703,44.038,43.849,0
86.528,359.678,0.00278026,0.07615458648573878,-2.57498997,42.439,9.218,956,196.151,41.197,176.907,0
117.696,390.846,0.00255855,0.2667013082916535,-1.32162594,42.245,12.123,758,298.23,53.679,186.704,0
52.082,325.232,0.00307473,0.01441297020880815,-4.23962677,43.535,10.64,209,47.965,48.789,6.038,0
107.619,380.769,0.00262626,0.1818799842339063,-1.70440824,39.632,2.99,698,117.266,51.799,38.995,0
82.78,355.93,0.00280954,0.06453844761684187,-2.74049415,39.592,5.737,114,241.445,45.465,22.149,0
77.36,350.51,0.00285299,0.05048441451835311,-2.98609061,41.894,5.532,1089,240.153,53.738,240.566,0
70.647,343.797,0.00290869,0.03684586492697457,-3.30101188,42.083,6.813,939,21.79,54.504,228.206,0
109.216,382.366,0.0026153,0.193515118057603,-1.64239964,45.084,12.993,1163,84.974,44.648,64.593,0
60.591,333.741,0.00299634,0.02245002091626007,-3.79646373,37.839,7.698,728,291.177,46.809,40.382,0
71.734,344.884,0.00289953,0.03880576234729895,-3.24918653,41.809,11.477,1064,93.21,55.383,152.885,0
108.758,381.908,0.00261843,0.1901142811811176,-1.66012991,40.433,9.887,1136,36.529,52.796,74.7,0
71.993,345.143,0.00289735,0.03928603230116606,-3.23688624,39.286,5.593,899,250.278,53.535,149.818,0
104.023,377.173,0.0026513,0.1578742009729118,-1.84595676,37.323,11.667,623,198.349,53.46,128.429,0
104.95,378.1,0.0026448,0.1637834920011028,-1.80920989,41.305,2.816,132,174.337,38.249,132.221,0
87.366,360.516,0.0027738,0.07898824063124905,-2.53845629,39.79,4.578,435,269.741,53.825,219.258,0
97.767,370.917,0.00269602,0.1226094670302114,-2.09875104,41.948,4.913,354,202.603,55.363,223.491,0
116.619,389.769,0.00256562,0.2562525154338832,-1.36159193,40.127,6.842,603,22.805,56.286,5.295,0
112.861,386.011,0.0025906,0.2225078519110081,-1.50279289,37.952,8.049,1149,155.643,53.626,41.695,0
139.641,412.791,0.00242253,0.5753972214290461,-0.55269466,42.092,4.393,1031,210.634,55.229,29.697,0
77.004,350.154,0.00285589,0.04966334516369236,-3.00248814,39.924,8.856,834,170.14,42.625,85.788,0
97.395,370.545,0.00269873,0.1207477279968645,-2.1140518,39.96,14.286,701,261.122,49.845,69.937,0
105.556,378.706,0.00264057,0.1677492602067018,-1.78528491,46.536,9.058,301,145.738,55.256,60.944,0
63.029,336.179,0.00297461,0.02538432848576338,-3.67362328,37.517,1.707,1034,136.582,56.39,191.125,0
94.089,367.239,0.00272302,0.1052525022161797,-2.25139303,39.702,14.809,798,79.048,45.509,93.404,0
50.619,323.769,0.00308862,0.01332425698278538,-4.31816907,40.524,5.067,711,31.864,38.256,181.215,0
65.8,338.95,0.00295029,0.02912524218602565,-3.53615005,44.218,12.861,1185,266.561,45.505,135.51,0
132.578,405.728,0.00246471,0.4533468709481832,-0.79109773,44.429,10.943,176,102.031,53.6,196.097,0
103.844,376.994,0.00265256,0.1567546790818752,-1.85307325,39.845,6.436,852,150.229,38.375,9.626,0
111.519,384.669,0.00259964,0.2114249992530695,-1.55388496,37.42,4.855,994,88.175,46.426,210.955,0
83.312,356.462,0.00280535,0.06608654250473531,-2.71679015,36.541,11.947,934,111.899,50.88,205.834,0
91.079,364.229,0.00274553,0.09267969294865668,-2.37860589,43.96,10.192,763,280.621,40.99,161.161,0
46.933,320.083,0.00312419,0.01089732258859421,-4.51923815,40.182,3.201,986,257.077,38.896,86.625,0
130.506,403.656,0.00247736,0.4220555515965541,-0.86261833,44.84,1.912,168,218.779,38.391,207.486,0
56.004,329.154,0.00303809,0.01772966881853124,-4.03251584,44.316,8.096,600,185.661,52.701,156.802,0
85.126,358.276,0.00279114,0.07161189417573476,-2.6364941,40.505,6.259,412,133.268,48.827,31.758,0
120.0,393.15,0.00254356,0.2902934607047147,-1.23686293,45.907,6.2,657,266.697,54.941,236.472,0
21.62,294.77,0.00339248,0.002391370030965386,-6.03588884,43.413,4.844,671,35.692,55.907,109.176,0
85.244,358.394,0.00279023,0.07198489100716583,-2.63129903,40.995,11.804,573,262.588,54.748,26.754,0
83.453,356.603,0.00280424,0.06650224640911628,-2.71051955,38.551,13.734,1105,173.803,45.065,78.46,0
63.884,337.034,0.00296706,0.02649062495914992,-3.63096438,39.581,11.426,811,211.582,55.722,159.477,0
61.908,335.058,0.00298456,0.0239956265541443,-3.72988369,40.564,2.998,1017,131.686,43.673,173.317,0
112.367,385.517,0.00259392,0.2183712064350492,-1.52155888,38.006,8.161,360,167.482,50.495,169.077,0
114.567,387.717,0.0025792,0.2373182142967686,-1.43835336,44.865,9.101,175,256.831,51.631,57.265,0
129.409,402.559,0.00248411,0.406251723930086,-0.9007823,41.925,9.444,935,245.53,46.549,123.556,0
81.466,354.616,0.00281995,0.06084984433808987,-2.79934602,44.916,6.407,1172,251.634,47.821,29.52,0
26.748,299.898,0.00333447,0.003319435758610262,-5.70796046,43.331,12.244,841,53.754,48.233,206.618,0
118.684,391.834,0.0025521,0.2766074740247014,-1.28515584,45.938,3.727,254,217.711,48.067,63.941,0
60.012,333.162,0.00300154,0.02179878022230662,-3.82590126,36.992,11.674,303,42.518,42.256,152.241,0
65.77,338.92,0.00295055,0.0290822761522395,-3.53762636,44.03,13.015,573,32.038,44.442,93.251,0
109.624,382.774,0.00261251,0.1965888621031419,-1.62664073,39.523,9.291,462,194.755,51.954,98.666,0
58.101,331.251,0.00301886,0.01976602530359493,-3.92379071,42.667,7.64,813,269.961,38.031,229.004,0
23.39,296.54,0.00337223,0.002681395021140652,-5.92141809,42.699,14.615,259,19.073,50.16,184.524,0
20.997,294.147,0.00339966,0.002296181519641585,-6.07650774,35.936,11.058,657,204.305,55.854,92.397,0
78.126,351.276,0.00284676,0.05229152376735186,-2.95092099,36.834,3.707,503,224.65,48.636,228.651,0
115.173,388.323,0.00257518,0.2427799898993175,-1.41559964,37.844,13.894,317,228.634,48.699,20.647,0
28.385,301.535,0.00331636,0.003677120811211262,-5.60562522,38.773,3.658,202,102.644,45.34,80.219,0
128.244,401.394,0.00249132,0.3900265961284897,-0.94154035,40.968,7.345,1032,214.62,44.972,23.742,0
118.973,392.123,0.00255022,0.279564370764296,-1.27452271,39.849,2.215,428,264.365,55.01,240.674,0
134.932,408.082,0.00245049,0.4912881731137136,-0.71072441,48.308,13.268,927,26.595,40.74,247.177,0
76.127,349.277,0.00286306,0.04769037089341396,-3.04302577,43.015,1.873,416,117.887,53.086,196.175,0
127.99,401.14,0.0024929,0.3865639037783215,-0.95045808,43.935,5.924,119,225.255,47.101,183.149,0
70.169,343.319,0.00291274,0.03601190966941475,-3.32390557,37.85,10.983,472,25.174,46.002,165.581,0
60.833,333.983,0.00299416,0.02272725965675631,-3.78419021,41.175,12.702,741,178.003,39.161,21.36,0
84.618,357.768,0.00279511,0.07002531576015926,-2.65889845,36.004,11.518,119,138.646,37.949,230.091,0
103.83,376.98,0.00265266,0.1566674095354961,-1.85363013,42.239,6.555,1127,267.284,42.098,195.824,0
76.441,349.591,0.00286049,0.04838872957838231,-3.02848835,38.742,9.014,359,80.226,46.254,72.691,0
58.518,331.668,0.00301506,0.02019472193019559,-3.902334,35.822,7.429,431,30.245,39.765,176.632,0
139.039,412.189,0.00242607,0.5640028731751539,-0.57269593,45.427,9.311,956,271.263,43.619,28.979,0
43.337,316.487,0.00315969,0.008915970278396164,-4.7199112,35.827,2.941,592,161.638,40.096,96.45,0
86.54,359.69,0.00278017,0.07619452912675925,-2.57446562,40.208,8.784,523,144.028,45.147,72.95,0
46.817,319.967,0.00312532,0.01082777081619295,-4.52564107,44.056,14.535,655,183.955,39.469,99.714,0
136.444,409.594,0.00244144,0.5170648291900214,-0.65958702,46.955,4.729,999,248.959,39.955,195.638,1
65.12,338.27,0.00295622,0.02816494165272625,-3.56967728,35.912,14.906,355,126.202,50.631,101.099,0
101.079,374.229,0.00267216,0.1403149224510076,-1.96386594,43.664,1.4,1165,48.619,54.985,173.982,0
106.438,379.588,0.00263444,0.1736697263088554,-1.75059991,39.126,4.911,1160,103.61,55.872,11.561,0
71.462,344.612,0.00290181,0.03830694311945702,-3.26212412,35.701,7.472,797,37.387,42.274,208.711,0
46.849,319.999,0.00312501,0.01084691808214403,-4.52387429,38.143,1.549,889,34.353,54.745,96.85,0
88.078,361.228,0.00276833,0.08146767750107518,-2.50754893,41.668,1.253,259,253.41,40.268,94.066,0
103.509,376.659,0.00265492,0.1546779609636443,-1.86640999,39.335,2.999,1126,259.307,53.466,203.679,0
52.391,325.541,0.00307181,0.01465273664958051,-4.22312816,44.404,3.696,874,182.552,47.294,77.271,0
37.161,310.311,0.00322257,0.006248503888605754,-5.07541322,39.367,3.333,837,16.303,38.601,215.66,0
92.221,365.371,0.00273694,0.09728657052586334,-2.33009432,36.473,11.867,1070,134.348,38.83,103.842,0
79.653,352.803,0.00283444,0.05606368624398397,-2.88126698,42.457,4.425,262,245.327,38.447,155.822,0
38.527,311.677,0.00320845,0.006767860524403183,-4.99557026,35.142,7.725,959,144.605,39.33,209.659,0
41.541,314.691,0.00317772,0.008051850083118487,-4.82185339,43.732,13.041,549,162.168,48.873,138.36,0
69.269,342.419,0.0029204,0.03448660415873131,-3.36718432,39.893,4.924,938,78.889,42.737,7.139,0
69.921,343.071,0.00291485,0.03558579971861352,-3.33580861,41.908,6.534,708,90.604,43.799,158.42,0
60.106,333.256,0.0030007,0.02190336154985886,-3.82111516,41.575,9.055,326,235.641,49.344,19.802,0
85.869,359.019,0.00278537,0.07398893569649816,-2.60383971,42.346,12.625,488,131.449,45.456,178.099,0
57.949,331.099,0.00302024,0.01961177161553742,-3.9316253,36.353,10.232,643,286.85,45.124,153.425,0
71.104,344.254,0.00290483,0.03765899556693308,-3.27918343,41.051,5.943,320,152.571,52.459,232.315,0
44.55,317.7,0.00314762,0.009545240906979223,-4.65171258,43.282,3.096,285,35.169,45.896,82.284,0
32.641,305.791,0.00327021,0.004773414461428917,-5.34469341,43.351,5.81,702,124.331,38.681,185.591,0
65.392,338.542,0.00295384,0.02854566408699056,-3.55625023,40.473,9.902,812,172.988,41.294,139.454,0
28.372,301.522,0.00331651,0.0036741497825221,-5.60643352,35.955,10.909,888,106.351,44.804,45.49,0
37.64,310.79,0.00321761,0.006426432756479018,-5.04733568,37.671,9.07,884,144.863,47.285,108.332,0
113.217,386.367,0.00258821,0.2255307042466378,-1.48929897,37.218,7.452,741,248.964,48.215,239.21,0
126.563,399.713,0.0025018,0.3675964227444513,-1.00076962,38.878,14.521,426,181.31,47.12,65.923,0
40.021,313.171,0.00319314,0.007379545951754499,-4.90904317,36.816,13.115,192,220.664,46.643,23.234,0
134.882,408.032,0.00245079,0.4904549066030241,-0.71242194,46.305,2.597,285,51.03,47.388,193.77,0
65.025,338.175,0.00295705,0.02803302601609162,-3.57437196,40.932,1.904,434,164.49,41.196,149.277,0
64.427,337.577,0.00296229,0.02721506942759758,-3.60398444,41.529,8.822,895,66.004,52.481,72.751,0
54.307,327.457,0.00305384,0.01621982175843118,-4.12152122,36.559,1.915,513,204.145,51.327,58.15,0
28.761,301.911,0.00331223,0.003763986215084574,-5.58227672,38.522,9.614,1172,265.802,54.404,44.027,0
86.063,359.213,0.00278386,0.07462081595158235,-2.59533578,43.412,1.997,537,175.635,53.177,79.814,0
82.022,355.172,0.00281554,0.06238748668882216,-2.77439056,35.702,5.962,762,99.5,50.024,160.261,0
21.943,295.093,0.00338876,0.002442099605839323,-6.01489712,43.289,10.145,1087,242.481,54.821,35.876,0
98.126,371.276,0.00269341,0.1244297407615257,-2.08401405,41.081,7.311,1043,258.843,40.537,162.743,0
61.576,334.726,0.00298752,0.02359740958541287,-3.74661834,38.194,5.889,581,158.748,53.237,57.293,0
60.89,334.04,0.00299365,0.02279299732034071,-3.78130193,43.776,1.823,462,239.641,54.526,129.171,0
34.115,307.265,0.00325452,0.005216080873541101,-5.25600895,41.867,9.522,607,280.931,40.005,162.647,0
86.426,359.576,0.00278105,0.07581581119798254,-2.57944842,37.364,12.321,298,51.51,42.979,19.755,0
43.152,316.302,0.00316154,0.008823307834679906,-4.73035844,36.485,5.899,268,96.693,52.714,10.977,0
139.528,412.678,0.0024232,0.5732435548474909,-0.5564446,43.513,8.353,797,185.005,48.181,234.137,0
93.217,366.367,0.0027295,0.1014659851190157,-2.28803166,37.564,2.035,228,159.681,39.555,239.314,0
136.603,409.753,0.00244049,0.5198414572467679,-0.6542314,45.48,14.733,1157,137.489,51.156,59.822,0
65.681,338.831,0.00295132,0.02895513829861165,-3.5420076,39.062,14.41,479,270.928,43.698,37.779,0
56.483,329.633,0.00303368,0.01817771706631096,-4.00755877,44.33,5.514,626,248.192,45.539,15.704,0
45.936,319.086,0.00313395,0.0103122570598655,-4.57442209,43.14,1.173,870,276.834,54.136,98.22,0
24.157,297.307,0.00336353,0.00281656455167607,-5.87223738,35.624,4.309,713,18.313,43.891,115.341,0
101.68,374.83,0.00266788,0.1437549705009009,-1.93964502,39.414,3.504,296,259.945,38.458,83.011,0
137.296,410.446,0.00243637,0.5320927480113744,-0.63093747,45.273,9.651,1093,37.659,42.546,49.226,0
70.982,344.132,0.00290586,0.0374403962440079,-3.28500504,43.915,2.42,1108,124.447,54.769,66.398,0
139.13,412.28,0.00242554,0.565712807359152,-0.56966874,45.159,13.365,591,192.478,43.428,8.84,0
72.193,345.343,0.00289567,0.03966045976085306,-3.22740056,43.751,9.887,936,166.702,49.678,169.285,0
39.177,312.327,0.00320177,0.007028212474167616,-4.95782288,42.746,12.549,805,229.175,38.587,11.922,0
49.923,323.073,0.00309528,0.0128323740461381,-4.35578408,43.561,11.05,821,201.024,47.924,146.804,0
37.585,310.735,0.00321818,0.006405775893950193,-5.05055521,37.926,11.707,871,33.087,38.911,13.834,0
62.835,335.985,0.00297632,0.02513905077678177,-3.68333283,39.165,6.657,994,139.692,39.231,243.498,0
45.102,318.252,0.00314216,0.009844429141511277,-4.62084955,37.229,2.277,340,30.485,42.053,240.23,0
138.291,411.441,0.00243048,0.550114103726722,-0.59762956,48.997,3.973,994,131.515,41.575,88.089,1
116.548,389.698,0.00256609,0.2555762687127964,-1.36423441,46.739,11.085,1033,163.378,47.397,179.561,0
105.259,378.409,0.00264264,0.1657953723353215,-1.79700095,44.333,9.553,137,112.033,48.033,136.135,0
128.518,401.668,0.00248962,0.3937917469452474,-0.93193307,38.776,12.469,497,224.873,39.949,214.91,0
64.461,337.611,0.00296199,0.02726100541186308,-3.60229797,36.125,13.862,382,256.321,40.785,86.236,0
112.669,385.819,0.00259189,0.2208921192010618,-1.51008085,42.255,14.481,101,271.309,46.92,211.531,0
115.814,388.964,0.00257093,0.2486748861887799,-1.39160891,41.222,11.221,667,267.356,55.187,64.251,0
63.024,336.174,0.00297465,0.02537798052096225,-3.67387339,43.02,1.11,296,15.032,38.258,215.088,0
118.01,391.16,0.0025565,0.2698159363221358,-1.31001527,37.968,12.116,1003,201.551,38.593,9.056,0
58.239,331.389,0.0030176,0.01990699803415105,-3.91668395,39.777,10.662,864,180.712,44.503,26.412,0
34.983,308.133,0.00324535,0.00549354272056325,-5.20418193,36.201,14.491,1122,169.818,51.153,186.211,0
115.43,388.58,0.00257347,0.2451288260240874,-1.40597139,39.382,2.098,677,256.72,55.711,171.814,0
110.284,383.434,0.00260801,0.2016504817018104,-1.60121937,44.255,13.713,137,177.731,39.762,8.313,0
85.274,358.424,0.00278999,0.07207999075125161,-2.62997879,41.691,4.125,1028,130.08,43.303,213.97,0
106.802,379.952,0.00263191,0.1761653204916148,-1.7363324,45.984,8.0,268,37.255,48.771,42.553,0
132.953,406.103,0.00246243,0.4592173749734382,-0.7782316,47.242,14.105,1174,26.364,42.423,208.01,0
136.375,409.525,0.00244185,0.5158638290476383,-0.66191245,48.585,13.985,1033,71.624,50.776,186.585,0
135.856,409.006,0.00244495,0.5069064265999145,-0.67942886,40.551,11.51,799,29.608,43.801,116.409,0
66.716,339.866,0.00294234,0.03046432384195739,-3.49119899,37.778,12.033,901,135.647,43.921,210.595,0
38.221,311.371,0.0032116,0.006648293099494914,-5.01339513,44.366,10.701,690,247.585,43.413,53.044,0
73.642,346.792,0.00288357,0.04246803297972274,-3.15900365,44.63,7.02,977,195.82,48.139,248.168,0
129.209,402.359,0.00248534,0.403425836115177,-0.90776261,47.639,5.568,105,276.253,51.454,243.536,0
91.883,365.033,0.00273948,0.09590273652332794,-2.34442076,41.256,12.888,672,20.861,52.972,43.141,0
112.998,386.148,0.00258968,0.2236669735782649,-1.49759706,45.788,6.318,1075,120.633,47.939,230.184,0
40.611,313.761,0.00318714,0.007634334922282542,-4.87509945,43.015,14.009,437,33.907,40.427,176.566,0
129.108,402.258,0.00248597,0.4020051808488869,-0.9112903,45.06,8.329,667,278.621,49.774,55.653,0
136.531,409.681,0.00244092,0.5185825408875353,-0.65665607,46.484,14.373,675,272.634,46.529,201.787,0
73.453,346.603,0.00288515,0.04209221147352949,-3.16789256,42.147,3.573,507,151.231,49.953,100.8,0
139.688,412.838,0.00242226,0.5762950267406065,-0.55113555,48.411,1.519,582,263.388,52.67,233.798,1
79.156,352.306,0.00283844,0.0548106191016338,-2.90387132,38.402,10.749,895,128.56,51.717,209.531,0
35.23,308.38,0.00324275,0.00557486465470497,-5.18948724,44.799,11.834,1091,286.937,46.227,211.802,0
28.352,301.502,0.00331673,0.003669583156424188,-5.6076772,36.014,2.26,387,23.951,54.837,114.6,0
31.539,304.689,0.00328204,0.004464684475514708,-5.41155673,37.441,11.746,477,113.796,52.5,185.895,0
24.547,297.697,0.00335912,0.002887606181493071,-5.84732743,35.843,11.044,890,198.197,48.909,117.089,0
105.577,378.727,0.00264042,0.1678881655780976,-1.7844572,37.123,4.373,250,66.296,46.884,75.807,0
126.149,399.299,0.00250439,0.362245450696876,-1.01543326,38.624,2.108,560,151.221,45.381,5.014,0
49.09,322.24,0.00310328,0.01226486263539852,-4.4010168,37.434,12.569,518,90.614,44.91,55.838,0
50.851,324.001,0.00308641,0.01349188820199605,-4.30566665,43.498,8.274,1184,80.449,51.124,98.07,0
82.924,356.074,0.0028084,0.0649543194381198,-2.73407103,41.8,9.852,290,186.612,46.741,148.521,0
114.472,387.622,0.00257983,0.2364716820259482,-1.44192682,39.6,1.66,409,202.036,41.464,236.949,0
32.524,305.674,0.00327146,0.004739756794573276,-5.35176945,39.682,14.504,115,83.997,46.013,155.568,0
66.466,339.616,0.0029445,0.03009358555735235,-3.50344323,40.963,8.907,901,122.428,49.256,176.676,0
59.851,333.001,0.00300299,0.02162067990084644,-3.83410502,40.751,1.972,529,262.918,52.737,101.053,0
95.26,368.41,0.00271437,0.1105304492729481,-2.20246424,41.412,1.625,1050,110.114,55.163,132.513,0
26.329,299.479,0.00333913,0.003233036122042115,-5.73433361,35.187,9.656,925,251.222,42.496,210.2,0
44.066,317.216,0.00315243,0.009289579187434885,-4.67886202,43.196,12.44,380,168.603,55.989,172.006,0
75.95,349.1,0.00286451,0.04730061630606513,-3.05123195,38.347,14.101,287,249.358,43.15,93.637,0
78.945,352.095,0.00284014,0.05428609106326988,-2.91348723,43.041,12.091,200,128.482,47.859,117.079,0
52.353,325.503,0.00307217,0.01462306174378733,-4.22515542,40.976,12.587,581,73.952,49.247,241.88,0
56.657,329.807,0.00303208,0.01834293305573028,-3.9985109,37.05,11.261,1100,256.482,39.584,169.363,0
32.701,305.851,0.00326957,0.00479075734791932,-5.34106677,40.325,1.144,194,33.584,54.067,243.342,0
85.919,359.069,0.00278498,0.07415134297341953,-2.6016471,38.27,10.283,696,279.727,40.421,123.043,0
85.508,358.658,0.00278817,0.07282554153171891,-2.61968854,41.245,4.257,791,79.808,42.79,134.248,0
125.488,398.638,0.00250854,0.3538406449439397,-1.03890862,41.789,8.137,928,10.48,50.016,143.306,0
107.161,380.311,0.00262943,0.1786569785131776,-1.72228763,43.805,10.842,850,205.601,51.595,216.085,0
91.691,364.841,0.00274092,0.09512431332436706,-2.35257068,38.864,11.216,342,186.84,44.177,94.35,0
119.57,392.72,0.00254634,0.2857588713203483,-1.25260693,40.352,8.546,893,220.186,44.563,135.834,0
30.397,303.547,0.00329438,0.004163666292506142,-5.48135927,44.375,11.716,871,147.488,51.021,122.468,0
66.193,339.343,0.00294687,0.02969327896760137,-3.51683456,37.699,13.137,862,275.63,55.036,92.973,0
83.461,356.611,0.00280418,0.0665259007929178,-2.71016392,43.31,12.794,669,34.137,47.039,132.885,0
25.683,298.833,0.00334635,0.003103763911269843,-5.77513974,39.642,11.461,566,190.053,52.062,150.278,0
89.392,362.542,0.0027583,0.08622216620113564,-2.45082799,42.661,10.092,281,139.096,39.968,94.204,0
130.076,403.226,0.00248,0.415799115990147,-0.87755303,47.48,1.264,364,245.22,51.984,58.338,1
59.576,332.726,0.00300548,0.02131943869733892,-3.84813601,39.159,10.005,733,241.337,38.358,52.378,0
124.526,397.676,0.00251461,0.3419080567197364,-1.07321342,47.068,9.933,785,28.929,45.159,170.274,0
79.605,352.755,0.00283483,0.05594158167666773,-2.88344732,44.426,7.782,1196,228.382,42.555,113.347,0
109.252,382.402,0.00261505,0.1937846486620872,-1.64100779,39.292,2.91,572,49.38,55.048,191.134,0
36.397,309.547,0.00323053,0.005973773681202988,-5.12037644,38.047,13.794,598,213.125,47.564,235.412,0
29.188,302.338,0.00330756,0.003864852769212979,-5.55583169,37.206,9.259,265,281.176,55.432,190.531,0
139.513,412.663,0.00242328,0.572958188137348,-0.55694254,46.057,6.723,1004,44.001,56.28,97.59,0
135.855,409.005,0.00244496,0.5068892968903018,-0.67946265,45.077,7.433,118,81.758,47.899,93.016,0
82.298,355.448,0.00281335,0.06316331583948874,-2.76203159,40.441,13.443,346,131.381,51.011,183.33,0
49.184,322.334,0.00310237,0.01232777039395811,-4.39590081,43.054,1.415,769,29.74,49.642,12.8,0
135.8,408.95,0.00244529,0.5059479249909529,-0.68132153,43.318,6.971,166,107.18,51.696,25.968,0
97.167,370.317,0.00270039,0.1196188449253408,-2.12344488,43.281,14.671,925,298.061,40.712,91.174,0
89.632,362.782,0.00275648,0.0871162040080368,-2.44051237,45.324,12.639,360,78.633,49.864,14.567,0
68.798,341.948,0.00292442,0.03371122757814208,-3.38992433,39.748,14.389,577,70.915,48.939,71.526,0
117.567,390.717,0.0025594,0.2654307395607506,-1.32640134,44.751,8.214,578,267.369,51.967,223.668,0
110.734,383.884,0.00260495,0.2051658211128388,-1.58393674,37.856,7.466,504,229.389,54.028,181.845,0
106.797,379.947,0.00263195,0.1761308312226124,-1.7365282,37.817,6.856,210,139.472,56.378,70.574,0
132.72,405.87,0.00246384,0.4555622285825473,-0.78622296,43.199,2.563,889,291.157,52.529,184.003,0
106.574,379.724,0.00263349,0.1745985410608838,-1.74526599,41.358,14.554,611,255.116,38.286,232.613,0
123.597,396.747,0.0025205,0.3307146584388109,-1.10649933,38.578,13.447,1050,79.828,44.91,88.036,0
78.378,351.528,0.00284472,0.05289828641175345,-2.93938433,44.804,9.653,424,171.095,44.835,232.507,0
76.516,349.666,0.00285987,0.04855685487144439,-3.0250199,37.429,4.81,764,13.465,52.062,177.086,0
127.971,401.121,0.00249301,0.3863059473092428,-0.95112561,45.601,12.85,225,209.063,41.3,68.06,0
127.07,400.22,0.00249863,0.3742417488828111,-0.9828533,45.727,13.159,911,70.388,41.098,132.965,0
99.494,372.644,0.00268353,0.1315829574625978,-2.02811777,39.332,3.865,840,87.375,52.592,230.082,0
100.895,374.045,0.00267348,0.1392761136573562,-1.97129689,44.632,7.742,256,253.635,39.886,193.656,0
138.583,411.733,0.00242876,0.5555007427820867,-0.58788533,48.854,9.111,1038,255.21,44.313,160.3,1
39.435,312.585,0.00319913,0.007133997166288901,-4.94288359,36.699,8.188,773,249.473,45.855,25.409,0
25.915,299.065,0.00334375,0.003149647873763991,-5.76046462,44.65,11.671,1157,197.755,50.2,27.126,0
119.234,392.384,0.00254852,0.2822581410108405,-1.26493323,45.053,5.144,251,96.463,47.137,112.902,0
124.276,397.426,0.00251619,0.3388642911068658,-1.08215557,44.463,10.904,552,285.646,39.694,153.097,0
111.549,384.699,0.00259943,0.2116674402538994,-1.55273891,46.29,7.174,270,53.974,43.815,211.924,0
37.768,310.918,0.00321628,0.006474736629920564,-5.03984735,36.336,8.79,159,36.158,54.763,198.942,0
61.595,334.745,0.00298735,0.02362004093207868,-3.74565974,43.319,8.616,613,156.992,47.822,122.313,0
94.673,367.823,0.0027187,0.107856637056542,-2.22695237,44.815,13.824,1173,209.651,41.674,91.891,0
59.702,332.852,0.00300434,0.02145699915015581,-3.84170439,44.457,13.412,665,216.774,55.568,69.703,0
112.5,385.65,0.00259302,0.2194783312460595,-1.51650177,37.438,8.53,120,125.877,47.867,168.487,0
27.991,301.141,0.0033207,0.003588022624529495,-5.63015403,39.477,12.775,648,148.71,38.363,183.088,0
35.064,308.214,0.0032445,0.005520093800185928,-5.19936043,42.487,12.294,630,30.265,53.593,110.367,0
68.747,341.897,0.00292486,0.03362819627837241,-3.39239039,35.988,3.118,1200,229.63,41.348,221.064,0
130.965,404.115,0.00247454,0.4288228053900073,-0.84671149,44.405,5.795,790,51.389,49.684,242.466,0
136.143,409.293,0.00244324,0.5118431613045936,-0.66973703,43.806,8.961,580,268.997,50.954,44.644,0
131.551,404.701,0.00247096,0.4375974586159054,-0.82645584,39.318,13.129,965,235.353,38.731,145.564,0
135.95,409.1,0.00244439,0.5085188315924974,-0.67625303,44.865,1.526,655,136.773,42.0,244.14,0
85.778,358.928,0.00278607,0.07369415119450301,-2.60783184,42.14,4.145,473,37.649,44.981,47.421,0
113.588,386.738,0.00258573,0.2287185845397361,-1.47526292,44.026,8.431,928,281.666,41.702,83.752,0
70.929,344.079,0.00290631,0.03734577872080081,-3.28753539,36.327,11.293,430,36.63,38.968,209.896,0
124.183,397.333,0.00251678,0.3377379681887426,-1.08548493,47.251,8.682,571,291.335,46.49,12.489,0
90.031,363.181,0.00275345,0.08862043173073152,-2.42339284,37.937,5.723,891,108.645,45.404,104.376,0
30.324,303.474,0.00329518,0.004145055419099669,-5.48583912,39.125,10.832,107,22.387,54.737,182.67,0
47.94,321.09,0.00311439,0.01151794997081259,-4.46384859,35.721,10.023,702,222.91,44.442,242.869,0
28.636,301.786,0.00331361,0.003734906857111267,-5.5900324,44.847,14.613,1053,115.754,51.064,136.324,0
108.789,381.939,0.00261822,0.1903428265488456,-1.65892848,38.547,5.198,1135,210.865,43.817,32.811,0
132.192,405.342,0.00246705,0.447371413362835,-0.80436613,39.15,10.055,381,47.462,56.283,44.11,0
86.125,359.275,0.00278338,0.07482374786154791,-2.59261996,36.094,1.27,1108,259.656,44.712,125.461,0
119.545,392.695,0.00254651,0.2854971192068653,-1.25352334,39.024,13.516,671,170.287,47.923,235.945,0
119.571,392.721,0.00254634,0.2857693457015368,-1.25257028,43.147,4.469,349,74.574,55.525,238.824,0
112.424,385.574,0.00259354,0.2188450964964764,-1.51939112,43.195,10.013,1106,212.67,48.952,147.996,0
44.389,317.539,0.00314922,0.009459511719856525,-4.66073451,41.104,8.96,599,70.745,47.449,219.666,0
127.633,400.783,0.00249512,0.3817416609925439,-0.96301118,43.972,11.63,139,23.75,39.51,219.409,0
69.539,342.689,0.0029181,0.03493811857160502,-3.35417682,45.339,14.743,273,208.831,38.617,83.263,0
112.587,385.737,0.00259244,0.2202051602085555,-1.51319562,46.895,1.339,924,219.693,40.176,235.424,1
83.653,356.803,0.00280267,0.06709581600879992,-2.70163359,44.197,11.278,765,186.612,38.051,230.964,0
127.273,400.423,0.00249736,0.3769312652964388,-0.97569243,39.739,13.106,439,256.872,46.035,113.527,0
76.507,349.657,0.00285995,0.04853665284645575,-3.02543604,43.24,13.156,102,153.094,43.365,147.474,0
72.761,345.911,0.00289092,0.0407409697108093,-3.20052107,41.178,7.992,1129,255.824,41.241,84.395,0
39.901,313.051,0.00319437,0.007328659705577742,-4.91596263,38.636,2.753,474,174.963,53.795,51.216,0
61.409,334.559,0.00298901,0.02339931292778699,-3.75504862,36.41,1.818,360,152.887,37.799,174.167,0
119.415,392.565,0.00254735,0.2841393336109242,-1.25829055,46.34,2.262,965,196.578,54.389,40.322,1
115.955,389.105,0.00257,0.2499880133655511,-1.38634231,43.396,6.523,1061,67.795,39.508,75.51,0
87.733,360.883,0.00277098,0.08025791600094784,-2.52250988,40.026,9.947,276,269.691,47.366,198.001,0
134.876,408.026,0.00245082,0.4903549959330965,-0.71262567,47.598,5.328,875,31.942,40.174,27.195,1
76.947,350.097,0.00285635,0.04953297430526665,-3.00511668,40.299,5.777,461,183.027,45.057,55.912,0
77.896,351.046,0.00284863,0.0517430613335768,-2.96146494,44.435,11.16,1058,87.801,47.848,223.161,0
74.441,347.591,0.00287694,0.04408954933720256,-3.1215325,44.791,7.187,374,36.028,41.286,195.391,0
64.224,337.374,0.00296407,0.02694222023840105,-3.6140607,44.213,14.956,665,157.969,54.178,186.836,0
76.984,350.134,0.00285605,0.04961756680816697,-3.00341034,42.718,1.831,611,242.772,48.774,63.245,0
120.794,393.944,0.00253843,0.2988295941801057,-1.20788179,38.709,14.728,1125,191.179,53.618,50.7,0
21.751,294.901,0.00339097,0.00241182965394736,-6.02736963,42.144,9.089,262,93.208,55.202,170.032,0
24.854,298.004,0.00335566,0.002944651832994706,-5.82776469,39.297,1.584,1032,181.476,55.99,23.441,0
127.2,400.35,0.00249781,0.3759621953178854,-0.97826669,41.347,9.206,247,24.498,52.899,210.977,0
51.727,324.877,0.00307809,0.01414180148597395,-4.25862022,39.794,9.582,963,94.998,46.126,217.799,0
54.127,327.277,0.00305552,0.01606654493364408,-4.13101612,40.952,11.146,1058,69.03,40.501,174.287,0
54.49,327.64,0.00305213,0.01637697716424261,-4.11187876,43.799,14.163,133,213.786,41.159,56.692,0
59.301,332.451,0.00300796,0.02102190671305955,-3.86219021,35.845,13.358,893,120.248,53.751,146.012,0
114.72,387.87,0.00257818,0.2386870736229013,-1.4326019,46.658,2.2,320,206.493,43.335,23.581,1
50.778,323.928,0.00308711,0.01343894197177639,-4.30959867,37.503,13.234,401,184.139,43.384,200.836,0
114.173,387.323,0.00258182,0.2338243158178067,-1.45318523,46.402,2.184,293,28.793,38.78,158.853,1
56.053,329.203,0.00303764,0.01777505010918188,-4.02995948,37.254,14.545,1126,130.332,55.352,154.149,0
86.777,359.927,0.00277834,0.0769871515454582,-2.56411673,38.843,2.346,583,264.905,44.489,110.346,0
111.842,384.992,0.00259746,0.2140479365526962,-1.54155529,39.077,13.564,603,143.143,38.432,63.617,0
88.975,362.125,0.00276148,0.08468778683672641,-2.46878388,42.636,2.117,1152,71.378,44.572,104.695,0
83.684,356.834,0.00280242,0.06718823243452539,-2.70025716,38.386,11.686,780,163.588,53.768,69.71,0
55.998,329.148,0.00303815,0.01772411896691096,-4.03282891,44.72,6.078,956,24.062,51.851,61.506,0
118.444,391.594,0.00255367,0.2741724334823178,-1.29399805,46.455,2.604,742,268.749,49.278,134.846,1
53.388,326.538,0.00306243,0.01545059617819638,-4.17010769,35.257,1.089,844,95.493,38.127,86.665,0
113.621,386.771,0.00258551,0.2290040169816825,-1.47401573,42.367,12.213,384,240.347,42.762,28.437,0
26.456,299.606,0.00333772,0.003259009229374311,-5.72633205,40.828,9.368,420,225.097,39.044,231.845,0
96.289,369.439,0.00270681,0.1153568658984041,-2.15972477,39.129,10.238,1056,145.429,42.505,239.709,0
91.137,364.287,0.00274509,0.09290900080532559,-2.37613475,44.471,12.925,434,98.542,41.94,77.234,0
111.103,384.253,0.00260245,0.2080877951656265,-1.5697952,41.933,4.99,415,227.295,44.456,57.461,0
96.79,369.94,0.00270314,0.1177723416472298,-2.13900183,37.188,4.048,199,246.508,53.411,92.192,0
49.542,322.692,0.00309893,0.01256998089941961,-4.37644378,37.038,14.547,609,49.688,46.673,165.644,0
80.002,353.152,0.00283164,0.05695852348227964,-2.86543193,41.002,8.258,434,234.866,48.497,15.238,0
119.312,392.462,0.00254802,0.2830675013708366,-1.26206989,39.149,11.317,899,204.041,47.831,184.466,0
130.471,403.621,0.00247757,0.4215433078672485,-0.86383276,40.906,9.078,341,210.271,52.047,123.368,0
26.822,299.972,0.00333364,0.003334907517616077,-5.70331033,35.077,10.966,1178,91.7,37.875,123.405,0
38.898,312.048,0.00320464,0.006915389740364594,-4.97400595,38.28,1.959,1018,38.548,46.908,229.046,0
89.241,362.391,0.00275945,0.08566377586857477,-2.45732523,37.483,2.683,524,137.302,43.927,11.814,0
40.688,313.838,0.00318636,0.00766815740960188,-4.87067893,43.201,3.051,1150,102.432,47.775,74.183,0
106.918,380.068,0.00263111,0.176967114217127,-1.73179136,41.932,6.743,461,31.32,55.302,172.405,0
70.221,343.371,0.0029123,0.03610182163167559,-3.32141195,40.092,9.342,111,104.878,52.979,19.978,0
111.453,384.603,0.00260008,0.2108924733452525,-1.55640688,40.55,13.323,827,219.513,49.009,194.549,0
70.943,344.093,0.00290619,0.03737075159632657,-3.28686692,44.498,6.614,1195,75.272,40.847,76.708,0
40.707,313.857,0.00318616,0.007676523680448646,-4.86958848,44.421,8.989,1102,254.929,50.425,240.486,0
108.073,381.223,0.00262314,0.185124373261643,-1.68672739,43.023,4.82,1028,286.294,49.464,25.143,0
137.614,410.764,0.00243449,0.537796640428075,-0.62027478,42.03,13.753,231,287.076,43.034,227.79,0
128.57,401.72,0.0024893,0.3945098102975305,-0.93011127,42.916,8.521,1019,250.942,54.508,228.655,0
76.172,349.322,0.00286269,0.04778990867431999,-3.04094078,35.988,11.575,361,70.346,52.707,51.138,0
81.493,354.643,0.00281974,0.06092374101811774,-2.79813234,43.352,5.879,1136,97.859,55.391,200.787,0
71.757,344.907,0.00289933,0.0388482022336955,-3.24809348,44.877,10.308,642,238.525,39.945,217.993,0
28.17,301.32,0.00331873,0.003628259293190624,-5.61900228,35.62,13.008,737,131.748,52.786,99.92,0
133.362,406.512,0.00245995,0.4656942380417212,-0.764226,47.944,1.867,230,228.568,42.763,188.479,1
129.765,402.915,0.00248191,0.4113238166267497,-0.8883745,41.899,8.728,924,244.27,44.251,71.488,0
137.781,410.931,0.0024335,0.5408129518595227,-0.61468181,48.375,13.512,628,179.876,55.513,31.137,0
48.658,321.808,0.00310744,0.01197939678977043,-4.42456704,41.421,9.933,924,147.89,50.147,207.173,0
30.673,303.823,0.00329139,0.004234706648498567,-5.46444122,39.831,8.121,1051,185.8,37.799,115.537,0
129.826,402.976,0.00248154,0.4121983375068886,-0.88625064,39.336,5.706,818,251.031,47.258,14.153,0
119.518,392.668,0.00254668,0.2852146588365677,-1.25451319,45.276,8.454,1198,178.246,50.771,191.908,0
71.45,344.6,0.00290192,0.03828506666823173,-3.26269536,36.185,9.613,556,207.647,38.975,91.968,0
99.531,372.681,0.00268326,0.1317812858633462,-2.02661166,38.033,10.91,926,242.877,42.002,68.269,0
92.135,365.285,0.00273759,0.09693283187590654,-2.333737,36.972,9.946,1092,153.623,52.217,140.069,0
126.99,400.14,0.00249913,0.3731863752966853,-0.98567732,41.699,2.402,735,109.236,47.594,145.889,0
58.166,331.316,0.00301827,0.01983231532706152,-3.92044258,40.908,5.719,987,172.96,41.259,146.182,0
101.305,374.455,0.00267055,0.1416000443760164,-1.95474878,38.051,13.105,103,293.063,54.867,214.83,0
65.954,339.104,0.00294895,0.02934668180223987,-3.5285758,44.263,10.367,690,247.905,50.414,173.879,0
66.82,339.97,0.00294144,0.03061973055832198,-3.48611069,42.91,3.703,1068,141.671,50.606,42.645,0
106.603,379.753,0.00263329,0.1747971524186866,-1.74412911,44.134,4.013,805,224.648,40.978,62.606,0
96.658,369.808,0.00270411,0.1171317023194099,-2.14445632,37.173,1.25,1193,14.713,37.877,50.906,0
39.815,312.965,0.00319525,0.007292383413236381,-4.92092484,40.339,1.117,339,210.925,41.984,223.953,0
66.216,339.366,0.00294667,0.02972682273193672,-3.51570552,40.766,6.199,927,151.113,40.452,109.338,0
81.125,354.275,0.00282267,0.05992328087383777,-2.81469019,37.768,4.798,809,59.707,41.418,168.303,0
134.538,407.688,0.00245286,0.4847547448871884,-0.7241122,45.927,3.24,457,108.116,51.424,226.459,0
114.276,387.426,0.00258114,0.2347333820992739,-1.44930495,38.427,4.094,806,129.498,55.15,83.585,0
43.669,316.819,0.00315638,0.00908443087535838,-4.70119322,43.96,13.991,1096,218.85,49.391,9.636,0
90.773,363.923,0.00274783,0.09147804004708303,-2.39165633,38.254,14.564,1160,58.878,41.874,81.177,0
120.114,393.264,0.00254282,0.2915059918441095,-1.23269472,40.754,1.275,740,235.421,40.726,153.222,0
113.764,386.914,0.00258455,0.2302444467724359,-1.46861372,44.066,12.61,512,246.568,45.662,75.607,0
107.7,380.85,0.00262571,0.1824551964039453,-1.70125064,36.802,5.158,801,270.197,42.11,190.841,0
95.443,368.593,0.00271302,0.1113757236836732,-2.1948459,42.201,14.806,570,88.932,45.97,15.057,0
44.237,317.387,0.00315073,0.00937920278668504,-4.66926051,41.041,5.069,578,293.938,49.751,155.744,0
89.57,362.72,0.00275695,0.08688447362422344,-2.44317593,40.431,7.821,250,83.12,44.038,74.638,0
121.513,394.663,0.00253381,0.3067449179339707,-1.18173876,41.938,8.492,1153,127.593,42.081,31.47,0
93.928,367.078,0.00272422,0.1045442731863695,-2.25814463,42.181,8.908,731,166.555,47.504,158.994,0
46.025,319.175,0.00313308,0.01036332732849157,-4.56948192,35.277,5.94,823,119.761,39.69,244.217,0
65.255,338.405,0.00295504,0.02835334069994454,-3.56301042,40.911,8.751,850,146.917,51.861,246.824,0
138.065,411.215,0.00243182,0.5459756906600769,-0.60518083,43.908,12.346,620,146.241,39.903,110.89,0
70.073,343.223,0.00291356,0.03584643508666212,-3.32851116,40.565,10.605,547,117.583,44.647,97.298,0
132.571,405.721,0.00246475,0.4532379022323011,-0.79133812,44.209,9.363,846,190.083,50.185,161.486,0
82.954,356.104,0.00280817,0.06504125360161836,-2.73273354,44.912,14.052,543,61.073,48.416,208.088,0
76.678,349.828,0.00285855,0.04892175345344105,-3.01753313,39.372,2.421,107,125.505,50.249,215.906,0
100.085,373.235,0.00267928,0.1347820374184204,-2.00409634,43.196,13.649,1034,295.144,41.925,241.353,0
65.826,338.976,0.00295006,0.02916252459431459,-3.5348708,37.716,3.702,938,184.682,43.952,54.839,0
116.085,389.235,0.00256914,0.2512039915406299,-1.38148995,40.95,13.226,565,118.556,46.006,191.012,0
27.309,300.459,0.00332824,0.003438346554407989,-5.67276458,42.343,14.595,1109,129.472,45.254,217.665,0
40.643,313.793,0.00318681,0.007648374881720302,-4.87326209,39.654,13.555,131,122.62,45.116,124.824,0
106.008,379.158,0.00263742,0.1707611175260903,-1.76748967,43.552,3.53,1166,253.917,44.761,180.615,0
139.595,412.745,0.0024228,0.5745196752004186,-0.55422093,46.557,10.506,263,66.406,48.83,81.724,0
53.674,326.824,0.00305975,0.01568645130906014,-4.15495791,39.17,13.748,748,151.426,49.506,249.532,0
52.97,326.12,0.00306636,0.01511152672946038,-4.19229747,37.698,5.738,708,222.444,43.499,132.165,0
124.951,398.101,0.00251193,0.3471363870866646,-1.05803753,45.831,2.658,206,243.985,54.417,47.737,0
42.237,315.387,0.00317071,0.008377462908034155,-4.78221017,39.076,11.483,1076,262.738,54.736,184.028,0
93.029,366.179,0.0027309,0.1006653451412178,-2.29595368,42.56,14.014,688,202.137,44.567,200.415,0
113.871,387.021,0.00258384,0.2311763895696655,-1.46457427,43.23,11.437,1174,162.682,54.019,144.052,0
111.712,384.862,0.00259833,0.2129889049726396,-1.5465152,40.931,2.99,141,147.243,42.145,59.223,0
36.667,309.817,0.00322771,0.006069609776295977,-5.10446096,41.204,1.524,915,269.677,48.038,138.504,0
126.829,399.979,0.00250013,0.3710701784772872,-0.99136407,47.465,8.219,383,47.35,43.979,234.761,0
134.48,407.63,0.00245321,0.4837992783604376,-0.72608517,42.128,12.405,750,265.539,49.137,22.468,0
53.874,327.024,0.00305788,0.01585327129869424,-4.14437941,39.906,13.221,374,206.381,45.364,228.89,0
88.261,361.411,0.00276693,0.0821158093261421,-2.49962472,37.264,6.676,935,65.131,39.833,237.447,0
103.103,376.253,0.00265779,0.1521931005428896,-1.88260517,37.158,13.989,780,122.01,47.265,99.351,0
135.037,408.187,0.00244986,0.493041976325096,-0.70716096,41.469,6.344,172,130.578,52.613,36.298,0
127.63,400.78,0.00249513,0.3817013577125442,-0.96311676,42.891,5.466,1108,42.584,51.116,147.696,0
65.635,338.785,0.00295172,0.02888961855683931,-3.54427297,44.092,10.172,686,156.397,41.459,31.792,0
123.77,396.92,0.0025194,0.3327749088694938,-1.10028897,44.653,10.866,910,23.374,48.084,25.523,0
100.1,373.25,0.00267917,0.1348641030123501,-2.00348765,45.477,11.148,253,174.492,39.569,61.432,0
124.601,397.751,0.00251414,0.342825755082885,-1.07053296,47.579,8.724,447,243.225,56.215,133.17,0
81.265,354.415,0.00282155,0.06030218410097767,-2.80838696,37.352,9.455,869,218.987,37.621,11.265,0
67.826,340.976,0.00293276,0.03215937139425461,-3.43705138,42.627,11.334,1120,95.557,45.716,90.448,0
71.66,344.81,0.00290015,0.03866949266950969,-3.25270429,43.769,14.43,163,209.35,38.614,199.849,0
37.679,310.829,0.0032172,0.00644111625433127,-5.04505342,36.094,10.267,176,282.276,38.548,122.254,0
100.953,374.103,0.00267306,0.1396028416429646,-1.96895373,41.212,12.343,189,65.883,50.34,118.225,0
124.577,397.727,0.00251429,0.3425318616063682,-1.0713906,39.471,14.962,176,143.497,54.576,240.246,0
127.366,400.516,0.00249678,0.3781689388302313,-0.97241426,38.684,4.193,553,297.087,51.814,60.523,0
42.439,315.589,0.00316868,0.00847413024797242,-4.77073726,40.593,7.442,154,123.951,44.004,109.144,0
139.859,413.009,0.00242125,0.5795716109717193,-0.54546605,47.444,3.197,370,62.897,51.36,54.091,1
85.545,358.695,0.00278788,0.07294404212879677,-2.61806268,38.822,1.813,354,271.109,51.596,204.263,0
44.699,317.849,0.00314615,0.009625194041490457,-4.64337124,36.864,1.772,1182,54.017,43.09,95.711,0
90.339,363.489,0.00275111,0.08979702187685831,-2.41020347,37.841,8.822,1193,207.837,40.242,129.109,0
123.049,396.199,0.00252398,0.3242607571794707,-1.12620728,41.291,3.212,223,253.515,47.944,187.206,0
86.206,359.356,0.00278276,0.07508959426761219,-2.58907329,45.228,4.697,832,208.655,45.111,47.406,0
87.006,360.156,0.00277657,0.07775984433740636,-2.55413012,40.842,11.081,830,21.163,40.805,241.259,0
123.673,396.823,0.00252002,0.331618385110173,-1.10377041,39.668,14.624,518,275.53,43.885,68.576,0
65.584,338.734,0.00295217,0.02881712967037921,-3.54678529,38.973,2.298,585,241.874,38.315,103.484,0
35.479,308.629,0.00324014,0.005657928898205856,-5.17469737,37.465,7.135,696,177.803,42.006,137.365,0
47.456,320.606,0.00311909,0.01121584961319063,-4.49042736,42.641,3.124,476,217.247,47.541,144.651,0
130.88,404.03,0.00247506,0.4275626411592832,-0.84965447,48.021,11.348,880,175.896,52.089,220.851,0
118.309,391.459,0.00255455,0.2728108556855627,-1.29897656,40.911,1.698,863,11.182,56.067,117.412,0
112.031,385.181,0.00259618,0.2155957178980406,-1.5343503,40.033,12.215,774,203.414,45.166,9.672,0
72.567,345.717,0.00289254,0.04036905278654314,-3.20969181,40.308,6.953,898,63.256,56.195,103.014,0
32.008,305.158,0.00327699,0.004593829199116122,-5.38304135,42.994,13.1,881,208.589,54.136,46.161,0
91.521,364.671,0.0027422,0.0944396834176131,-2.35979392,43.029,8.314,1091,90.463,46.475,88.417,0
82.954,356.104,0.00280817,0.06504125360161836,-2.73273354,44.433,12.419,1017,208.172,45.304,243.702,0
99.989,373.139,0.00267997,0.1342578432548698,-2.00799312,36.295,2.964,969,103.031,40.707,54.649,0
24.654,297.804,0.00335791,0.002907375286197307,-5.84050457,38.505,8.081,1043,145.839,47.433,169.913,0
125.924,399.074,0.0025058,0.3593654705422599,-1.02341538,43.604,3.85,351,103.535,51.479,24.69,0
46.66,319.81,0.00312686,0.01073426313902989,-4.53431449,44.095,6.063,182,286.553,45.652,150.162,0
37.051,310.201,0.00322372,0.006208267947638039,-5.08187334,37.069,5.599,308,288.273,53.166,140.563,0
133.401,406.551,0.00245972,0.466315900465747,-0.76289198,48.459,1.534,1172,207.138,42.098,42.757,1
28.463,301.613,0.00331551,0.003694992096451041,-5.60077686,38.019,10.833,189,277.014,38.325,237.856,0
49.942,323.092,0.00309509,0.01284558533057671,-4.35475508,40.068,1.383,666,88.404,41.286,150.104,0
88.271,361.421,0.00276686,0.08215135558073437,-2.49919193,45.067,1.083,547,169.771,47.302,239.331,0
82.552,355.702,0.00281134,0.0638847430901674,-2.75067471,37.293,7.975,786,27.582,40.003,93.038,0
58.215,331.365,0.00301782,0.01988241746894464,-3.91791948,43.546,12.396,123,154.36,45.467,41.562,0
20.145,293.295,0.00340954,0.002171501203285019,-6.13233655,37.816,9.398,412,153.844,55.169,143.484,0
126.454,399.604,0.00250248,0.3661810524467179,-1.00462739,40.116,6.901,999,40.278,55.563,211.154,0
69.475,342.625,0.00291864,0.0348306258232739,-3.35725823,44.146,9.689,431,222.118,42.674,72.389,0
96.214,369.364,0.00270736,0.1149989996615162,-2.16283185,41.356,11.642,306,236.111,49.934,87.864,0
42.521,315.671,0.00316786,0.00851365335584766,-4.76608413,35.409,11.183,400,26.929,46.897,107.658,0
49.697,322.847,0.00309744,0.0126761496851875,-4.36803303,44.913,11.74,1114,216.22,45.28,36.744,0
138.745,411.895,0.0024278,0.5585086084798039,-0.58248525,43.663,9.718,1083,123.44,45.683,115.084,0
125.492,398.642,0.00250852,0.3538909978682479,-1.03876633,45.551,2.484,1121,213.022,56.304,169.557,1
80.051,353.201,0.00283125,0.0570851548698083,-2.86321118,44.273,13.508,395,55.082,52.768,34.177,0
74.632,347.782,0.00287536,0.04448511831944141,-3.11260057,43.73,5.702,796,141.641,55.008,8.559,0
96.563,369.713,0.0027048,0.116672512552251,-2.14838431,43.091,8.92,1146,33.363,52.964,149.192,0
51.579,324.729,0.00307949,0.01403009117391902,-4.26655089,44.176,8.446,414,173.188,49.147,81.213,0
21.273,294.423,0.00339647,0.002337924648624537,-6.05849165,40.544,9.806,1040,273.954,38.163,140.338,0
96.905,370.055,0.0027023,0.1183329544691851,-2.13425298,36.344,5.195,521,40.072,38.73,24.822,0
30.085,303.235,0.00329777,0.004084642334433229,-5.50052111,41.534,13.373,370,99.213,46.791,91.701,0
53.117,326.267,0.00306497,0.015230010801216,-4.1844874,41.172,9.867,1014,154.963,39.595,24.324,0
46.829,319.979,0.00312521,0.01083494752556037,-4.52497849,44.416,3.651,644,208.386,37.775,141.471,0
54.508,327.658,0.00305196,0.01639250754965994,-4.11093091,43.033,10.108,695,97.074,43.587,194.852,0
44.867,318.017,0.00314449,0.00971605498870104,-4.63397561,37.947,9.237,919,203.576,39.311,233.909,0
60.1,333.25,0.00300075,0.02189667294705894,-3.82142057,37.752,4.132,481,58.231,51.095,209.059,0
60.686,333.836,0.00299548,0.02255849664701026,-3.79164349,44.596,8.195,798,175.913,54.01,171.498,0
32.41,305.56,0.00327268,0.004707165896327845,-5.35866927,40.735,12.742,220,207.638,40.814,78.978,0
31.956,305.106,0.00327755,0.004579347980870288,-5.38619865,38.869,12.553,215,271.086,48.421,115.866,0
112.749,385.899,0.00259135,0.2215641056889935,-1.50704332,39.748,13.803,239,58.087,55.429,165.124,0
72.601,345.751,0.00289225,0.04043401792229633,-3.20808382,42.613,2.24,1051,223.813,54.873,120.635,0
134.71,407.86,0.00245182,0.4875976981348107,-0.7182646,47.872,5.341,417,69.209,52.286,248.681,0
34.876,308.026,0.00324648,0.00545864352776621,-5.21055496,36.64,11.023,1074,16.054,39.44,9.243,0
127.701,400.851,0.00249469,0.3826561821079646,-0.96061839,38.898,9.271,758,248.52,54.029,97.562,0
120.455,393.605,0.00254062,0.2951590113471093,-1.22024105,43.274,4.326,245,254.652,47.113,9.439,0
106.469,379.619,0.00263422,0.1738810641894157,-1.74938375,46.033,10.006,143,228.885,51.166,113.634,0
68.228,341.378,0.0029293,0.03279339939994125,-3.41752802,41.746,5.373,1075,178.472,55.505,226.761,0
54.135,327.285,0.00305544,0.01607332994247809,-4.13059391,37.675,14.927,946,36.088,46.625,203.794,0
93.382,366.532,0.00272827,0.1021732355512529,-2.28108552,37.055,2.763,798,167.956,45.172,162.976,0
132.419,405.569,0.00246567,0.4508772503280652,-0.79656015,39.565,13.485,735,156.346,48.242,193.376,0
91.994,365.144,0.00273865,0.0963552882210048,-2.339713,44.881,3.088,1003,167.376,48.17,132.257,0
25.59,298.74,0.00334739,0.003085539254410765,-5.78102884,44.408,14.645,259,18.265,46.115,60.164,0
47.185,320.335,0.00312173,0.01104978461236459,-4.50534434,42.073,6.113,909,232.881,41.79,166.163,0
108.568,381.718,0.00261973,0.1887186975666983,-1.66749775,44.529,3.477,600,250.199,51.919,84.335,0
119.132,392.282,0.00254919,0.2812027543128602,-1.26867932,46.313,11.389,822,118.908,52.398,238.033,0
20.803,293.953,0.0034019,0.002267241279046028,-6.08919148,42.667,9.581,195,37.171,54.896,107.84,0
132.2,405.35,0.002467,0.4474945689281177,-0.80409088,43.32,3.533,340,131.211,46.454,227.529,0
46.794,319.944,0.00312555,0.01081402723854592,-4.52691117,35.262,2.11,386,144.578,54.045,67.398,0
136.025,409.175,0.00244394,0.5098084692018205,-0.67372017,40.398,8.605,736,224.433,47.52,173.276,0
86.532,359.682,0.00278023,0.07616789866845462,-2.57481518,39.368,4.296,352,78.28,50.827,178.369,0
47.681,320.831,0.00311691,0.01135540369064279,-4.47806155,38.442,11.126,829,249.097,54.938,35.892,0
80.605,353.755,0.00282682,0.05853409521911152,-2.83814587,45.139,9.377,372,108.046,42.925,118.806,0
44.165,317.315,0.00315144,0.009341373406794312,-4.67330199,44.579,13.208,1022,233.178,46.543,165.833,0
96.433,369.583,0.00270575,0.1160466836045998,-2.15376272,36.979,4.666,534,186.896,51.074,116.264,0
60.023,333.173,0.00300144,0.02181099566219159,-3.82534105,41.972,4.821,767,191.379,48.507,137.523,0
45.001,318.151,0.00314316,0.009789072288964865,-4.62648859,44.483,7.538,618,157.649,39.52,90.728,0
129.22,402.37,0.00248527,0.4035808206363545,-0.90737851,46.332,4.645,538,40.566,43.373,113.449,0
130.868,404.018,0.00247514,0.4273849915453269,-0.85007005,47.096,9.358,607,111.587,47.025,7.955,0
81.172,354.322,0.00282229,0.06005025123574836,-2.81257355,40.524,13.226,185,236.845,46.252,124.407,0
93.427,366.577,0.00272794,0.1023668650771505,-2.2791922,41.135,8.635,183,21.105,51.935,16.328,0
103.619,376.769,0.00265415,0.1553572229374546,-1.86202815,39.063,8.477,365,245.011,40.57,236.491,0
51.606,324.756,0.00307923,0.014050412318337,-4.26510354,43.454,13.915,703,63.041,37.908,233.748,0
28.656,301.806,0.00331339,0.003739546026524496,-5.58879106,36.073,7.735,399,222.557,45.439,66.239,0
34.757,307.907,0.00324773,0.005420062544915653,-5.21764792,43.328,6.295,124,269.849,44.237,10.494,0
28.249,301.399,0.00331786,0.003646145232000856,-5.61408477,43.938,12.018,219,267.296,39.079,134.894,0
37.114,310.264,0.00322306,0.006231283852205121,-5.07817289,35.168,4.749,302,48.968,53.119,51.138,0
27.997,301.147,0.00332064,0.00358936485486751,-5.62978001,41.25,3.658,1110,91.099,38.087,220.684,0
113.285,386.435,0.00258776,0.2261121177944376,-1.48672431,38.33,7.586,948,89.073,40.113,149.633,0
29.528,302.678,0.00330384,0.003946886973169235,-5.53482812,38.807,1.182,415,127.994,38.063,120.812,0
63.808,336.958,0.00296773,0.02639059665426082,-3.63474752,41.619,13.069,239,17.736,46.795,113.511,0
126.253,399.403,0.00250374,0.3635833250435201,-1.01174678,41.668,4.994,699,24.928,54.485,35.74,0
129.871,403.021,0.00248126,0.4128444972631602,-0.88468428,40.767,12.893,777,153.616,50.073,65.828,0
51.851,325.001,0.00307691,0.01423600195059744,-4.25198117,41.083,7.439,559,64.584,47.879,72.549,0
117.782,390.932,0.00255799,0.2675512627470512,-1.31844409,45.196,12.572,771,58.891,39.967,237.452,0
100.684,373.834,0.00267498,0.138093090481114,-1.97982725,43.65,11.338,480,199.228,49.967,21.479,0
115.313,388.463,0.00257425,0.2440570924097382,-1.4103531,42.834,9.667,1039,267.78,54.417,226.769,0
40.39,313.54,0.00318939,0.00753799536355136,-4.887799,37.889,9.575,830,243.847,44.397,11.663,0
129.726,402.876,0.00248215,0.4107655308409568,-0.88973271,38.701,2.189,477,167.904,37.69,30.274,0
119.896,393.046,0.00254423,0.2891910819049515,-1.24066763,46.508,13.836,744,153.897,47.662,224.015,0
37.06,310.21,0.00322362,0.006211551293472423,-5.08134461,36.339,13.982,221,130.55,45.034,20.719,0
111.378,384.528,0.00260059,0.2102887372244829,-1.55927375,42.281,14.814,1101,260.331,38.071,228.477,0
20.138,293.288,0.00340962,0.002170502475555398,-6.13279658,41.545,6.343,167,242.536,47.114,82.619,0
138.124,411.274,0.00243147,0.5470534983293945,-0.60320868,43.595,6.915,202,136.154,43.592,183.094,0
102.648,375.798,0.002661,0.1494495336637536,-1.90079651,42.663,8.112,533,137.521,41.59,7.198,0
115.11,388.26,0.00257559,0.2422071771543026,-1.41796182,38.948,6.635,1133,15.63,38.388,29.953,0
37.661,310.811,0.00321739,0.006434335548984001,-5.0461067,36.727,14.679,546,52.504,44.0,72.575,0
134.673,407.823,0.00245204,0.4869849311677779,-0.7195221,42.555,13.573,308,243.225,46.925,153.326,0
70.07,343.22,0.00291358,0.03584127478806173,-3.32865512,43.776,14.517,591,147.131,38.048,138.503,0
97.855,371.005,0.00269538,0.1230535082095872,-2.09513599,36.986,6.955,497,251.223,52.101,47.032,0
74.317,347.467,0.00287797,0.04383439474917072,-3.1273365,43.079,10.387,1077,208.118,44.779,39.811,0
97.31,370.46,0.00269935,0.1203257949332143,-2.11755226,43.775,9.043,1109,130.044,49.372,218.957,0
73.395,346.545,0.00288563,0.04197746667805115,-3.17062231,42.12,9.311,1079,126.745,54.664,65.624,0
68.509,341.659,0.00292689,0.03324308918845734,-3.40390838,40.778,1.197,532,23.341,51.761,100.583,0
116.042,389.192,0.00256943,0.2508012201256966,-1.38309461,42.796,2.111,934,79.06,48.986,59.734,0
106.558,379.708,0.0026336,0.1744890460269511,-1.74589331,44.124,6.579,958,185.571,53.737,162.097,0
114.435,387.585,0.00258008,0.2361426857081341,-1.44331906,41.713,2.73,1011,190.724,49.76,184.961,0
133.315,406.465,0.00246024,0.464945998067642,-0.76583401,39.435,13.948,225,143.45,51.608,217.502,0
57.452,330.602,0.00302479,0.01911479490490508,-3.95729264,35.3,10.903,246,219.167,54.476,234.524,0
59.429,332.579,0.0030068,0.02115993539365705,-3.85564573,42.966,13.731,935,222.855,41.07,190.216,0
129.713,402.863,0.00248223,0.4105795800267448,-0.89018551,42.132,3.779,1132,152.999,50.243,23.47,0
132.738,405.888,0.00246373,0.4558437095428854,-0.78560527,42.887,14.323,757,193.625,38.133,99.296,0
59.765,332.915,0.00300377,0.02152607256575572,-3.8384904,43.868,2.939,643,298.487,38.543,78.294,0
38.326,311.476,0.00321052,0.006689107576277714,-5.00727481,43.433,2.94,610,86.718,46.754,190.692,0
46.692,319.842,0.00312654,0.0107532637080717,-4.53254597,37.925,4.476,152,124.934,55.218,190.236,0
68.394,341.544,0.00292788,0.03305840133858615,-3.40947954,37.831,3.826,820,279.693,40.391,19.385,0
126.839,399.989,0.00250007,0.3712013185388952,-0.99101073,42.808,12.685,509,121.106,39.689,238.972,0
50.343,323.493,0.00309126,0.01312723759860679,-4.333066,39.22,4.835,1145,121.839,49.453,231.31,0
138.934,412.084,0.00242669,0.5620353598349779,-0.57619051,39.821,1.569,1072,151.045,42.867,167.693,0
23.724,296.874,0.00336843,0.002739525683127715,-5.89997048,38.662,13.069,805,139.637,38.208,161.905,0
33.647,306.797,0.00325948,0.005071725232813484,-5.28407424,42.223,2.128,517,238.404,41.132,99.644,0
60.931,334.081,0.00299329,0.02284038592914269,-3.779225,40.305,11.213,460,199.868,42.607,55.015,0
84.961,358.111,0.00279243,0.07109316120373442,-2.64376413,44.997,3.842,105,20.587,55.4,196.844,0
73.015,346.165,0.0028888,0.04123245657432618,-3.18852955,39.998,14.976,254,172.027,38.703,46.198,0
40.913,314.063,0.00318407,0.007767753962457855,-4.85777422,43.42,5.74,644,232.397,55.588,142.826,0
51.258,324.408,0.00308254,0.01379048083131116,-4.28377672,38.728,1.324,716,218.038,53.665,91.967,0
118.741,391.891,0.00255173,0.2771885259513182,-1.28305741,39.101,4.556,1000,135.982,38.891,155.569,0
139.218,412.368,0.00242502,0.5673705795597889,-0.56674261,43.793,9.331,585,73.813,39.309,188.799,0
57.662,330.812,0.00302286,0.01932341169454417,-3.94643788,41.362,12.699,891,95.954,40.226,139.93,0
63.747,336.897,0.00296827,0.02631055159961997,-3.63778522,43.323,6.771,274,167.859,51.259,163.188,0
66.79,339.94,0.0029417,0.03057483028589656,-3.48757815,36.523,4.137,813,198.146,49.696,232.951,0
111.319,384.469,0.00260099,0.2098148480799955,-1.56152981,43.868,14.406,482,66.224,52.838,181.612,0
90.402,363.552,0.00275064,0.0900393578399861,-2.40750839,42.415,12.738,661,164.878,54.271,143.532,0
89.931,363.081,0.00275421,0.08824132241003584,-2.42767992,38.975,2.053,1056,175.237,50.725,76.014,0
67.22,340.37,0.00293798,0.03122396795131292,-3.46656928,36.438,11.619,645,209.975,38.085,150.658,0
139.07,412.22,0.00242589,0.5645848817385573,-0.57166454,41.66,10.811,932,259.342,51.697,224.838,0
101.774,374.924,0.00266721,0.1442995763838782,-1.93586375,46.031,14.69,239,14.651,49.368,231.681,0
30.359,303.509,0.0032948,0.0041539691538638,-5.48369098,40.105,11.479,462,56.283,51.627,113.987,0
46.372,319.522,0.00312967,0.01056459330928632,-4.55024712,44.29,10.326,1148,98.39,45.475,131.801,0
34.2,307.35,0.00325362,0.005242688743945576,-5.25092079,38.184,2.205,902,296.812,47.646,205.41,0
85.998,359.148,0.00278437,0.07440858078291067,-2.59818401,45.306,9.053,1093,147.617,48.5,188.067,0
86.242,359.392,0.00278248,0.0752080126195431,-2.5874975,39.139,4.247,1144,109.266,50.908,86.639,0
110.431,383.581,0.00260701,0.2027930553781569,-1.59556925,40.457,9.934,609,158.616,52.535,229.925,0
109.829,382.979,0.00261111,0.1981491365099877,-1.61873532,40.146,5.443,1024,175.515,47.38,217.561,0
139.036,412.186,0.00242609,0.5639465769728245,-0.57279575,46.42,12.194,577,179.519,55.39,26.46,0
83.655,356.805,0.00280265,0.067101775005274,-2.70154478,41.766,1.143,616,253.793,42.441,147.863,0
127.98,401.13,0.00249296,0.3864281187973124,-0.95080941,47.656,3.576,175,40.064,51.45,124.252,1
59.429,332.579,0.0030068,0.02115993539365705,-3.85564573,37.211,3.742,280,176.146,40.296,154.308,0
107.183,380.333,0.00262927,0.1788106574432642,-1.72142781,38.917,4.354,358,232.483,54.106,153.78,0
29.598,302.748,0.00330308,0.003963968099198202,-5.53050971,43.675,9.789,301,89.091,50.289,164.071,0
102.952,376.102,0.00265885,0.1512777974960296,-1.88863741,46.375,12.211,1040,260.347,53.622,152.321,0
111.496,384.646,0.00259979,0.2112392903188702,-1.55476371,38.233,10.486,477,283.577,43.853,111.264,0
24.207,297.357,0.00336296,0.002825584181328394,-5.86904015,38.917,13.138,1115,45.506,40.473,207.924,0
78.432,351.582,0.00284429,0.05302910609927464,-2.93691434,39.455,6.956,803,157.377,47.845,19.984,0
89.436,362.586,0.00275797,0.0863854717873799,-2.44893577,39.104,1.021,807,138.803,52.257,86.401,0
67.177,340.327,0.00293835,0.03115851321127186,-3.46866777,36.326,13.79,865,280.751,55.455,149.005,0
114.191,387.341,0.0025817,0.233982962337202,-1.45250698,45.047,1.017,506,275.342,49.337,84.079,1
44.607,317.757,0.00314706,0.009575757113416572,-4.64852068,37.678,4.614,1022,100.602,38.558,12.981,0
42.682,315.832,0.00316624,0.008591730281528827,-4.75695513,43.344,7.046,110,108.03,49.541,229.45,0
127.973,401.123,0.002493,0.3863330936641414,-0.95105534,43.775,10.389,390,186.894,42.398,201.79,0
129.054,402.204,0.0024863,0.4012473844818524,-0.91317712,43.264,2.325,335,216.087,47.129,119.884,0
97.058,370.208,0.00270118,0.1190824077609246,-2.12793952,41.238,12.203,975,134.286,45.754,153.284,0
32.024,305.174,0.00327682,0.00459829316942978,-5.38207009,42.668,8.882,1051,249.611,46.649,30.727,0
62.368,335.518,0.00298047,0.0245571587238787,-3.70675187,42.494,6.202,1000,284.029,54.646,137.573,0
73.134,346.284,0.0028878,0.04146450446944391,-3.18291753,39.611,12.876,820,170.456,40.037,62.615,0
133.455,406.605,0.00245939,0.4671778367011418,-0.76104529,48.148,9.079,1054,75.133,42.285,199.233,0
39.16,312.31,0.00320195,0.007021291419217891,-4.95880812,39.869,1.266,427,270.221,39.645,166.473,0
100.195,373.345,0.00267849,0.1353848596204275,-1.99963374,39.788,14.495,1010,135.592,39.431,9.747,0
40.506,313.656,0.00318821,0.007588427096756115,-4.88113094,43.336,10.199,939,232.342,38.436,169.64,0
20.334,293.484,0.00340734,0.00219862301917344,-6.11992401,44.703,10.934,957,149.657,53.19,167.457,0
120.047,393.197,0.00254325,0.2907928368032776,-1.23514417,38.89,5.838,236,41.184,43.23,137.365,0
113.157,386.307,0.00258861,0.2250187645767791,-1.49157148,43.939,14.729,900,96.85,46.757,200.725,0
70.199,343.349,0.00291249,0.03606375791551181,-3.32246685,38.83,13.655,1114,25.268,51.78,137.278,0
119.675,392.825,0.00254566,0.2868604879767487,-1.24875929,38.384,12.109,432,149.878,42.94,148.903,0
46.762,319.912,0.00312586,0.01079493147422297,-4.52867856,35.845,3.781,488,80.349,53.87,138.644,0
90.193,363.343,0.00275222,0.08923760155181434,-2.41645279,41.549,5.459,546,219.141,44.879,169.819,0
54.431,327.581,0.00305268,0.0163261631692301,-4.11498636,42.575,10.773,256,237.569,46.663,115.59,0
98.079,371.229,0.00269376,0.1241901044726135,-2.08594179,39.711,1.583,501,260.966,48.221,218.678,0
71.841,344.991,0.00289863,0.0390035464719384,-3.2441027,41.446,3.642,817,221.387,43.604,183.683,0
53.186,326.336,0.00306433,0.01528590860833541,-4.18082388,38.813,8.373,1114,46.711,39.697,29.991,0
84.143,357.293,0.00279882,0.06856966569010899,-2.67990503,44.342,6.548,1072,66.628,55.174,92.124,0
21.989,295.139,0.00338823,0.00244940211402845,-6.01191132,42.143,11.407,909,272.332,47.03,171.96,0
72.758,345.908,0.00289094,0.04073519560553587,-3.2006628,40.705,7.87,156,258.729,42.909,29.665,0
82.71,355.86,0.00281009,0.06433712972046103,-2.74361837,43.672,6.031,521,199.239,40.46,69.344,0
112.983,386.133,0.00258978,0.2235398088223749,-1.49816577,45.693,4.546,310,63.381,47.595,5.81,0
48.745,321.895,0.0031066,0.01203640827584664,-4.4198192,41.95,7.96,951,44.925,39.99,215.459,0
47.313,320.463,0.00312049,0.01112794754782639,-4.49829554,42.346,14.299,507,160.543,41.348,225.73,0
32.819,305.969,0.0032683,0.004825029035123891,-5.33393853,44.986,3.758,892,47.493,53.303,126.36,0
126.474,399.624,0.00250235,0.3664404023337037,-1.00391938,41.819,2.068,305,168.601,44.754,86.472,0
40.933,314.083,0.00318387,0.007776662389037738,-4.85662803,40.488,1.422,462,73.049,47.735,152.508,0
113.472,386.622,0.00258651,0.2277176818200675,-1.47964865,44.155,7.881,1161,196.589,44.462,32.256,0
23.213,296.363,0.00337424,0.002651039014221445,-5.93280363,39.443,2.53,1149,75.276,48.237,229.732,0
97.169,370.319,0.00270037,0.1196287073953667,-2.12336244,43.147,5.775,418,58.895,49.983,171.378,0
23.073,296.223,0.00337584,0.002627246897090685,-5.94181879,36.649,9.792,548,22.722,55.087,43.333,0
76.246,349.396,0.00286208,0.04795398894850194,-3.03751329,38.246,14.666,444,298.077,39.084,224.788,0
115.812,388.962,0.00257095,0.2486563031406621,-1.39168364,41.18,5.236,1014,84.813,45.286,142.26,0
110.921,384.071,0.00260369,0.2066421421246804,-1.57676676,44.641,5.312,907,156.4,52.498,124.436,0
56.911,330.061,0.00302974,0.01858649179951997,-3.98532021,35.786,7.081,295,128.879,47.808,138.349,0
136.517,409.667,0.00244101,0.5183380545662623,-0.65712763,40.252,8.469,192,159.666,40.892,215.285,0
105.638,378.788,0.00264,0.1682922176667807,-1.78205342,38.142,8.412,1164,156.501,54.696,87.973,0
79.916,353.066,0.00283233,0.05673686669609859,-2.86933107,37.328,12.712,427,225.868,53.605,204.618,0
123.562,396.712,0.00252072,0.3302991810509205,-1.10775643,42.648,12.416,152,131.135,50.196,67.117,0
85.951,359.101,0.00278473,0.07425544687196182,-2.60024415,37.611,14.971,498,222.42,48.592,190.334,0
111.379,384.529,0.00260058,0.2102967772066472,-1.55923552,43.592,5.22,352,59.718,54.731,185.953,0
108.115,381.265,0.00262285,0.1854270293841395,-1.68509385,43.27,13.563,529,145.92,42.091,122.912,0
109.32,382.47,0.00261458,0.1942946478073603,-1.63837947,41.892,7.283,998,251.311,49.334,190.655,0
96.408,369.558,0.00270594,0.1159266670063494,-2.15479747,41.262,11.666,216,297.425,45.568,74.428,0
48.629,321.779,0.00310772,0.01196044620947492,-4.42615022,43.011,4.155,300,141.883,38.534,209.396,0
65.05,338.2,0.00295683,0.02806768781360181,-3.57313626,42.825,13.722,701,166.21,55.237,94.339,0
72.869,346.019,0.00289001,0.04094931647214579,-3.19542016,35.974,6.985,1033,245.161,49.696,97.407,0
113.792,386.942,0.00258437,0.2304880058498133,-1.46755645,40.467,13.623,459,217.196,43.873,208.927,0
78.512,351.662,0.00284364,0.05322343374577412,-2.9332565,45.017,4.433,1055,275.721,48.328,20.777,0
39.189,312.339,0.00320165,0.007033101577694329,-4.95712748,38.142,8.018,449,170.366,37.756,160.134,0
30.088,303.238,0.00329774,0.004085395759779699,-5.50033667,36.633,1.036,172,39.66,55.12,48.274,0
46.296,319.446,0.00313042,0.0105202179083741,-4.55445636,42.069,12.221,483,112.564,54.598,165.964,0
105.167,378.317,0.00264329,0.1651941403026159,-1.80063389,42.248,4.768,1175,235.203,46.032,93.021,0
21.111,294.261,0.00339834,0.002313341609421777,-6.06906222,38.934,4.541,507,186.973,45.495,220.839,0
138.552,411.702,0.00242894,0.5549267438990821,-0.58891917,48.131,13.737,498,101.209,42.394,176.046,0
27.009,300.159,0.00333157,0.003374292723975792,-5.69156954,40.585,5.543,548,16.019,42.319,221.859,0
27.438,300.588,0.00332681,0.0034662221974729,-5.66468998,37.286,1.15,1051,257.615,46.374,124.15,0
128.082,401.232,0.00249232,0.3878150477815103,-0.94722673,44.21,3.247,568,52.204,43.792,229.329,0
104.634,377.784,0.00264702,0.1617479411485131,-1.82171607,39.584,8.551,705,104.7,54.341,103.074,0
98.847,371.997,0.00268819,0.1281565315966611,-2.05450286,39.265,1.176,794,260.293,40.114,195.019,0
130.262,403.412,0.00247886,0.4184955599944299,-0.871089,43.835,10.821,1155,294.051,40.705,141.602,0
86.613,359.763,0.00277961,0.07643790768391093,-2.57127653,35.763,5.456,1145,286.444,51.81,173.52,0
94.415,367.565,0.00272061,0.1066993504099853,-2.23774021,43.039,1.322,914,239.212,48.474,218.249,0
50.581,323.731,0.00308898,0.01329697663449762,-4.32021859,35.524,2.927,879,103.59,52.994,47.311,0
115.644,388.794,0.00257206,0.2470995962112824,-1.3979638,39.815,11.528,735,228.878,52.603,27.843,0
130.818,403.968,0.00247544,0.4266454655946623,-0.8518019,45.849,6.489,348,183.9,54.496,115.778,0
45.123,318.273,0.00314196,0.00985597380443169,-4.61967753,39.699,13.319,527,198.716,47.886,159.863,0
83.463,356.613,0.00280416,0.06653181553752074,-2.71007502,42.197,5.647,271,235.428,55.516,140.863,0
44.126,317.276,0.00315183,0.009320939100015482,-4.67549189,43.801,5.808,509,295.229,39.832,53.052,0
81.143,354.293,0.00282252,0.05997188004916826,-2.81387949,44.096,3.707,475,31.568,44.005,222.728,0
72.655,345.805,0.0028918,0.04053738644853535,-3.20553061,40.455,11.387,268,216.792,45.572,190.779,0
112.997,386.147,0.00258969,0.2236584939851868,-1.49763497,41.749,1.218,1066,70.34,45.254,147.835,0
67.338,340.488,0.00293696,0.03140420967830244,-3.46081333,37.396,2.023,805,147.584,47.065,5.334,0
124.763,397.913,0.00251311,0.3448152094294917,-1.06474663,40.224,5.769,1074,11.233,45.766,233.669,0
134.306,407.456,0.00245425,0.4809425426081615,-0.73200747,43.526,4.696,647,55.387,53.332,196.168,0
44.983,318.133,0.00314334,0.009779235766825765,-4.62749394,36.61,6.775,703,255.078,49.866,153.13,0
48.999,322.149,0.00310415,0.01220423368640849,-4.40597236,39.197,3.974,863,280.128,44.021,100.516,0
36.884,310.034,0.00322545,0.00614762331265992,-5.09168973,37.356,3.702,233,69.496,41.649,199.036,0
73.67,346.82,0.00288334,0.04252395986319742,-3.1576876,39.199,14.747,409,96.627,41.481,136.237,0
91.391,364.541,0.00274318,0.09391904258693211,-2.36532212,43.059,9.932,485,104.141,40.56,113.163,0
131.701,404.851,0.00247004,0.4398681008804692,-0.82128037,45.248,8.932,1189,241.912,45.338,114.444,0
66.696,339.846,0.00294251,0.03043451761864184,-3.49217787,43.811,13.17,127,152.219,42.09,192.989,0
41.062,314.212,0.00318256,0.007834340254004354,-4.84923861,43.783,9.755,179,284.098,52.009,72.322,0
93.833,366.983,0.00272492,0.1041283223644704,-2.26213127,43.245,7.573,1113,129.892,40.966,134.86,0
56.387,329.537,0.00303456,0.01808712730338164,-4.01255479,36.299,4.926,894,76.006,39.793,38.763,0
69.13,342.28,0.00292158,0.03425616374170865,-3.37388877,44.567,13.002,618,257.947,38.252,169.428,0
34.484,307.634,0.00325062,0.00533246987825373,-5.23394076,38.195,3.67,188,82.266,40.194,202.842,0
74.103,347.253,0.00287974,0.04339709252782636,-3.13736283,37.724,13.48,269,229.257,48.472,55.08,0
23.531,296.681,0.00337062,0.002705799166156861,-5.91235797,37.296,14.644,921,273.999,55.483,18.285,0
83.356,356.506,0.002805,0.06621602127235511,-2.71483283,43.154,6.716,313,52.574,56.107,17.966,0
26.665,299.815,0.00333539,0.003302158668477108,-5.71317888,41.16,6.416,287,25.34,41.637,20.761,0
81.993,355.143,0.00281577,0.06230645420524368,-2.77569026,40.611,5.382,943,221.649,41.784,176.018,0
31.934,305.084,0.00327779,0.004573233580316692,-5.38753476,43.424,7.6,1062,76.987,41.211,228.398,0
96.625,369.775,0.00270435,0.1169720165630399,-2.14582055,39.357,4.135,746,284.923,48.29,22.56,0
87.88,361.03,0.00276985,0.08077144984587609,-2.51613172,41.971,8.084,990,91.258,50.986,35.564,0
97.969,371.119,0.00269455,0.1236308201082872,-2.09045541,36.541,11.138,927,168.474,51.293,201.639,0
112.417,385.567,0.00259358,0.218786851677297,-1.5196573,41.967,1.066,192,223.445,51.452,145.57,0
68.175,341.325,0.00292976,0.03270918462803089,-3.42009937,43.775,11.62,784,61.297,42.922,100.559,0
25.354,298.504,0.00335004,0.003039720558143649,-5.79598969,35.516,5.683,163,289.561,53.345,177.714,0
43.31,316.46,0.00315996,0.00890239294037367,-4.72143517,41.309,6.028,793,115.905,41.99,65.828,0
50.205,323.355,0.00309258,0.01302969881755349,-4.340524,38.299,7.594,457,204.941,48.862,85.714,0
103.811,376.961,0.00265279,0.1565490396429885,-1.85438597,38.67,13.532,185,181.406,40.7,69.716,0
55.191,328.341,0.00304561,0.01699150444186104,-4.0750418,42.858,6.111,410,276.146,52.412,121.219,0
25.058,298.208,0.00335336,0.002983113805781187,-5.81478762,44.554,9.786,934,142.347,48.586,199.736,0
66.825,339.975,0.00294139,0.03062721957389905,-3.48586614,37.617,10.591,874,287.553,54.446,154.617,0
106.625,379.775,0.00263314,0.1749479535349283,-1.74326676,43.475,1.647,303,263.064,45.159,33.325,0
80.623,353.773,0.00282667,0.05858170745221461,-2.83733279,42.946,3.782,250,168.609,42.283,17.853,0
111.311,384.461,0.00260104,0.2097506630146434,-1.56183577,42.226,3.515,927,230.086,51.859,87.631,0
47.858,321.008,0.00311519,0.01146626574496938,-4.46834597,44.829,3.626,441,289.883,39.007,102.49,0
132.964,406.114,0.00246236,0.4593905545020163,-0.77785455,39.541,3.091,276,211.081,55.506,23.08,0
107.177,380.327,0.00262932,0.1787687336660734,-1.7216623,45.026,12.528,685,117.764,42.888,8.005,0
46.71,319.86,0.00312637,0.01076396463046949,-4.53155133,44.746,3.245,239,39.447,39.429,72.071,0
72.797,345.947,0.00289062,0.04081031502236573,-3.19882041,44.337,7.658,396,69.581,43.715,104.324,0
121.463,394.613,0.00253413,0.3061887020723595,-1.18355369,44.295,4.806,593,22.514,52.601,178.583,0
36.901,310.051,0.00322528,0.006153772513254987,-5.09068997,35.136,8.94,708,101.074,52.966,7.327,0
26.718,299.868,0.0033348,0.003313181724769449,-5.70984631,44.765,10.871,564,158.768,45.164,193.226,0
40.61,313.76,0.00318715,0.007633896542981022,-4.87515688,44.312,8.345,697,78.135,51.213,130.389,0
50.507,323.657,0.00308969,0.01324399364154942,-4.32421114,37.38,6.68,1114,97.916,52.636,231.041,0
115.683,388.833,0.0025718,0.2474602234539371,-1.39650542,43.999,3.751,414,97.52,50.207,215.378,0
138.327,411.477,0.00243027,0.5507757883512526,-0.59642747,43.488,7.918,774,62.6,40.01,246.645,0
109.043,382.193,0.00261648,0.1922243908900903,-1.64909189,37.193,7.039,756,51.771,43.946,76.197,0
132.559,405.709,0.00246482,0.453051150909325,-0.79175024,39.47,3.716,924,187.336,50.347,151.749,0
53.122,326.272,0.00306493,0.01523405528182807,-4.18422188,38.665,7.073,261,245.294,38.498,236.807,0
128.196,401.346,0.00249162,0.3893701973319208,-0.94322472,39.55,10.363,827,106.273,44.565,57.958,0
136.535,409.685,0.0024409,0.5186524122303879,-0.65652135,43.433,11.902,240,119.472,45.419,49.223,0
105.55,378.7,0.00264061,0.1677095912430102,-1.78552142,38.1,5.82,135,43.849,43.975,96.256,0
74.147,347.297,0.00287938,0.04348669129886005,-3.13530033,37.18,7.077,314,99.427,51.657,191.61,0
80.85,354.0,0.00282486,0.05918506496620365,-2.82708605,42.895,4.872,875,44.185,37.743,197.495,0
71.151,344.301,0.00290444,0.03774350866233491,-3.27694177,40.234,10.109,974,173.96,54.55,106.674,0
139.885,413.035,0.0024211,0.5800711955587259,-0.54460443,41.439,14.746,294,234.927,37.913,101.379,0
89.892,363.042,0.0027545,0.088093853351068,-2.42935252,44.296,4.035,762,248.91,53.869,143.208,0
63.627,336.777,0.00296932,0.02615370980968197,-3.64376423,41.19,5.768,225,100.747,56.296,32.091,0
20.578,293.728,0.00340451,0.002234086214910127,-6.10392299,39.375,8.362,879,143.298,39.652,39.948,0
92.97,366.12,0.00273134,0.1004152168408561,-2.29844152,38.855,14.206,1050,197.116,54.244,10.231,0
31.536,304.686,0.00328207,0.004463868924896476,-5.41173942,41.921,8.894,737,141.703,53.874,71.682,0
117.489,390.639,0.00255991,0.264665022070206,-1.32929032,39.55,1.218,746,131.476,54.849,162.833,0
130.001,403.151,0.00248046,0.4147160618571978,-0.88016118,42.179,5.917,532,79.56,44.564,228.668,0
93.875,367.025,0.00272461,0.1043120384750275,-2.2603685,42.897,7.297,603,221.083,41.838,204.122,0
110.913,384.063,0.00260374,0.2065787965676494,-1.57707336,40.886,2.817,118,44.321,52.252,111.182,0
31.834,304.984,0.00327886,0.004545532538991674,-5.39361039,42.769,5.91,276,30.861,43.067,112.813,0
59.219,332.369,0.0030087,0.02093390016611965,-3.86638542,37.181,9.316,713,88.079,55.42,100.627,0
116.905,390.055,0.00256374,0.2589921975965079,-1.35095734,40.595,12.622,1136,22.707,39.201,52.075,0
66.513,339.663,0.00294409,0.03016297980914659,-3.50113994,43.865,11.522,439,295.057,39.484,101.831,0
133.31,406.46,0.00246027,0.4648664586810254,-0.7660051,42.531,8.487,915,77.201,41.998,8.395,0
22.146,295.296,0.00338643,0.002474473401713643,-6.00172767,37.029,11.725,992,96.757,49.042,94.559,0
96.045,369.195,0.0027086,0.1141961433885621,-2.16983775,38.395,8.514,189,25.35,37.635,27.441,0
50.581,323.731,0.00308898,0.01329697663449762,-4.32021859,45.011,14.188,313,73.783,51.567,148.791,0
43.108,316.258,0.00316198,0.00880139550001685,-4.73284499,43.805,7.087,302,198.496,47.738,143.758,0
98.058,371.208,0.00269391,0.1240831625847607,-2.08680327,38.331,8.079,1186,34.591,55.139,121.447,0
95.423,368.573,0.00271317,0.1112830711999127,-2.19567813,43.764,7.188,956,253.986,50.197,240.12,0
83.931,357.081,0.00280049,0.06792856494540593,-2.68929864,38.217,3.27,948,94.375,44.879,34.374,0
137.036,410.186,0.00243792,0.5274676887226752,-0.63966767,47.828,13.458,706,121.662,42.477,206.172,0
99.407,372.557,0.00268415,0.1311176384073925,-2.03166036,45.093,5.774,586,89.156,53.641,216.59,0
78.025,351.175,0.00284758,0.05205005344168067,-2.95554946,37.03,5.659,290,164.332,48.982,21.614,0
31.642,304.792,0.00328093,0.004492765807977675,-5.40528677,35.237,10.98,929,158.645,50.055,95.955,0
24.461,297.611,0.00336009,0.00287180426377592,-5.85281478,39.127,6.925,189,174.719,42.333,103.337,0
110.103,383.253,0.00260924,0.2002512862147386,-1.60818227,38.558,11.489,869,279.627,49.832,156.136,0
118.134,391.284,0.00255569,0.2710545204243099,-1.3054353,39.281,7.464,311,17.684,46.163,152.47,0
53.742,326.892,0.00305911,0.01574299508205146,-4.15135977,40.875,4.037,692,260.356,49.118,164.724,0
129.939,403.089,0.00248084,0.4138225641653921,-0.88231799,43.634,11.027,777,237.001,43.72,219.797,0
77.543,350.693,0.0028515,0.05091108987311908,-2.9776745,40.04,8.696,1108,56.685,43.041,165.672,0
80.32,353.47,0.00282909,0.05778473339062828,-2.85103067,43.422,2.839,282,39.63,38.352,180.735,0
26.883,300.033,0.00333297,0.003347709699349225,-5.69947884,35.39,7.67,759,161.891,43.187,232.21,0
126.25,399.4,0.00250376,0.3635446731672339,-1.01185309,41.596,5.224,674,58.816,42.134,230.137,0
113.161,386.311,0.00258859,0.2250528626481803,-1.49141996,37.904,11.896,356,199.262,38.264,18.388,0
109.559,382.709,0.00261295,0.1960963641528042,-1.62914909,39.691,8.008,544,187.267,38.956,174.697,0
83.14,356.29,0.0028067,0.06558251871645372,-2.7244461,40.86,12.728,693,255.992,38.183,85.375,0
94.842,367.992,0.00271745,0.1086206095805731,-2.21989411,42.21,9.21,516,247.809,55.476,83.178,0
60.1,333.25,0.00300075,0.02189667294705894,-3.82142057,41.504,4.509,428,116.161,54.117,14.596,0
95.943,369.093,0.00270934,0.1137139410764382,-2.17406927,40.094,3.325,749,62.611,53.258,119.321,0
132.74,405.89,0.00246372,0.4558749943973301,-0.78553664,48.723,7.589,610,213.455,48.195,177.394,1
42.25,315.4,0.00317058,0.008383654447769687,-4.78147137,40.856,7.937,272,297.539,41.19,35.156,0
46.8,319.95,0.00312549,0.01081761102741068,-4.52657982,41.244,1.705,1069,213.59,38.206,196.139,0
85.12,358.27,0.00279119,0.07159297340996297,-2.63675835,40.271,8.985,288,55.897,45.661,223.689,0
123.017,396.167,0.00252419,0.3238872574465511,-1.12735979,42.717,14.56,1128,211.308,39.088,208.284,0
79.103,352.253,0.00283887,0.05467845012586055,-2.90628561,38.481,1.689,348,157.285,54.93,16.42,0
120.681,393.831,0.00253916,0.2976017260564409,-1.21199918,46.089,10.728,1113,209.483,53.012,43.364,0
75.39,348.54,0.00286911,0.04608582211127331,-3.07724992,38.501,2.147,742,16.343,49.38,24.289,0
62.383,335.533,0.00298033,0.02457566289866872,-3.70599864,42.564,8.25,1092,80.193,37.731,167.065,0
25.511,298.661,0.00334828,0.003070133334090731,-5.78603429,37.734,14.445,990,299.759,38.523,221.967,0
23.155,296.305,0.0033749,0.002641158979916321,-5.93653745,35.169,14.982,634,292.313,46.185,189.582,0
96.53,369.68,0.00270504,0.1165133711086074,-2.14974924,40.513,3.746,796,161.502,41.771,104.173,0
90.028,363.178,0.00275347,0.08860903783131877,-2.42352142,43.89,8.459,302,100.702,41.599,89.647,0
67.442,340.592,0.00293606,0.03156382483749579,-3.4557436,38.624,5.633,215,62.473,56.308,19.627,0
79.459,352.609,0.002836,0.05557160974397448,-2.89008282,39.241,9.222,715,150.316,56.344,21.588,0
47.695,320.845,0.00311677,0.01136413770328883,-4.4772927,41.995,14.838,977,180.155,53.99,183.149,0
101.876,375.026,0.00266648,0.1448925553085669,-1.93176281,38.836,9.362,1076,85.472,44.325,176.389,0
134.753,407.903,0.00245156,0.4883106615485852,-0.71680347,48.794,12.397,1018,154.862,50.14,12.758,0
62.053,335.203,0.00298327,0.02417139699342075,-3.72258529,35.429,10.383,182,86.523,51.842,9.33,0
64.747,337.897,0.00295948,0.02765011865833284,-3.58812526,38.301,2.189,775,262.391,53.355,219.434,0
20.665,293.815,0.0034035,0.002246854300521134,-6.09822413,35.187,9.635,1163,252.543,43.328,176.342,0
76.595,349.745,0.00285923,0.04873450019652879,-3.02136808,38.445,10.016,650,116.968,54.42,219.378,0
36.518,309.668,0.00322926,0.006016554541384489,-5.11324052,37.473,2.32,723,115.593,47.444,54.846,0
94.724,367.874,0.00271832,0.1080866909922211,-2.22482168,43.536,10.726,157,47.818,40.538,83.579,0
134.155,407.305,0.00245516,0.4784751339245545,-0.73715104,45.073,8.191,810,109.786,54.047,86.024,0
54.365,327.515,0.0030533,0.01626948561905069,-4.11846397,38.489,3.051,803,286.008,52.019,70.55,0
38.238,311.388,0.00321143,0.006654886085215787,-5.01240394,43.162,5.483,354,78.071,40.413,26.646,0
82.706,355.856,0.00281013,0.06432564243880765,-2.74379693,44.868,9.043,606,55.877,47.605,194.946,0
23.228,296.378,0.00337407,0.002653599574017418,-5.93183823,38.12,11.152,109,216.878,47.647,61.214,0
136.626,409.776,0.00244036,0.5202441613799743,-0.65345704,43.278,6.833,987,253.71,49.607,143.152,0
91.835,364.985,0.00273984,0.09570761249774859,-2.34645744,39.382,6.067,1007,234.774,55.972,90.966,0
113.033,386.183,0.00258945,0.2239639342567754,-1.49627025,46.757,11.527,208,291.465,55.819,207.741,0
29.104,302.254,0.00330848,0.003844821549684569,-5.56102809,39.245,4.046,270,36.005,38.864,197.646,0
94.43,367.58,0.0027205,0.1067663375043348,-2.23711259,40.705,1.871,1126,250.186,37.87,208.138,0
94.036,367.186,0.00272342,0.105018898992574,-2.25361495,39.71,1.042,304,109.001,55.729,43.006,0
29.432,302.582,0.00330489,0.003923568306459504,-5.54075376,44.133,9.235,1006,254.832,47.501,49.407,0
103.307,376.457,0.00265635,0.1534372908096778,-1.87446332,40.071,3.654,767,262.329,37.648,41.949,0
86.128,359.278,0.00278336,0.07483357935418725,-2.59248857,42.55,3.636,650,65.696,38.357,213.458,0
114.658,387.808,0.0025786,0.2381315537569913,-1.43493201,45.456,8.589,1132,92.886,43.596,147.598,0
91.402,364.552,0.00274309,0.09396299977734326,-2.36485419,44.872,9.972,453,285.333,40.685,100.471,0
116.057,389.207,0.00256933,0.2509416584891016,-1.3825348,41.928,11.974,459,219.292,41.489,159.824,0
40.982,314.132,0.00318338,0.007798526425715437,-4.85382048,43.862,1.543,1184,17.421,39.184,138.074,0
63.784,336.934,0.00296794,0.02635907796071964,-3.63594255,44.8,5.923,355,189.785,56.267,172.659,0
58.251,331.401,0.00301749,0.0199192983734927,-3.91606625,37.517,2.559,1146,260.2,47.992,135.494,0
26.54,299.69,0.00333678,0.00327629062754763,-5.7210434,43.581,13.063,1016,146.24,48.333,85.695,0
76.766,349.916,0.00285783,0.04912097528949295,-3.01346914,39.315,4.417,214,192.987,48.73,47.127,0
102.549,375.699,0.00266171,0.1488582952871648,-1.90476046,42.089,13.464,960,195.905,51.544,33.728,0
97.694,370.844,0.00269655,0.1222421717089958,-2.10175119,44.64,4.365,518,48.183,48.429,64.904,0
30.966,304.116,0.00328822,0.004311304639121463,-5.44651472,39.006,10.11,1152,228.224,52.214,42.904,0
89.798,362.948,0.00275522,0.08773929755685445,-2.43338539,45.277,13.963,240,74.787,53.531,110.868,0
53.134,326.284,0.00306481,0.01524376591184289,-4.18358465,40.836,10.66,1044,299.82,38.323,56.671,0
30.985,304.135,0.00328801,0.004316314165538517,-5.44535344,40.413,12.825,209,41.143,52.8,133.822,0
98.618,371.768,0.00268985,0.1269624842672916,-2.06386364,41.547,7.167,895,92.282,41.809,150.567,0
95.007,368.157,0.00271623,0.1093710366336033,-2.21300917,36.221,7.551,938,281.501,53.752,121.443,0
64.96,338.11,0.00295762,0.02794308164142641,-3.57758564,41.151,1.614,989,79.916,37.677,119.492,0
57.347,330.497,0.00302575,0.01901123428273839,-3.9627252,38.598,9.373,624,132.964,40.223,172.847,0
113.436,386.586,0.00258675,0.2274078266352972,-1.48101028,37.872,13.885,445,17.226,39.39,112.623,0
83.003,356.153,0.00280778,0.06518346477424598,-2.73054945,39.683,11.76,399,282.35,41.498,111.033,0
123.191,396.341,0.00252308,0.3259226336383948,-1.12109525,40.873,11.577,591,146.852,53.624,14.048,0
54.767,327.917,0.00304955,0.01661741856688193,-4.09730382,43.137,5.421,1172,16.704,40.382,97.676,0
78.898,352.048,0.00284052,0.05416985332395446,-2.91563074,43.942,6.492,610,145.455,38.967,5.649,0
119.269,392.419,0.0025483,0.2826210686977202,-1.26364826,40.725,2.144,441,57.942,50.95,127.265,0
116.262,389.412,0.00256797,0.2528677899375567,-1.3748885,44.782,8.401,939,55.934,38.277,146.81,0
130.863,404.013,0.00247517,0.4273109895460437,-0.85024322,39.378,9.856,905,120.785,50.088,130.409,0
97.137,370.287,0.00270061,0.1194709926393153,-2.12468168,42.477,7.549,335,15.18,38.3,145.585,0
83.594,356.744,0.00280313,0.06692023350319665,-2.70425391,45.362,3.731,1036,43.332,41.574,35.194,1
58.543,331.693,0.00301484,0.02022068193902425,-3.90104934,36.973,7.615,522,60.847,54.108,244.499,0
24.851,298.001,0.00335569,0.002944089541179816,-5.82795566,43.051,7.616,1001,145.861,51.665,180.028,0
52.414,325.564,0.00307159,0.01467072365114323,-4.22190136,40.243,6.452,584,50.853,41.319,195.734,0
115.055,388.205,0.00257596,0.2417080560928369,-1.42002466,41.661,13.67,532,282.663,44.515,81.959,0
28.325,301.475,0.00331702,0.003663426254361471,-5.60935643,44.903,13.61,135,276.288,44.95,160.174,0
120.025,393.175,0.0025434,0.2905589942991038,-1.23594864,44.806,13.017,861,96.751,43.496,41.657,0
135.859,409.009,0.00244493,0.5069578186994629,-0.67932748,44.255,6.871,821,162.875,48.16,167.418,0
74.201,347.351,0.00287893,0.04359687516119149,-3.1327698,38.767,12.372,926,65.601,39.395,102.994,0
109.937,383.087,0.00261037,0.198975431941141,-1.61457392,42.754,2.652,262,61.872,49.378,203.383,0
111.078,384.228,0.00260262,0.207888700175391,-1.57075244,46.541,9.342,298,50.295,41.911,169.829,0
80.791,353.941,0.00282533,0.05902772468288725,-2.82974804,37.952,11.921,985,250.658,54.902,162.852,0
90.039,363.189,0.00275339,0.08865082170509823,-2.42304998,45.258,12.409,468,233.143,44.334,109.09,0
51.114,324.264,0.00308391,0.01368417425666808,-4.29151528,41.761,8.43,1127,209.798,55.411,53.154,0
59.993,333.143,0.00300171,0.02177769504025011,-3.826869,39.77,4.708,965,19.684,49.245,239.908,0
42.243,315.393,0.00317065,0.008380320036781845,-4.78186917,42.716,5.332,934,22.064,43.861,74.252,0
139.082,412.232,0.00242582,0.564810313060448,-0.57126533,43.243,5.863,1110,143.312,45.481,93.852,0
135.18,408.33,0.002449,0.4954391027040286,-0.70231083,43.977,13.596,864,247.978,48.505,54.25,0
137.371,410.521,0.00243593,0.5334333243554498,-0.62842119,47.578,9.268,645,270.291,40.077,140.022,0
34.943,308.093,0.00324577,0.005480473094368428,-5.20656385,36.72,2.956,823,217.384,41.768,176.26,0
130.107,403.257,0.00247981,0.4162474861512933,-0.87647528,48.459,2.064,815,274.887,52.079,137.658,1
134.287,407.437,0.00245437,0.4806314763066769,-0.73265446,45.855,10.272,345,244.764,54.276,145.545,0
66.447,339.597,0.00294467,0.03006557245724011,-3.50437453,40.759,6.047,260,73.837,45.251,95.765,0
85.202,358.352,0.00279055,0.07185193543657442,-2.63314773,45.625,5.775,458,244.414,46.493,240.576,0
75.28,348.43,0.00287002,0.0458504428116087,-3.08237042,42.271,7.253,932,191.302,41.51,242.476,0
118.944,392.094,0.00255041,0.2792664343244711,-1.27558899,43.066,13.088,157,89.105,41.455,197.939,0
90.461,363.611,0.00275019,0.09026682394382242,-2.40498528,43.535,11.761,215,77.65,54.013,125.492,0
115.101,388.251,0.00257565,0.2421254420100547,-1.41829933,40.036,2.884,502,93.357,55.105,208.726,0
44.793,317.943,0.00314522,0.009675939524892367,-4.63811294,42.282,12.28,230,179.169,47.19,26.289,0
53.968,327.118,0.003057,0.01593221720675452,-4.13941198,39.119,11.883,772,15.343,41.422,249.611,0
27.348,300.498,0.00332781,0.003446752869141663,-5.67032269,44.178,9.039,1156,181.812,56.183,243.574,0
127.717,400.867,0.00249459,0.3828716365801936,-0.9600555,45.853,7.2,503,293.265,55.271,221.508,0
136.609,409.759,0.00244046,0.5199464847943288,-0.65402939,46.88,2.021,123,88.933,42.151,172.83,1
80.601,353.751,0.00282685,0.05852351932147386,-2.83832657,39.217,9.596,607,32.055,43.657,154.498,0
67.037,340.187,0.00293956,0.03094624013729081,-3.47550377,38.031,2.306,568,246.6,51.755,136.832,0
37.926,311.076,0.00321465,0.006534807170312807,-5.03061244,44.553,11.83,793,39.85,45.692,217.827,0
58.401,331.551,0.00301613,0.0200736196766994,-3.90834878,43.283,6.447,681,151.606,54.302,238.961,0
114.457,387.607,0.00257993,0.2363382575032699,-1.44249121,43.611,13.601,737,249.678,55.567,101.173,0
68.682,341.832,0.00292541,0.03352263267332586,-3.39553447,37.666,10.023,170,74.427,46.324,181.711,0
65.511,338.661,0.00295281,0.0287136496480142,-3.55038267,37.756,7.548,821,29.328,45.872,110.781,0
70.162,343.312,0.0029128,0.03599982117247559,-3.32424131,39.907,8.507,1046,183.268,53.341,102.41,0
82.479,355.629,0.00281192,0.06367666988238209,-2.75393703,43.567,13.431,969,19.751,53.696,9.078,0
129.912,403.062,0.00248101,0.4134339765263185,-0.88325745,39.928,11.876,630,156.833,38.194,224.345,0
43.688,316.838,0.00315619,0.009094156624298442,-4.7001232,43.682,10.413,686,94.606,52.264,217.312,0
62.835,335.985,0.00297632,0.02513905077678177,-3.68333283,36.765,9.565,825,179.28,45.391,202.311,0
44.08,317.23,0.00315229,0.00929688811018243,-4.67807555,37.386,13.553,428,98.276,38.222,42.938,0
25.556,298.706,0.00334777,0.003078900404136068,-5.78318276,40.5,4.708,615,169.38,38.898,126.35,0
56.676,329.826,0.0030319,0.01836105396114169,-3.99752349,44.672,11.401,166,171.156,53.81,73.109,0
35.905,309.055,0.00323567,0.005802598224582786,-5.14944949,41.954,5.174,474,268.175,46.379,211.228,0
93.664,366.814,0.00272618,0.1033919264779265,-2.2692284,43.387,10.89,858,114.397,46.025,84.764,0
137.591,410.741,0.00243462,0.5373823489545966,-0.62104543,40.971,9.715,370,129.792,49.531,216.866,0
130.567,403.717,0.00247698,0.4229495946214749,-0.86050227,38.544,4.342,818,158.934,50.38,37.157,0
38.52,311.67,0.00320852,0.006765104081086592,-4.99597763,35.118,11.124,315,96.621,54.291,193.348,0
136.921,410.071,0.0024386,0.5254329781028197,-0.64353264,46.326,1.161,1167,207.432,43.858,40.742,1
80.932,354.082,0.0028242,0.05940435051713725,-2.82338781,44.021,11.503,554,162.254,50.059,28.235,0
133.582,406.732,0.00245862,0.4692103610412837,-0.75670408,42.48,7.26,643,117.439,55.335,145.376,0
68.919,342.069,0.00292339,0.033908944783008,-3.38407644,35.629,9.837,1123,208.163,50.483,119.035,0
34.85,308.0,0.00324675,0.005450193240871414,-5.21210421,41.33,12.932,272,198.631,50.897,82.526,0
77.435,350.585,0.00285238,0.05065890113341696,-2.98264033,44.332,4.299,684,154.424,42.524,223.065,0
90.42,363.57,0.0027505,0.09010870127239573,-2.40673855,42.605,11.235,652,81.046,39.838,222.9,0
101.42,374.57,0.00266973,0.1422578889796925,-1.95011375,43.065,1.864,437,109.693,45.516,243.465,0
41.419,314.569,0.00317895,0.007995947598305886,-4.82882042,39.151,14.547,350,21.25,44.254,186.468,0
138.371,411.521,0.00243001,0.5515854373860163,-0.59495853,43.273,4.083,412,198.737,48.882,224.588,0
100.805,373.955,0.00267412,0.1387704355125356,-1.97493425,45.271,12.475,540,91.623,45.702,59.438,0
37.327,310.477,0.00322085,0.006309663138098252,-5.06567299,43.631,11.056,150,253.459,48.576,74.921,0
105.63,378.78,0.00264005,0.1682391792975962,-1.78236863,37.684,5.939,364,295.261,52.11,242.448,0
93.978,367.128,0.00272385,0.1047637748163191,-2.25604723,39.191,8.127,424,122.388,46.587,19.962,0
36.429,309.579,0.00323019,0.00598506119953152,-5.11848871,42.677,10.245,637,97.931,40.443,222.052,0
59.019,332.169,0.00301052,0.02072061213426133,-3.87662632,38.485,8.199,1155,99.975,45.28,14.182,0
109.934,383.084,0.00261039,0.1989524391324012,-1.61468948,46.308,5.303,315,193.733,38.773,103.705,0
30.235,303.385,0.00329614,0.004122465925290801,-5.49130377,35.386,1.502,617,124.827,48.627,11.216,0
115.822,388.972,0.00257088,0.2487492303584896,-1.39131,43.222,5.917,340,82.061,38.478,92.309,0
109.066,382.216,0.00261632,0.1923955601867099,-1.64820182,42.169,6.395,1136,132.797,47.342,20.154,0
121.833,394.983,0.00253175,0.3103253277205644,-1.17013409,44.032,13.274,784,252.448,50.241,135.227,0
48.028,321.178,0.00311354,0.01157364559108666,-4.4590247,44.839,1.977,307,58.147,48.3,236.67,0
119.124,392.274,0.00254924,0.2811201228058142,-1.26897322,41.031,11.16,929,46.951,39.141,97.469,0
87.823,360.973,0.00277029,0.0805719852756928,-2.51860427,39.503,8.402,557,28.985,53.981,62.326,0
136.723,409.873,0.00243978,0.5219454582558258,-0.65019218,39.621,10.524,1090,270.43,44.775,92.898,0
31.013,304.163,0.00328771,0.004323706093800186,-5.44364235,36.201,5.204,1089,208.591,52.502,65.516,0
92.2,365.35,0.0027371,0.0972000889211621,-2.33098365,37.159,1.859,983,105.031,42.176,177.248,0
64.978,338.128,0.00295746,0.02796796384164267,-3.57669557,43.744,14.063,168,66.412,40.346,245.67,0
40.779,313.929,0.00318543,0.007708301128707264,-4.86545746,41.384,9.039,771,119.17,50.338,197.6,0
66.388,339.538,0.00294518,0.02997873059499072,-3.50726713,42.78,10.095,337,221.42,40.652,203.455,0
51.174,324.324,0.00308334,0.01372838017323284,-4.28829004,38.37,7.939,189,77.009,55.752,5.516,0
95.674,368.824,0.00271132,0.112450731550998,-2.1852401,39.615,13.043,813,74.221,45.64,239.158,0
87.927,361.077,0.00276949,0.08093624449944262,-2.51409354,40.035,5.904,1037,229.507,54.179,153.321,0
113.832,386.982,0.0025841,0.2308363331247097,-1.46604633,41.805,1.17,719,287.096,51.119,229.957,0
26.306,299.456,0.00333939,0.003228352174211757,-5.73578343,36.451,5.933,1190,108.369,37.874,58.969,0
98.689,371.839,0.00268934,0.1273316533228119,-2.06096015,45.079,13.711,471,117.089,42.715,125.8,0
69.697,342.847,0.00291675,0.03520474044971354,-3.34657453,41.496,13.528,497,44.619,52.311,247.853,0
57.275,330.425,0.00302641,0.01894050795110203,-3.96645237,36.112,10.03,1115,292.95,54.082,173.711,0
60.118,333.268,0.00300059,0.02191674416236324,-3.82050436,35.384,3.052,777,69.36,47.364,182.555,0
97.566,370.716,0.00269748,0.1216004542598318,-2.10701457,39.376,5.859,830,181.739,39.983,6.444,0
121.742,394.892,0.00253234,0.3093035093121958,-1.17343225,42.165,13.639,700,32.039,54.725,207.392,0
135.454,408.604,0.00244736,0.5000600634975501,-0.69302706,40.813,3.511,836,127.075,52.273,178.115,0
25.693,298.843,0.00334624,0.003105729272297958,-5.77450672,44.958,10.411,1076,185.795,46.245,218.193,0
76.526,349.676,0.00285979,0.04857931020740025,-3.02455755,40.884,9.041,491,133.985,55.605,111.027,0
34.91,308.06,0.00324612,0.005469711516782699,-5.2085294,43.945,11.212,128,226.363,48.443,120.891,0
44.732,317.882,0.00314582,0.009642981974179283,-4.64152488,41.405,1.569,112,36.194,44.296,128.581,0
121.865,395.015,0.00253155,0.3106853379485046,-1.16897465,42.185,3.358,1138,217.886,43.774,217.758,0
104.525,377.675,0.00264778,0.1610509073400629,-1.82603477,43.88,3.71,507,18.406,49.49,186.47,0
79.909,353.059,0.00283239,0.05671885813104411,-2.86964853,38.706,3.478,947,12.043,54.146,183.924,0
103.157,376.307,0.0026574,0.1525215908497393,-1.88044911,37.799,11.858,269,259.092,40.978,174.606,0
118.844,391.994,0.00255106,0.2782411636705029,-1.27926705,43.229,10.037,678,38.987,40.033,95.259,0
77.05,350.2,0.00285551,0.04976877583720628,-3.00036748,42.25,11.524,134,24.485,53.399,5.24,0
129.788,402.938,0.00248177,0.4116533669845074,-0.88757363,46.753,4.44,878,192.213,50.061,75.085,1
68.66,341.81,0.0029256,0.03348696949532717,-3.39659889,43.982,5.868,777,245.75,54.883,9.709,0
24.738,297.888,0.00335697,0.002922979703430627,-5.83515174,35.975,7.781,197,69.416,45.616,144.166,0
40.196,313.346,0.00319136,0.00745431826517096,-4.89896178,43.653,11.08,1196,138.504,52.187,123.371,0
21.956,295.106,0.00338861,0.002444161378997431,-6.01405321,38.107,7.061,708,186.093,47.495,209.894,0
132.745,405.895,0.00246369,0.4559532145782185,-0.78536507,46.932,7.416,145,204.743,38.985,229.392,0
33.773,306.923,0.00325815,0.005110235558680554,-5.27650978,39.98,4.49,146,134.342,48.291,241.554,0
103.658,376.808,0.00265387,0.1555986721977793,-1.8604752,45.861,3.741,1105,153.517,55.062,51.747,1
138.607,411.757,0.00242862,0.5559454773079218,-0.58708505,48.797,7.568,630,191.169,45.442,128.514,1
32.761,305.911,0.00326892,0.004808156404798774,-5.33744155,39.424,7.218,794,131.107,50.548,212.148,0
76.066,349.216,0.00286356,0.04755573201620583,-3.04585295,43.261,9.343,222,42.426,41.986,136.27,0
105.172,378.322,0.00264325,0.1652267673603063,-1.8004364,45.177,5.368,855,84.14,50.14,35.961,0
87.066,360.216,0.00277611,0.07796341194283156,-2.55151564,40.22,10.031,167,147.604,38.794,24.953,0
87.254,360.404,0.00277466,0.07860427138843762,-2.54332924,37.15,14.571,118,276.409,46.575,227.123,0
132.972,406.122,0.00246231,0.4595165383742517,-0.77758035,47.903,10.031,1040,82.444,38.866,146.803,0
85.312,358.462,0.0027897,0.07220060790259879,-2.62830681,40.221,4.264,215,154.782,44.83,131.675,0
37.846,310.996,0.00321548,0.006504330004117069,-5.03528717,40.392,14.494,251,16.521,44.241,13.445,0
112.079,385.229,0.00259586,0.2159903410276253,-1.53252159,45.625,3.443,763,146.01,42.199,245.17,0
118.528,391.678,0.00255312,0.275022588585196,-1.29090204,38.303,4.36,199,148.906,48.894,87.625,0
85.429,358.579,0.00278879,0.07257308916913176,-2.6231611,42.781,9.319,726,203.32,51.784,148.525,0
32.096,305.246,0.00327605,0.004618428957429764,-5.37770068,41.196,12.688,372,175.978,37.861,107.281,0
27.034,300.184,0.00333129,0.003379589508855787,-5.69000102,39.899,14.214,338,52.697,43.007,75.487,0
69.455,342.605,0.00291881,0.03479709399511193,-3.3582214,41.726,3.639,743,203.905,44.164,124.428,0
58.703,331.853,0.00301338,0.02038752461084859,-3.8928321,40.008,3.062,547,170.757,53.095,63.939,0
54.113,327.263,0.00305565,0.01605467726185898,-4.13175505,37.207,4.213,424,221.744,47.306,9.851,0
93.613,366.763,0.00272656,0.1031705925690631,-2.27137142,45.098,8.585,809,274.408,45.516,99.719,0
115.356,388.506,0.00257396,0.2444505067058982,-1.40874242,44.244,11.189,543,206.097,39.762,224.237,0
96.853,370.003,0.00270268,0.1180791733846987,-2.13639992,40.429,10.797,620,226.503,47.284,92.402,0
58.35,331.5,0.00301659,0.02002103244079893,-3.91097194,35.413,13.224,166,76.099,46.919,85.023,0
44.274,317.424,0.00315036,0.009398695733752934,-4.66718435,37.171,6.382,1005,249.887,56.046,12.249,0
129.839,402.989,0.00248146,0.4123849167488906,-0.8857981,45.366,10.323,555,173.761,46.634,89.47,0
36.736,309.886,0.00322699,0.006094319792592591,-5.10039812,40.196,9.627,1175,222.302,54.968,90.568,0
99.763,372.913,0.00268159,0.1330307839754619,-2.01717472,37.386,14.516,811,22.767,51.271,220.088,0
54.213,327.363,0.00305471,0.01613961667186933,-4.12647837,41.943,13.359,858,95.762,47.596,157.386,0
58.02,331.17,0.0030196,0.01968369154632287,-3.92796483,38.309,3.833,287,39.012,45.81,127.62,0
109.224,382.374,0.00261524,0.1935749857160114,-1.64209032,46.768,14.518,630,112.485,44.167,135.835,0
76.533,349.683,0.00285973,0.04859503435650582,-3.02423393,44.879,5.402,980,151.057,47.146,132.757,0
94.174,367.324,0.00272239,0.1056280929126327,-2.24783091,38.498,6.391,552,267.01,48.596,48.378,0
22.494,295.644,0.00338245,0.002530866459880668,-5.97919356,41.112,9.385,553,10.901,54.562,23.391,0
29.604,302.754,0.00330301,0.003965435262398956,-5.53013965,35.083,3.438,535,23.999,46.373,246.485,0
20.071,293.221,0.0034104,0.002160964031456422,-6.13720085,40.302,4.822,443,257.144,47.895,58.876,0
125.139,398.289,0.00251074,0.3494709766825983,-1.05133476,47.102,14.981,1132,153.329,56.34,39.837,0
133.334,406.484,0.00246012,0.4652483540147256,-0.76518392,45.827,1.393,683,194.165,55.248,59.445,1
22.638,295.788,0.0033808,0.002554536168997049,-5.96988461,38.251,11.873,447,114.704,52.307,234.07,0
85.184,358.334,0.00279069,0.07179502015347124,-2.63394016,45.423,14.53,906,142.142,51.014,142.185,0
25.454,298.604,0.00334892,0.003059060432491098,-5.78964746,43.174,1.256,658,242.674,40.93,113.68,0
76.574,349.724,0.0028594,0.04868722253835579,-3.02233865,38.312,13.195,1144,96.577,56.162,57.519,0
38.059,311.209,0.00321327,0.006585756813822561,-5.02284602,39.431,13.32,143,281.924,40.834,179.905,0
57.228,330.378,0.00302684,0.01889446481540709,-3.96888627,40.057,13.842,146,46.547,44.924,231.123,0
74.692,347.842,0.00287487,0.04461002155877213,-3.10979675,41.919,1.998,468,38.37,52.544,16.038,0
66.994,340.144,0.00293993,0.03088129785262649,-3.47760453,38.504,13.68,437,159.338,40.517,23.996,0
47.675,320.825,0.00311696,0.01135166236436758,-4.47839108,38.216,13.452,318,175.119,49.234,110.481,0
52.67,325.82,0.00306918,0.0148722496852984,-4.20825824,36.543,2.993,429,159.694,55.021,129.698,0
41.296,314.446,0.0031802,0.007939936340299537,-4.83585002,38.935,2.697,258,257.928,46.627,187.804,0
51.199,324.349,0.0030831,0.01374683658461668,-4.28694655,41.434,3.381,947,234.943,52.767,77.676,0
46.387,319.537,0.00312953,0.01057337120306691,-4.54941659,41.977,11.49,726,52.15,39.918,212.884,0
85.621,358.771,0.00278729,0.07318797692888837,-2.61472412,42.07,5.929,309,81.966,45.023,45.73,0
113.829,386.979,0.00258412,0.2308101928284553,-1.46615958,40.942,13.235,796,265.242,52.48,126.675,0
107.053,380.203,0.00263017,0.1779042114709226,-1.72651001,41.771,13.103,1000,58.44,48.792,20.39,0
127.542,400.692,0.00249568,0.3805207516844692,-0.96621457,40.57,12.929,342,53.504,55.944,65.593,0
46.708,319.858,0.00312639,0.01076277517291619,-4.53166184,37.863,12.937,451,100.452,47.16,144.033,0
60.464,333.614,0.00299748,0.0223057246729886,-3.80291192,43.791,11.982,964,276.031,47.161,238.428,0
20.986,294.136,0.00339979,0.00229453176988453,-6.07722648,44.546,9.163,703,40.557,46.983,185.944,0
22.262,295.412,0.0033851,0.002493144776509775,-5.9942104,43.911,6.441,281,30.682,55.187,62.104,0
78.372,351.522,0.00284477,0.05288376834948832,-2.93965882,41.561,1.222,1050,24.942,48.826,124.151,0
66.298,339.448,0.00294596,0.02984668505692703,-3.5116815,35.518,3.589,426,80.659,38.036,239.879,0
64.996,338.146,0.0029573,0.02799286554589648,-3.5758056,39.326,12.007,944,25.644,53.953,107.231,0
126.941,400.091,0.00249943,0.3725412214679332,-0.98740759,48.032,6.463,751,222.268,45.134,39.544,1
59.972,333.122,0.0030019,0.02175441129873875,-3.82793872,38.315,9.068,381,168.345,53.257,169.903,0
127.227,400.377,0.00249765,0.376320368953939,-0.97731445,44.733,9.157,1089,232.074,44.43,163.278,0
27.098,300.248,0.00333058,0.00339318315835563,-5.68598681,38.36,5.43,1008,94.333,48.216,234.992,0
139.904,413.054,0.00242099,0.5804365090992828,-0.54397486,46.27,13.372,730,210.99,40.577,51.744,0
40.365,313.515,0.00318964,0.007527165567625403,-4.88923673,42.704,2.853,831,289.153,41.167,204.302,0
135.0,408.15,0.00245008,0.4924233592668128,-0.70841645,47.721,10.227,203,186.144,43.607,167.881,0
111.191,384.341,0.00260186,0.2087899207552676,-1.5664267,37.835,14.489,453,91.218,50.845,221.727,0
87.253,360.403,0.00277467,0.0786008504399575,-2.54337276,36.204,10.036,314,202.578,46.006,125.005,0
72.424,345.574,0.00289374,0.04009681892258979,-3.21645828,44.817,4.63,663,295.04,41.209,22.214,0
62.672,335.822,0.00297777,0.02493458382803483,-3.69149953,43.096,4.327,1062,143.675,51.723,120.164,0
34.744,307.894,0.00324787,0.005415862573064418,-5.21842312,41.129,4.975,996,285.995,53.441,91.487,0
37.974,311.124,0.00321415,0.00655315441220929,-5.02780876,43.061,6.907,1086,135.869,38.945,90.379,0
118.248,391.398,0.00255494,0.2721975375597711,-1.30122724,38.159,8.137,712,215.612,40.948,170.159,0
31.611,304.761,0.00328126,0.004484297614989055,-5.4071734,44.596,14.576,460,175.368,45.226,132.916,0
119.917,393.067,0.0025441,0.2894133867530166,-1.23989921,38.606,8.177,1028,234.143,45.836,221.005,0
89.333,362.483,0.00275875,0.08600361066933168,-2.453366,39.444,2.353,162,17.36,48.875,110.151,0
39.641,312.791,0.00319702,0.007219475200061064,-4.93097302,44.704,12.129,1177,256.982,51.784,219.979,0
85.951,359.101,0.00278473,0.07425544687196182,-2.60024415,43.208,12.5,781,150.606,38.384,29.081,0
66.894,340.044,0.0029408,0.03073073266536634,-3.48249206,42.482,2.39,228,211.935,53.777,172.119,0
31.373,304.523,0.00328382,0.00441975664306103,-5.42167064,35.314,5.049,169,81.821,51.082,15.345,0
120.1,393.25,0.00254291,0.2913568500667896,-1.23320647,38.6,9.162,854,73.038,55.738,207.663,0
73.138,346.288,0.00288777,0.04147232426483578,-3.18272896,38.267,11.244,475,148.107,52.688,248.21,0
120.809,393.959,0.00253834,0.298992912850326,-1.20733541,43.694,4.791,1097,101.383,54.111,40.893,0
72.801,345.951,0.00289058,0.0408180264474812,-3.19863147,42.167,4.71,689,167.202,42.748,212.559,0
67.158,340.308,0.00293851,0.03112962981681007,-3.46959519,36.415,1.15,322,298.6,53.624,150.558,0
54.406,327.556,0.00305291,0.01630467389543191,-4.11630347,42.286,10.944,239,99.547,46.936,231.162,0
94.241,367.391,0.0027219,0.1059249680686249,-2.24502428,42.849,5.366,1013,288.622,41.905,124.983,0
64.476,337.626,0.00296186,0.02728129298247008,-3.60155405,35.981,5.282,852,299.036,55.278,96.985,0
118.863,392.013,0.00255094,0.2784357152316121,-1.27856807,41.394,6.641,865,248.981,51.599,144.81,0
125.137,398.287,0.00251075,0.3494460698198781,-1.05140604,41.52,8.457,417,29.525,39.037,23.983,0
137.021,410.171,0.00243801,0.5272019102908722,-0.64017167,41.869,9.699,436,179.318,49.855,142.828,0
91.572,364.722,0.00274181,0.09464462030610465,-2.35762624,42.424,14.794,250,240.961,39.666,111.993,0
92.126,365.276,0.00273766,0.09689587753395448,-2.3341183,42.924,7.917,120,254.487,47.266,209.732,0
23.619,296.769,0.00336962,0.002721130689183686,-5.90670779,38.922,11.303,891,97.334,45.142,133.02,0
51.923,325.073,0.00307623,0.01429095346026066,-4.24812857,37.35,2.207,162,115.965,46.598,47.06,0
95.615,368.765,0.00271175,0.1121753081302332,-2.18769238,45.02,3.448,281,233.952,48.351,127.363,0
59.843,332.993,0.00300307,0.02161186377115889,-3.83451287,36.753,7.113,346,297.78,45.184,217.562,0
64.74,337.89,0.00295954,0.02764053683979728,-3.58847186,36.888,10.325,722,183.799,47.227,227.91,0
76.493,349.643,0.00286006,0.04850524211382135,-3.0260834,44.483,10.881,782,197.755,39.68,211.521,0
131.017,404.167,0.00247422,0.4295952976107349,-0.84491168,47.488,10.614,634,137.051,41.47,196.803,0
28.004,301.154,0.00332056,0.003590931357247035,-5.62934368,44.817,3.345,671,222.277,50.418,39.302,0
37.668,310.818,0.00321732,0.006436971734638607,-5.04569708,38.297,8.174,765,142.957,43.154,242.195,0
62.394,335.544,0.00298024,0.02458924043546703,-3.70544631,42.52,11.481,988,257.587,45.924,38.331,0
94.099,367.249,0.00272295,0.105296628958983,-2.25097387,43.804,7.533,782,266.072,48.871,150.744,0
132.859,406.009,0.002463,0.4577397558826022,-0.78145447,47.359,11.8,374,135.15,41.8,181.49,0
54.547,327.697,0.0030516,0.01642620139261414,-4.10887757,35.284,11.544,644,30.504,43.071,96.652,0
114.796,387.946,0.00257768,0.2393695584778589,-1.42974665,45.998,1.91,465,23.414,51.132,221.479,0
108.741,381.891,0.00261855,0.1899890506435378,-1.66078884,46.711,6.474,657,150.681,48.136,141.965,0
84.373,357.523,0.00279702,0.06927117160555238,-2.66972645,43.268,1.456,970,177.906,45.809,174.29,0
40.685,313.835,0.00318639,0.007666837160688316,-4.87085111,38.549,11.59,1142,198.116,43.186,24.944,0
77.74,350.89,0.0028499,0.05137393433074944,-2.96862435,39.001,12.321,843,23.395,49.605,93.483,0
92.91,366.06,0.00273179,0.1001614040864292,-2.30097235,42.361,10.82,1194,145.578,51.849,156.845,0
50.63,323.78,0.00308852,0.013332163169325,-4.31757588,39.965,5.486,590,40.926,45.017,226.951,0
85.776,358.926,0.00278609,0.0736876839461435,-2.6079196,37.007,7.498,106,157.465,38.0,197.886,0
50.647,323.797,0.00308835,0.01334438999183885,-4.31665921,41.328,3.398,493,239.668,46.165,192.527,0
123.742,396.892,0.00251958,0.3324407115610922,-1.10129375,38.571,12.293,853,21.935,44.164,153.078,0
36.457,309.607,0.0032299,0.005994953353242049,-5.11683727,40.693,6.793,673,92.378,49.853,60.509,0
90.162,363.312,0.00275246,0.08911921220153432,-2.41778034,39.39,10.531,278,159.995,42.947,166.98,0
112.09,385.24,0.00259578,0.2160808633102859,-1.53210257,46.798,3.606,185,216.67,54.85,218.19,0
114.721,387.871,0.00257818,0.2386960427751738,-1.43256432,42.722,1.053,744,287.942,48.6,132.05,0
105.935,379.085,0.00263793,0.1702715421659981,-1.77036081,39.406,10.593,526,12.022,54.365,159.645,0
52.969,326.119,0.00306637,0.01511072351576724,-4.19235062,41.421,13.772,517,255.82,56.193,175.269,0
64.252,337.402,0.00296382,0.0269797108026891,-3.61267015,41.768,6.952,275,160.071,48.956,177.271,0
53.879,327.029,0.00305783,0.01585746182174413,-4.14411511,37.905,3.509,632,169.145,41.131,224.348,0
131.843,404.993,0.00246918,0.4420269360490231,-0.81638446,40.516,3.363,872,211.973,48.222,201.997,0
85.756,358.906,0.00278624,0.0736230387091169,-2.60879728,39.576,10.729,1129,150.906,43.472,112.937,0
112.776,385.926,0.00259117,0.2217912991796289,-1.50601843,41.389,13.86,118,283.893,49.645,50.516,0
104.253,377.403,0.00264969,0.1593228589680364,-1.83682258,38.929,14.015,730,75.642,38.098,93.065,0
133.348,406.498,0.00246004,0.465471250316333,-0.76470495,44.609,9.165,448,69.803,56.394,48.811,0
30.281,303.431,0.00329564,0.004134127635325538,-5.48847894,43.07,12.642,860,154.124,51.255,122.263,0
80.983,354.133,0.0028238,0.05954109360759634,-2.82108856,40.773,5.562,434,69.04,45.444,123.656,0
41.187,314.337,0.0031813,0.00789059206598288,-4.84208411,38.522,3.545,375,29.717,40.923,209.311,0
40.342,313.492,0.00318987,0.007517214375277981,-4.89055964,44.248,11.581,947,78.101,50.519,211.586,0
28.049,301.199,0.00332006,0.003601016323028368,-5.62653916,36.468,6.995,589,17.774,43.167,176.347,0
135.319,408.469,0.00244817,0.4977787260967356,-0.69759963,42.576,14.674,1130,80.877,44.583,238.286,0
110.59,383.74,0.00260593,0.2040351954201002,-1.58946277,41.909,7.3,384,133.755,50.088,56.687,0
21.218,294.368,0.00339711,0.002329552442155592,-6.06207911,42.636,8.534,867,145.525,54.252,12.966,0
96.101,369.251,0.00270818,0.1144616370559059,-2.16751556,42.043,13.113,1110,20.348,42.495,198.01,0
98.542,371.692,0.0026904,0.1265683477748158,-2.06697282,41.831,6.175,1183,295.555,45.978,152.303,0
52.637,325.787,0.00306949,0.01484613496492722,-4.21001572,37.415,14.935,926,101.58,49.544,189.725,0
133.084,406.234,0.00246164,0.461283421560875,-0.77374263,44.92,7.96,909,199.744,47.555,239.659,0
114.872,388.022,0.00257717,0.2400537262842254,-1.42689252,44.833,7.874,795,106.12,47.922,163.716,0
22.817,295.967,0.00337876,0.002584235145830025,-5.9583257,42.835,2.197,1127,271.197,42.35,32.179,0
123.795,396.945,0.00251924,0.3330735433138835,-1.09939196,46.454,6.569,841,22.72,40.16,218.318,0
130.219,403.369,0.00247912,0.4178708600412342,-0.87258284,45.802,8.858,648,19.638,50.888,118.748,0
21.355,294.505,0.00339553,0.002350456903027141,-6.05314554,37.307,7.455,909,205.9,45.251,100.585,0
95.916,369.066,0.00270954,0.1135865959948169,-2.17518977,44.229,6.182,604,231.973,53.731,160.697,0
78.31,351.46,0.00284527,0.05273395254979563,-2.94249577,39.918,6.88,876,291.564,44.249,50.214,0
23.235,296.385,0.00337399,0.002654795259370535,-5.93138774,37.98,10.196,241,170.775,43.703,191.415,0
52.771,325.921,0.00306823,0.01495242928131207,-4.2028815,41.388,13.776,236,165.176,54.367,59.146,0
99.363,372.513,0.00268447,0.1308828490860391,-2.03345264,37.347,2.751,531,30.978,51.264,187.985,0
96.157,369.307,0.00270777,0.1147276671699165,-2.16519407,36.595,14.843,159,111.838,54.927,232.6,0
87.972,361.122,0.00276915,0.08109430135611344,-2.51214259,40.246,6.093,277,163.018,39.393,162.368,0
91.744,364.894,0.00274052,0.09533863874269403,-2.35032011,41.154,5.874,191,16.249,48.397,29.287,0
74.917,348.067,0.00287301,0.04508115203983176,-3.09929103,44.074,12.332,1063,161.555,41.798,230.557,0
102.038,375.188,0.00266533,0.1458386894491197,-1.92525413,46.069,2.355,556,283.896,53.564,16.131,1
61.643,334.793,0.00298692,0.02367730011228651,-3.74323849,39.913,13.325,1089,241.94,50.815,198.674,0
101.29,374.44,0.00267065,0.1415144334300033,-1.95535356,41.937,1.148,613,170.619,48.397,49.198,0
43.251,316.401,0.00316055,0.008872787821659936,-4.72476623,36.113,3.339,492,133.836,56.256,149.746,0
103.507,376.657,0.00265494,0.1546656346113881,-1.86648969,36.453,6.745,1110,107.193,52.194,204.145,0
113.84,386.99,0.00258405,0.2309060530737752,-1.46574435,46.627,1.971,962,294.743,38.45,122.875,1
117.829,390.979,0.00255768,0.2680167583415285,-1.31670577,41.262,1.127,629,149.39,53.77,109.058,0
81.782,354.932,0.00281744,0.06171963853389032,-2.78515311,39.312,3.792,1024,32.738,44.426,244.508,0
139.303,412.453,0.00242452,0.5689757744869532,-0.56391742,45.737,7.764,379,69.104,40.02,55.916,0
124.224,397.374,0.00251652,0.3382341219653319,-1.08401695,47.036,8.647,588,296.935,39.642,85.891,0
80.381,353.531,0.00282861,0.05794441323129993,-2.84827112,40.434,9.212,1183,111.086,45.465,219.159,0
121.648,394.798,0.00253294,0.3082510451299988,-1.17684075,47.095,4.645,674,184.105,43.565,131.825,1
124.84,397.99,0.00251263,0.345764286947101,-1.06199799,46.995,3.581,472,169.976,45.381,145.655,1
59.94,333.09,0.00300219,0.02171897353812529,-3.82956904,42.243,7.737,617,246.497,42.12,103.162,0
134.325,407.475,0.00245414,0.4812537811954415,-0.73136054,47.48,9.079,1079,292.44,41.434,61.105,0
128.181,401.331,0.00249171,0.3891652671877162,-0.94375117,40.985,5.502,1066,210.982,44.188,98.923,0
71.874,345.024,0.00289835,0.03906472361301246,-3.24253543,43.986,3.383,496,204.588,41.314,131.154,0
26.043,299.193,0.00334232,0.00317522195369939,-5.75237774,42.511,6.076,287,134.217,45.086,233.174,0
81.877,355.027,0.00281669,0.06198324379274477,-2.78089119,44.434,9.551,537,145.985,42.151,196.425,0
83.981,357.131,0.00280009,0.0680792941407999,-2.68708216,45.393,5.866,501,152.717,43.562,174.536,0
59.11,332.26,0.00300969,0.02081741923156364,-3.87196518,37.191,4.905,965,212.52,54.026,22.455,0
72.16,345.31,0.00289595,0.0395984642771392,-3.22896494,40.195,6.468,619,94.559,46.925,65.0,0
111.176,384.326,0.00260196,0.2086700957398573,-1.56700076,40.024,2.595,935,206.311,48.406,54.704,0
103.353,376.503,0.00265602,0.1537190585253527,-1.87262864,37.502,5.388,919,171.306,50.057,66.622,0
113.492,386.642,0.00258637,0.2278899810137888,-1.47889231,44.669,14.382,774,37.963,42.558,130.141,0
79.58,352.73,0.00283503,0.05587807777738452,-2.88458314,42.738,14.972,218,278.947,54.469,195.194,0
80.238,353.388,0.00282975,0.05757068850761245,-2.85474172,44.781,1.773,768,44.904,44.882,165.104,0
44.191,317.341,0.00315118,0.00935501836231846,-4.67184236,40.388,12.585,216,252.069,39.945,160.354,0
27.221,300.371,0.00332922,0.003419445739726484,-5.67827681,44.61,4.278,375,53.027,53.373,142.163,0
61.549,334.699,0.00298776,0.02356528213512547,-3.74798075,35.603,7.763,220,81.226,53.246,152.139,0
97.855,371.005,0.00269538,0.1230535082095872,-2.09513599,38.15,3.827,351,175.928,38.514,194.088,0
118.243,391.393,0.00255498,0.2721473182994047,-1.30141175,39.335,2.228,987,80.966,52.122,81.882,0
21.416,294.566,0.00339482,0.002359818676582923,-6.04917049,36.424,7.852,553,77.03,53.918,114.074,0
22.715,295.865,0.00337992,0.002567274044811566,-5.96491063,35.617,10.888,423,26.383,54.476,78.657,0
67.308,340.458,0.00293722,0.03135829897353685,-3.46227633,39.417,1.945,197,278.184,40.808,5.221,0
53.756,326.906,0.00305898,0.01575465879654398,-4.15061916,42.435,12.523,533,16.958,43.258,24.338,0
54.14,327.29,0.00305539,0.0160775718594669,-4.13033003,44.673,9.625,868,34.911,51.555,232.023,0
113.34,386.49,0.00258739,0.2265833248464496,-1.48464252,41.1,4.374,144,270.889,46.21,49.025,0
102.168,375.318,0.00266441,0.1466018033819599,-1.92003519,45.857,7.246,143,137.934,45.287,12.974,0
101.0,374.15,0.00267272,0.1398680915707317,-1.9670555,41.596,11.382,850,124.393,43.686,245.834,0
29.978,303.128,0.00329894,0.004057851139113414,-5.50710172,44.035,10.551,711,124.996,49.257,238.109,0
53.608,326.758,0.00306037,0.01563174242301682,-4.15845166,36.44,11.477,638,186.049,45.034,77.242,0
70.638,343.788,0.00290877,0.03683000749577235,-3.30144235,42.669,14.245,130,128.979,52.008,183.646,0
131.779,404.929,0.00246957,0.4410528189412855,-0.81859064,39.724,1.679,707,296.517,51.571,137.671,0
127.57,400.72,0.00249551,0.3808960586361378,-0.96522875,41.767,4.144,663,123.432,47.273,24.725,0
106.84,379.99,0.00263165,0.1764276300287658,-1.73484451,45.402,3.499,970,265.93,55.119,239.368,0
37.912,311.062,0.00321479,0.006529464509650995,-5.03143034,35.937,1.658,194,276.797,48.985,149.532,0
63.886,337.036,0.00296704,0.02649326178619549,-3.63086485,43.081,8.359,843,213.642,52.543,136.252,0
54.605,327.755,0.00305106,0.0164764234213757,-4.1058248,37.596,11.777,629,99.54,48.351,168.573,0
30.494,303.644,0.00329333,0.00418851119870214,-5.47540993,36.058,3.561,445,140.865,37.935,188.405,0
115.299,388.449,0.00257434,0.2439291219430969,-1.41087758,40.672,9.449,438,194.976,46.094,85.567,0
132.603,405.753,0.00246455,0.4537362281208251,-0.79023925,41.538,4.456,339,118.578,56.215,186.348,0
128.292,401.442,0.00249102,0.3906839441127711,-0.93985637,42.624,9.463,501,136.884,47.682,33.032,0
109.627,382.777,0.00261249,0.1966116185719161,-1.62652498,46.617,12.468,246,119.613,50.157,93.904,0
31.752,304.902,0.00327974,0.004522929485927391,-5.39859538,39.866,7.984,265,116.508,37.995,92.506,0
22.119,295.269,0.00338674,0.002470145484932974,-6.00347823,37.1,11.921,426,36.761,41.121,50.629,0
68.448,341.598,0.00292742,0.03314501168066781,-3.40686305,35.934,13.25,515,219.999,38.353,221.816,0
104.915,378.065,0.00264505,0.1635569481243847,-1.81059404,38.591,12.952,1014,182.03,54.248,204.249,0
35.808,308.958,0.00323669,0.005769370514287754,-5.1551923,35.745,12.332,546,175.195,43.922,246.107,0
70.414,343.564,0.00291067,0.03643726008371015,-3.3121634,40.935,7.269,988,288.518,38.836,86.555,0
60.194,333.344,0.0029999,0.02200166832409285,-3.816637,39.546,12.009,970,147.681,52.461,172.151,0
138.895,412.045,0.00242692,0.5613060639532979,-0.57748895,45.175,11.077,1125,40.583,40.547,168.452,0
53.335,326.485,0.00306293,0.01540723492132986,-4.17291808,42.755,2.501,1012,239.182,48.048,120.136,0
116.446,389.596,0.00256676,0.2546074524447713,-1.36803232,39.448,4.508,906,106.975,48.972,198.034,0
36.369,309.519,0.00323082,0.005963912656985989,-5.12202853,38.685,3.258,276,265.949,43.341,17.109,0
131.343,404.493,0.00247223,0.4344654579839526,-0.83363884,39.002,10.35,505,131.111,50.758,210.022,0
95.487,368.637,0.0027127,0.1115797953065626,-2.19301529,39.636,10.885,740,259.964,45.201,36.357,0
34.791,307.941,0.00324738,0.005431060811264576,-5.2156208,36.427,1.213,888,67.657,41.179,189.137,0
60.272,333.422,0.0029992,0.02208912902091831,-3.81266969,43.203,4.408,954,130.258,54.125,214.845,0
49.744,322.894,0.00309699,0.01270849935841859,-4.36548427,41.639,11.544,632,193.129,42.306,39.67,0
74.045,347.195,0.00288023,0.04327923248656883,-3.14008238,44.966,1.263,663,80.751,41.977,64.74,1
124.387,397.537,0.00251549,0.3402128363492801,-1.07818387,45.074,1.815,283,26.973,41.624,35.576,0
92.537,365.687,0.00273458,0.0985960259287167,-2.31672432,39.943,4.751,902,182.132,44.481,189.173,0
101.788,374.938,0.00266711,0.1443808408132867,-1.93530074,41.319,1.62,389,29.912,47.853,216.13,0
114.572,387.722,0.00257917,0.2373628409641937,-1.43816533,44.518,4.635,415,66.24,54.029,163.966,0
69.151,342.301,0.00292141,0.03429089145685748,-3.37287552,37.536,11.476,909,221.664,43.431,144.443,0
75.792,348.942,0.00286581,0.04695506112599573,-3.05856428,43.39,6.934,206,183.32,40.159,219.888,0
88.895,362.045,0.00276209,0.08439615917824835,-2.47223339,43.04,7.939,700,162.93,42.13,72.999,0
84.792,357.942,0.00279375,0.07056525762697377,-2.65121736,40.806,5.105,1120,222.791,48.874,231.056,0
80.811,353.961,0.00282517,0.05908101932774117,-2.82884557,41.078,6.34,1184,216.436,48.208,12.319,0
22.757,295.907,0.00337944,0.00257424591932134,-5.96219863,40.272,4.86,821,165.921,52.36,215.839,0
118.761,391.911,0.0025516,0.2773926528332284,-1.28232126,44.241,8.654,657,91.852,39.588,188.611,0
62.88,336.03,0.00297592,0.02519575829709084,-3.68107962,41.6,13.36,813,135.987,40.312,152.561,0
93.547,366.697,0.00272705,0.1028847726100059,-2.27414563,38.466,7.354,325,222.588,45.244,184.071,0
35.547,308.697,0.00323942,0.005680803921603278,-5.17066252,41.951,13.945,784,289.363,51.289,21.563,0
82.891,356.041,0.00280867,0.0648588091742076,-2.73554254,45.365,2.438,316,59.263,42.69,67.474,0
58.438,331.588,0.00301579,0.02011184747704248,-3.90644621,40.505,13.167,1109,141.568,42.747,21.816,0
136.005,409.155,0.00244406,0.509464292644577,-0.67439551,41.74,9.354,723,279.298,51.291,230.216,0
42.541,315.691,0.00316765,0.008523317942762522,-4.76494958,44.773,9.377,780,110.099,39.046,98.93,0
116.716,389.866,0.00256498,0.2571788948189022,-1.35798335,41.268,6.158,1084,215.197,52.038,165.715,0
81.831,354.981,0.00281705,0.06185548067571984,-2.78295457,41.077,1.928,1128,10.217,56.28,189.722,0
35.453,308.603,0.00324041,0.005649204273878749,-5.17624058,39.651,4.333,1111,109.475,52.764,140.078,0
27.764,300.914,0.00332321,0.003537569840075581,-5.64431527,38.348,6.455,947,242.071,55.103,189.144,0
131.479,404.629,0.0024714,0.4365111225067738,-0.82894142,46.887,2.268,144,235.526,45.796,244.619,0
122.491,395.641,0.00252754,0.317800656447252,-1.14633096,39.139,6.967,849,17.628,47.828,234.131,0
117.028,390.178,0.00256293,0.2601781943147649,-1.34638852,43.375,11.216,947,257.394,41.048,107.722,0
89.397,362.547,0.00275826,0.08624071009050198,-2.45061294,45.245,12.729,1020,175.726,55.899,18.545,0
113.142,386.292,0.00258872,0.2248909365293129,-1.49213972,43.806,3.495,911,111.648,46.7,6.673,0
67.618,340.768,0.00293455,0.03183556867588727,-3.4471711,41.514,4.413,739,22.281,47.146,39.433,0
45.07,318.22,0.00314248,0.009826860348683603,-4.62263579,44.425,9.502,745,249.419,54.22,59.016,0
118.163,391.313,0.0025555,0.2713448950384914,-1.30436459,38.098,1.662,1138,76.079,55.538,13.933,0
82.413,355.563,0.00281244,0.06348905909016349,-2.75688769,45.501,10.026,763,179.682,42.44,129.358,0
91.278,364.428,0.00274403,0.09346851842324462,-2.3701306,41.73,3.857,780,251.44,42.589,66.0,0
63.39,336.54,0.00297141,0.02584636492848901,-3.65558531,35.932,1.866,925,296.287,49.173,67.47,0
91.06,364.21,0.00274567,0.09260468214317225,-2.37941558,39.087,7.156,228,235.019,40.104,206.149,0
67.412,340.562,0.00293632,0.03151770894338145,-3.4572057,44.525,8.607,950,128.245,42.845,143.917,0
139.378,412.528,0.00242408,0.5703953424467111,-0.56142558,39.8,12.801,121,282.981,47.216,186.196,0
109.548,382.698,0.00261303,0.1960131239740774,-1.62957366,42.26,11.234,905,63.377,42.973,200.118,0
124.503,397.653,0.00251476,0.3416270525041044,-1.07403563,42.947,7.054,773,72.323,38.298,40.492,0
113.303,386.453,0.00258764,0.22626623779812,-1.48604293,42.273,3.681,155,216.365,42.208,155.027,0
54.928,328.078,0.00304806,0.01675859903015957,-4.08884378,40.198,13.311,216,187.758,51.838,126.98,0
37.585,310.735,0.00321818,0.006405775893950193,-5.05055521,38.831,1.062,418,63.561,45.444,43.083,0
63.103,336.253,0.00297395,0.02547844207369144,-3.66992259,43.404,5.695,529,57.307,41.244,168.032,0
108.65,381.8,0.00261917,0.1893199113395049,-1.66431704,45.535,7.835,801,179.257,39.476,209.965,0
112.193,385.343,0.00259509,0.2169300721887736,-1.52818023,41.548,14.291,1011,290.69,44.978,159.491,0
61.241,334.391,0.00299051,0.02320151086685104,-3.76353788,39.063,12.002,461,18.269,46.249,101.696,0
91.84,364.99,0.0027398,0.09572792177261107,-2.34624526,40.88,3.264,922,252.206,43.901,69.75,0
128.313,401.463,0.00249089,0.3909718326186586,-0.93911976,39.326,10.035,762,295.091,52.873,241.911,0
21.155,294.305,0.00339784,0.002319995471121251,-6.06619005,41.687,11.45,114,11.19,40.491,52.232,0
62.157,335.307,0.00298234,0.02429816473904088,-3.71735446,38.007,4.304,673,281.73,39.79,59.423,0
125.694,398.844,0.00250725,0.3564418372829448,-1.0315842,41.654,1.785,612,51.463,47.048,12.97,0
66.388,339.538,0.00294518,0.02997873059499072,-3.50726713,42.365,1.555,630,176.711,45.39,207.045,0
25.766,298.916,0.00334542,0.00312011015671827,-5.76988697,43.663,10.835,1014,130.823,39.522,86.838,0
47.015,320.165,0.00312339,0.0109467272184122,-4.51471475,37.09,2.08,1193,283.43,49.954,5.916,0
79.933,353.083,0.0028322,0.05678062261551796,-2.86856016,39.014,3.953,1067,132.157,45.243,188.403,0
51.627,324.777,0.00307904,0.01406623565925097,-4.26397799,45.132,3.773,828,213.92,44.199,35.972,0
81.315,354.465,0.00282115,0.06043801359792104,-2.80613701,43.494,6.99,1042,74.247,42.079,7.325,0
119.961,393.111,0.00254381,0.289879645453724,-1.23828946,40.358,6.077,910,151.665,53.505,99.214,0
110.038,383.188,0.00260969,0.1997508648583125,-1.61068436,39.212,3.641,362,112.313,41.049,92.281,0
109.94,383.09,0.00261035,0.1989984270469668,-1.61445836,38.11,2.527,517,47.308,51.89,146.489,0
123.692,396.842,0.00251989,0.3318446481879407,-1.10308835,40.298,6.675,905,135.32,55.255,70.368,0
42.85,316.0,0.00316456,0.008673879332481572,-4.74743915,44.628,5.409,1007,31.296,41.091,104.576,0
139.659,412.809,0.00242243,0.57574092053418,-0.55209751,40.425,6.357,240,232.659,39.348,19.089,0
131.466,404.616,0.00247148,0.4363152249693549,-0.8293903,44.517,12.627,1140,56.366,37.759,188.274,0
132.192,405.342,0.00246705,0.447371413362835,-0.80436613,45.961,12.419,507,92.516,51.827,111.423,0
87.744,360.894,0.0027709,0.08029624486937781,-2.52203242,44.837,10.759,502,293.274,47.148,238.624,0
115.095,388.245,0.00257569,0.2420709651335533,-1.41852435,46.513,6.185,675,197.219,39.061,22.165,0
29.975,303.125,0.00329897,0.004057102250348468,-5.50728629,40.454,2.989,772,100.968,43.258,243.768,0
36.189,309.339,0.0032327,0.005900865733424287,-5.1326562,35.403,6.531,499,66.271,40.863,106.274,0
68.378,341.528,0.00292802,0.0330327772560585,-3.41025496,42.117,9.599,209,112.657,42.408,70.546,0
20.711,293.861,0.00340297,0.002253631633727644,-6.0952123,41.303,12.476,867,264.77,47.072,89.775,0
25.022,298.172,0.00335377,0.002976293919948337,-5.8170764,36.737,9.143,825,235.351,50.657,87.422,0
92.168,365.318,0.00273734,0.09706843614732948,-2.33233902,36.072,14.706,315,145.734,40.607,93.199,0
88.7,361.85,0.00276358,0.08368898224914041,-2.48064794,44.0,13.789,277,16.066,48.505,238.636,0
103.983,377.133,0.00265158,0.1576234291647447,-1.84754645,36.554,6.682,255,149.644,46.929,92.744,0
63.529,336.679,0.00297019,0.02602623387431371,-3.64865025,37.077,6.474,1174,58.705,53.109,51.72,0
57.305,330.455,0.00302613,0.01896994896770995,-3.96489919,40.998,3.715,371,245.792,44.84,18.994,0
37.217,310.367,0.00322199,0.006269076677240059,-5.0721262,36.173,12.51,930,298.429,55.221,186.951,0
25.338,298.488,0.00335022,0.003036636347502033,-5.79700484,37.147,7.571,672,143.024,43.763,31.635,0
120.554,393.704,0.00253998,0.2962269175712307,-1.2166295,47.406,12.133,464,76.355,48.429,62.792,0
121.045,394.195,0.00253682,0.3015725903683642,-1.19874453,47.009,4.087,355,128.225,38.244,239.726,0
100.861,374.011,0.00267372,0.1390848920965566,-1.9726708,45.272,3.755,781,31.944,54.117,141.659,0
90.798,363.948,0.00274765,0.09157570248942996,-2.3905893,44.552,8.724,1180,172.468,52.477,146.323,0
127.648,400.798,0.00249502,0.3819432321795401,-0.96248329,40.145,7.259,146,50.883,54.671,190.144,0
27.173,300.323,0.00332975,0.003409175391343084,-5.68128484,44.948,4.391,914,280.569,42.128,79.523,0
20.487,293.637,0.00340557,0.002220800696541223,-6.10988747,39.379,13.094,1124,216.985,52.534,48.876,0
125.525,398.675,0.00250831,0.3543066443920934,-1.03759251,39.641,7.964,930,261.659,47.099,98.26,0
80.264,353.414,0.00282954,0.05763848116202698,-2.85356486,40.335,2.255,941,202.276,49.358,51.526,0
98.71,371.86,0.00268918,0.1274410226537773,-2.06010159,39.932,2.81,605,293.562,44.955,41.235,0
112.804,385.954,0.00259098,0.2220271196873178,-1.50495574,38.938,4.303,670,197.533,43.323,145.646,0
74.949,348.099,0.00287275,0.04514851039082112,-3.09779799,39.716,3.347,752,162.096,47.471,231.492,0
131.754,404.904,0.00246972,0.4406728042930277,-0.81945262,42.514,14.473,765,228.408,45.353,142.067,0
80.649,353.799,0.00282646,0.05865054049171945,-2.83615849,39.925,7.901,798,282.918,44.121,228.704,0
39.576,312.726,0.00319769,0.007192406143011574,-4.93472951,42.117,5.532,1051,158.884,39.294,15.962,0
137.942,411.092,0.00243255,0.5437345691310463,-0.60929408,41.116,10.761,843,25.996,50.329,157.302,0
91.084,364.234,0.00274549,0.0926994414293606,-2.37839283,36.806,12.427,305,17.707,46.679,62.877,0
65.836,338.986,0.00294997,0.02917687516184798,-3.53437883,36.46,14.709,396,202.48,42.081,176.005,0
136.091,409.241,0.00244355,0.5109456630886579,-0.67149203,44.384,4.945,213,182.079,42.114,97.57,0
50.67,323.82,0.00308814,0.01336094796642642,-4.31541916,37.238,13.143,459,203.81,49.762,153.077,0
94.977,368.127,0.00271645,0.1092342609203158,-2.21426052,44.562,7.1,757,45.929,43.364,216.371,0
50.421,323.571,0.00309051,0.01318265375223057,-4.32885342,43.518,14.218,434,233.945,43.843,210.122,0
26.731,299.881,0.00333466,0.003315890511718013,-5.70902906,41.367,5.184,838,101.377,47.502,154.064,0
98.955,372.105,0.00268741,0.1287230389047513,-2.05009217,40.447,13.007,938,204.88,47.85,41.529,0
37.101,310.251,0.0032232,0.006226528328234984,-5.07893635,44.35,2.933,308,188.071,52.511,169.316,0
122.341,395.491,0.0025285,0.3160830655026751,-1.15175023,39.817,3.051,439,194.003,38.949,211.039,0
56.7,329.85,0.00303168,0.01838396612678665,-3.9962764,42.006,14.969,1032,265.013,38.102,154.089,0
61.468,334.618,0.00298848,0.02346913103183598,-3.75206929,43.826,14.213,849,48.686,42.44,166.406,0
74.248,347.398,0.00287854,0.04369297516525478,-3.13056794,44.122,13.323,529,121.604,47.696,249.913,0
100.057,373.207,0.00267948,0.1346289642718671,-2.0052327,39.345,2.107,449,31.797,52.247,104.97,0
70.751,343.901,0.00290781,0.03702954187329846,-3.29603926,41.586,4.691,223,122.525,38.548,39.696,0
114.419,387.569,0.00258019,0.2360005394013162,-1.44392119,40.33,14.445,807,115.46,54.397,68.024,0
120.684,393.834,0.00253914,0.2976342681266035,-1.21188983,46.679,14.407,823,178.268,40.649,48.379,0
50.74,323.89,0.00308747,0.01341145379410027,-4.31164618,35.179,2.248,841,92.014,43.131,32.109,0
23.112,296.262,0.00337539,0.002633855417600797,-5.93930657,42.573,5.633,429,29.744,39.816,170.582,0
77.862,351.012,0.00284891,0.05166241322054418,-2.96302478,41.923,5.296,580,96.991,43.59,177.01,0
45.451,318.601,0.00313872,0.01003785636452069,-4.6013917,39.856,5.181,559,281.093,39.464,187.948,0
124.299,397.449,0.00251605,0.3391433414444155,-1.08133242,46.406,1.244,814,230.665,56.364,47.292,1
70.539,343.689,0.00290961,0.03665597098801532,-3.30617894,39.179,9.29,565,135.032,56.211,89.028,0
132.69,405.84,0.00246403,0.4550934244347177,-0.78725255,45.652,10.143,1136,215.182,51.38,148.444,0
47.198,320.348,0.00312161,0.01105770076414886,-4.50462819,36.027,1.796,322,169.914,55.853,103.042,0
29.038,302.188,0.0033092,0.00382914783399856,-5.565113,42.479,12.203,485,215.351,54.933,221.235,0
133.149,406.299,0.00246124,0.4623115101475277,-0.77151635,39.163,10.71,779,151.47,48.522,99.754,0
83.523,356.673,0.00280369,0.06670947168873709,-2.70740833,35.938,5.659,699,249.364,42.728,191.491,0
70.688,343.838,0.00290835,0.03691818024994498,-3.29905116,41.034,1.354,761,240.873,47.166,110.903,0
57.132,330.282,0.00302772,0.01880072629292552,-3.97385978,43.584,8.947,635,14.417,49.875,154.492,0
114.246,387.396,0.00258134,0.2344682912673394,-1.45043492,39.69,8.38,1035,130.693,38.188,90.275,0
114.677,387.827,0.00257847,0.2383016750456101,-1.43421787,42.333,7.547,346,172.76,47.972,180.498,0
26.341,299.491,0.003339,0.00323548233205047,-5.73357726,40.858,8.289,126,56.836,47.838,206.605,0
82.992,356.142,0.00280787,0.06515151618312795,-2.7310397,36.851,7.813,1071,284.038,50.939,89.511,0
70.998,344.148,0.00290573,0.03746900136570857,-3.28424132,39.537,13.517,887,183.172,40.002,108.238,0
89.437,362.587,0.00275796,0.08638918640935932,-2.44889277,40.806,5.055,1035,32.256,48.774,113.772,0
28.647,301.797,0.00331349,0.003737457763719011,-5.58934964,43.105,2.246,1065,225.437,45.193,208.791,0
31.949,305.099,0.00327762,0.0045774016992335,-5.38662376,41.503,6.931,188,194.267,51.427,68.943,0
91.467,364.617,0.0027426,0.09422311279918846,-2.36208977,43.884,9.042,1184,204.557,51.678,13.591,0
100.349,373.499,0.00267738,0.1362327413528577,-1.99339052,43.722,8.059,312,231.712,40.452,50.611,0
77.099,350.249,0.00285511,0.0498812980636705,-2.99810913,42.87,11.693,1035,283.171,48.115,22.928,0
32.007,305.157,0.003277,0.004593550329369082,-5.38310206,37.64,7.98,500,62.321,43.765,117.017,0
80.549,353.699,0.00282726,0.05838618469874074,-2.84067598,40.937,9.037,777,148.649,42.299,122.537,0
72.46,345.61,0.00289343,0.04016520110602213,-3.2147543,41.522,6.062,1015,129.187,44.585,23.173,0
30.759,303.909,0.00329046,0.004257062399038068,-5.45917593,40.495,7.251,429,161.345,38.092,80.247,0
36.614,309.764,0.00322826,0.006050690237689395,-5.10758292,44.035,4.294,1177,216.237,44.543,181.105,0
28.4,301.55,0.0033162,0.00368055158793282,-5.60469265,41.955,1.581,628,49.231,41.356,48.74,0
137.01,410.16,0.00243807,0.5270070788773267,-0.6405413,48.971,14.119,1107,56.004,39.071,185.465,0
73.764,346.914,0.00288256,0.04271218726161372,-3.15327098,35.951,8.33,753,258.213,39.354,186.053,0
102.865,376.015,0.00265947,0.1507526074226987,-1.89211515,40.304,8.547,404,146.071,48.701,78.1,0
63.93,337.08,0.00296665,0.02655133049691229,-3.62867542,37.031,6.085,1127,278.495,42.261,34.374,0
59.329,332.479,0.00300771,0.02105203241050875,-3.86075817,43.733,6.62,963,226.141,50.885,192.463,0
119.884,393.034,0.00254431,0.2890641165811,-1.24110676,41.195,3.628,843,296.674,46.623,72.493,0
31.777,304.927,0.00327947,0.004529810011863712,-5.39707528,35.399,14.485,706,249.807,45.443,132.427,0
92.945,366.095,0.00273153,0.1003093935694729,-2.29949593,43.483,7.85,1097,32.227,41.542,64.848,0
131.998,405.148,0.00246823,0.4443937666878601,-0.81104425,42.309,2.405,449,260.091,52.638,90.114,0
124.209,397.359,0.00251662,0.3380525296758401,-1.08455398,45.385,2.787,1173,83.434,53.146,6.981,1
128.019,401.169,0.00249272,0.3869579117720086,-0.94943935,41.746,11.735,635,38.339,45.584,174.887,0
125.291,398.441,0.00250978,0.3513683662537419,-1.04592013,42.396,9.582,648,225.541,55.522,186.605,0
26.051,299.201,0.00334223,0.0031768264811506,-5.75187254,41.918,10.432,536,195.976,40.576,126.368,0
64.463,337.613,0.00296197,0.02726370965348427,-3.60219878,44.449,8.686,499,141.434,40.326,78.612,0
138.469,411.619,0.00242943,0.5533924021483695,-0.59168794,48.208,11.703,1050,79.852,41.031,173.051,0
38.799,311.949,0.00320565,0.006875744885053615,-4.97975529,40.12,3.776,210,28.362,45.42,88.703,0
112.099,385.249,0.00259572,0.2161549513667721,-1.53175976,43.605,14.175,703,198.323,49.562,164.812,0
78.233,351.383,0.0028459,0.05254840847831474,-2.94602047,36.619,3.676,134,118.932,47.0,204.335,0
132.955,406.105,0.00246242,0.4592488580015775,-0.77816304,41.625,12.931,378,175.205,48.7,36.747,0
100.029,373.179,0.00267968,0.1344760420404895,-2.00636922,36.968,3.418,1093,124.643,41.735,100.416,0
125.271,398.421,0.00250991,0.3511182052541156,-1.04663235,40.665,7.187,234,267.95,54.01,230.384,0
132.414,405.564,0.0024657,0.4507997765561966,-0.79673199,40.339,9.357,111,268.047,46.349,209.763,0
80.438,353.588,0.00282815,0.05809397104611064,-2.84569339,44.761,10.771,958,253.186,44.141,210.329,0
139.601,412.751,0.00242277,0.5746340728954084,-0.55402184,40.59,3.327,935,74.553,53.865,73.591,0
27.062,300.212,0.00333098,0.003385530729665302,-5.6882446,39.952,3.307,265,258.751,39.882,36.747,0
88.433,361.583,0.00276562,0.0827290774553578,-2.49218414,41.839,6.052,766,73.217,47.855,172.801,0
79.754,352.904,0.00283363,0.05632137661885215,-2.87668112,36.266,9.988,1021,89.697,52.171,213.272,0
107.812,380.962,0.00262493,0.1832531440956548,-1.69688678,40.251,13.755,1097,185.719,51.459,44.156,0
104.946,378.096,0.00264483,0.1637575875229174,-1.80936807,39.408,6.462,462,98.914,41.136,137.398,0
73.453,346.603,0.00288515,0.04209221147352949,-3.16789256,37.61,2.266,408,258.082,51.884,31.808,0
56.571,329.721,0.00303287,0.0182611095383828,-4.00298164,35.782,9.21,838,198.787,53.667,131.949,0
53.342,326.492,0.00306286,0.015412955703619,-4.17254684,38.035,10.295,205,118.778,45.697,73.647,0
112.114,385.264,0.00259562,0.2162784802177898,-1.53118844,45.59,14.866,925,136.264,41.797,70.205,0
57.579,330.729,0.00302362,0.01924071935367224,-3.95072645,36.464,4.543,591,143.429,47.748,199.807,0
76.784,349.934,0.00285768,0.04916181266724635,-3.01263812,41.454,10.324,451,10.957,54.801,214.82,0
85.095,358.245,0.00279139,0.07151418386716953,-2.63785947,42.67,1.902,845,214.258,49.095,33.724,0
137.549,410.699,0.00243487,0.5366265205183395,-0.62245292,42.883,13.63,727,213.114,42.879,179.321,0
78.986,352.136,0.00283981,0.05438766820272961,-2.91161784,37.247,11.064,318,34.654,45.457,219.235,0
31.479,304.629,0.00328268,0.004448398696103768,-5.41521109,43.842,13.893,139,292.71,43.244,220.219,0
46.715,319.865,0.00312632,0.01076693878439803,-4.53127506,37.623,12.33,944,86.627,55.771,104.494,0
64.218,337.368,0.00296412,0.02693419251752046,-3.6143587,41.92,12.744,321,114.167,39.026,110.674,0
24.492,297.642,0.00335974,0.002877491363471743,-5.85083642,42.277,1.591,773,12.235,47.49,67.422,0
51.814,324.964,0.00307726,0.01420783578893689,-4.25396165,42.134,8.975,1143,275.832,49.727,105.832,0
95.702,368.852,0.00271111,0.1125816465835478,-2.18407657,45.83,14.824,933,268.619,38.147,171.982,0
86.779,359.929,0.00277833,0.07699387084140971,-2.56402946,42.325,5.038,1125,245.376,39.315,198.926,0
118.934,392.084,0.00255047,0.2791637610497588,-1.27595671,46.343,13.059,499,64.935,42.748,109.599,0
102.552,375.702,0.00266168,0.1488761817588018,-1.90464031,43.256,13.857,357,108.669,42.469,69.694,0
108.119,381.269,0.00262282,0.1854558760892368,-1.68493829,38.384,10.553,849,199.657,54.57,8.35,0
83.384,356.534,0.00280478,0.06629853222471206,-2.71358752,43.212,14.86,1010,174.618,48.036,227.186,0
64.176,337.326,0.00296449,0.02687805742760166,-3.61644503,38.592,13.506,1083,292.278,46.977,125.752,0
96.349,369.499,0.00270637,0.1156438555241143,-2.15724002,39.336,12.991,679,127.057,42.482,133.436,0
83.153,356.303,0.0028066,0.06562049582392933,-2.7238672,36.638,13.635,427,25.308,47.065,181.363,0
101.938,375.088,0.00266604,0.1452540252723996,-1.92927117,43.27,9.243,422,217.301,52.691,28.046,0
65.38,338.53,0.00295395,0.02852877247909681,-3.55684214,38.458,8.289,247,171.739,49.044,151.159,0
35.263,308.413,0.00324241,0.005585810346732243,-5.18752576,36.845,9.029,156,146.358,45.488,75.995,0
103.288,376.438,0.00265648,0.1533210392059828,-1.87522126,45.714,3.383,932,106.145,49.633,15.18,1
90.592,363.742,0.0027492,0.09077366671600179,-2.39938605,42.157,13.819,342,277.854,55.34,55.006,0
72.976,346.126,0.00288912,0.04115665560298654,-3.19036962,40.414,2.09,953,229.674,47.909,229.552,0
52.43,325.58,0.00307144,0.01468324786781331,-4.22104804,42.042,6.981,483,100.667,40.36,156.761,0
83.145,356.295,0.00280666,0.06559712302245797,-2.72422344,40.694,4.566,267,26.736,53.287,191.842,0
108.793,381.943,0.00261819,0.1903723335750062,-1.65877347,43.793,9.675,103,162.268,48.311,199.779,0
98.722,371.872,0.0026891,0.1275035560356242,-2.05961102,42.018,14.934,1014,157.419,50.471,186.529,0
81.027,354.177,0.00282345,0.05965928919759222,-2.81910541,36.968,11.435,1092,65.455,38.01,55.823,0
28.168,301.318,0.00331875,0.003627807503751942,-5.61912681,40.939,13.197,1009,64.733,40.2,6.863,0
134.066,407.216,0.0024557,0.4770259146261057,-0.74018446,44.797,7.751,935,100.913,42.079,240.672,0
99.112,372.262,0.00268628,0.1295504505460946,-2.04368489,41.535,7.084,505,22.273,49.605,186.07,0
98.224,371.374,0.0026927,0.1249307001484858,-2.07999609,44.161,8.335,533,93.554,38.096,158.578,0
90.773,363.923,0.00274783,0.09147804004708303,-2.39165633,38.4,5.956,987,82.027,50.76,225.303,0
59.689,332.839,0.00300446,0.02144277026883547,-3.84236774,43.078,11.564,446,25.341,48.444,114.229,0
42.573,315.723,0.00316733,0.008538801554011429,-4.76313461,40.488,11.819,894,54.36,45.57,156.097,0
131.467,404.617,0.00247147,0.43633029133578,-0.82935577,43.174,12.296,436,219.733,40.25,229.549,0
56.808,329.958,0.00303069,0.01848738370056451,-3.99066674,37.136,4.902,554,194.027,52.886,189.36,0
84.798,357.948,0.0027937,0.07058394098370606,-2.65095263,43.081,8.118,124,166.988,43.578,40.287,0
102.604,375.754,0.00266132,0.1491865101634554,-1.90255801,45.343,14.899,1123,72.568,42.465,204.809,0
137.652,410.802,0.00243426,0.5384817200745089,-0.61900173,45.911,4.348,1135,256.883,51.595,191.752,1
78.584,351.734,0.00284306,0.05339886145045291,-2.92996585,41.248,9.786,182,242.287,42.681,195.976,0
79.41,352.56,0.0028364,0.05544792199006113,-2.89231104,44.138,5.501,325,193.744,40.847,207.165,0
23.765,296.915,0.00336797,0.002746738648950974,-5.89734102,35.433,7.747,601,90.196,54.2,243.306,0
87.301,360.451,0.0027743,0.07876520257174306,-2.54128397,36.113,11.35,680,20.888,56.385,26.902,0
34.462,307.612,0.00325085,0.005325466364714934,-5.23525499,42.713,9.424,466,280.735,45.84,226.175,0
46.695,319.845,0.00312651,0.01075504653969863,-4.53238019,38.316,7.708,554,139.782,56.27,116.679,0
65.419,338.569,0.00295361,0.02858370239614904,-3.55491857,41.173,14.872,1041,116.514,51.223,147.926,0
71.293,344.443,0.00290324,0.03799985876177515,-3.27017284,40.885,12.683,342,257.817,41.813,160.479,0
67.13,340.28,0.00293876,0.0310871077410006,-3.47096209,36.785,5.824,1042,217.281,44.053,212.436,0
38.862,312.012,0.003205,0.006900949963349601,-4.9760962,44.434,9.062,1094,181.933,54.254,97.539,0
128.407,401.557,0.00249031,0.3922627082653563,-0.93582349,48.237,2.605,769,273.521,51.776,120.252,1
49.436,322.586,0.00309995,0.01249782942772757,-4.3822003,39.591,1.117,370,35.974,47.942,175.592,0
66.232,339.382,0.00294653,0.02975017718614582,-3.51492019,40.571,10.153,883,90.351,45.913,159.571,0
22.084,295.234,0.00338714,0.002464545312214619,-6.00574795,35.602,1.364,325,143.403,48.244,166.12,0
115.66,388.81,0.00257195,0.2472474909794598,-1.39736546,38.677,9.585,317,187.038,41.855,145.899,0
75.299,348.449,0.00286986,0.04589102377283769,-3.08148574,41.291,3.549,154,71.414,43.371,143.418,0
120.087,393.237,0.002543,0.2912184200964106,-1.23368171,47.514,8.928,628,208.64,52.957,190.368,0
64.711,337.861,0.0029598,0.02760087187178594,-3.58990792,40.895,12.208,917,60.05,54.733,188.584,0
89.039,362.189,0.00276099,0.08492172117272682,-2.46602537,41.097,10.948,417,284.638,45.176,189.118,0
117.17,390.32,0.002562,0.2615532129333765,-1.34111753,47.049,5.606,244,274.961,50.762,40.136,0
130.983,404.133,0.00247443,0.4290900717100743,-0.84608842,46.09,3.525,634,39.418,53.404,40.57,1
115.74,388.89,0.00257142,0.2479881105109996,-1.39437448,37.857,3.208,268,269.145,42.906,194.309,0
29.99,303.14,0.00329881,0.004060847928431005,-5.50636348,41.217,6.98,489,194.573,43.548,130.912,0
58.141,331.291,0.00301849,0.01980679597445613,-3.92173017,41.629,8.194,628,227.776,43.963,208.434,0
20.362,293.512,0.00340702,0.002202666779668224,-6.11808648,42.371,8.621,130,171.468,53.898,44.494,0
61.113,334.263,0.00299166,0.02305179556434394,-3.77001161,38.432,2.716,471,273.444,53.09,29.424,0
92.832,365.982,0.00273237,0.0998322825230414,-2.30426368,38.229,7.969,381,212.123,50.161,202.623,0
90.484,363.634,0.00275002,0.09035563272129374,-2.40400192,36.286,14.296,819,21.002,39.246,124.209,0
109.216,382.366,0.0026153,0.193515118057603,-1.64239964,41.763,11.002,823,44.696,55.243,207.261,0
46.485,319.635,0.00312857,0.01063087947277248,-4.54399236,42.644,14.254,506,160.798,40.268,249.462,0
107.172,380.322,0.00262935,0.1787338036836082,-1.72185771,39.554,4.996,683,106.906,51.553,170.441,0
96.435,369.585,0.00270574,0.1160562895965468,-2.15367995,37.775,12.917,133,103.696,40.055,230.517,0
75.989,349.139,0.00286419,0.04738625378609495,-3.0494231,35.88,7.631,752,100.526,41.329,247.166,0
123.485,396.635,0.00252121,0.3293867099602478,-1.11052281,40.982,6.848,156,126.033,55.805,192.958,0
138.021,411.171,0.00243208,0.5451730835825883,-0.60665195,39.718,4.241,583,283.248,53.872,146.334,0
48.869,322.019,0.00310541,0.0121180815589126,-4.4130566,44.787,11.329,1123,176.833,49.028,81.686,0
97.52,370.67,0.00269782,0.1213705530641954,-2.10890699,36.16,13.877,690,131.453,54.34,27.392,0
125.741,398.891,0.00250695,0.3570376088389935,-1.02991416,39.804,5.893,428,277.685,55.199,89.447,0
126.565,399.715,0.00250178,0.3676224366618538,-1.00069885,45.452,4.077,1148,33.735,45.231,186.833,0
109.968,383.118,0.00261016,0.1992131588400083,-1.61337988,40.85,14.5,196,162.983,56.383,192.496,0
76.261,349.411,0.00286196,0.04798730857845405,-3.03681871,44.343,7.029,763,198.683,54.447,76.734,0
118.546,391.696,0.002553,0.2752050598261789,-1.29023879,46.409,13.912,806,86.537,46.82,221.614,0
42.06,315.21,0.00317249,0.008293565977677143,-4.79227525,35.118,11.375,233,159.338,53.911,163.422,0
108.11,381.26,0.00262288,0.1853909764615079,-1.6852883,44.836,13.902,650,151.058,38.107,241.554,0
115.767,388.917,0.00257124,0.2482385010513724,-1.3933653,40.152,12.361,1126,201.425,45.109,184.125,0
108.706,381.856,0.00261879,0.1897314477010073,-1.66214564,40.694,7.839,907,258.38,55.968,92.975,0
87.205,360.355,0.00277504,0.0784367975996371,-2.5454621,37.958,1.293,1182,296.532,47.175,115.183,0
47.379,320.529,0.00311984,0.01116844154163077,-4.4946632,41.189,3.778,221,40.28,50.702,111.367,0
109.903,383.053,0.0026106,0.1987149812366809,-1.61588374,38.423,6.042,142,66.003,44.352,67.817,0
133.6,406.75,0.00245851,0.4694990469596145,-0.75608901,44.437,14.214,362,81.303,51.211,171.766,0
40.052,313.202,0.00319283,0.007392742523849366,-4.9072565,44.255,1.451,669,170.46,38.89,181.579,0
38.29,311.44,0.00321089,0.006675088995159228,-5.00937274,37.991,8.564,496,86.026,43.437,59.685,0
96.833,369.983,0.00270283,0.1179816913036827,-2.13722582,44.674,10.08,1190,251.051,42.934,141.189,0
103.843,376.993,0.00265257,0.156748444146029,-1.85311303,37.773,1.787,788,59.66,38.446,74.861,0
41.471,314.621,0.00317843,0.008019732569237393,-4.8258502,37.029,4.694,1157,170.444,40.654,104.231,0
35.426,308.576,0.00324069,0.005640156773975856,-5.17784342,39.416,14.904,826,295.856,43.076,104.001,0
106.363,379.513,0.00263496,0.1731593445397731,-1.75354304,42.057,10.286,1090,20.31,38.145,34.006,0
94.212,367.362,0.00272211,0.1057963808818265,-2.24623897,42.324,7.283,892,293.362,55.76,246.898,0
21.479,294.629,0.0033941,0.002369522442533561,-6.04506685,37.562,2.94,570,293.1,54.564,190.285,0
58.869,332.019,0.00301188,0.02056190694923716,-3.88431509,40.071,12.273,1032,227.131,53.652,222.389,0
27.084,300.234,0.00333074,0.003390205378775072,-5.68686478,39.403,4.251,210,118.48,50.869,175.639,0
134.506,407.656,0.00245305,0.4842273914500561,-0.72520067,42.33,1.526,874,84.356,49.48,210.945,0
52.627,325.777,0.00306958,0.01483822942719565,-4.21054836,35.481,5.503,476,272.028,40.547,14.104,0
124.792,397.942,0.00251293,0.3451723911140727,-1.0637113,41.855,12.229,430,41.962,47.574,110.846,0
63.577,336.727,0.00296976,0.02608860251533918,-3.64625675,44.177,7.085,322,95.836,55.334,41.17,0
110.948,384.098,0.0026035,0.2068560573164699,-1.5757321,39.55,2.372,1048,182.858,43.862,68.969,0
55.222,328.372,0.00304533,0.01701914476574117,-4.07341641,35.443,4.576,692,54.884,43.57,156.048,0
20.684,293.834,0.00340328,0.002249651416832719,-6.09698,42.762,6.097,398,102.471,49.246,101.095,0
40.774,313.924,0.00318548,0.007706090589212651,-4.86574428,41.267,8.439,991,286.771,39.322,192.046,0
22.177,295.327,0.00338608,0.002479450864650204,-5.99971817,42.128,7.885,908,243.733,42.316,192.749,0
48.126,321.276,0.00311259,0.01163595109241785,-4.45365574,39.89,9.566,213,109.845,43.475,133.768,0
117.737,390.887,0.00255828,0.2671062284687046,-1.32010884,39.84,6.365,1123,258.059,38.818,12.039,0
104.867,378.017,0.00264538,0.1632467008025754,-1.81249272,42.908,12.026,1079,171.265,42.844,173.89,0
59.006,332.156,0.00301063,0.02070681503019952,-3.8772924,37.69,1.475,555,54.502,44.994,56.33,0
60.422,333.572,0.00299785,0.02225818497738813,-3.80504547,36.655,12.262,895,10.535,55.376,20.534,0
65.738,338.888,0.00295083,0.02903650721201393,-3.53920137,40.046,11.041,1016,120.071,37.737,123.482,0
91.5,364.65,0.00274236,0.09435541004678613,-2.36068667,39.595,9.251,750,224.869,41.416,188.417,0
104.029,377.179,0.00265126,0.1579118465472277,-1.84571833,41.566,4.734,280,230.613,54.016,72.231,0
44.618,317.768,0.00314695,0.009581656163652615,-4.64790482,44.972,6.834,425,93.57,41.394,226.405,0
59.419,332.569,0.00300689,0.02114912318030501,-3.85615683,37.185,8.416,603,194.781,43.469,11.178,0
56.688,329.838,0.00303179,0.01837250688906287,-3.99689992,36.085,13.487,941,118.384,48.438,80.294,0
50.36,323.51,0.00309109,0.01313929786578965,-4.3321477,35.177,2.556,762,177.388,53.419,176.147,0
70.049,343.199,0.00291376,0.03580517096849323,-3.32966296,39.244,10.395,329,287.124,37.95,23.931,0
77.776,350.926,0.0028496,0.05145891214650478,-2.96697161,42.102,1.809,204,165.586,52.187,33.111,0
94.226,367.376,0.00272201,0.1058584404885656,-2.24565254,38.947,2.068,179,59.819,48.064,188.805,0
101.246,374.396,0.00267097,0.1412635669783187,-1.95712786,38.699,6.473,560,53.344,55.13,185.319,0
117.654,390.804,0.00255883,0.2662870605924622,-1.32318038,38.474,1.006,914,163.862,49.85,23.591,0
35.151,308.301,0.00324358,0.005548738920729462,-5.1941846,38.097,9.865,963,298.54,38.781,168.672,0
87.445,360.595,0.00277319,0.07926005932121823,-2.53502094,38.522,5.754,358,22.065,47.798,87.625,0
51.222,324.372,0.00308288,0.01376383587948833,-4.28571072,43.855,10.348,1150,67.888,48.253,234.993,0
81.211,354.361,0.00282198,0.06015578819776813,-2.81081761,45.393,1.39,698,149.513,53.709,112.95,1
29.459,302.609,0.00330459,0.003930114214764945,-5.53908679,43.366,2.267,1157,148.372,47.205,11.341,0
61.51,334.66,0.00298811,0.02351894389632789,-3.74994906,35.746,4.475,768,171.191,55.05,214.545,0
43.573,316.723,0.00315733,0.009035431326000671,-4.70660162,42.585,3.118,985,156.949,54.193,44.285,0
63.526,336.676,0.00297021,0.02602234019890096,-3.64879987,41.014,8.677,499,290.233,47.169,127.815,0
61.287,334.437,0.0029901,0.02325552383765642,-3.76121259,44.196,5.761,907,189.234,45.126,249.586,0
66.233,339.383,0.00294652,0.02975163737545071,-3.51487111,39.115,8.338,502,291.548,55.107,88.075,0
105.19,378.34,0.00264313,0.1653442709878994,-1.79972549,45.92,2.607,816,291.372,47.784,184.007,1
40.792,313.942,0.0031853,0.007714051169644477,-4.86471179,37.134,1.02,158,15.166,44.638,164.646,0
128.944,402.094,0.00248698,0.3997075144178779,-0.91702221,43.122,7.945,671,293.939,43.636,102.454,0
42.656,315.806,0.0031665,0.008579078684208558,-4.75842875,43.159,2.887,300,192.533,40.095,47.881,0
109.934,383.084,0.00261039,0.1989524391324012,-1.61468948,40.283,14.481,355,290.457,37.641,224.65,0
45.839,318.989,0.0031349,0.01025685058497814,-4.57980945,38.366,6.811,1163,94.082,53.483,23.562,0
74.922,348.072,0.00287297,0.04509167096999857,-3.09905773,40.934,14.235,753,137.7,48.592,34.51,0
79.466,352.616,0.00283595,0.05558929912186933,-2.88976456,45.028,14.575,344,165.898,43.392,64.477,0
89.034,362.184,0.00276103,0.08490342478629888,-2.46624085,42.839,3.658,784,257.229,45.149,163.332,0
50.941,324.091,0.00308555,0.01355741852657673,-4.30082139,40.046,10.213,840,134.462,53.063,234.69,0
130.002,403.152,0.00248045,0.4147304866534102,-0.8801264,47.352,2.198,422,51.552,49.989,144.52,1
96.991,370.141,0.00270167,0.1187537096701262,-2.1307036,41.982,1.43,814,218.239,40.404,37.965,0
107.033,380.183,0.00263031,0.1777651118355503,-1.7272922,36.887,14.987,334,175.374,42.966,29.52,0
45.889,319.039,0.00313441,0.01028537755415604,-4.57703205,37.692,2.712,822,276.779,51.294,50.598,0
55.089,328.239,0.00304656,0.01690083868838503,-4.08039203,43.158,12.912,593,278.107,44.353,185.942,0
43.256,316.406,0.0031605,0.008875293334839898,-4.72448389,39.313,12.223,1074,247.233,46.97,233.27,0
56.426,329.576,0.0030342,0.01812388118041326,-4.01052481,43.987,1.675,931,166.404,52.503,114.314,0
106.679,379.829,0.00263276,0.1753185792859589,-1.74115051,37.185,6.851,1182,110.385,42.582,56.159,0
77.471,350.621,0.00285208,0.05074284218596027,-2.98098471,36.695,8.622,874,57.649,49.411,7.474,0
21.341,294.491,0.00339569,0.002348312999066357,-6.05405808,37.504,5.51,194,122.718,45.786,169.729,0
80.41,353.56,0.00282837,0.05802046189995913,-2.84695954,39.003,2.653,1167,112.508,39.407,236.233,0
113.994,387.144,0.00258302,0.2322517089492619,-1.45993354,42.186,2.887,435,182.841,46.606,57.445,0
109.445,382.595,0.00261373,0.1952351743532712,-1.63355042,45.214,4.004,817,99.239,38.801,84.454,0
84.87,358.02,0.00279314,0.07080847847759925,-2.64777653,44.092,3.05,1115,220.915,49.941,94.315,0
135.002,408.152,0.00245007,0.4924567810400316,-0.70834858,44.152,5.645,633,27.468,47.928,239.188,0
25.19,298.34,0.00335188,0.003008239808624453,-5.80640015,41.694,6.137,1005,27.859,48.125,103.33,0
85.938,359.088,0.00278483,0.07421313928567694,-2.60081407,44.554,8.642,1144,98.908,55.39,236.376,0
25.013,298.163,0.00335387,0.002974591129156057,-5.81764869,38.922,6.088,365,29.758,52.207,158.994,0
55.824,328.974,0.00303975,0.01756383951757343,-4.04191306,44.644,3.996,629,248.247,54.31,207.122,0
87.505,360.655,0.00277273,0.07946704881011288,-2.53241282,41.181,8.169,729,231.65,49.881,203.077,0
29.575,302.725,0.00330333,0.003958348462671709,-5.5319284,40.79,6.243,457,202.747,49.3,171.536,0
122.374,395.524,0.00252829,0.3164602488881366,-1.15055764,41.325,3.584,589,164.445,40.531,154.642,0
88.223,361.373,0.00276722,0.08198085586471046,-2.50126952,38.915,1.411,396,177.592,42.312,215.213,0
54.707,327.857,0.00305011,0.01656507427260716,-4.10045876,40.972,6.668,426,175.644,40.431,9.675,0
125.568,398.718,0.00250804,0.354848873533457,-1.03606329,45.497,6.321,224,251.265,51.83,247.051,0
126.612,399.762,0.00250149,0.3682342189040101,-0.99903608,39.874,12.195,692,63.065,44.677,160.188,0
93.111,366.261,0.00273029,0.1010138816837572,-2.29249733,39.347,11.821,985,279.016,43.89,50.854,0
77.66,350.81,0.00285055,0.05118553465627095,-2.97229831,41.448,9.047,447,99.696,44.568,240.085,0
36.041,309.191,0.00323425,0.005849472536216378,-5.14140379,38.328,12.51,454,137.539,44.03,211.622,0
32.034,305.184,0.00327671,0.004601085115437472,-5.38146311,40.932,11.228,742,22.661,41.068,26.981,0
113.16,386.31,0.00258859,0.2250443377121538,-1.49145784,37.156,7.362,788,279.003,38.53,158.249,0
136.169,409.319,0.00244308,0.5122924157610442,-0.66885969,48.211,2.783,834,247.396,42.01,17.837,1
20.41,293.56,0.00340646,0.002209614449400105,-6.11493724,41.118,1.506,508,60.909,47.479,11.915,0
56.344,329.494,0.00303496,0.01804668013269364,-4.01479354,37.707,7.193,217,188.731,38.441,190.769,0
39.88,313.03,0.00319458,0.00731978676454253,-4.91717408,39.195,13.799,1015,168.696,55.736,82.259,0
35.017,308.167,0.00324499,0.005504673729478642,-5.20215778,40.658,6.007,687,270.557,48.167,141.999,0
124.283,397.433,0.00251615,0.338949198574257,-1.08190504,38.515,7.653,987,23.09,48.909,246.277,0
54.542,327.692,0.00305165,0.01642187825037925,-4.10914079,39.688,1.061,241,94.32,38.94,15.687,0
49.334,322.484,0.00310093,0.01242874727648302,-4.38774316,36.949,7.125,477,90.23,53.522,109.616,0
55.371,328.521,0.00304395,0.01715255194234323,-4.06560832,41.737,3.439,994,299.349,50.706,201.64,0
51.375,324.525,0.00308143,0.01387739255051606,-4.2774942,41.231,3.706,211,262.112,54.193,199.106,0
36.571,309.721,0.00322871,0.006035379026471115,-5.11011662,38.8,12.877,1039,200.718,44.206,91.907,0
61.266,334.416,0.00299029,0.02323085200456703,-3.76227406,43.271,7.462,970,27.182,54.398,240.611,0
43.476,316.626,0.0031583,0.008986159863756567,-4.71206968,44.906,3.252,919,259.955,37.879,78.607,0
138.375,411.525,0.00242999,0.5516590922428429,-0.59482501,44.937,6.873,354,160.908,43.745,196.958,0
100.944,374.094,0.00267312,0.1395520989243259,-1.96931728,37.692,7.615,819,282.364,44.305,192.7,0
84.723,357.873,0.00279429,0.07035070926269482,-2.65426241,37.319,13.924,997,208.81,54.762,117.96,0
69.518,342.668,0.00291828,0.03490281542432799,-3.35518778,42.416,2.088,208,33.272,48.821,190.795,0
73.028,346.178,0.00288869,0.04125775077480284,-3.18791629,38.835,13.089,679,155.592,40.9,68.054,0
86.367,359.517,0.00278151,0.07562045401907265,-2.58202848,39.726,4.523,139,105.059,52.233,84.101,0
116.172,389.322,0.00256857,0.2520206072776536,-1.37824442,45.505,3.508,643,248.111,52.415,125.179,0
80.923,354.073,0.00282428,0.05938024792126181,-2.82379363,40.14,1.687,440,209.373,45.777,160.403,0
63.857,337.007,0.0029673,0.02645505041064398,-3.6323082,40.699,12.538,1115,131.895,50.885,191.47,0
87.461,360.611,0.00277307,0.07931521047411366,-2.53432536,40.069,10.388,695,181.538,52.837,110.983,0
104.206,377.356,0.00265002,0.1590258961183032,-1.83868822,40.37,13.427,338,266.407,53.417,19.72,0
44.765,317.915,0.00314549,0.009660799076966212,-4.63967891,35.744,9.283,739,119.957,54.984,158.094,0
124.78,397.93,0.002513,0.3450245532587787,-1.0641397,44.016,12.593,614,240.635,49.583,12.234,0
47.425,320.575,0.00311939,0.01119674183423365,-4.49213245,42.756,10.101,892,37.734,40.697,204.957,0
118.105,391.255,0.00255588,0.2707644135727209,-1.30650616,42.764,8.772,554,227.04,53.941,226.839,0
112.906,386.056,0.0025903,0.2228880119318256,-1.50108582,37.37,7.891,599,46.522,46.121,149.77,0
23.189,296.339,0.00337451,0.00264694671869876,-5.93434848,38.595,6.043,391,219.991,41.25,147.109,0
52.576,325.726,0.00307007,0.01479796909068719,-4.21326533,36.188,1.754,125,133.372,42.051,175.544,0
94.548,367.698,0.00271962,0.1072945798454516,-2.23217714,39.45,8.255,196,125.88,39.469,7.668,0
115.694,388.844,0.00257173,0.247562020861432,-1.39609414,43.522,1.038,145,149.984,42.707,60.748,0
137.666,410.816,0.00243418,0.5387343057844586,-0.61853277,44.443,3.885,620,45.895,53.653,69.461,0
88.757,361.907,0.00276314,0.08389515906909456,-2.47818737,41.681,8.681,624,159.873,52.434,68.588,0
115.398,388.548,0.00257368,0.2448352997852249,-1.40716954,40.045,14.755,508,195.206,41.749,101.576,0
107.241,380.391,0.00262887,0.179216359498397,-1.71916149,43.614,13.666,464,112.648,44.29,78.708,0
61.379,334.529,0.00298928,0.02336388247491069,-3.75656393,42.269,10.537,237,261.665,38.518,206.9,0
139.76,412.91,0.00242184,0.5776727079400334,-0.54874782,40.545,2.844,330,131.903,45.644,12.099,0
87.04,360.19,0.00277631,0.07787514229304715,-2.55264847,40.295,4.349,561,213.764,38.03,182.824,0
46.522,319.672,0.00312821,0.01065266381338719,-4.54194529,35.745,3.39,964,13.865,54.943,156.157,0
63.206,336.356,0.00297304,0.02560994971621913,-3.66477434,39.756,1.448,208,11.576,40.975,59.21,0
135.717,408.867,0.00244578,0.5045301403479621,-0.6841277,43.607,4.321,781,163.009,54.85,168.254,0
22.241,295.391,0.00338534,0.002489755290425085,-5.99557085,35.331,3.543,840,28.027,42.461,187.848,0
85.734,358.884,0.00278642,0.07355198613905602,-2.60976283,45.683,12.419,223,290.721,46.444,226.342,0
55.666,328.816,0.00304121,0.01741940929414317,-4.05017022,35.75,13.602,936,30.979,55.134,182.689,0
120.066,393.216,0.00254313,0.2909949220589685,-1.23444946,41.425,9.972,410,29.895,51.309,239.318,0
85.757,358.907,0.00278624,0.07362626979467816,-2.60875339,39.513,14.935,460,142.376,46.722,26.356,0
33.446,306.596,0.00326162,0.005010827443842928,-5.29615422,38.356,2.557,583,62.129,55.658,80.289,0
47.601,320.751,0.00311768,0.0113056091073654,-4.4824563,39.45,6.339,1160,265.957,38.495,225.437,0
94.333,367.483,0.00272121,0.1063338001856434,-2.24117207,40.02,13.309,741,91.441,40.47,55.11,0
31.593,304.743,0.00328145,0.004479387137217183,-5.40826904,40.082,9.8,412,217.262,49.53,188.91,0
31.091,304.241,0.00328687,0.004344357498092429,-5.4388774,42.363,14.714,785,204.655,46.169,237.362,0
91.74,364.89,0.00274055,0.09532244857995803,-2.35048994,41.638,1.79,448,135.369,42.072,162.747,0
23.773,296.923,0.00336788,0.002748148036992264,-5.89682804,37.411,1.534,342,156.444,47.53,232.646,0
45.187,318.337,0.00314133,0.009891231675306079,-4.6161066,43.269,5.245,762,62.484,38.105,83.243,0
90.92,364.07,0.00274672,0.09205359964438461,-2.38538427,39.03,11.531,910,123.863,53.676,220.228,0
107.484,380.634,0.0026272,0.1809247839760718,-1.70967389,44.633,1.625,683,138.551,41.1,194.781,0
136.02,409.17,0.00244397,0.5097224064253449,-0.673889,44.573,2.973,876,206.58,44.259,201.712,0
31.649,304.799,0.00328085,0.004494679953961508,-5.40486081,35.231,14.569,158,11.374,39.664,58.483,0
75.076,348.226,0.0028717,0.04541670977159982,-3.09187519,38.937,9.652,698,296.996,46.446,143.516,0
69.411,342.561,0.00291919,0.03472342381363414,-3.36034078,40.092,14.804,604,232.285,53.249,193.159,0
95.652,368.802,0.00271148,0.1123479626207906,-2.18615441,44.379,2.064,732,146.969,43.875,112.364,0
120.709,393.859,0.00253898,0.2979055711664048,-1.21097872,38.122,12.13,681,60.648,44.229,221.303,0
113.092,386.242,0.00258905,0.2244652957059775,-1.49403417,46.264,6.633,1148,274.451,56.019,124.711,0
66.07,339.22,0.00294794,0.02951445746240955,-3.52287505,44.447,11.531,150,136.361,55.703,230.475,0
108.769,381.919,0.00261836,0.190195350742822,-1.65970357,42.459,8.816,142,285.123,48.731,218.794,0
101.608,374.758,0.00266839,0.1433390322132739,-1.9425426,39.067,12.598,1057,70.718,43.759,243.697,0
115.618,388.768,0.00257223,0.2468594299391017,-1.39893621,40.872,12.411,1143,42.82,55.229,160.783,0
25.819,298.969,0.00334483,0.003130588353158634,-5.76653432,36.945,11.815,1190,119.808,56.035,164.304,0
72.027,345.177,0.00289706,0.03934946517447197,-3.2352729,42.78,3.382,332,154.883,50.975,220.925,0
65.078,338.228,0.00295659,0.02810655381494409,-3.5717525,45.022,5.739,1037,268.601,50.097,91.288,0
87.746,360.896,0.00277088,0.08030321546980691,-2.52194562,42.571,3.479,884,194.381,43.914,50.589,0
30.774,303.924,0.0032903,0.00426097242754836,-5.45825788,39.787,4.969,135,206.53,41.133,211.434,0
34.491,307.641,0.00325054,0.005334699989562545,-5.23352263,39.639,7.099,348,14.726,46.001,112.955,0
79.049,352.199,0.0028393,0.05454407441515037,-2.9087462,41.997,14.376,444,209.949,44.186,120.934,0
128.276,401.426,0.00249112,0.390464722583206,-0.94041765,42.977,7.579,1198,247.585,38.533,207.042,0
114.875,388.025,0.00257715,0.2400807674833717,-1.42677988,43.696,12.671,1060,164.198,43.838,55.937,0
64.36,337.51,0.00296288,0.02712474797256192,-3.60730876,35.836,2.847,251,148.666,55.738,207.392,0
105.689,378.839,0.00263964,0.1686306777857217,-1.78004429,45.073,8.896,433,289.38,43.76,33.707,0
57.999,331.149,0.00301979,0.01966239524396979,-3.92904734,40.677,13.318,219,142.636,51.076,162.509,0
115.345,388.495,0.00257404,0.2443498138081819,-1.40915442,44.77,8.608,503,187.319,38.917,221.078,0
136.673,409.823,0.00244008,0.5210679080361179,-0.6518749,45.047,2.056,657,62.997,39.14,203.933,0
60.269,333.419,0.00299923,0.02208575948600103,-3.81282225,43.257,8.24,261,186.647,42.252,29.443,0
69.042,342.192,0.00292234,0.03411097401620521,-3.37813613,38.325,8.945,1080,131.547,50.67,39.051,0
47.179,320.329,0.00312179,0.01104613269893324,-4.50567489,42.187,5.345,636,46.332,50.835,195.336,0
48.247,321.397,0.00311142,0.01171328933135973,-4.44703124,44.474,5.095,810,254.329,45.929,189.08,0
98.94,372.09,0.00268752,0.1286442275318036,-2.05070461,40.717,10.616,139,78.346,41.775,173.635,0
55.754,328.904,0.0030404,0.01749972141133782,-4.04557032,44.024,2.89,336,248.921,55.718,238.612,0
136.955,410.105,0.0024384,0.5260338448417262,-0.64238972,47.994,7.796,275,66.569,38.069,246.507,0
114.889,388.039,0.00257706,0.2402069944960422,-1.42625425,38.368,14.468,290,72.372,47.791,183.427,0
76.211,349.361,0.00286237,0.04787632198290194,-3.03913422,40.243,3.913,697,193.527,41.208,65.609,0
30.49,303.64,0.00329337,0.004187484056514565,-5.47565519,35.708,6.729,629,181.836,40.489,180.768,0
64.077,337.227,0.00296536,0.02674614647308899,-3.62136487,42.198,5.025,613,239.484,51.467,18.22,0
84.833,357.983,0.00279343,0.07069301336140486,-2.64940853,43.501,7.658,1137,218.984,46.579,64.617,0
71.523,344.673,0.0029013,0.03841831821456729,-3.2592209,38.963,2.035,1047,249.9,46.116,99.266,0
80.15,353.3,0.00283046,0.05734175384186472,-2.85872623,43.097,5.935,806,63.237,39.924,131.261,0
114.355,387.505,0.00258061,0.2354326922439831,-1.44633021,42.848,3.764,766,197.679,51.394,74.649,0
49.858,323.008,0.0030959,0.01278726850754527,-4.35930525,35.545,4.519,217,288.84,44.085,149.546,0
132.712,405.862,0.00246389,0.4554371737221436,-0.7864975,43.115,12.016,235,77.193,44.274,156.867,0
65.392,338.542,0.00295384,0.02854566408699056,-3.55625023,40.854,7.693,291,69.033,53.582,78.573,0
77.543,350.693,0.0028515,0.05091108987311908,-2.9776745,36.188,11.078,414,171.999,38.525,169.513,0
56.074,329.224,0.00303745,0.01779453063019875,-4.02886414,38.687,8.462,449,275.237,53.883,245.535,0
69.502,342.652,0.00291841,0.03487593883259456,-3.35595812,38.988,12.427,599,145.648,48.275,81.533,0
105.601,378.751,0.00264026,0.1680470365347973,-1.78351136,39.087,4.753,1159,107.296,45.209,120.458,0
38.454,311.604,0.0032092,0.006739163824732922,-4.99981942,40.046,2.01,463,286.801,43.875,134.841,0
138.31,411.46,0.00243037,0.5504632414766617,-0.5969951,45.94,8.179,565,252.279,53.762,56.896,0
123.67,396.82,0.00252003,0.3315826714865814,-1.10387811,44.21,4.878,172,72.065,38.7,50.952,0
36.065,309.215,0.003234,0.005857779390220459,-5.13998469,43.436,10.767,653,145.513,42.74,39.807,0
80.417,353.567,0.00282832,0.05803883155293384,-2.84664298,39.537,5.688,334,89.848,48.048,239.923,0
68.038,341.188,0.00293094,0.03249237779556683,-3.42674975,37.538,2.12,500,51.938,41.908,124.706,0
86.96,360.11,0.00277693,0.0776040900883866,-2.55613515,42.517,2.838,462,41.121,55.877,50.047,0
95.134,368.284,0.0027153,0.1099517051787846,-2.20771405,44.482,4.906,961,192.693,54.992,61.414,0
38.964,312.114,0.00320396,0.006941932489930604,-4.97017509,44.931,7.782,686,47.45,50.525,192.582,0
115.924,389.074,0.00257021,0.2496988000031103,-1.38749989,38.997,8.89,297,194.87,45.954,18.508,0
48.91,322.06,0.00310501,0.01214519425259832,-4.41082172,37.787,12.287,757,142.698,49.299,154.032,0
108.225,381.375,0.00262209,0.1862217297130174,-1.68081722,42.495,8.499,350,58.844,50.506,131.88,0
35.156,308.306,0.00324353,0.005550389208943745,-5.19388723,42.589,14.845,241,81.701,40.727,205.474,0
98.839,371.989,0.00268825,0.1281146543549407,-2.05482968,39.402,14.599,194,251.247,53.399,159.539,0
92.717,365.867,0.00273323,0.09934875649451098,-2.30911883,37.423,4.156,754,280.631,54.467,201.094,0
81.105,354.255,0.00282283,0.05986932219405312,-2.81559106,40.224,3.662,814,254.161,50.516,149.846,0
127.274,400.424,0.00249735,0.3769445550993811,-0.97565717,42.779,3.574,822,36.062,48.999,93.51,0
139.882,413.032,0.00242112,0.5800135324236206,-0.54470384,44.476,13.119,409,281.621,46.154,111.09,0
108.255,381.405,0.00262188,0.1864389768430772,-1.6796513,41.897,9.306,355,234.502,52.374,200.198,0
44.806,317.956,0.00314509,0.009682976174267725,-4.63738597,41.089,2.63,626,159.176,43.126,229.295,0
91.806,364.956,0.00274006,0.09558989268381166,-2.34768819,44.554,13.79,292,169.865,48.63,148.967,0
126.831,399.981,0.00250012,0.3710964033072241,-0.9912934,43.592,2.228,233,263.107,38.714,89.559,0
51.86,325.01,0.00307683,0.014242860646732,-4.25149951,38.036,4.809,622,109.682,50.147,148.738,0
122.485,395.635,0.00252758,0.3177317990140764,-1.14654765,39.873,6.091,624,205.495,42.402,54.302,0
97.502,370.652,0.00269795,0.1212806945837585,-2.10964763,43.489,3.497,139,135.369,40.851,20.65,0
36.996,310.146,0.00322429,0.006188236606829384,-5.08510511,39.678,13.698,310,59.02,50.701,66.922,0
102.081,375.231,0.00266503,0.1460907218583992,-1.92352747,44.617,14.151,373,266.121,51.816,189.32,0
139.33,412.48,0.00242436,0.5694864709469045,-0.56302025,46.61,4.157,553,208.928,37.895,161.068,0
117.84,390.99,0.00255761,0.2681258048403317,-1.31629899,42.663,14.18,884,87.415,43.55,23.992,0
52.396,325.546,0.00307176,0.01465664520654842,-4.22286145,35.189,7.052,841,162.67,40.562,136.827,0
73.17,346.32,0.0028875,0.04153492922845747,-3.18122054,38.234,8.706,182,23.756,50.128,138.619,0
136.955,410.105,0.0024384,0.5260338448417262,-0.64238972,43.555,1.23,580,241.263,54.488,79.53,0
134.942,408.092,0.00245043,0.4914549716905385,-0.71038496,44.381,11.238,1165,255.167,46.272,99.387,0
133.469,406.619,0.0024593,0.4674015241789194,-0.7605666,47.41,6.727,311,139.495,46.766,196.592,0
62.813,335.963,0.00297652,0.0251113680526144,-3.68443462,40.68,2.086,995,116.975,52.481,82.964,0
98.821,371.971,0.00268838,0.1280204740065209,-2.05556507,36.471,11.528,1184,125.873,42.385,221.646,0
96.141,369.291,0.00270789,0.114651603773507,-2.16585728,46.082,13.386,386,238.978,47.942,5.128,0
120.955,394.105,0.00253739,0.3005865647449484,-1.2020195,40.086,4.834,833,218.803,53.263,15.755,0
86.547,359.697,0.00278012,0.076217837443213,-2.57415976,40.459,6.15,271,70.132,39.637,140.945,0
106.882,380.032,0.00263136,0.1767179443551168,-1.73320035,43.362,6.427,909,27.595,52.187,186.541,0
98.619,371.769,0.00268984,0.1269676773704873,-2.06382273,43.799,2.83,496,137.542,44.218,234.443,0
81.54,354.69,0.00281936,0.06105256320653932,-2.79602009,40.897,2.986,1107,30.283,48.327,66.331,0
112.263,385.413,0.00259462,0.2175088481933514,-1.52551575,37.168,6.471,461,126.835,53.349,215.788,0
86.705,359.855,0.0027789,0.07674559744935144,-2.56725926,38.383,5.046,1055,225.559,55.969,158.38,0
124.514,397.664,0.00251469,0.3417614210542906,-1.07364238,39.799,11.115,932,193.204,49.063,100.479,0
134.697,407.847,0.0024519,0.4873823264932254,-0.7187064,40.718,10.566,202,227.987,45.817,216.269,0
83.451,356.601,0.00280425,0.06649633396166765,-2.71060846,36.475,8.666,1167,141.551,44.309,146.699,0
55.966,329.116,0.00303844,0.01769454567390305,-4.03449884,38.038,11.291,856,141.893,55.679,204.617,0
90.798,363.948,0.00274765,0.09157570248942996,-2.3905893,42.994,1.765,551,23.725,46.277,12.694,0
84.422,357.572,0.00279664,0.0694214302817653,-2.66755967,42.298,6.091,569,132.131,37.701,100.05,0
38.413,311.563,0.00320962,0.006723094023828584,-5.00220681,39.594,14.106,919,35.499,43.694,230.563,0
94.201,367.351,0.00272219,0.105747641970826,-2.24669976,37.939,8.123,742,207.65,51.436,112.417,0
97.388,370.538,0.00269878,0.1207129320585629,-2.11434001,38.22,10.626,121,47.947,47.155,182.497,0
64.229,337.379,0.00296403,0.02694891161529409,-3.61381237,42.526,7.968,426,109.036,47.145,74.786,0
75.343,348.493,0.0028695,0.04598512165558699,-3.07943738,41.112,9.194,145,142.249,55.33,138.892,0
50.621,323.771,0.0030886,0.01332569416238551,-4.31806122,41.188,13.607,1014,71.857,47.447,66.458,0
135.545,408.695,0.00244681,0.5016028952437129,-0.68994652,46.207,13.227,1078,202.115,39.078,153.682,0
43.199,316.349,0.00316107,0.008846767696340152,-4.72770312,40.646,6.444,622,190.808,41.547,144.939,0
104.651,377.801,0.0026469,0.1618568880987274,-1.82104274,46.139,8.12,541,284.688,49.286,100.744,0
30.74,303.89,0.00329066,0.004252114293372784,-5.46033894,39.382,3.037,391,52.302,50.519,113.841,0
103.645,376.795,0.00265396,0.155518153000386,-1.86099281,37.116,11.113,1025,263.244,44.017,18.417,0
129.55,402.7,0.00248324,0.4082541621997919,-0.89586535,44.595,7.896,105,18.8,52.77,38.025,0
41.027,314.177,0.00318292,0.007818653755781295,-4.85124289,44.447,7.097,521,120.039,45.658,245.306,0
63.696,336.846,0.00296872,0.02624379289978273,-3.64032578,35.423,11.544,396,155.179,43.8,131.37,0
133.532,406.682,0.00245892,0.4684092529253392,-0.75841289,42.591,7.643,853,46.474,52.714,195.394,0
134.444,407.594,0.00245342,0.4832070411652332,-0.72731006,43.953,5.287,618,257.305,46.324,38.722,0
99.56,372.71,0.00268305,0.1319369138125228,-2.0254314,45.27,12.185,486,232.581,47.687,66.539,0
49.074,322.224,0.00310343,0.01225418330479739,-4.40188791,36.495,11.31,1150,175.016,45.366,33.5,0
131.545,404.695,0.002471,0.437506842218332,-0.82666293,43.748,6.617,762,259.525,50.54,11.088,0
99.61,372.76,0.00268269,0.1322056125808241,-2.0233969,40.32,6.8,957,293.546,51.031,55.114,0
129.694,402.844,0.00248235,0.4103079356020193,-0.89084734,48.125,1.507,1089,29.465,53.621,138.574,1
119.084,392.234,0.0025495,0.2807072788684101,-1.27044286,42.759,8.589,811,110.675,51.128,126.61,0
84.758,357.908,0.00279401,0.07045946683429694,-2.65271767,36.203,13.015,1031,230.997,43.853,89.221,0
98.411,371.561,0.00269135,0.1258914750201258,-2.07233505,37.349,10.5,156,185.13,47.506,167.841,0
35.763,308.913,0.00323716,0.005754013227547852,-5.15785772,42.318,14.075,760,208.671,48.056,228.51,0
134.461,407.611,0.00245332,0.4834866313682161,-0.72673161,42.515,2.607,667,283.032,49.438,137.52,0
102.728,375.878,0.00266044,0.1499287884251448,-1.89759484,45.36,5.118,572,177.092,43.591,222.785,0
72.143,345.293,0.00289609,0.03956656042220239,-3.22977095,39.208,1.438,1173,167.894,43.899,32.324,0
92.964,366.114,0.00273139,0.100389810396976,-2.29869457,42.711,5.266,783,230.236,38.939,234.603,0
34.719,307.869,0.00324813,0.005407793854240287,-5.21991406,36.467,14.169,121,146.068,49.849,247.971,0
40.107,313.257,0.00319227,0.007416207446283941,-4.90408748,44.431,10.222,958,164.047,43.317,217.284,0
132.107,405.257,0.00246757,0.4460646774737623,-0.80729132,40.262,10.362,316,71.964,45.943,180.937,0
94.816,367.966,0.00271764,0.1085027698696997,-2.22097958,40.376,8.499,300,255.983,42.238,160.504,0
77.699,350.849,0.00285023,0.05127730376374035,-2.97050705,39.216,7.628,193,247.82,45.534,142.026,0
65.691,338.841,0.00295124,0.02896939901406661,-3.54151521,35.672,7.836,255,298.331,43.356,175.973,0
124.306,397.456,0.002516,0.3392283089960186,-1.08108192,44.77,10.902,739,202.408,55.927,208.438,0
120.492,393.642,0.00254038,0.295557739361487,-1.21889107,39.712,10.702,311,23.684,38.598,210.539,0
124.198,397.348,0.00251669,0.337919415254717,-1.08494783,46.239,14.583,1046,107.187,50.938,196.999,0
39.014,312.164,0.00320344,0.006962100928571168,-4.96727399,44.784,5.666,305,83.359,39.323,43.825,0
131.804,404.954,0.00246942,0.4414331143141484,-0.81772877,44.923,12.884,183,146.264,43.392,105.412,0
66.089,339.239,0.00294777,0.02954201825568549,-3.52194168,38.113,14.357,206,248.067,41.455,50.06,0
87.007,360.157,0.00277657,0.07776323332648748,-2.55408654,37.369,10.964,897,229.047,37.936,177.33,0
82.772,355.922,0.0028096,0.06451541202396478,-2.74085114,38.712,4.088,177,114.503,56.384,38.232,0
22.784,295.934,0.00337913,0.002578736785126446,-5.96045562,42.795,4.048,398,65.451,40.503,151.719,0
111.08,384.23,0.00260261,0.2079046217151747,-1.57067585,38.486,12.247,654,129.495,54.705,232.171,0
104.76,377.91,0.00264613,0.1625569420951583,-1.81672693,38.281,10.118,104,135.333,40.245,32.987,0
72.329,345.479,0.00289453,0.03991685633852022,-3.22095658,45.189,1.862,818,267.094,41.759,78.723,1
59.386,332.536,0.00300719,0.02111347745435132,-3.8578437,42.824,4.197,612,126.659,51.824,16.23,0
79.33,352.48,0.00283704,0.0552465006079307,-2.89595028,40.284,9.923,925,136.138,53.461,152.514,0
44.337,317.487,0.00314974,0.009431969187909736,-4.66365038,42.609,6.316,1050,237.805,39.143,61.69,0
34.917,308.067,0.00324605,0.005471992700987817,-5.20811243,41.275,3.478,358,212.614,50.921,126.814,0
27.86,301.01,0.00332215,0.003558828822056394,-5.63832377,37.338,6.244,298,31.41,49.442,85.702,0
63.919,337.069,0.00296675,0.0265368028199757,-3.62922272,40.755,8.09,1025,79.428,54.037,180.954,0
72.042,345.192,0.00289694,0.03937747883775863,-3.23456123,36.111,6.079,164,201.964,49.719,215.992,0
83.081,356.231,0.00280717,0.0654104023823506,-2.72707398,37.317,2.947,795,120.341,42.33,165.339,0
23.188,296.338,0.00337453,0.002646776329169909,-5.93441286,40.751,10.744,112,181.199,43.606,197.264,0
80.999,354.149,0.00282367,0.05958405010130204,-2.82036736,41.137,7.795,150,72.985,41.337,216.75,0
65.781,338.931,0.00295045,0.02909802388305331,-3.53708501,44.583,1.249,562,210.346,41.889,100.792,0
33.984,307.134,0.00325591,0.005175309103732098,-5.26385621,44.499,2.298,653,25.767,39.063,211.303,0
70.606,343.756,0.00290904,0.03677367405571818,-3.30297307,44.895,11.608,236,148.19,43.912,33.694,0
26.62,299.77,0.00333589,0.003292825216881154,-5.71600935,37.365,14.108,1044,129.098,49.535,82.684,0
104.782,377.932,0.00264598,0.1626985550846613,-1.81585615,37.217,12.309,682,216.597,55.293,85.749,0
46.651,319.801,0.00312694,0.0107289245964612,-4.53481195,43.024,5.812,872,125.2,42.788,26.626,0
58.461,331.611,0.00301558,0.02013564307930151,-3.90526375,36.775,5.586,1116,228.827,39.37,188.205,0
124.797,397.947,0.0025129,0.345234006282346,-1.06353281,44.478,1.654,108,75.993,52.781,237.176,0
124.012,397.162,0.00251786,0.3356753825417585,-1.09161071,47.297,14.106,700,26.778,54.492,236.244,0
119.448,392.598,0.00254713,0.2844834745546995,-1.25708011,39.124,9.506,771,75.96,44.016,121.88,0
63.693,336.843,0.00296874,0.02623987056809133,-3.64047525,37.086,14.872,772,61.964,53.79,167.127,0
64.209,337.359,0.0029642,0.02692215488578732,-3.61480573,41.017,3.128,853,17.427,38.083,24.413,0
133.451,406.601,0.00245941,0.4671139428297601,-0.76118206,44.191,13.787,260,161.421,39.221,77.505,0
65.267,338.417,0.00295493,0.02837014084424217,-3.56241807,35.336,13.627,630,183.626,37.639,149.863,0
23.318,296.468,0.00337305,0.002669009477538361,-5.92604786,43.171,6.345,395,33.876,40.912,213.973,0
41.933,315.083,0.00317377,0.008233829565623749,-4.79950405,37.532,10.89,1165,270.365,49.714,129.091,0
42.497,315.647,0.0031681,0.008502068702369215,-4.76744577,43.701,8.166,548,292.633,41.285,33.186,0
110.193,383.343,0.00260863,0.2009459661693518,-1.60471923,43.784,12.807,526,244.473,55.514,199.814,0
42.205,315.355,0.00317103,0.00836223949872307,-4.78402901,39.256,5.4,291,118.271,47.096,240.586,0
35.852,309.002,0.00323623,0.00578442181714886,-5.15258687,35.118,9.736,1035,64.922,48.419,33.202,0
109.175,382.325,0.00261558,0.1932085475362809,-1.64398512,38.96,1.351,506,12.368,53.861,117.61,0
32.142,305.292,0.00327555,0.004631334629309548,-5.3749102,35.91,10.436,288,199.063,44.988,204.472,0
108.592,381.742,0.00261957,0.1888944913945323,-1.66656667,42.084,10.956,543,192.363,44.735,105.308,0
53.763,326.913,0.00305892,0.01576049351903223,-4.15024888,43.747,13.022,525,79.006,48.448,203.012,0
54.184,327.334,0.00305498,0.01611494343267696,-4.12800827,39.562,9.146,656,10.031,46.51,162.087,0
105.27,378.42,0.00264257,0.1658673854656542,-1.79656669,42.012,12.734,628,277.311,54.064,78.627,0
80.524,353.674,0.00282746,0.05832025885857346,-2.84180575,40.963,3.299,562,192.48,49.081,70.13,0
131.068,404.218,0.00247391,0.4303540923278157,-0.84314694,45.916,3.126,155,133.735,40.961,127.682,0
26.483,299.633,0.00333742,0.003264555056135229,-5.7246318,44.419,8.621,795,49.277,45.719,237.471,0
113.244,386.394,0.00258803,0.2257614049447025,-1.48827657,37.685,4.327,475,130.014,43.056,133.382,0
133.423,406.573,0.00245958,0.4666668951747549,-0.76213956,41.85,14.682,122,186.15,55.604,115.968,0
136.397,409.547,0.00244172,0.5162464973222886,-0.66117092,41.471,9.523,556,243.745,50.123,185.649,0
59.682,332.832,0.00300452,0.02143511201209399,-3.84272495,39.906,1.198,470,143.908,54.777,209.356,0
87.262,360.412,0.0027746,0.07863164365320563,-2.54298107,37.726,9.522,659,226.68,42.291,91.089,0
92.294,365.444,0.0027364,0.09758771853096433,-2.32700363,36.654,1.483,1100,41.966,44.631,78.575,0
51.751,324.901,0.00307786,0.01415999065869429,-4.25733485,40.383,2.849,847,286.621,54.337,133.959,0
108.572,381.722,0.00261971,0.1887479867072757,-1.66734256,38.428,2.852,598,146.598,48.27,119.889,0
66.669,339.819,0.00294274,0.03039431991538531,-3.49349953,38.746,2.129,999,155.963,39.611,59.075,0
123.627,396.777,0.00252031,0.3310711394135571,-1.105422,37.878,1.156,230,54.739,44.675,47.613,0
121.294,394.444,0.00253521,0.3043151109437999,-1.18969157,43.506,8.403,822,200.025,44.893,21.675,0
128.176,401.326,0.00249174,0.3890969777079856,-0.94392667,39.16,6.505,555,206.795,39.16,94.841,0
26.639,299.789,0.00333568,0.003296763127139854,-5.71481416,45.027,12.016,972,83.453,51.123,145.69,0
120.142,393.292,0.00254264,0.2918044725742879,-1.23167132,44.521,1.967,1123,105.755,52.254,231.164,0
109.249,382.399,0.00261507,0.1937621753865988,-1.64112377,44.469,5.529,924,52.504,52.58,60.87,0
132.169,405.319,0.00246719,0.447017502823906,-0.80515753,41.904,1.797,637,146.867,48.121,6.766,0
50.404,323.554,0.00309067,0.01317055824948421,-4.32977138,35.304,4.078,330,160.945,40.349,140.798,0
42.899,316.049,0.00316407,0.008697970519975172,-4.74466555,43.618,5.788,1192,29.605,51.84,167.014,0
42.741,315.891,0.00316565,0.008620501168008114,-4.75361206,35.824,3.988,1154,254.323,40.518,237.136,0
116.632,389.782,0.00256554,0.256376502189935,-1.3611082,41.323,11.522,256,149.93,51.364,111.908,0
116.454,389.604,0.00256671,0.2546833234328447,-1.36773437,45.717,8.647,886,253.426,43.772,203.513,0
121.351,394.501,0.00253485,0.3049459266321206,-1.18762081,46.917,1.545,731,52.571,49.863,85.891,1
22.94,296.09,0.00337735,0.002604821624504009,-5.95039108,40.973,13.734,569,84.164,55.068,150.451,0
28.743,301.893,0.00331243,0.003759786363128056,-5.58339314,38.899,6.534,775,154.384,52.012,173.461,0
55.805,328.955,0.00303993,0.01754641553915716,-4.04290559,44.904,7.226,822,269.702,52.31,214.279,0
55.285,328.435,0.00304474,0.0170754395094387,-4.07011413,43.605,4.42,1109,236.388,42.476,121.544,0
100.281,373.431,0.00267787,0.1358577855402038,-1.99614663,46.013,5.162,100,258.628,53.551,60.249,0
88.967,362.117,0.00276154,0.08465858458782428,-2.46912876,36.912,3.212,637,144.17,40.59,233.511,0
69.387,342.537,0.00291939,0.03468329787915704,-3.36149704,40.479,14.994,551,140.845,38.881,155.966,0
22.457,295.607,0.00338287,0.002524816459478529,-5.98158691,44.609,7.969,214,219.61,54.845,104.181,0
93.521,366.671,0.00272724,0.1027723662158788,-2.27523877,44.743,1.667,368,127.93,42.756,81.242,0
54.159,327.309,0.00305522,0.01609370017295564,-4.12932738,36.519,2.295,783,153.09,49.857,20.51,0
94.208,367.358,0.00272214,0.1057786553806403,-2.24640652,42.47,8.585,718,77.426,38.429,223.45,0
122.769,395.919,0.00252577,0.3210051560305331,-1.13629809,41.345,3.383,292,30.043,38.34,192.117,0
72.113,345.263,0.00289634,0.03951031454326601,-3.23119351,42.644,10.288,801,32.12,45.085,146.751,0
70.934,344.084,0.00290627,0.03735469592188289,-3.28729665,36.093,13.243,1112,266.038,40.045,65.813,0
72.081,345.231,0.00289661,0.03945039631536439,-3.23271119,42.342,5.894,925,244.58,43.907,53.288,0
109.967,383.117,0.00261017,0.1992054863997361,-1.61341839,39.23,6.731,889,108.448,40.406,192.29,0
23.165,296.315,0.00337479,0.002642860078902088,-5.93589359,36.356,8.657,984,170.882,41.684,45.585,0
77.725,350.875,0.00285002,0.05133856319895694,-2.96931309,36.234,2.246,113,258.907,43.658,15.536,0
87.594,360.744,0.00277205,0.07977495176627905,-2.52854571,40.752,2.971,139,257.231,52.102,115.396,0
123.349,396.499,0.00252207,0.327780365974391,-1.11541151,43.286,4.73,564,128.5,52.9,221.058,0
58.134,331.284,0.00301856,0.01979965575245736,-3.92209073,42.284,3.332,189,176.44,45.237,146.355,0
39.56,312.71,0.00319785,0.007185756850526491,-4.93565443,42.174,11.526,491,140.098,41.964,55.241,0
138.664,411.814,0.00242828,0.557002941099978,-0.58518476,48.332,13.569,716,183.408,41.98,196.128,0
27.462,300.612,0.00332655,0.003471430588847514,-5.6631885,41.768,4.913,577,128.398,46.71,17.708,0
122.694,395.844,0.00252625,0.320137907887638,-1.13900341,41.717,12.699,410,156.809,54.594,143.562,0
33.552,306.702,0.00326049,0.00504286095662969,-5.28978171,36.577,13.966,991,294.214,49.525,210.741,0
98.903,372.053,0.00268779,0.128450005269304,-2.05221551,44.688,8.489,923,88.149,42.208,134.333,0
131.69,404.84,0.00247011,0.4397012448241687,-0.82165977,46.898,12.221,129,116.628,47.481,160.137,0
26.38,299.53,0.00333856,0.003243443946937351,-5.73111957,43.776,2.148,817,137.361,45.682,99.374,0
29.621,302.771,0.00330283,0.003969594858268878,-5.52909124,44.625,14.274,539,62.913,51.989,26.543,0
61.673,334.823,0.00298665,0.02371314920658465,-3.74172557,42.031,1.131,776,233.406,45.23,234.813,0
38.621,311.771,0.00320748,0.006804972549257965,-4.99010168,36.688,3.392,128,90.552,47.058,92.41,0
24.771,297.921,0.00335659,0.002929130480559984,-5.83304966,43.608,8.403,206,246.145,52.861,113.745,0
77.414,350.564,0.00285255,0.05060999171273092,-2.98360626,38.285,5.686,840,138.599,50.518,39.169,0
128.101,401.251,0.00249221,0.3880738686466715,-0.94655957,41.453,2.423,972,111.091,46.032,10.917,0
56.204,329.354,0.00303625,0.01791554470053171,-4.02208652,38.058,9.611,697,78.677,44.621,20.367,0
67.803,340.953,0.00293296,0.03212342444304567,-3.43816978,40.569,2.427,182,216.86,49.875,178.671,0
41.446,314.596,0.00317868,0.008008289650617334,-4.82727807,41.108,7.519,162,198.392,38.338,168.983,0
128.015,401.165,0.00249274,0.3869035453630098,-0.94957985,42.038,14.619,851,206.765,53.608,51.773,0
54.732,327.882,0.00304988,0.01658686665505293,-4.09914406,44.013,11.344,1152,114.106,48.219,234.406,0
102.791,375.941,0.00265999,0.1503071388466995,-1.89507449,36.94,10.995,534,265.786,42.006,70.781,0
131.812,404.962,0.00246937,0.4415548681502287,-0.81745299,41.67,1.639,345,215.386,52.492,31.159,0
90.842,363.992,0.00274731,0.09174780903299565,-2.38871167,38.721,14.161,973,230.767,38.93,190.318,0
133.879,407.029,0.00245683,0.4739931617838762,-0.74656238,41.93,10.394,1138,231.245,49.239,19.703,0
93.918,367.068,0.00272429,0.1045004209140584,-2.25856418,45.44,1.411,1173,133.156,50.972,78.277,1
77.819,350.969,0.00284925,0.05156057475171628,-2.96499795,38.879,6.315,388,103.032,44.914,102.411,0
52.458,325.608,0.00307118,0.01470518801212114,-4.21955492,38.637,13.672,384,236.046,38.947,167.43,0
56.759,329.909,0.00303114,0.01844039925607097,-3.99321141,43.415,6.35,235,182.418,39.122,148.402,0
64.911,338.061,0.00295805,0.02787544547336113,-3.58000907,39.878,5.034,276,187.898,54.895,40.587,0
106.465,379.615,0.00263425,0.1738537822813881,-1.74954066,39.279,9.548,1031,40.141,52.247,151.882,0
102.149,375.299,0.00266454,0.1464900557375659,-1.92079773,43.749,12.101,112,298.366,38.751,44.394,0
110.312,383.462,0.00260782,0.2018676847770224,-1.60014282,40.15,14.85,367,208.46,55.795,190.595,0
65.214,338.364,0.0029554,0.02829600626498912,-3.56503461,43.499,10.1,435,164.209,42.185,117.01,0
50.853,324.003,0.00308639,0.01349334137918695,-4.30555895,42.452,13.378,1178,161.534,44.326,29.086,0
117.266,390.416,0.00256137,0.2624863474991033,-1.33755621,38.564,11.938,634,237.185,52.802,192.781,0
92.798,365.948,0.00273263,0.09968911416084325,-2.30569879,44.381,10.452,972,108.793,40.386,104.102,0
131.692,404.842,0.0024701,0.4397315782547876,-0.82159079,42.138,1.376,715,96.609,53.101,69.696,0
49.308,322.458,0.00310118,0.01241119229706006,-4.38915661,41.552,5.951,316,295.636,49.134,116.473,0
79.186,352.336,0.0028382,0.05488555560998785,-2.90250507,37.292,4.918,365,127.406,52.819,71.814,0
37.11,310.26,0.0032231,0.006229820269796314,-5.0784078,41.09,4.169,979,252.762,40.208,195.106,0
29.433,302.583,0.00330488,0.003923810573787656,-5.54069201,39.133,1.527,350,111.317,55.852,31.636,0
38.746,311.896,0.0032062,0.006854604079054896,-4.98283472,42.035,5.149,155,191.364,47.881,105.528,0
27.961,301.111,0.00332103,0.003581318197203419,-5.63202433,42.737,3.966,851,245.125,51.335,32.928,0
132.66,405.81,0.00246421,0.454625033510996,-0.7882823,45.613,13.962,746,55.473,43.697,186.886,0
20.118,293.268,0.00340985,0.002167651235786859,-6.13411108,41.189,3.176,556,118.866,44.491,209.476,0
53.682,326.832,0.00305968,0.01569309418220283,-4.15453452,43.688,6.646,680,223.931,40.023,107.074,0
120.693,393.843,0.00253908,0.297731912713343,-1.21156182,46.552,4.093,413,138.107,41.513,101.226,0
61.551,334.701,0.00298774,0.02356766062314698,-3.74787982,39.077,5.758,425,261.885,54.089,49.294,0
72.739,345.889,0.0028911,0.04069864294749809,-3.20156053,37.816,2.727,412,241.26,42.457,122.676,0
111.62,384.77,0.00259896,0.2122421743081285,-1.55002732,42.071,8.473,549,130.573,50.386,35.252,0
30.0,303.15,0.0032987,0.004063346762002328,-5.50574832,36.025,8.417,454,136.857,54.247,40.313,0
108.892,382.042,0.00261751,0.1911038941942426,-1.65493805,41.833,11.359,525,276.59,41.219,232.821,0
126.089,399.239,0.00250477,0.3614755248367019,-1.01756094,40.697,5.458,1166,228.669,43.274,55.127,0
35.704,308.854,0.00323778,0.005733933288000377,-5.16135355,36.784,5.465,252,179.823,37.654,8.564,0
134.234,407.384,0.00245469,0.479764674972234,-0.73445956,48.092,7.344,234,296.506,39.493,173.841,0
57.973,331.123,0.00302003,0.01963605657824575,-3.93038778,41.656,5.593,195,288.164,46.454,246.913,0
27.951,301.101,0.00332114,0.003579085876742218,-5.63264785,44.468,13.757,437,108.779,56.359,203.455,0
34.444,307.594,0.00325104,0.005319742315598696,-5.23633041,36.275,5.268,669,196.416,55.938,28.311,0
27.676,300.826,0.00332418,0.003518182199116154,-5.64981084,41.765,2.073,466,147.084,48.937,60.766,0
99.997,373.147,0.00267991,0.1343014584105063,-2.00766832,45.881,2.237,763,148.034,43.101,28.877,1
29.378,302.528,0.00330548,0.003910505689161066,-5.54408858,36.452,6.292,278,165.028,38.693,22.147,0
54.888,328.038,0.00304843,0.01672342451604781,-4.09094488,36.828,9.62,197,15.109,44.533,42.296,0
52.034,325.184,0.00307518,0.0143760381848305,-4.24219247,45.1,13.559,169,282.454,51.574,60.517,0
92.783,365.933,0.00273274,0.09962600849059453,-2.30633202,40.165,6.38,383,60.189,50.775,56.092,0
105.098,378.248,0.00264377,0.1647444564537582,-1.80335975,45.554,6.869,160,233.776,48.67,115.736,0
136.185,409.335,0.00244299,0.5125690476183348,-0.66831985,46.571,13.954,796,182.022,40.284,185.896,0
98.058,371.208,0.00269391,0.1240831625847607,-2.08680327,44.65,3.535,727,62.697,48.652,89.639,0
120.505,393.655,0.0025403,0.2956979430089723,-1.21841681,38.911,14.809,568,123.413,47.44,57.843,0
103.229,376.379,0.0026569,0.1529605338836892,-1.87757534,44.442,8.181,844,176.899,38.228,196.738,0
97.762,370.912,0.00269606,0.1225842792664429,-2.09895649,36.968,12.387,960,76.165,38.792,213.804,0
114.541,387.691,0.00257937,0.2370862723061243,-1.43933119,42.235,2.969,1076,128.308,45.568,55.84,0
83.524,356.674,0.00280368,0.06671243613308368,-2.70736389,36.277,11.108,766,202.902,51.18,173.24,0
138.478,411.628,0.00242938,0.5535586011552563,-0.59138766,48.622,14.184,1170,13.052,38.725,142.211,0
107.092,380.242,0.0026299,0.1781757267325499,-1.72498499,37.346,11.28,547,295.701,54.823,191.765,0
42.007,315.157,0.00317302,0.008268589953453533,-4.79529129,42.641,5.09,334,91.123,45.149,54.035,0
102.953,376.103,0.00265885,0.1512838433724852,-1.88859745,42.924,2.979,821,21.194,54.884,203.366,0
28.687,301.837,0.00331305,0.003746746911502876,-5.58686731,43.333,5.633,942,166.464,48.932,229.576,0
21.69,294.84,0.00339167,0.002402283229722067,-6.03133565,38.68,11.103,109,191.463,46.627,229.813,0
125.802,398.952,0.00250657,0.3578121194630451,-1.02774724,45.519,10.259,860,157.569,38.345,174.357,0
49.639,322.789,0.003098,0.01263632937148522,-4.37117933,39.151,4.054,711,257.998,42.332,95.964,0
118.827,391.977,0.00255117,0.2780671904804956,-1.2798925,43.168,8.765,238,267.115,49.929,81.958,0
112.258,385.408,0.00259465,0.2174674628686995,-1.52570604,43.927,1.284,985,59.934,53.906,205.364,0
68.44,341.59,0.00292749,0.03313216794452085,-3.40725063,44.027,9.654,567,65.389,38.136,22.206,0
130.113,403.263,0.00247977,0.4163343153340132,-0.8762667,45.455,1.588,205,12.092,40.661,124.873,0
56.282,329.432,0.00303553,0.01798850162493448,-4.01802252,43.718,6.571,657,74.568,40.815,91.537,0
109.842,382.992,0.00261102,0.1982484406862945,-1.61823428,46.051,8.06,151,191.634,45.681,198.81,0
65.859,339.009,0.00294977,0.02920990505492725,-3.53324741,43.451,11.631,565,106.383,47.79,228.369,0
116.342,389.492,0.00256745,0.253622901469886,-1.37190676,40.334,3.19,293,90.556,42.236,89.768,0
56.939,330.089,0.00302949,0.01861351479887326,-3.98386736,41.914,9.311,761,50.997,56.191,160.894,0
36.062,309.212,0.00323403,0.00585674045924437,-5.14016207,36.24,13.173,948,194.353,46.056,78.355,0
35.788,308.938,0.0032369,0.005762540552157587,-5.15637683,38.999,2.03,536,274.914,48.87,27.149,0
110.501,383.651,0.00260654,0.2033391018140562,-1.59288024,40.239,4.043,276,218.357,47.481,245.207,0
36.582,309.732,0.0032286,0.006039292560458212,-5.1094684,38.445,1.551,858,292.569,49.699,55.621,0
101.728,374.878,0.00266753,0.1440328439478117,-1.93771392,42.29,2.062,699,136.286,44.612,18.63,0
44.992,318.142,0.00314325,0.009784152930882885,-4.62699125,36.682,3.942,216,100.477,54.144,69.132,0
36.01,309.16,0.00323457,0.005838758378013778,-5.14323711,36.398,12.784,247,174.306,41.382,242.339,0
56.795,329.945,0.00303081,0.018474908146122,-3.99134178,36.223,13.565,805,231.392,39.632,117.044,0
125.896,399.046,0.00250598,0.3590084526341893,-1.02440935,46.11,12.27,624,265.918,42.047,162.424,0
116.919,390.069,0.00256365,0.2591269536324587,-1.35043717,45.215,13.501,1006,162.948,49.648,7.946,0
81.749,354.899,0.0028177,0.06162830007774414,-2.7866341,37.683,4.184,664,129.419,42.515,241.751,0
95.9,369.05,0.00270966,0.1135111907658617,-2.17585385,36.495,3.689,806,113.221,37.846,51.33,0
84.964,358.114,0.00279241,0.07110256334287265,-2.64363189,38.538,9.815,482,116.445,37.896,147.409,0
21.623,294.773,0.00339244,0.002391836827126399,-6.03569366,40.897,9.692,922,192.165,53.863,103.381,0
56.262,329.412,0.00303571,0.01796976974327805,-4.01906439,44.507,5.024,422,94.976,40.971,175.069,0
85.655,358.805,0.00278703,0.07329733603311991,-2.61323101,37.711,2.101,1011,205.562,48.476,99.469,0
52.778,325.928,0.00306816,0.01495800042697449,-4.20250898,37.112,11.059,488,88.353,46.31,192.944,0
80.685,353.835,0.00282618,0.05874596458121691,-2.83453282,45.49,13.565,445,215.536,49.427,23.615,0
85.157,358.307,0.0027909,0.07170972104449144,-2.63512896,36.195,10.925,1189,280.614,46.77,139.43,0
123.305,396.455,0.00252235,0.3272621105038226,-1.11699387,43.91,13.989,275,63.539,40.375,74.127,0
116.088,389.238,0.00256912,0.2512321126738887,-1.38137802,40.844,6.64,1034,30.692,47.22,17.453,0
38.851,312.001,0.00320512,0.006896543162590777,-4.97673498,44.001,1.094,119,66.414,52.369,193.4,0
25.342,298.492,0.00335017,0.003037407137651631,-5.79675104,37.275,8.278,285,155.72,49.907,198.513,0
112.85,386.0,0.00259067,0.2224150091052154,-1.50321023,45.935,7.998,616,165.663,43.905,187.259,0
58.579,331.729,0.00301451,0.02025811609809107,-3.89919977,42.009,13.948,676,242.974,38.805,179.646,0
112.379,385.529,0.00259384,0.2184708990497594,-1.52110246,42.723,4.655,1006,108.13,49.094,249.269,0
135.439,408.589,0.00244745,0.4998061406984042,-0.69353497,48.395,8.1,697,83.414,44.866,13.36,1
105.664,378.814,0.00263982,0.1684646923813482,-1.78102909,40.786,3.49,1125,298.505,52.321,232.166,0
67.708,340.858,0.00293377,0.03197532200655456,-3.44279086,43.467,11.546,505,49.58,55.12,156.837,0
91.121,364.271,0.00274521,0.09284569415480354,-2.37681637,37.884,8.605,972,46.545,39.659,18.112,0
29.427,302.577,0.00330494,0.003922357170162185,-5.54106249,36.008,5.046,105,65.834,55.842,125.28,0
77.711,350.861,0.00285013,0.05130556938894108,-2.96995597,38.52,10.513,723,40.809,44.212,142.863,0
86.558,359.708,0.00278003,0.07625447737025597,-2.57367915,43.981,1.971,1090,34.02,49.03,111.517,0
93.795,366.945,0.0027252,0.103962345700941,-2.26372651,43.212,14.795,164,196.937,44.741,143.163,0
122.928,396.078,0.00252476,0.3228504058214178,-1.1305662,38.472,3.642,928,40.864,47.573,73.081,0
26.032,299.182,0.00334245,0.003173016911628873,-5.75307244,37.069,10.025,931,241.037,54.81,178.147,0
128.97,402.12,0.00248682,0.4000710254873663,-0.91611318,40.422,3.126,218,111.704,54.488,215.229,0
92.333,365.483,0.00273611,0.09774893822177869,-2.32535294,43.638,9.638,278,104.37,42.71,40.067,0
119.325,392.475,0.00254793,0.2832025888814583,-1.26159278,45.043,2.198,401,226.715,51.325,5.298,0
87.673,360.823,0.00277144,0.0800491302665056,-2.5251147,38.332,14.008,374,113.279,37.983,88.769,0
59.197,332.347,0.0030089,0.02091034403669987,-3.86751131,44.61,6.091,1163,163.875,53.36,196.252,0
55.551,328.701,0.00304228,0.01731494697569967,-4.05618516,38.935,8.465,445,13.899,50.264,161.584,0
57.107,330.257,0.00302794,0.01877638272576413,-3.97515544,39.393,9.99,117,262.073,43.887,59.913,0
89.097,362.247,0.00276055,0.08513421060745427,-2.46352632,42.888,2.801,753,258.928,51.963,63.188,0
59.273,332.423,0.00300822,0.02099181906173934,-3.86362249,38.945,8.68,1032,66.102,41.556,191.764,0
92.285,365.435,0.00273646,0.0975505468834243,-2.32738461,40.599,13.272,706,162.253,49.634,25.468,0
138.23,411.38,0.00243084,0.5489944663696916,-0.59966692,40.73,7.978,493,48.85,45.399,187.751,0
27.586,300.736,0.00332518,0.003498452190879483,-5.65543464,35.275,5.555,1168,221.941,38.624,162.703,0
122.355,395.505,0.00252841,0.3162430354472011,-1.15124426,42.772,10.115,256,61.052,52.175,91.665,0
76.078,349.228,0.00286346,0.04758219199898332,-3.04529671,40.465,12.37,904,114.332,48.693,28.581,0
115.101,388.251,0.00257565,0.2421254420100547,-1.41829933,41.366,5.404,218,258.293,41.145,152.304,0
88.59,361.74,0.00276442,0.08329234590150024,-2.48539862,43.151,4.442,833,160.329,41.706,117.27,0
30.853,304.003,0.00328944,0.004281618184773479,-5.45342426,43.505,14.832,842,147.732,48.494,30.728,0
20.595,293.745,0.00340431,0.002236576005066057,-6.10280915,37.144,1.779,753,228.886,47.489,182.672,0
119.932,393.082,0.002544,0.2895722659920787,-1.23935039,46.845,13.156,896,253.247,44.166,66.425,0
106.648,379.798,0.00263298,0.1751057296486289,-1.74236532,39.733,2.716,1101,210.377,37.775,173.845,0
59.878,333.028,0.00300275,0.02165045776637779,-3.83272868,39.908,7.636,809,27.869,37.895,249.52,0
95.629,368.779,0.00271165,0.1122406097037999,-2.18711041,41.825,4.696,593,61.213,40.258,248.767,0
95.808,368.958,0.00271034,0.1130784547320438,-2.17967341,37.932,6.556,529,118.039,37.994,81.117,0
43.349,316.499,0.00315957,0.008922010551101998,-4.71923396,36.859,12.033,1190,186.716,53.27,76.569,0
105.12,378.27,0.00264361,0.1648877186325976,-1.80249053,37.724,1.134,1077,199.054,46.686,147.504,0
20.914,294.064,0.00340062,0.002283759606703402,-6.08193224,44.717,1.608,183,297.664,45.219,111.85,0
108.352,381.502,0.00262122,0.1871429104067766,-1.67588273,41.025,10.946,1137,277.045,56.351,181.058,0
119.676,392.826,0.00254566,0.286870997116849,-1.24872265,43.31,14.19,412,123.19,47.346,211.161,0
136.303,409.453,0.00244228,0.5146131555552576,-0.66433981,42.378,1.908,503,83.683,47.603,233.18,0
97.574,370.724,0.00269742,0.1216404756755607,-2.10668551,42.697,14.059,713,172.684,46.89,208.412,0
127.765,400.915,0.00249429,0.3835186247540912,-0.95836709,45.668,10.447,408,140.602,38.064,125.836,0
49.172,322.322,0.00310249,0.01231972373161432,-4.39655375,39.882,3.719,572,23.908,54.989,172.863,0
85.593,358.743,0.00278751,0.07309802348024107,-2.61595395,40.783,10.798,782,176.367,52.729,171.454,0
38.801,311.951,0.00320563,0.006876543785819104,-4.97963911,42.044,6.221,951,294.598,54.223,155.357,0
77.818,350.968,0.00284926,0.05155820850871264,-2.96504385,42.051,1.173,291,75.452,50.616,203.722,0
79.672,352.822,0.00283429,0.05611208370161643,-2.88040409,39.274,10.022,525,200.189,42.339,45.639,0
36.087,309.237,0.00323377,0.005865403233980042,-5.13868405,36.98,11.038,424,69.123,47.365,138.128,0
102.332,375.482,0.00266324,0.1475694389475529,-1.91345644,38.541,10.052,723,20.154,39.778,84.77,0
57.387,330.537,0.00302538,0.01905062737762078,-3.96065524,40.291,1.238,409,100.512,46.675,215.99,0
78.464,351.614,0.00284403,0.05310676247720014,-2.93545101,36.319,13.795,878,180.017,39.046,196.069,0
132.29,405.44,0.00246646,0.448882071396388,-0.80099507,41.856,9.83,310,66.375,45.653,238.709,0
60.312,333.462,0.00299884,0.02213409950121745,-3.8106359,41.257,12.016,638,21.137,45.346,235.565,0
56.954,330.104,0.00302935,0.01862800567500622,-3.98308915,40.248,3.403,1129,178.688,52.101,222.837,0
122.077,395.227,0.00253019,0.3130794929378724,-1.16129815,37.867,8.28,1098,189.273,41.843,59.607,0
133.291,406.441,0.00246038,0.4645643152533251,-0.76665527,40.826,12.455,917,212.655,41.5,16.32,0
85.752,358.902,0.00278628,0.07361011560475214,-2.60897282,39.382,3.639,1184,14.971,46.032,13.556,0
47.723,320.873,0.0031165,0.0113816235962149,-4.47575519,38.775,12.398,1187,144.701,44.559,230.321,0
50.308,323.458,0.00309159,0.01310243849972234,-4.33495692,41.953,5.104,630,126.353,43.055,183.335,0
61.057,334.207,0.00299216,0.0229865634335374,-3.77284543,36.21,5.331,224,64.223,43.72,88.991,0
42.497,315.647,0.0031681,0.008502068702369215,-4.76744577,35.818,13.965,1122,146.886,55.599,66.853,0
125.709,398.859,0.00250715,0.3566318843027416,-1.03105117,41.421,7.296,789,60.485,53.367,220.123,0
53.363,326.513,0.00306267,0.01543012932490557,-4.17143323,38.2,11.822,813,22.306,53.072,241.51,0
33.462,306.612,0.00326145,0.005015651036048474,-5.29519205,44.469,3.276,1114,57.049,43.826,169.075,0
56.531,329.681,0.00303324,0.01822316206807564,-4.00506185,40.49,13.909,838,35.309,50.198,195.968,0
80.25,353.4,0.00282965,0.05760196875082761,-2.85419853,41.553,9.485,642,169.55,43.044,189.226,0
54.378,327.528,0.00305317,0.01628063560086895,-4.11777888,43.903,6.324,899,68.63,54.16,207.67,0
135.663,408.813,0.00244611,0.5036095520756368,-0.68595401,41.266,13.033,619,210.19,52.621,11.467,0
84.708,357.858,0.0027944,0.07030414377645691,-2.65492454,41.96,8.151,323,161.5,46.911,139.109,0
26.759,299.909,0.00333434,0.003321731547040714,-5.70726908,44.383,10.658,860,98.484,48.918,180.978,0
131.487,404.637,0.00247135,0.4366317122923539,-0.8286652,47.201,1.18,926,159.445,44.123,241.74,1
76.794,349.944,0.0028576,0.04918451295070219,-3.01217648,39.513,6.563,1152,133.218,42.492,169.469,0
43.066,316.216,0.0031624,0.008780524278774014,-4.73521916,41.86,12.488,320,121.73,54.669,130.19,0
94.677,367.827,0.00271867,0.1078746650964187,-2.22678523,45.973,14.8,546,103.928,53.879,101.817,0
78.876,352.026,0.0028407,0.05411551907621147,-2.91663428,44.066,14.523,1189,148.473,39.416,200.626,0
38.588,311.738,0.00320782,0.006791923287032761,-4.99202112,40.328,10.802,1177,43.308,40.289,87.085,0
25.884,299.034,0.0033441,0.003143481924792647,-5.7624242,37.115,7.192,485,238.066,44.885,43.675,0
23.041,296.191,0.0033762,0.002621835611789535,-5.94388059,37.355,2.069,526,53.186,55.698,114.795,0
54.765,327.915,0.00304957,0.01661567140419865,-4.09740897,42.601,13.255,1195,240.529,39.828,17.553,0
24.136,297.286,0.00336376,0.002812783996170812,-5.87358054,44.215,7.237,266,188.318,53.732,52.453,0
90.734,363.884,0.00274813,0.09132586783270705,-2.3933212,45.703,5.89,335,29.451,54.955,247.651,0
137.132,410.282,0.00243735,0.5291713845816595,-0.63644292,42.718,1.091,575,145.937,38.69,72.28,0
35.734,308.884,0.00323746,0.005744135613301066,-5.15957584,39.902,7.651,236,84.77,42.809,58.678,0
27.226,300.376,0.00332916,0.003420517156296511,-5.67796352,39.009,6.793,1013,153.28,45.807,183.24,0
62.096,335.246,0.00298288,0.02422373972073971,-3.72042215,37.03,13.103,711,189.785,47.66,225.306,0
98.784,371.934,0.00268865,0.127827069863781,-2.05707695,42.909,6.32,565,98.166,51.996,68.519,0
138.865,412.015,0.0024271,0.5607456173445826,-0.57848792,40.823,12.451,648,238.662,53.867,203.774,0
115.893,389.043,0.00257041,0.2494098752235474,-1.38865765,41.025,7.95,102,60.522,48.11,100.872,0
71.79,344.94,0.00289905,0.03890916542244895,-3.24652544,37.185,12.553,249,127.248,45.463,102.309,0
109.082,382.232,0.00261621,0.192514712205906,-1.6475827,42.52,12.481,254,158.318,48.428,91.279,0
46.303,319.453,0.00313035,0.01052429819240187,-4.55406858,43.738,2.718,123,40.486,55.838,68.828,0
29.575,302.725,0.00330333,0.003958348462671709,-5.5319284,36.087,13.131,241,105.759,53.08,50.103,0
67.172,340.322,0.00293839,0.03115091003349298,-3.46891182,37.639,6.493,1040,282.481,56.316,112.328,0
25.274,298.424,0.00335094,0.003024327474595838,-5.80106653,38.96,3.463,1066,89.222,44.079,220.404,0
139.412,412.562,0.00242388,0.5710398756962466,-0.56029624,42.641,5.881,505,272.515,50.301,123.542,0
72.737,345.887,0.00289112,0.04069479697432525,-3.20165503,40.717,3.218,472,24.726,51.693,199.482,0
87.204,360.354,0.00277505,0.07843338301140665,-2.54550564,44.414,3.331,388,23.333,45.39,15.131,0
71.022,344.172,0.00290552,0.03751194503686331,-3.28309586,35.541,10.531,206,239.079,52.958,46.567,0
105.68,378.83,0.00263971,0.1685709067325576,-1.78039881,40.516,9.034,1179,296.391,49.604,42.848,0
26.152,299.302,0.00334111,0.003197146086797098,-5.74549671,36.31,7.28,847,49.994,50.656,142.308,0
120.842,393.992,0.00253812,0.2993524843440916,-1.20613352,40.523,10.617,482,214.202,40.651,143.916,0
53.502,326.652,0.00306136,0.01554422973558292,-4.16406579,38.95,10.611,1119,34.054,45.695,185.813,0
105.304,378.454,0.00264233,0.1660901428116904,-1.79522461,39.803,12.046,572,250.866,48.701,248.385,0
83.699,356.849,0.00280231,0.06723298997501764,-2.69959123,36.705,9.277,231,230.132,48.533,211.714,0
71.967,345.117,0.00289757,0.03923758539895115,-3.23812018,39.792,2.691,390,16.542,40.268,245.567,0
103.433,376.583,0.00265546,0.1542101577014819,-1.86943895,42.622,10.754,1058,282.218,54.572,152.127,0
77.144,350.294,0.00285474,0.0499848310674788,-2.9960357,42.331,13.929,502,117.285,53.012,228.179,0
99.044,372.194,0.00268677,0.1291915159857432,-2.04645936,36.805,8.923,708,270.796,43.266,135.808,0
101.47,374.62,0.00266937,0.1425447342770186,-1.9480994,37.187,12.634,423,42.096,42.736,79.794,0
132.413,405.563,0.00246571,0.4507842831701595,-0.79676636,40.44,10.171,1011,161.843,39.911,153.907,0
139.978,413.128,0.00242056,0.5818611823060079,-0.54152338,47.338,3.37,106,14.772,55.052,42.723,1
73.281,346.431,0.00288658,0.04175273339572392,-3.17599036,37.145,12.984,463,37.397,44.253,88.004,0
49.732,322.882,0.00309711,0.01270023292331879,-4.36613495,44.604,3.43,392,187.083,41.234,154.551,0
78.052,351.202,0.00284736,0.05211450908888652,-2.95431188,39.02,8.353,454,103.063,38.06,234.011,0
139.381,412.531,0.00242406,0.5704521880241329,-0.56132592,42.374,11.707,100,184.018,52.926,6.902,0
55.389,328.539,0.00304378,0.01716873064737633,-4.06466554,43.729,4.635,899,65.511,50.254,201.09,0
70.34,343.49,0.00291129,0.03630832414255329,-3.31570825,37.418,4.269,499,218.869,53.91,182.964,0
36.581,309.731,0.00322861,0.006038936691293528,-5.10952733,38.47,1.542,121,112.852,44.546,152.144,0
99.051,372.201,0.00268672,0.1292284252169397,-2.0461737,44.752,12.206,880,258.737,52.682,171.394,0
136.264,409.414,0.00244252,0.5139367907117206,-0.665655,43.182,1.648,925,154.294,39.394,51.515,0
60.085,333.235,0.00300089,0.02187995932179001,-3.82218416,42.803,14.291,913,289.973,47.698,237.371,0
35.935,309.085,0.00323536,0.005812909288274759,-5.1476741,39.791,2.437,955,253.492,38.953,27.837,0
107.333,380.483,0.00262824,0.1798615208821737,-1.71556805,40.38,13.002,791,126.46,48.895,214.979,0
84.871,358.021,0.00279313,0.07081160144095033,-2.64773243,39.872,12.147,257,116.051,47.852,28.109,0
63.742,336.892,0.00296831,0.0263040000222205,-3.63803426,41.785,7.838,948,134.323,52.693,90.767,0
49.212,322.362,0.0031021,0.01234656405013428,-4.39437747,40.286,11.369,215,206.668,51.405,211.586,0
116.429,389.579,0.00256687,0.2544462912950731,-1.3686655,46.247,9.39,876,13.346,39.216,161.313,0
110.145,383.295,0.00260896,0.2005752114216051,-1.60656598,46.423,7.153,860,43.086,55.081,177.231,0
29.22,302.37,0.00330721,0.003872508190594158,-5.55385287,42.747,3.903,685,144.582,52.898,206.778,0
133.789,406.939,0.00245737,0.4725394412620585,-0.74963406,42.729,3.172,717,26.695,43.024,187.203,0
103.215,376.365,0.002657,0.1528750981928662,-1.87813404,43.585,7.731,222,121.659,52.021,198.989,0
119.134,392.284,0.00254917,0.2812234154576894,-1.26860585,40.889,7.464,742,210.928,45.784,195.285,0
31.4,304.55,0.00328353,0.004427036597851174,-5.42002486,36.794,13.868,518,160.01,49.375,95.721,0
109.906,383.056,0.00261058,0.198737950320027,-1.61576815,44.469,10.899,644,243.567,40.357,139.771,0
48.051,321.201,0.00311332,0.01158824169297652,-4.45776434,41.907,2.677,649,88.136,49.899,188.215,0
84.494,357.644,0.00279608,0.06964273504332007,-2.66437689,43.818,3.091,286,200.761,41.043,195.391,0
123.352,396.502,0.00252206,0.3278157272541917,-1.11530364,39.795,7.646,105,172.894,39.104,85.829,0
112.906,386.056,0.0025903,0.2228880119318256,-1.50108582,42.87,13.288,1152,222.736,48.888,131.09,0
39.548,312.698,0.00319797,0.007180773469533779,-4.93634818,41.227,4.904,640,87.479,51.798,79.684,0
23.559,296.709,0.00337031,0.002710668970302261,-5.91055982,41.76,10.622,847,89.72,55.812,74.054,0
35.866,309.016,0.00323608,0.005789218196955916,-5.15175802,42.097,9.908,1098,292.958,42.416,103.574,0
62.572,335.722,0.00297865,0.02480987056036707,-3.6965137,36.716,11.47,115,161.254,39.854,102.618,0
70.237,343.387,0.00291217,0.03612952649814274,-3.32064484,44.23,14.927,1006,111.114,51.492,85.891,0
64.564,337.714,0.00296109,0.02740058139796401,-3.59719105,42.596,5.198,609,108.403,50.962,174.758,0
111.188,384.338,0.00260188,0.2087659509972384,-1.56654151,43.009,3.819,566,264.657,39.692,233.904,0
125.714,398.864,0.00250712,0.3566952526463295,-1.0308735,43.253,8.53,712,190.902,44.874,117.718,0
29.271,302.421,0.00330665,0.003884737010038069,-5.55069999,41.635,8.392,428,122.591,54.153,68.923,0
98.281,371.431,0.00269229,0.1252228795393525,-2.07766009,43.012,9.234,140,68.248,42.779,110.611,0
23.527,296.677,0.00337067,0.002705104119450763,-5.91261488,36.988,10.9,536,98.057,41.979,147.803,0
84.05,357.2,0.00279955,0.06828778024670185,-2.68402444,43.088,7.464,260,243.795,50.017,71.27,0
21.053,294.203,0.00339901,0.002304596733673577,-6.07284957,36.147,13.138,882,64.798,41.225,88.964,0
61.389,334.539,0.00298919,0.0233756873668869,-3.7560588,39.694,9.274,920,279.49,50.04,150.382,0
80.734,353.884,0.00282578,0.05887606560053862,-2.83232063,43.826,8.151,1093,95.0,43.641,106.98,0
135.198,408.348,0.00244889,0.4957415442336742,-0.70170057,42.604,2.601,239,215.113,40.882,74.777,0
51.555,324.705,0.00307972,0.01401204977786437,-4.26783762,43.241,3.02,520,95.644,41.858,173.262,0
53.238,326.388,0.00306384,0.01532815432789448,-4.17806399,43.106,7.133,793,243.335,54.551,127.075,0
50.737,323.887,0.0030875,0.01340928579654085,-4.31180784,37.964,14.163,556,88.388,51.607,193.506,0
64.538,337.688,0.00296131,0.02736528938462969,-3.59847988,41.224,12.334,525,279.322,44.357,120.74,0
85.826,358.976,0.0027857,0.07384951388494487,-2.60572585,43.228,2.104,877,95.078,45.039,228.444,0
111.213,384.363,0.00260171,0.2089657716504299,-1.56558481,44.005,2.168,647,55.949,49.477,215.816,0
42.537,315.687,0.00316769,0.008521384246088533,-4.76517648,44.789,5.419,1175,265.645,54.914,25.486,0
73.145,346.295,0.00288771,0.04148601202064751,-3.18239897,42.767,7.939,251,279.267,46.945,201.061,0
90.449,363.599,0.00275028,0.09022051913054813,-2.40549839,43.399,6.036,138,101.766,55.784,198.811,0
67.955,341.105,0.00293165,0.03236164323221136,-3.43078141,38.606,7.124,1074,255.389,45.849,8.502,0
115.014,388.164,0.00257623,0.2413365615134528,-1.4215628,44.255,6.419,1189,101.349,46.704,20.532,0
26.57,299.72,0.00333645,0.003282482380113991,-5.71915532,39.943,4.82,207,194.048,44.331,29.818,0
84.527,357.677,0.00279582,0.0697443721637613,-2.66291855,36.043,1.505,1156,242.575,43.677,152.848,0
123.996,397.146,0.00251797,0.3354829471644797,-1.09218415,45.723,11.611,509,203.914,48.696,178.743,0
21.403,294.553,0.00339497,0.002357820748529884,-6.0500175,37.562,12.439,554,283.069,51.991,195.308,0
37.598,310.748,0.00321804,0.006410653084158695,-5.04979413,39.985,10.466,719,187.774,41.269,49.204,0
38.937,312.087,0.00320423,0.006931063158304355,-4.97174206,40.723,14.307,852,266.628,37.705,60.802,0
31.157,304.307,0.00328616,0.004361900464767882,-5.43484743,37.578,8.547,441,209.247,45.143,218.472,0
129.917,403.067,0.00248098,0.4135059135870234,-0.88308346,43.42,6.516,740,15.752,51.143,50.246,0
84.888,358.038,0.002793,0.07086471022540684,-2.64698271,43.657,12.644,137,230.526,52.289,121.295,0
88.5,361.65,0.0027651,0.08296904552436482,-2.48928769,36.663,12.15,608,268.752,41.491,243.51,0
66.449,339.599,0.00294465,0.03006852012377952,-3.5042765,38.714,9.827,1009,50.484,51.5,59.166,0
106.806,379.956,0.00263188,0.1761929161155913,-1.73617577,38.245,3.999,398,237.093,54.8,161.293,0
133.087,406.237,0.00246162,0.461330828673956,-0.77363986,46.481,10.803,1105,202.466,40.161,69.756,0
130.889,404.039,0.00247501,0.4276959198989072,-0.8493428,46.717,10.667,953,266.296,47.452,104.096,0
108.754,381.904,0.00261846,0.190084808751274,-1.66028494,45.746,11.765,345,178.003,44.798,78.691,0
71.909,345.059,0.00289806,0.03912970050091985,-3.2408735,40.828,10.518,747,76.333,42.963,115.832,0
134.917,408.067,0.00245058,0.491038066070296,-0.71123363,43.372,9.554,822,64.564,37.9,28.244,0
79.41,352.56,0.0028364,0.05544792199006113,-2.89231104,38.861,14.228,286,85.962,37.603,25.808,0
106.059,379.209,0.00263707,0.1711038724008214,-1.76548447,41.635,5.814,793,75.24,41.762,121.153,0
132.772,405.922,0.00246353,0.456375802200128,-0.78443868,40.302,8.885,651,155.59,55.74,194.02,0
72.028,345.178,0.00289706,0.03935133220756864,-3.23522545,42.299,1.787,410,78.767,52.205,24.724,0
48.345,321.495,0.00311047,0.01177626046748457,-4.4416696,44.47,6.74,711,285.18,41.313,164.42,0
106.858,380.008,0.00263152,0.1765519998658441,-1.73413983,39.844,2.563,849,26.973,41.084,143.283,0
114.852,388.002,0.00257731,0.2398735187648652,-1.4276435,44.463,14.775,373,23.03,44.402,19.6,0
131.362,404.512,0.00247211,0.4347507547348785,-0.83298239,46.823,4.887,229,114.924,54.243,14.849,0
72.824,345.974,0.00289039,0.04086239196339376,-3.19754515,41.976,9.785,909,174.993,37.745,37.949,0
97.116,370.266,0.00270076,0.1193675905542115,-2.12554755,45.155,13.647,301,262.82,53.474,6.058,0
45.714,318.864,0.00313613,0.01018584002014251,-4.58675676,38.294,12.577,1104,101.055,56.009,164.821,0
123.132,396.282,0.00252346,0.3252312485990264,-1.12321882,43.831,6.941,260,199.306,53.352,173.148,0
102.114,375.264,0.00266479,0.1462843981751678,-1.92220262,44.67,14.331,347,153.412,38.083,238.289,0
96.668,369.818,0.00270403,0.1171801293351969,-2.14404296,43.923,5.08,689,115.875,55.537,156.803,0
70.593,343.743,0.00290915,0.03675081022388166,-3.30359501,43.502,12.331,348,185.4,46.144,38.899,0
41.695,314.845,0.00317617,0.008122911281553371,-4.81306666,41.828,2.748,523,61.701,47.384,146.697,0
24.798,297.948,0.00335629,0.002934171544121416,-5.83133013,41.377,14.147,661,216.62,41.979,214.026,0
54.118,327.268,0.0030556,0.01605891482596093,-4.13149114,40.393,2.864,838,234.368,47.532,109.47,0
65.301,338.451,0.00295464,0.02841778884910329,-3.56073996,43.547,3.476,543,127.388,41.374,232.135,0
34.784,307.934,0.00324745,0.005428794838063903,-5.21603811,44.465,10.486,734,182.433,56.196,126.556,0
125.107,398.257,0.00251094,0.3490726498363748,-1.05247521,41.746,12.911,903,173.923,43.656,125.897,0
70.436,343.586,0.00291048,0.03647566987287411,-3.31110982,40.454,12.311,1125,66.127,45.949,97.022,0
139.611,412.761,0.00242271,0.5748247789481268,-0.55369002,46.537,8.258,1106,143.046,47.422,33.513,0
66.538,339.688,0.00294388,0.03019994897518667,-3.49991504,42.251,8.102,179,41.854,53.271,226.205,0
52.841,325.991,0.00306757,0.01500822343524683,-4.199157,40.856,13.105,685,266.42,52.304,98.213,0
107.141,380.291,0.00262957,0.1785173696013794,-1.72306937,44.787,3.624,608,142.273,52.16,108.149,0
79.005,352.155,0.00283966,0.05443479692763972,-2.91075168,40.339,6.509,182,70.225,52.714,70.999,0
134.527,407.677,0.00245292,0.4845734117349079,-0.72448634,45.449,6.129,586,71.665,54.508,111.133,0
104.66,377.81,0.00264683,0.1619145916291681,-1.82068629,37.083,5.727,282,69.672,50.112,55.44,0
22.998,296.148,0.00337669,0.002614579909426325,-5.94665184,37.974,2.173,1041,195.613,56.036,53.691,0
46.117,319.267,0.00313217,0.01041635477658565,-4.56437813,38.754,13.114,231,260.359,38.767,78.48,0
21.722,294.872,0.0033913,0.002407286961170773,-6.02925491,40.085,12.907,1187,275.057,51.409,216.73,0
138.799,411.949,0.00242748,0.5595143172117317,-0.58068616,49.261,9.823,462,169.677,46.787,126.152,0
98.254,371.404,0.00269249,0.1250844048733817,-2.07876653,41.064,1.268,126,29.705,54.995,112.054,0
74.545,347.695,0.00287608,0.04430455339095832,-3.11666782,39.547,3.992,780,215.635,54.394,64.445,0
70.426,343.576,0.00291056,0.0364582064708687,-3.3115887,43.642,4.902,433,242.159,53.671,59.866,0
31.643,304.793,0.00328092,0.004493039212869288,-5.40522592,43.93,9.086,211,155.759,45.941,69.806,0
113.407,386.557,0.00258694,0.2271584858175732,-1.48210733,43.872,13.427,759,116.038,53.913,247.678,0
48.438,321.588,0.00310957,0.01183629606089405,-4.43658453,38.253,9.88,147,166.868,49.196,27.191,0
61.93,335.08,0.00298436,0.02402222245354568,-3.72877594,43.734,11.691,1106,93.737,47.763,152.448,0
123.507,396.657,0.00252107,0.3296471945889459,-1.1097323,45.907,8.622,712,33.225,56.022,213.567,0
124.654,397.804,0.0025138,0.3434755375262699,-1.06863939,45.501,4.58,1121,185.445,55.155,239.441,0
58.261,331.411,0.0030174,0.0199295537808286,-3.91555153,37.567,13.314,1102,252.095,56.008,249.345,0
86.722,359.872,0.00277877,0.07680257132798285,-2.56651716,36.803,2.913,263,279.628,47.646,32.442,0
123.411,396.561,0.00252168,0.3285118325674,-1.11318242,38.804,6.618,499,92.076,50.837,76.68,0
63.115,336.265,0.00297385,0.02549373266936046,-3.66932263,38.289,14.75,806,123.416,52.485,39.389,0
93.904,367.054,0.00272439,0.104439054622544,-2.25915159,44.372,7.835,858,296.542,50.126,229.607,0
139.068,412.218,0.0024259,0.5645473173244953,-0.57173108,45.49,7.001,226,229.709,51.99,229.367,0
77.267,350.417,0.00285374,0.05026878243299503,-2.99037102,45.442,10.85,637,129.673,48.445,9.163,0
124.427,397.577,0.00251524,0.3406999277094964,-1.07675317,42.892,4.172,1114,180.315,49.599,10.653,0
75.953,349.103,0.00286448,0.0473071989851048,-3.0510928,44.419,13.761,355,264.657,39.405,108.736,0
72.023,345.173,0.0028971,0.03934199781970622,-3.23546268,43.662,13.143,159,10.104,44.199,237.9,0
47.942,321.092,0.00311437,0.01151921313722463,-4.46373893,36.727,2.324,692,232.894,47.774,68.07,0
42.273,315.423,0.00317035,0.008394618669983624,-4.78016441,42.699,11.458,442,94.248,45.503,173.804,0
131.17,404.32,0.00247329,0.4318751280949409,-0.83961879,44.604,8.168,504,191.13,38.37,35.191,0
97.08,370.23,0.00270102,0.1191905107670781,-2.12703214,37.165,9.541,1040,172.029,39.347,37.004,0
138.021,411.171,0.00243208,0.5451730835825883,-0.60665195,46.059,5.419,1159,231.023,50.949,195.461,0
114.071,387.221,0.0025825,0.2329270711071336,-1.45702987,37.224,12.9,497,222.059,50.408,147.959,0
52.579,325.729,0.00307004,0.01480033466756605,-4.21310549,39.696,2.837,758,77.694,53.287,190.562,0
29.056,302.206,0.003309,0.003833416814360673,-5.56399875,38.942,12.372,1117,282.101,37.938,156.342,0
101.486,374.636,0.00266926,0.1426366306743258,-1.94745493,42.492,5.446,516,35.934,38.915,163.345,0
116.273,389.423,0.0025679,0.2529715026885317,-1.37447843,40.332,1.992,546,36.999,53.352,242.844,0
57.233,330.383,0.00302679,0.01889935831839877,-3.96862731,41.698,12.04,673,78.644,42.917,68.609,0
23.308,296.458,0.00337316,0.00266729331944079,-5.92669106,40.564,4.672,869,264.238,52.889,191.661,0
130.076,403.226,0.00248,0.415799115990147,-0.87755303,46.647,4.441,176,298.362,46.689,23.116,0
49.016,322.166,0.00310399,0.01221553976162624,-4.40504639,35.57,12.602,551,108.592,48.543,215.528,0
75.005,348.155,0.00287228,0.04526659987514801,-3.09518583,37.231,4.226,735,193.996,44.972,201.383,0
50.709,323.859,0.00308776,0.0133890661113565,-4.31331687,39.09,4.304,807,242.179,52.708,165.78,0
58.679,331.829,0.0030136,0.02036242101259269,-3.89406418,42.536,3.526,693,230.99,48.292,53.478,0
62.05,335.2,0.00298329,0.02416774889823168,-3.72273622,36.874,5.65,1127,26.842,45.874,93.768,0
124.229,397.379,0.00251649,0.338294671354991,-1.08383795,41.098,11.781,633,236.119,50.861,199.916,0
87.227,360.377,0.00277487,0.0785119513624892,-2.54450442,45.606,5.418,179,164.76,51.387,26.439,0
52.26,325.41,0.00307305,0.01455066052904337,-4.23011889,42.936,8.605,250,21.162,53.741,133.731,0
72.26,345.41,0.00289511,0.03978659153330159,-3.22422532,36.922,6.262,201,82.772,42.138,112.07,0
31.491,304.641,0.00328255,0.004451651605244556,-5.4144801,45.002,11.096,808,68.3,40.059,24.324,0
128.203,401.353,0.00249157,0.3894658630815022,-0.94297906,45.851,7.695,662,153.656,42.594,232.011,0
74.746,347.896,0.00287442,0.04472269731170002,-3.10727414,44.791,14.135,777,163.762,54.239,11.155,0
130.26,403.41,0.00247887,0.4184664864400314,-0.87115847,40.008,10.835,361,160.499,45.742,73.167,0
52.118,325.268,0.00307439,0.01444072430116535,-4.23770299,37.179,10.689,1187,165.055,38.895,162.772,0
120.315,393.465,0.00254152,0.2936544982067036,-1.22535138,41.134,6.862,1071,32.341,53.646,123.004,0
60.871,334.021,0.00299382,0.02277106615996031,-3.78226458,37.279,4.035,326,161.969,54.2,150.282,0
70.252,343.402,0.00291204,0.03615551677214245,-3.31992573,39.585,2.336,964,52.39,46.239,51.728,0
64.317,337.467,0.00296325,0.02706691963697319,-3.60944297,41.849,9.338,125,171.912,48.934,144.614,0
100.253,373.403,0.00267807,0.1357036524959652,-1.9972818,42.571,2.204,1152,242.958,53.518,237.245,0
63.772,336.922,0.00296805,0.02634333105111254,-3.63654013,39.815,8.859,242,50.425,47.266,171.462,0
96.357,369.507,0.00270631,0.115682167661322,-2.15690878,43.122,3.904,714,277.647,52.56,53.658,0
58.391,331.541,0.00301622,0.02006329885502501,-3.90886306,41.309,8.001,1184,202.904,46.307,139.931,0
74.984,348.134,0.00287246,0.04522228461941676,-3.09616529,38.966,7.474,1151,131.084,44.044,211.624,0
91.561,364.711,0.0027419,0.09460038550043581,-2.35809373,44.222,13.311,472,244.414,52.749,50.732,0
74.958,348.108,0.00287267,0.04516747082027808,-3.09737812,40.362,10.005,679,147.406,39.501,106.116,0
137.344,410.494,0.00243609,0.5329503846792223,-0.62932695,49.135,10.922,956,62.81,48.967,183.413,0
20.024,293.174,0.00341094,0.002154295322958613,-6.14029161,40.847,3.956,772,59.686,46.922,170.314,0
94.059,367.209,0.00272324,0.1051202185111414,-2.25265065,42.759,10.46,195,141.272,51.314,237.25,0
48.958,322.108,0.00310455,0.01217700422997515,-4.40820601,35.714,6.132,621,32.517,55.733,205.198,0
94.7,367.85,0.0027185,0.1079783772024547,-2.22582428,43.204,12.605,613,277.762,53.454,244.56,0
125.253,398.403,0.00251002,0.3508931911848939,-1.0472734,47.304,5.878,490,116.156,54.622,205.412,0
89.187,362.337,0.00275986,0.08546485333124122,-2.45965006,39.774,4.459,995,167.937,54.436,110.346,0
50.717,323.867,0.00308769,0.01339484040777121,-4.31288569,40.079,7.734,1179,208.737,40.882,231.267,0
121.745,394.895,0.00253232,0.3093371494360059,-1.1733235,40.648,1.972,487,107.988,52.474,74.736,0
112.829,385.979,0.00259081,0.2222378566285978,-1.50400704,43.731,2.81,515,121.477,38.717,73.136,0
26.418,299.568,0.00333814,0.003251218260494768,-5.7287255,35.274,12.556,905,258.05,46.629,214.901,0
42.161,315.311,0.00317147,0.008341347442258297,-4.78653051,42.29,13.042,782,148.138,53.68,51.885,0
71.005,344.155,0.00290567,0.03748152214082015,-3.28390721,35.557,10.314,1014,79.02,40.197,204.335,0
67.993,341.143,0.00293132,0.03242144009228873,-3.42893534,40.565,3.913,178,243.193,50.909,185.002,0
47.479,320.629,0.00311887,0.01123004502820606,-4.4891625,38.058,13.54,925,126.186,49.942,206.658,0
67.0,340.15,0.00293988,0.03089035236367631,-3.47731137,38.694,8.444,674,209.847,51.272,26.729,0
130.314,403.464,0.00247854,0.419252080455218,-0.86928292,43.22,11.97,192,228.988,55.658,161.023,0
84.609,357.759,0.00279518,0.06999748615475487,-2.65929595,36.447,4.295,178,215.331,40.836,155.722,0
128.918,402.068,0.00248714,0.3993442866911719,-0.91793136,42.017,2.908,1094,95.968,51.154,64.236,0
43.101,316.251,0.00316205,0.008797913906416679,-4.73324064,44.629,13.353,147,93.299,55.474,170.341,0
35.214,308.364,0.00324292,0.005569564534169802,-5.19043841,44.184,4.231,923,74.279,45.138,146.791,0
105.866,379.016,0.00263841,0.1698099106304458,-1.77307564,44.865,10.19,210,192.417,49.916,208.013,0
91.587,364.737,0.0027417,0.09470496952769733,-2.3569888,41.431,11.685,474,28.635,43.235,171.714,0
85.947,359.097,0.00278476,0.07424242691117386,-2.6004195,36.674,13.878,791,113.966,46.209,16.332,0
95.501,368.651,0.00271259,0.111644795337196,-2.19243292,38.927,4.683,1088,290.034,44.497,63.618,0
33.304,306.454,0.00326313,0.004968198955004904,-5.30469789,44.342,14.052,522,212.673,38.994,227.95,0
31.641,304.791,0.00328094,0.004492492417929091,-5.40534763,43.962,8.402,984,281.551,39.346,48.549,0
29.72,302.87,0.00330175,0.003993895885688614,-5.52298811,44.305,9.641,101,248.266,42.001,42.28,0
98.748,371.898,0.00268891,0.1276391364513213,-2.05854824,44.599,8.101,203,290.894,50.425,130.139,0
104.171,377.321,0.00265026,0.1588050652492153,-1.84007783,42.878,6.302,219,280.428,43.841,162.84,0
119.372,392.522,0.00254763,0.2836914454759197,-1.25986809,38.302,1.051,963,164.146,53.63,239.062,0
104.282,377.432,0.00264948,0.1595063309706431,-1.83567166,39.665,9.332,1082,166.804,46.384,72.88,0
119.375,392.525,0.00254761,0.2837226737447546,-1.25975802,45.85,3.251,985,235.054,45.388,166.771,1
87.17,360.32,0.00277531,0.07831736415417007,-2.54698594,39.923,11.579,559,164.458,55.571,51.515,0
64.586,337.736,0.00296089,0.02743047516696297,-3.59610065,42.151,9.697,914,70.199,42.844,155.048,0
42.343,315.493,0.00316964,0.008428066468665372,-4.7761879,36.479,10.149,780,138.948,41.295,93.497,0
72.491,345.641,0.00289318,0.04022416776535136,-3.21328728,37.161,8.77,155,186.583,45.637,239.498,0
40.68,313.83,0.00318644,0.007664637194877839,-4.8711381,43.985,6.213,403,125.99,50.57,147.689,0
103.214,376.364,0.002657,0.1528689972267132,-1.87817395,38.131,5.461,579,200.351,54.539,101.551,0
124.884,398.034,0.00251235,0.3463076239980919,-1.06042781,38.568,3.172,838,208.924,53.712,201.472,0
128.572,401.722,0.00248928,0.3945374505358886,-0.93004121,38.781,3.001,792,164.684,50.424,56.599,0
49.316,322.466,0.0031011,0.01241659148805018,-4.38872168,44.126,1.664,445,125.01,50.651,32.714,0
120.506,393.656,0.00254029,0.2957087302756558,-1.21838033,43.748,5.845,1052,38.054,39.021,180.862,0
113.768,386.918,0.00258453,0.2302792273199861,-1.46846267,40.837,11.514,1187,113.56,40.747,139.676,0
89.006,362.156,0.00276124,0.08480102852163507,-2.46744761,36.94,7.867,143,257.085,42.205,34.218,0
130.256,403.406,0.00247889,0.4184083445257602,-0.87129742,41.467,14.671,397,258.575,39.559,135.464,0
60.305,333.455,0.00299891,0.0221262238427321,-3.81099177,41.94,11.052,747,116.729,55.938,123.52,0
84.969,358.119,0.00279237,0.07111823598789835,-2.64341149,37.174,6.851,386,133.351,46.437,64.639,0
137.961,411.111,0.00243243,0.5440802443721656,-0.60865853,49.278,9.557,396,51.992,44.719,74.438,0
86.475,359.625,0.00278067,0.07597839166624917,-2.5773063,35.84,11.796,497,171.704,41.435,126.501,0
97.6,370.75,0.00269724,0.1217706243249475,-2.10561613,37.562,7.74,1066,239.502,52.138,166.039,0
42.407,315.557,0.003169,0.008458750865969181,-4.77255377,37.737,4.453,968,82.957,45.492,56.697,0
127.726,400.876,0.00249454,0.3829928754646629,-0.95973889,41.594,7.172,628,182.666,55.995,112.039,0
43.531,316.681,0.00315775,0.00901406792082871,-4.70896882,35.933,9.49,980,190.009,39.966,137.018,0
91.146,364.296,0.00274502,0.0929446273180537,-2.37575137,39.17,7.488,163,208.24,48.181,115.361,0
90.399,363.549,0.00275066,0.09002780512322603,-2.40763671,43.324,4.443,1034,173.456,38.039,146.888,0
33.167,306.317,0.00326459,0.004927378232971716,-5.31294823,41.864,2.763,514,266.477,52.275,113.816,0
78.307,351.457,0.0028453,0.05272671283428031,-2.94263307,42.062,2.624,553,52.432,52.851,18.955,0
80.911,354.061,0.00282437,0.05934812443370249,-2.82433476,41.367,9.554,397,296.381,51.926,71.109,0
105.949,379.099,0.00263783,0.1703653390250606,-1.76981009,37.762,4.015,163,101.041,53.249,226.643,0
79.593,352.743,0.00283493,0.05591109192659291,-2.88399249,43.416,7.23,567,147.942,37.895,62.91,0
44.612,317.762,0.00314701,0.009578438100156857,-4.64824074,43.012,11.648,561,256.261,39.176,134.727,0
86.288,359.438,0.00278212,0.07535956214738472,-2.58548446,37.313,9.1,1046,237.627,55.402,148.609,0
118.387,391.537,0.00255404,0.2735968327183742,-1.29609967,37.683,1.664,491,245.163,46.926,169.993,0
120.863,394.013,0.00253799,0.2995814962781851,-1.20536879,42.359,10.248,1176,160.828,46.6,11.413,0
44.153,317.303,0.00315156,0.009335081696178468,-4.67397575,41.184,14.425,122,174.087,44.502,150.57,0
69.835,342.985,0.00291558,0.0354390737420958,-3.33994029,38.896,7.362,672,237.708,48.721,27.953,0
35.358,308.508,0.00324141,0.005617427644550361,-5.18188143,36.476,12.057,576,64.919,48.094,193.737,0
48.399,321.549,0.00310995,0.01181108690109366,-4.43871662,36.742,12.916,394,261.026,48.202,200.357,0
79.808,352.958,0.0028332,0.05645957645690246,-2.87423036,36.271,2.865,573,188.521,38.549,71.094,0
70.611,343.761,0.002909,0.0367824711635349,-3.30273387,42.827,2.542,1162,287.735,46.083,50.829,0
79.106,352.256,0.00283884,0.05468592393267819,-2.90614893,39.62,11.05,494,163.566,51.807,201.746,0
