temperature_C,pressure_atm,catalyst_ratio_mol_pct,mixing_speed_rpm,residence_time_min,efficiency_pct,yield_pct,cost_per_batch_INR
146.1,13.51,1.491,567,57.3,40.21,38.57,1631
75.2,3.54,0.933,86,33.4,63.2,60.66,869
158.2,1.31,2.69,368,14.4,80.15,75.55,1302
224.5,13.37,1.7,231,177.9,37.48,34.68,1633
222.5,10.77,2.62,418,151.4,60.3,55.81,1753
169.2,12.32,0.9,574,135.6,42.56,40.28,1574
132.2,1.84,2.826,198,42.8,77.05,75.65,1259
61.9,13.47,1.085,576,14.7,63.38,59.61,1419
119.2,6.87,0.947,529,92.5,82.97,77.92,1271
248.1,13.57,1.895,384,136.1,43.94,41.79,1781
198.0,1.91,4.435,467,173.7,86.01,87.63,1575
196.3,13.39,4.048,526,153.5,54.89,50.0,2063
204.6,10.43,4.816,492,161.9,76.45,71.5,1982
177.8,8.76,2.571,230,50.6,71.48,66.84,1490
171.3,1.86,1.906,497,36.4,77.35,78.66,1408
146.2,10.64,4.869,222,52.1,71.78,68.11,1699
144.3,9.37,2.218,527,33.6,73.1,70.76,1553
225.5,11.17,0.541,191,145.7,43.52,40.21,1400
134.8,11.03,4.19,365,163.5,66.16,59.65,1655
219.7,7.21,1.261,431,62.2,89.35,84.06,1508
219.2,3.87,3.731,284,159.1,99.0,96.69,1623
206.5,13.87,0.568,481,19.4,33.68,33.11,1582
67.2,13.96,0.999,559,125.2,56.18,55.64,1421
88.1,3.97,2.676,152,99.7,80.08,80.35,1129
119.8,9.83,0.806,68,57.0,55.77,50.96,1188
221.0,3.84,4.499,395,140.6,99.0,90.08,1683
225.9,13.06,3.874,381,46.0,53.47,53.18,1959
67.9,2.37,1.977,238,80.7,71.72,68.3,1059
121.7,14.86,3.189,482,130.7,56.2,56.96,1716
221.6,9.55,3.72,504,67.5,82.41,83.49,1839
107.4,1.32,3.899,233,155.4,78.75,72.21,1265
245.4,13.35,2.281,425,157.1,48.21,47.38,1810
153.0,10.58,4.545,403,44.4,77.77,70.62,1735
238.1,10.76,4.738,238,84.9,72.64,68.89,1966
141.5,4.85,1.381,583,83.4,88.41,88.5,1269
121.5,5.72,4.601,241,79.7,95.9,91.61,1506
128.9,13.8,3.707,391,95.3,59.42,53.71,1806
228.0,9.89,4.497,259,22.6,78.6,73.0,1792
122.8,1.24,2.411,57,157.9,70.14,63.85,1053
187.2,5.58,3.475,100,59.3,98.87,93.83,1485
149.3,9.38,1.559,178,10.3,69.45,68.31,1173
238.9,3.07,3.88,497,126.5,95.25,93.27,1704
90.3,2.38,3.118,293,120.6,81.31,80.19,1132
141.4,1.83,2.664,374,177.1,83.18,78.69,1339
83.7,9.83,3.617,569,132.3,75.7,70.54,1569
169.8,5.49,2.986,131,66.6,92.92,84.26,1458
136.6,6.23,3.944,524,171.9,97.34,98.6,1569
71.6,1.84,4.363,259,72.1,84.05,76.83,1286
221.5,11.33,4.103,236,149.6,68.61,63.22,1767
131.3,11.73,1.884,394,67.1,57.9,52.29,1488
153.8,12.61,4.893,544,18.3,59.89,56.18,1947
137.4,10.12,3.424,242,134.7,73.79,73.66,1543
152.8,11.83,1.956,469,69.5,55.47,52.14,1673
63.1,9.08,0.692,61,67.6,56.83,55.69,1069
214.9,7.88,4.946,393,131.7,97.39,98.94,1820
123.1,4.64,3.196,397,64.7,94.8,95.48,1406
197.6,1.75,1.524,356,30.1,80.51,74.2,1220
72.3,5.09,2.71,566,78.8,83.93,79.15,1282
159.5,10.57,2.289,566,150.1,64.12,63.49,1615
232.7,13.98,4.781,238,32.1,57.18,58.17,2066
135.7,4.59,2.717,301,104.3,97.12,95.75,1247
97.5,10.38,2.681,486,32.5,69.01,64.2,1546
78.8,7.7,4.076,514,18.4,84.42,77.33,1576
223.2,9.79,2.259,280,74.4,67.69,64.94,1569
105.4,1.02,1.384,242,121.8,66.93,61.79,1033
245.3,2.72,3.958,501,56.7,96.04,89.06,1751
107.1,4.04,4.595,257,85.8,93.6,91.36,1422
151.4,13.51,0.706,273,93.5,31.47,30.26,1408
147.0,1.57,4.37,125,153.0,91.51,83.68,1328
71.8,8.97,2.47,349,149.2,68.51,62.92,1292
161.0,14.0,1.801,230,10.4,38.67,34.89,1545
187.8,10.13,0.676,375,80.4,60.65,56.19,1409
201.0,7.78,1.425,297,121.5,82.15,82.69,1434
159.3,6.4,1.998,461,154.9,86.81,86.39,1411
214.4,9.74,0.818,203,18.3,57.16,54.29,1371
202.9,7.73,1.35,145,116.8,80.27,79.39,1318
96.9,10.88,3.816,437,153.1,70.63,67.02,1683
136.3,9.65,3.591,261,53.4,73.56,73.2,1483
87.1,8.94,3.964,360,44.9,77.33,71.29,1608
85.4,14.4,1.244,568,89.5,58.36,53.6,1549
195.3,12.7,0.694,316,173.6,37.41,34.02,1421
160.8,9.52,2.609,134,127.8,67.59,62.79,1406
174.2,8.54,2.043,285,82.2,77.23,70.86,1370
199.1,11.14,3.995,313,13.5,64.48,64.21,1821
112.7,12.25,2.925,471,104.6,61.62,57.24,1685
136.3,5.13,4.69,157,69.3,99.0,95.23,1486
175.3,10.34,0.775,241,41.6,58.88,58.34,1420
78.4,2.89,2.137,78,95.0,69.15,67.86,1005
218.3,7.03,2.324,436,68.0,88.37,81.7,1646
125.3,14.14,1.067,459,16.6,39.31,35.74,1525
185.2,5.57,3.124,301,133.3,95.95,96.85,1501
249.2,3.16,0.681,346,134.5,80.82,78.77,1373
150.3,3.05,3.707,462,115.2,93.46,92.04,1486
100.9,6.51,0.668,198,152.9,63.76,60.34,1136
101.1,4.15,4.431,384,44.5,85.7,79.61,1446
71.5,6.98,0.793,580,58.7,71.65,69.05,1250
205.7,11.06,2.554,412,88.0,56.91,51.75,1669
115.8,13.43,1.199,93,20.2,40.76,40.6,1222
92.8,2.54,1.099,210,160.2,67.0,65.56,995
195.6,11.76,3.745,336,93.4,60.82,60.29,1696
118.7,2.45,3.984,90,65.2,87.79,85.0,1362
174.1,6.31,3.826,422,91.3,99.0,95.97,1614
139.4,14.95,2.318,410,65.3,44.65,43.41,1660
123.5,1.96,4.959,532,58.7,95.13,94.57,1552
153.0,1.32,2.03,325,86.2,78.58,72.85,1218
119.6,5.67,1.604,431,91.9,84.56,83.02,1302
225.4,14.32,4.984,150,83.7,53.75,51.94,1912
73.9,1.28,4.898,52,103.1,76.23,73.14,1074
65.7,4.12,3.163,145,143.2,70.6,68.12,1089
137.2,9.44,1.441,84,19.7,58.06,54.15,1220
92.8,4.27,1.573,285,148.0,72.95,65.98,1128
201.3,1.75,2.844,308,48.9,84.35,83.6,1403
127.2,1.73,3.992,404,52.9,91.09,92.0,1445
109.7,8.83,0.849,127,111.9,59.89,57.36,1051
128.3,8.87,3.595,168,175.9,75.5,75.54,1421
101.7,10.89,0.964,489,13.0,55.13,53.29,1349
116.9,2.84,4.298,367,124.4,94.58,95.68,1509
167.9,8.0,2.895,66,128.5,79.04,75.96,1534
224.2,9.41,4.954,517,107.5,88.67,81.98,1917
130.5,4.11,3.888,396,11.6,95.06,95.48,1526
120.9,8.66,2.738,153,113.1,79.02,78.71,1356
208.5,10.92,1.135,189,29.6,48.55,46.01,1480
64.3,14.87,2.941,354,23.3,64.74,64.81,1480
117.4,9.35,1.015,358,128.3,67.07,60.44,1364
145.9,13.06,4.573,493,129.0,56.33,56.11,1776
174.1,12.67,1.535,247,161.3,38.72,38.05,1440
89.7,14.16,4.394,352,10.6,66.24,62.63,1706
142.2,11.12,1.868,370,74.4,60.55,60.25,1460
167.6,3.98,1.499,357,12.1,84.1,76.97,1284
156.9,5.17,1.869,90,72.0,88.36,81.68,1167
169.2,11.99,3.684,276,93.6,58.88,56.76,1687
185.9,8.29,2.863,236,100.1,83.24,83.72,1516
132.1,4.52,0.984,596,70.5,84.29,77.17,1285
72.1,10.19,1.117,306,133.3,64.25,62.17,1222
70.6,13.69,2.203,289,80.7,63.22,62.61,1462
223.2,6.01,2.023,316,97.9,93.82,92.81,1449
188.7,9.35,4.333,556,146.0,87.78,85.61,1936
205.2,9.14,3.075,386,39.6,79.31,80.34,1688
236.5,2.78,1.34,264,64.6,88.21,84.5,1385
202.6,2.26,0.628,552,98.6,76.7,77.13,1295
191.5,13.45,0.961,561,140.5,35.3,34.4,1620
184.6,14.07,3.652,195,82.3,48.1,47.55,1758
109.1,13.66,4.312,266,22.4,59.54,56.91,1821
241.9,6.55,4.021,582,178.1,98.25,90.4,1805
163.0,5.03,4.054,348,130.3,99.0,90.4,1590
102.2,14.19,1.674,287,132.9,48.88,48.0,1450
99.9,13.36,4.951,157,89.1,70.11,66.26,1695
214.9,12.48,0.889,261,103.0,42.54,41.18,1463
107.5,5.68,4.195,397,179.0,90.11,89.17,1526
67.9,9.94,0.936,71,111.2,57.46,57.14,1078
141.4,11.51,1.704,96,47.2,47.43,45.59,1272
215.3,9.07,2.729,53,173.9,72.83,68.29,1509
138.7,9.43,0.74,170,101.4,59.45,59.04,1207
212.7,11.59,2.274,151,13.5,50.43,47.9,1558
217.2,11.74,2.076,518,107.5,52.15,52.8,1751
223.0,4.36,3.412,152,22.0,97.08,96.97,1548
171.9,6.47,3.731,414,99.7,99.0,97.97,1641
192.9,11.94,0.907,115,150.3,41.39,38.45,1340
109.8,4.66,0.671,376,101.6,81.58,76.97,1140
78.9,13.82,3.992,290,73.5,71.27,71.41,1614
161.2,12.74,2.876,275,160.0,45.97,41.5,1599
62.0,13.54,2.906,521,167.7,65.36,64.95,1519
148.5,5.16,4.913,142,69.1,99.0,93.9,1555
79.4,2.47,2.47,377,94.8,75.21,74.9,1140
80.6,2.41,1.383,502,177.1,65.81,63.59,1168
225.4,8.78,3.563,443,40.3,85.78,82.63,1738
181.7,5.28,4.171,591,60.7,99.0,97.43,1834
182.6,4.69,2.761,51,82.8,93.7,93.4,1439
136.9,4.11,3.613,536,27.2,94.86,93.26,1554
138.5,8.87,2.813,387,56.2,75.5,72.03,1583
117.6,8.67,2.333,51,102.6,67.54,63.38,1232
142.5,6.91,0.654,306,48.8,78.35,78.46,1183
171.6,2.94,1.282,472,126.7,90.15,86.77,1355
95.5,14.0,2.659,150,69.1,55.56,55.22,1460
109.7,6.99,2.284,423,25.3,81.13,82.71,1301
154.0,2.73,4.293,127,140.0,97.88,95.66,1387
133.1,1.52,0.988,492,106.5,74.63,69.66,1095
215.7,3.14,0.726,363,150.2,90.04,90.39,1270
216.1,5.16,0.892,69,71.2,86.69,80.87,1263
123.8,9.82,3.551,100,13.3,69.29,64.53,1520
145.7,14.59,3.175,525,17.9,46.54,42.3,1823
245.6,4.81,3.345,68,145.2,99.0,90.03,1571
217.2,12.06,1.206,214,79.8,48.02,48.19,1501
101.0,13.76,2.824,362,176.0,51.41,47.69,1663
113.2,6.48,3.955,167,151.2,94.69,86.46,1364
75.9,4.55,3.577,173,12.7,77.14,72.69,1192
188.8,7.87,2.474,477,157.9,87.39,86.13,1577
120.2,13.55,0.966,210,46.2,44.62,41.98,1311
162.0,1.15,4.418,71,92.7,81.73,76.59,1362
205.9,7.81,2.868,447,96.0,92.21,88.39,1719
218.8,11.61,4.503,575,20.2,64.04,57.8,2024
121.8,9.42,2.474,508,31.4,71.77,68.82,1543
105.1,7.96,1.567,352,81.9,76.95,78.4,1212
221.2,8.75,1.883,284,119.2,76.3,75.99,1540
132.4,9.67,2.382,559,55.0,72.84,66.17,1661
216.2,10.55,3.264,471,99.5,70.67,69.15,1882
88.5,5.99,3.96,364,74.5,89.18,85.19,1380
233.3,8.24,1.592,534,117.2,84.89,84.82,1618
151.8,4.83,1.345,381,82.2,90.25,82.3,1444
92.3,14.78,1.412,585,154.8,52.33,48.56,1583
161.7,3.62,4.705,522,177.2,99.0,98.5,1739
225.3,3.11,1.238,353,165.2,77.09,77.24,1424
134.0,4.76,2.056,558,38.7,92.62,89.24,1339
93.8,13.88,2.686,238,87.7,58.99,53.23,1528
169.5,10.22,3.003,436,88.0,72.97,73.5,1673
218.5,7.38,4.361,144,152.9,96.39,91.18,1754
83.1,13.96,1.008,542,70.7,60.33,54.58,1555
67.9,13.6,0.986,186,103.4,59.4,59.3,1194
70.7,6.62,1.924,572,113.6,67.27,63.91,1491
103.8,8.89,2.359,59,29.0,62.67,57.83,1248
61.4,13.68,2.182,425,104.9,67.89,67.63,1495
141.4,5.47,2.264,133,52.0,90.6,86.51,1107
192.6,6.71,4.332,474,45.1,99.0,96.32,1807
195.0,12.1,4.265,321,52.6,57.56,57.49,1732
181.0,10.78,4.125,550,26.9,63.81,61.43,1866
116.3,1.68,3.899,443,21.9,85.68,78.25,1367
199.8,2.64,0.682,473,120.0,83.71,85.02,1307
169.5,12.85,1.172,116,170.0,35.34,33.02,1409
223.6,1.42,3.795,103,127.0,81.39,82.96,1450
150.8,13.88,3.177,518,63.0,53.87,48.52,1857
94.2,4.8,3.533,174,67.0,81.67,78.24,1223
180.6,9.38,3.726,527,102.0,83.98,82.69,1768
88.6,8.9,4.601,128,157.3,79.36,80.05,1426
243.0,6.55,3.358,220,44.4,97.09,96.47,1582
193.6,1.44,1.74,561,89.6,78.54,73.1,1481
203.7,3.69,0.874,512,94.8,87.79,81.58,1298
189.1,9.61,2.444,80,168.3,68.53,64.61,1410
78.5,7.25,3.694,296,101.1,81.86,74.76,1502
148.4,6.79,1.769,550,142.7,88.62,86.88,1446
183.8,2.37,1.04,58,24.9,78.68,79.7,1068
103.6,5.86,4.994,109,65.6,93.38,91.24,1457
189.1,8.37,2.385,405,113.9,83.14,80.14,1510
215.8,2.09,1.473,108,125.2,80.38,77.2,1149
112.2,1.93,1.241,297,160.5,71.63,69.56,1024
97.9,7.88,4.383,329,110.4,88.18,86.88,1587
227.8,8.86,4.188,523,59.2,86.63,86.23,1935
61.0,4.61,3.26,577,101.6,72.7,71.52,1343
108.6,5.56,2.962,332,131.0,89.35,87.98,1339
137.3,12.16,4.781,331,143.3,65.12,66.04,1822
187.7,13.17,1.527,450,170.6,31.96,32.21,1529
249.4,5.55,2.369,156,42.4,86.88,86.79,1495
130.5,5.98,0.611,567,122.4,77.92,70.54,1323
240.3,12.62,2.384,51,44.1,46.08,45.17,1577
129.7,14.63,2.229,51,64.0,41.52,39.63,1479
192.2,5.49,4.773,394,34.3,99.0,96.44,1724
91.4,12.04,2.112,238,141.4,58.41,57.38,1465
147.5,7.72,4.257,269,165.4,88.46,87.2,1560
225.5,4.69,3.95,172,15.1,99.0,99.0,1602
120.8,10.54,1.163,274,148.3,59.7,60.25,1238
80.0,7.48,4.832,505,51.1,84.73,82.42,1624
159.3,4.75,3.339,435,92.8,99.0,99.0,1553
143.5,2.5,3.184,102,137.2,88.05,87.32,1205
103.6,13.14,0.553,81,96.2,41.65,38.5,1253
232.1,13.3,3.646,328,49.3,49.76,44.99,1938
174.3,2.05,0.75,452,164.0,75.52,68.06,1218
126.0,10.29,1.334,415,110.9,63.66,61.78,1388
249.3,3.28,0.944,525,168.3,78.04,75.12,1300
86.1,10.05,2.202,123,153.9,61.19,60.18,1223
221.1,13.71,4.081,383,159.0,51.47,51.53,2008
103.8,4.64,3.683,471,71.5,86.03,79.13,1437
105.5,5.87,0.98,566,177.8,73.58,73.79,1291
154.7,12.13,4.093,105,154.9,52.42,47.8,1612
185.8,11.3,2.574,182,67.4,59.26,59.61,1487
191.2,6.72,0.647,245,162.4,83.75,83.93,1309
64.2,12.88,1.507,347,138.4,58.41,57.45,1278
114.5,13.89,4.033,275,133.3,56.78,53.14,1673
185.5,7.34,3.8,524,11.1,96.69,88.11,1751
229.0,1.55,1.348,573,13.8,69.29,68.83,1392
187.3,8.13,0.671,89,128.1,69.25,64.14,1308
110.5,11.36,1.828,435,57.4,57.72,55.0,1561
156.5,4.08,4.077,113,19.9,99.0,95.41,1359
183.0,2.39,4.723,544,58.6,99.0,97.24,1644
85.7,4.99,3.078,128,152.4,78.54,75.28,1171
163.5,1.16,0.91,595,90.0,72.13,70.93,1308
149.6,11.02,2.759,285,114.6,64.74,64.59,1573
124.0,3.04,4.995,260,146.1,91.56,90.24,1506
178.5,11.13,4.724,372,65.0,68.77,64.37,1915
180.9,4.28,4.969,267,11.9,99.0,99.0,1575
244.6,14.89,3.647,179,65.0,47.73,46.11,1915
141.4,8.45,2.417,396,172.6,78.74,75.26,1478
160.9,1.58,4.519,451,92.0,94.44,91.51,1568
89.9,11.82,4.528,570,106.9,77.72,74.45,1830
164.2,6.74,1.15,275,139.3,84.94,84.15,1276
66.9,9.5,3.989,438,29.5,77.25,73.43,1502
88.5,14.32,4.637,508,134.8,68.64,68.17,1772
92.5,8.24,4.543,507,60.6,81.74,81.03,1728
180.2,12.26,3.681,69,76.0,48.61,45.36,1629
167.8,5.24,2.918,246,55.8,93.45,85.18,1339
211.6,11.0,3.995,57,36.1,62.18,62.31,1751
148.2,2.39,2.823,357,71.4,91.52,84.22,1244
150.2,13.51,1.946,526,26.1,40.95,37.01,1586
90.7,3.8,1.665,498,153.6,77.38,73.38,1195
201.1,5.23,2.933,496,62.0,99.0,92.12,1573
60.7,14.41,2.552,244,121.1,66.88,61.96,1446
140.7,3.17,2.86,75,60.4,85.65,78.86,1104
95.8,4.56,1.673,145,45.8,77.3,76.52,1084
206.5,9.12,3.158,419,131.3,74.23,73.78,1776
187.9,14.73,3.479,124,116.1,45.25,40.97,1678
194.3,10.68,4.131,119,47.1,70.44,68.01,1663
88.2,2.6,3.155,245,114.1,77.04,70.58,1152
187.1,11.47,3.902,102,10.9,56.75,54.47,1676
191.3,6.97,1.262,231,40.1,90.63,85.35,1280
60.5,14.89,1.045,583,133.7,59.28,54.79,1404
120.3,9.8,1.308,61,79.7,59.49,60.31,1189
76.6,8.45,4.308,507,44.6,83.74,84.98,1608
189.5,8.8,3.003,596,96.0,85.75,82.98,1749
100.3,9.98,2.549,290,89.1,70.0,64.58,1378
110.3,11.25,3.93,569,117.8,77.63,75.3,1769
74.9,2.1,1.058,194,22.3,58.54,59.21,927
151.9,2.83,0.528,590,149.3,76.82,72.62,1178
66.3,5.21,1.899,524,19.9,60.4,55.36,1107
220.7,7.69,1.62,537,87.2,83.09,81.7,1628
65.0,5.35,1.883,122,130.8,62.69,61.36,1027
71.7,3.99,4.881,529,68.6,87.69,78.93,1460
181.7,13.95,3.055,568,164.7,46.61,46.72,1953
234.2,1.46,3.151,500,138.4,82.63,80.92,1658
229.5,14.14,3.451,100,82.4,43.3,39.99,1842
75.9,13.7,2.29,97,41.3,63.31,57.0,1351
114.8,10.57,4.905,247,17.4,74.77,76.01,1502
159.0,1.46,4.88,438,146.3,94.49,93.6,1627
65.1,4.15,3.962,57,43.0,75.88,71.62,1133
160.4,14.71,1.453,573,55.8,35.97,34.24,1666
145.1,13.68,4.461,339,11.8,50.91,49.11,1861
171.8,14.5,0.954,247,13.1,35.05,34.57,1599
234.9,14.95,3.335,359,49.2,47.5,43.74,2008
112.2,1.89,2.557,444,158.4,74.05,68.39,1267
181.4,8.99,0.676,200,142.7,63.88,57.86,1337
141.7,12.68,4.568,210,140.9,59.26,60.34,1670
142.7,5.48,4.825,307,150.6,99.0,99.0,1505
183.0,7.1,4.583,418,41.7,99.0,95.67,1800
240.8,4.97,1.366,439,176.4,91.47,87.05,1503
224.0,1.53,1.998,228,49.5,77.56,72.02,1235
181.5,2.02,4.801,227,35.5,96.18,93.43,1515
147.7,1.3,0.979,318,60.1,69.27,68.08,1122
140.6,8.38,3.125,348,100.2,83.37,81.93,1564
209.6,9.66,2.685,407,31.2,69.56,62.66,1712
101.5,5.31,1.184,390,135.6,73.56,72.4,1157
171.7,12.57,4.49,255,73.2,56.2,56.42,1754
155.9,13.43,1.104,213,106.6,37.78,34.52,1438
183.4,2.96,3.167,219,134.8,95.89,94.99,1422
95.6,1.73,1.932,405,163.3,76.01,75.92,1184
192.2,5.47,2.381,288,149.3,95.61,89.22,1510
179.1,10.98,1.451,124,101.4,54.58,53.78,1397
94.2,8.1,3.311,53,178.5,70.39,64.17,1234
145.4,7.83,4.949,66,100.1,95.66,93.55,1608
188.9,3.13,4.251,527,101.1,99.0,95.16,1665
231.3,5.92,3.574,302,36.9,99.0,99.0,1584
83.2,14.42,3.904,412,35.3,70.48,67.26,1726
61.7,5.77,4.277,561,38.7,81.35,77.39,1575
91.4,9.28,2.626,119,110.6,71.41,72.27,1303
248.0,1.82,3.052,296,80.6,90.44,91.54,1575
206.0,1.89,4.53,346,75.6,91.67,82.9,1571
176.7,6.94,3.632,513,31.7,95.19,91.22,1645
85.3,9.46,1.112,597,74.8,67.73,62.27,1406
139.0,6.21,4.008,441,74.3,99.0,92.35,1568
195.9,3.51,0.602,403,115.5,89.38,87.59,1319
230.2,11.3,4.314,556,76.0,77.3,70.77,2018
132.5,2.96,4.047,511,81.2,93.65,84.41,1575
249.9,10.35,4.238,526,56.3,77.73,76.74,2029
86.5,14.39,0.606,51,32.4,44.39,43.37,1146
133.5,7.59,4.876,333,61.0,98.4,99.0,1549
226.3,3.81,3.264,481,17.3,99.0,95.54,1673
183.5,12.79,4.1,150,44.6,50.32,51.0,1764
214.1,8.08,3.05,463,65.2,91.36,88.9,1656
232.5,13.93,2.029,55,34.8,34.5,32.65,1653
156.4,11.09,1.833,366,123.0,57.84,56.28,1581
104.6,7.03,0.815,518,57.7,77.28,76.5,1225
191.8,9.64,2.941,287,114.6,82.18,77.39,1514
167.1,3.38,1.146,457,119.5,82.36,77.81,1327
206.8,6.42,3.054,342,86.0,99.0,96.58,1646
157.2,9.31,3.312,406,86.3,82.2,78.47,1591
214.1,9.26,2.489,334,108.8,74.31,71.58,1661
231.4,9.22,1.203,312,54.6,68.36,69.58,1532
202.4,11.41,2.447,513,13.6,57.84,52.36,1743
201.3,2.48,4.454,101,119.7,96.93,94.77,1502
171.6,2.03,2.561,372,113.4,87.11,88.05,1321
149.6,3.07,2.042,113,91.0,83.19,77.23,1097
244.8,12.09,3.334,360,158.9,53.61,49.61,1886
182.6,1.91,3.285,580,96.5,89.2,84.17,1554
219.7,4.15,0.908,81,61.6,84.08,76.42,1068
156.0,4.57,1.564,282,131.3,89.7,86.76,1187
165.4,10.06,2.725,491,173.6,69.25,67.69,1617
185.9,6.62,2.148,253,135.3,89.72,89.58,1438
198.4,3.79,1.94,336,164.5,94.49,85.79,1296
145.2,7.29,2.506,113,29.2,80.58,76.74,1300
127.7,10.6,1.806,173,30.6,61.2,60.84,1437
105.5,12.0,2.064,428,36.3,55.83,55.39,1495
140.5,2.73,3.981,506,129.5,99.0,89.97,1520
100.1,11.01,2.796,406,76.3,69.8,62.91,1510
139.2,1.06,4.428,510,91.2,91.01,90.46,1557
226.2,11.14,4.769,383,54.5,70.48,64.6,1957
245.6,10.25,4.649,496,135.1,80.59,78.12,2001
169.6,7.56,1.642,591,153.7,81.18,73.98,1533
87.7,2.92,2.628,96,37.2,69.82,65.31,1140
141.2,11.7,2.908,314,42.8,57.66,52.99,1601
174.4,2.0,4.335,154,67.7,98.06,96.92,1423
130.4,13.54,3.016,306,57.6,55.64,54.57,1680
99.0,11.83,1.637,325,100.4,51.88,47.53,1353
103.1,11.37,2.964,392,137.9,62.8,56.97,1380
150.0,11.56,0.699,292,144.9,46.8,44.74,1385
101.1,1.95,4.254,229,45.4,88.02,81.28,1322
107.4,14.86,3.047,74,39.8,52.45,47.26,1471
225.9,13.02,3.433,69,71.8,38.78,36.13,1707
208.0,8.11,1.404,146,35.1,73.68,68.22,1436
70.5,11.07,3.012,297,25.6,71.07,69.8,1445
120.8,11.35,2.888,280,51.2,63.43,63.64,1584
161.1,12.62,3.288,155,77.0,51.99,48.28,1620
71.5,4.58,4.313,502,109.9,87.2,80.81,1455
189.8,6.21,3.94,426,133.0,99.0,93.71,1708
133.0,12.2,2.961,239,47.9,58.5,53.86,1566
135.5,11.77,4.52,488,149.2,72.52,73.51,1842
110.4,8.32,2.113,594,15.7,75.76,70.4,1467
123.4,6.55,2.716,185,85.5,83.89,76.44,1279
223.7,14.56,3.422,249,117.6,43.36,41.92,1824
209.8,6.81,2.483,596,59.5,93.54,90.22,1696
237.8,11.7,2.126,126,126.2,43.89,42.83,1634
192.8,6.78,1.006,92,157.4,79.36,80.63,1104
169.8,5.34,3.362,337,25.2,99.0,92.94,1468
109.3,9.97,1.367,308,97.1,64.16,60.51,1229
186.7,12.31,1.122,93,13.2,40.7,38.28,1376
232.2,14.74,1.32,210,57.5,34.58,33.73,1613
73.1,3.08,3.598,280,33.3,79.59,77.4,1246
144.2,13.27,1.123,502,116.1,37.87,36.49,1559
88.4,8.34,4.893,439,52.3,85.38,80.58,1742
214.0,2.51,3.913,553,58.0,98.21,93.43,1690
176.7,12.12,2.267,233,45.0,46.3,46.07,1592
227.1,5.64,3.17,220,51.4,99.0,96.34,1479
72.0,13.16,0.534,305,48.3,49.81,49.11,1228
232.1,3.21,4.3,54,128.6,96.19,89.77,1463
72.8,10.96,1.72,164,172.5,62.65,63.24,1258
114.6,5.21,0.823,166,93.3,78.99,71.42,1054
89.7,4.6,3.912,84,112.1,81.22,78.9,1233
87.6,1.7,1.983,300,149.1,67.26,67.09,1123
92.6,7.75,3.054,548,90.9,84.45,84.78,1484
151.2,6.48,4.298,52,61.3,94.34,88.52,1520
209.0,1.86,3.992,396,171.7,88.57,84.6,1637
230.7,4.17,2.016,534,164.0,96.48,87.23,1523
167.7,7.82,4.409,109,47.5,93.9,93.41,1621
90.0,12.32,2.25,554,129.5,61.79,56.53,1557
75.0,14.01,2.75,500,120.0,68.13,64.81,1576
153.9,8.21,3.256,168,120.4,86.41,88.04,1484
205.4,6.65,0.819,548,151.2,87.01,87.9,1387
177.8,14.37,3.187,492,124.6,45.9,43.13,1825
170.7,14.48,3.098,111,98.1,35.12,32.55,1662
69.1,3.67,4.431,507,153.8,81.3,75.62,1430
138.2,8.44,2.091,348,55.0,76.35,74.99,1467
164.6,12.49,1.59,499,125.5,44.05,43.48,1592
173.7,12.51,2.644,390,129.3,47.93,44.38,1688
60.9,10.59,3.593,266,158.0,70.87,65.82,1426
97.9,7.6,3.029,381,179.7,76.53,71.85,1341
240.5,6.65,1.122,400,104.8,87.39,83.2,1512
156.6,12.29,2.066,471,92.4,49.12,49.62,1640
193.7,4.16,0.787,507,112.1,92.82,83.84,1248
118.6,7.0,3.827,415,122.0,93.75,91.56,1414
171.2,8.94,4.473,594,131.2,92.19,92.51,1832
127.7,12.64,0.706,478,57.8,49.07,48.42,1506
116.4,6.23,2.864,551,92.8,87.98,81.47,1618
138.2,8.68,3.047,226,73.1,79.84,76.42,1363
147.4,4.91,2.475,224,16.6,91.58,92.42,1383
122.9,12.72,2.762,249,113.6,54.16,49.5,1586
109.0,12.0,3.697,292,158.7,60.48,61.6,1564
178.5,12.48,2.677,579,166.7,47.55,43.61,1883
132.3,1.8,4.638,90,98.0,93.3,85.56,1351
98.3,7.82,2.934,324,140.2,76.46,76.27,1375
204.1,2.9,0.823,139,131.1,79.4,79.35,1058
197.5,10.43,4.79,496,48.9,76.03,68.77,1940
228.5,5.36,1.161,67,20.7,86.03,79.17,1269
165.5,11.84,4.03,300,137.1,62.0,62.86,1851
113.1,1.91,2.871,267,58.1,82.25,76.79,1157
224.1,8.19,3.834,101,103.4,96.14,86.67,1583
113.3,2.73,2.81,257,99.1,85.91,79.93,1193
184.6,8.81,0.765,495,149.0,74.19,73.32,1590
96.2,9.5,2.187,126,119.6,75.44,76.2,1201
179.5,7.47,3.293,591,154.0,95.89,88.08,1773
219.8,4.92,3.33,82,137.9,96.84,89.77,1383
162.6,1.45,4.879,209,180.0,87.55,83.44,1483
149.5,10.27,3.228,476,156.9,73.44,72.69,1673
248.8,13.19,1.789,247,45.9,39.18,38.36,1660
64.3,11.27,0.695,314,173.4,50.86,47.77,1229
123.0,13.5,4.048,153,67.8,55.26,50.18,1592
234.5,14.01,4.502,444,113.3,56.54,52.6,1981
182.1,7.29,3.261,149,170.0,92.0,85.22,1468
163.0,10.77,2.671,517,46.4,64.08,57.83,1629
181.2,6.56,4.374,347,155.7,99.0,99.0,1683
121.2,13.87,1.582,351,172.0,46.13,42.93,1478
73.5,8.88,2.294,563,155.1,70.95,70.98,1503
112.3,11.53,2.784,475,149.3,62.91,60.28,1571
123.9,1.2,0.722,459,55.0,71.36,72.55,1099
151.2,9.06,3.599,522,79.2,86.45,79.36,1637
134.8,11.39,1.349,100,139.3,49.14,44.88,1275
159.0,4.6,1.999,449,30.1,95.64,86.1,1335
97.3,1.2,2.365,178,161.0,67.4,66.47,1115
95.0,11.41,3.373,205,45.7,67.65,63.37,1434
126.8,5.73,0.795,58,106.0,77.2,77.54,1002
150.0,7.0,2.034,542,27.9,86.66,84.58,1499
124.9,8.87,1.735,457,41.5,73.23,70.98,1382
169.5,2.54,0.507,127,109.5,78.97,75.69,1100
118.9,2.45,3.612,230,117.9,83.57,77.8,1386
93.7,14.45,1.562,314,55.9,54.14,49.14,1389
223.9,5.74,1.249,322,30.2,96.57,92.05,1448
98.1,4.58,4.091,378,103.4,88.03,80.27,1389
243.7,1.67,0.676,310,152.9,74.96,75.61,1242
247.6,3.44,4.551,407,44.2,99.0,98.95,1791
192.4,7.03,3.591,536,127.6,99.0,96.46,1730
155.4,5.79,1.273,269,75.6,86.4,82.45,1255
211.1,6.94,2.075,532,170.3,90.39,86.28,1659
225.9,10.85,4.775,171,24.0,76.15,72.78,1895
194.8,9.99,3.285,117,16.8,67.67,66.96,1579
79.4,7.9,3.239,182,31.1,75.95,69.5,1279
60.6,12.41,3.439,164,143.0,72.75,70.12,1419
96.5,13.0,2.582,592,166.9,53.37,53.23,1587
95.8,9.27,1.253,260,149.8,65.17,62.64,1264
94.7,2.65,1.179,408,132.0,67.75,61.09,1081
156.9,6.69,3.593,433,19.8,98.53,91.57,1535
158.8,9.88,4.478,295,46.3,79.85,78.27,1776
197.4,1.88,1.851,173,169.0,74.96,75.87,1222
98.3,1.28,2.765,291,115.9,71.83,72.36,1120
77.6,14.28,4.965,311,89.6,76.1,76.0,1792
186.6,11.22,1.657,575,120.9,63.22,64.11,1726
152.0,3.14,2.256,363,40.4,94.1,87.85,1211
186.6,7.23,2.136,583,161.8,90.96,82.0,1651
132.3,3.71,0.647,367,121.6,82.01,77.29,1132
202.7,1.14,2.793,130,90.1,80.94,78.45,1332
189.7,6.48,1.439,261,87.8,88.92,83.4,1345
183.6,10.08,1.079,486,149.8,59.37,53.75,1539
65.2,14.36,3.697,282,62.3,75.86,72.89,1557
223.0,11.78,3.946,105,33.3,54.94,50.76,1796
131.6,4.22,4.5,103,41.6,99.0,97.74,1358
85.8,5.71,4.704,180,23.8,81.21,73.96,1455
203.6,8.29,4.411,361,96.3,92.36,93.74,1786
152.4,3.68,1.051,507,125.1,91.21,91.68,1311
66.1,12.66,1.506,344,168.8,59.58,59.87,1284
208.6,3.35,1.051,460,137.6,88.1,87.64,1374
142.7,5.06,2.091,405,109.1,94.23,91.97,1375
203.4,9.09,1.058,338,156.9,72.5,65.71,1547
203.6,2.73,3.44,168,161.7,94.49,92.55,1452
79.0,9.74,3.725,536,131.1,78.01,77.2,1561
176.5,14.22,1.218,202,19.6,33.85,31.0,1471
128.4,10.68,3.297,189,59.6,68.57,66.78,1540
163.8,12.38,0.603,192,67.2,43.06,41.23,1328
76.8,7.14,2.455,103,179.6,75.16,71.91,1139
171.8,6.11,1.784,324,88.9,94.57,87.37,1325
207.7,5.6,4.993,230,139.5,99.0,97.88,1705
247.5,10.25,4.653,337,148.3,80.15,81.03,1947
120.9,8.26,1.164,299,121.1,71.85,71.46,1239
89.5,7.61,4.628,336,13.1,85.3,80.54,1623
129.5,2.41,2.385,214,13.3,80.68,82.14,1205
63.7,10.43,3.095,498,149.2,70.45,66.49,1587
137.7,11.16,2.902,344,135.7,61.73,57.3,1579
233.8,3.75,3.768,165,101.1,92.92,94.42,1502
96.9,11.64,2.007,546,52.3,62.0,61.67,1467
150.8,13.31,0.814,110,24.7,35.73,35.42,1331
168.8,3.44,2.379,453,37.9,93.82,85.31,1443
94.2,7.33,2.95,423,108.7,79.7,73.57,1400
122.7,13.27,2.997,90,102.8,52.97,47.79,1531
233.2,7.82,4.067,546,170.0,90.88,90.26,1951
116.2,12.41,0.699,224,172.7,40.99,38.26,1246
180.7,4.02,4.946,457,107.9,99.0,90.67,1650
86.0,1.9,4.958,202,153.0,85.33,78.66,1373
187.3,1.83,0.946,339,148.1,78.23,76.42,1207
113.0,14.61,2.048,585,137.9,50.62,48.19,1678
103.9,3.31,3.156,386,84.3,89.16,90.31,1351
83.6,13.11,2.18,213,76.2,57.03,53.83,1309
68.9,5.42,2.694,302,54.9,72.07,72.08,1243
243.9,1.56,1.967,422,169.3,79.53,76.79,1451
138.6,4.37,3.705,295,151.9,98.98,97.46,1449
207.7,8.08,2.138,551,40.1,83.05,76.42,1599
234.8,2.49,2.434,527,52.9,96.3,95.33,1556
98.8,13.91,3.092,131,108.8,57.62,52.45,1465
225.3,13.6,4.861,482,80.3,57.01,56.03,2138
194.5,3.09,3.388,568,46.4,99.0,94.63,1600
169.8,11.32,0.936,224,144.5,52.71,48.88,1355
213.7,7.45,1.935,181,10.3,83.58,80.04,1385
81.0,14.75,2.389,55,68.4,60.33,60.49,1415
110.1,1.78,3.831,114,168.0,77.43,71.13,1262
84.9,7.59,2.511,579,139.3,81.1,74.64,1534
230.2,5.0,3.466,265,78.2,99.0,95.44,1573
78.8,11.17,4.278,263,167.9,73.77,71.93,1501
246.2,2.56,0.97,197,163.1,75.74,71.99,1258
80.9,9.79,3.946,140,18.9,73.15,68.18,1385
185.7,14.27,3.855,330,31.7,43.95,39.9,1819
185.5,7.35,4.189,448,75.8,99.0,89.69,1758
236.9,7.36,4.802,353,168.0,98.89,89.48,1906
121.4,7.94,1.893,69,153.5,68.55,69.11,1226
123.1,6.82,2.431,492,18.1,82.86,75.88,1445
220.8,7.26,1.682,562,97.1,83.19,77.82,1650
245.9,7.49,1.972,292,132.4,80.82,82.3,1548
65.7,14.97,1.984,252,56.9,64.0,64.72,1477
180.7,2.63,4.414,176,132.8,99.0,89.61,1620
106.3,4.99,0.783,216,72.9,73.73,71.23,1017
198.3,3.95,1.412,404,56.6,92.81,90.58,1419
206.8,8.62,3.248,474,76.7,90.7,82.22,1794
204.9,1.04,3.943,233,171.6,84.85,83.78,1478
142.7,13.9,3.638,237,163.9,51.74,52.7,1749
90.0,8.44,0.71,298,165.4,62.84,59.79,1171
171.1,13.55,2.542,144,166.0,37.76,36.02,1607
209.9,5.83,1.33,560,40.3,94.4,92.43,1512
233.3,3.1,4.947,438,162.3,99.0,97.85,1780
146.0,3.69,4.995,288,46.1,99.0,98.48,1578
106.7,7.59,0.729,117,152.5,73.53,66.86,1094
82.6,1.56,3.505,517,102.1,84.34,84.0,1269
211.5,11.95,4.159,316,50.8,60.36,60.59,1881
161.7,12.07,1.962,488,77.7,48.2,43.64,1613
188.1,10.83,3.621,68,83.7,64.97,58.78,1570
90.3,13.55,1.345,201,134.6,55.96,54.07,1370
61.2,8.69,1.076,392,113.0,55.54,53.3,1140
243.8,7.71,4.664,318,148.9,91.87,93.49,1831
214.1,8.41,3.391,212,77.5,85.8,80.25,1572
136.0,3.55,4.176,161,136.4,93.03,90.32,1356
146.9,8.17,2.897,216,144.8,77.78,74.73,1556
236.5,8.58,1.196,458,20.7,74.95,72.27,1541
99.5,11.7,2.195,151,73.9,63.08,61.77,1337
212.5,5.87,4.467,377,160.6,99.0,95.49,1806
63.4,2.29,0.57,283,129.8,54.78,49.35,916
226.4,9.36,1.432,470,81.1,71.89,71.98,1605
172.0,12.03,1.64,161,41.1,41.94,38.76,1415
150.7,14.57,1.683,199,26.4,33.95,31.5,1540
194.2,2.26,0.944,269,49.0,83.09,81.25,1169
72.9,11.45,4.317,142,51.6,77.43,74.13,1600
97.2,9.34,1.218,304,73.0,64.73,62.72,1234
137.3,1.21,4.234,279,40.1,87.54,84.01,1458
177.4,11.06,2.098,595,34.8,55.46,52.69,1737
87.5,1.37,2.558,377,153.5,73.95,70.85,1203
132.1,11.99,2.583,88,52.4,51.81,47.5,1418
109.6,11.1,3.709,303,105.5,66.24,67.32,1552
182.7,10.63,3.791,533,43.9,68.22,66.1,1817
234.7,2.68,3.383,527,93.6,97.65,91.25,1704
91.5,13.87,3.982,579,57.0,64.27,63.34,1813
96.0,13.58,0.537,542,24.8,47.97,48.24,1331
174.1,13.6,2.772,147,177.0,42.25,39.53,1543
146.2,6.05,2.858,52,87.8,88.09,82.71,1279
196.4,7.89,1.577,389,76.8,79.52,75.75,1509
114.7,2.61,3.004,436,43.9,83.99,77.78,1315
163.5,1.72,2.602,122,94.2,83.6,83.36,1175
133.5,1.82,2.625,142,118.0,75.66,73.4,1106
113.4,8.96,1.033,580,61.8,72.84,66.06,1435
198.6,5.5,2.459,569,91.7,99.0,99.0,1598
211.2,9.11,3.949,136,50.3,82.95,80.38,1743
122.5,9.3,2.345,186,99.7,73.34,73.84,1286
178.4,13.7,2.694,541,143.8,44.56,42.79,1842
93.9,13.35,4.854,289,20.2,70.16,68.05,1746
210.3,11.06,4.423,489,98.0,71.14,67.9,1982
113.4,12.46,4.679,268,77.9,70.94,67.44,1744
92.5,1.04,0.85,455,22.6,67.67,62.67,1003
238.6,1.22,3.284,268,169.9,77.72,78.92,1467
140.3,7.42,1.505,545,54.2,80.72,74.41,1434
182.3,10.15,2.319,229,106.0,65.21,62.81,1465
213.8,12.12,3.559,338,73.3,55.01,50.08,1867
190.4,7.26,3.105,337,56.1,98.43,99.0,1454
167.3,14.16,2.776,407,99.6,40.33,38.99,1682
130.6,12.41,4.165,219,127.1,63.27,63.13,1575
234.5,2.44,3.572,403,143.5,97.85,94.68,1656
85.4,7.16,4.195,128,117.8,79.98,79.7,1380
227.9,14.93,4.694,541,99.5,58.2,56.11,2117
194.9,6.74,3.704,129,142.1,99.0,94.39,1532
168.6,6.41,2.279,512,98.0,94.48,90.2,1527
121.7,5.12,1.458,431,175.6,83.42,75.1,1196
87.7,7.81,1.719,238,99.5,68.33,64.53,1208
144.2,11.22,2.285,230,63.9,55.03,55.81,1538
208.9,1.66,3.83,581,85.9,91.76,90.02,1720
201.6,12.7,0.681,157,93.3,40.14,40.56,1474
182.6,13.85,4.164,448,58.2,49.74,45.96,1934
248.6,11.94,3.912,151,37.0,58.7,56.29,1868
244.8,13.82,2.747,548,83.3,45.13,40.8,1988
136.0,2.33,2.299,458,162.5,84.94,83.35,1245
96.6,7.3,1.007,563,53.4,74.84,74.4,1249
148.1,1.99,1.804,534,71.5,80.27,79.45,1335
220.5,12.72,0.993,352,138.8,32.42,29.51,1564
147.1,14.34,4.185,134,24.0,48.04,44.66,1658
123.8,5.17,2.792,172,150.3,88.6,86.71,1332
200.8,8.5,1.611,161,132.4,76.03,75.35,1401
183.5,5.17,0.581,171,103.5,87.95,82.05,1163
244.1,6.3,2.858,312,45.6,95.81,90.9,1559
164.4,7.67,3.884,527,25.8,93.09,87.71,1689
243.8,12.07,3.949,63,49.4,51.6,46.47,1759
115.3,3.06,1.465,181,139.5,78.22,75.81,1014
224.3,3.2,4.978,378,168.7,99.0,97.05,1671
126.7,3.83,3.06,526,135.4,88.5,82.58,1524
213.8,1.74,1.994,214,99.7,82.97,81.52,1357
235.9,10.01,2.268,260,171.6,61.31,56.97,1624
178.4,3.66,1.06,255,150.9,84.21,83.02,1134
198.4,7.13,2.72,212,121.5,97.48,93.08,1402
242.1,10.6,3.89,434,16.4,74.75,75.09,1886
131.3,7.29,2.342,411,58.9,89.07,85.98,1308
157.2,13.68,4.401,514,62.4,58.27,53.73,1899
230.7,11.77,2.645,555,69.0,60.54,60.46,1755
187.8,4.82,4.553,545,76.2,99.0,98.34,1744
226.0,2.83,3.664,347,169.7,98.27,89.44,1587
177.5,13.52,0.748,152,136.1,32.55,29.48,1402
200.5,6.56,0.802,172,127.6,87.86,80.52,1373
62.5,6.36,4.1,375,82.5,77.63,77.74,1403
124.5,12.34,2.106,555,67.4,56.35,52.88,1694
206.4,1.13,1.352,342,30.3,73.47,70.57,1268
136.8,7.32,4.394,565,87.1,97.56,94.87,1815
128.9,11.0,4.925,194,44.9,72.01,71.23,1590
240.8,12.88,4.139,97,76.5,57.07,57.05,1777
165.0,13.39,3.763,488,36.6,48.85,46.99,1838
96.6,7.52,0.504,534,68.5,69.99,66.48,1316
149.7,12.87,0.977,296,17.3,35.59,32.86,1419
158.5,1.5,3.519,106,11.0,74.66,72.64,1233
247.9,5.28,2.343,73,157.9,91.6,88.49,1455
196.5,1.15,0.588,84,119.0,70.29,65.71,1074
158.7,3.32,3.834,292,109.9,97.72,93.18,1408
142.1,11.15,2.384,179,97.3,59.21,58.55,1412
233.9,1.06,3.465,304,133.5,81.79,79.76,1583
182.7,8.32,2.608,319,135.1,83.26,79.75,1598
127.7,6.8,0.619,302,169.0,73.1,68.18,1248
148.3,2.72,3.362,391,51.5,94.29,92.42,1457
112.8,10.6,4.046,424,143.5,72.68,70.88,1617
242.5,10.7,1.202,268,178.5,54.27,51.83,1559
193.4,11.17,4.51,235,14.9,70.39,65.37,1737
134.5,11.71,1.317,253,73.6,52.81,48.63,1427
94.8,5.41,2.403,89,84.1,77.18,72.61,1109
93.6,14.92,2.872,227,149.7,56.1,56.61,1450
150.8,2.02,1.912,160,12.3,76.9,76.16,1139
148.8,10.07,2.752,210,111.8,64.03,64.47,1536
139.4,14.59,3.733,443,161.7,55.86,55.93,1742
221.8,4.14,3.715,594,35.1,99.0,94.55,1730
246.0,4.89,4.65,558,29.6,99.0,95.4,1855
127.4,9.06,4.379,502,180.0,82.17,75.62,1765
116.0,11.94,4.933,455,150.4,72.19,71.22,1709
206.3,5.61,3.179,570,128.6,99.0,94.11,1740
145.5,12.71,2.302,464,77.8,52.1,47.9,1599
101.3,4.37,1.58,309,155.2,78.93,71.94,1138
94.4,13.24,1.598,381,166.9,56.05,55.13,1479
113.3,4.54,1.179,218,134.5,80.29,76.91,1164
60.3,9.64,3.77,52,77.7,67.28,60.63,1315
238.9,6.01,3.444,244,109.2,99.0,98.9,1588
141.7,5.51,1.815,273,26.7,83.27,81.14,1240
75.7,5.96,4.515,453,36.9,90.54,81.9,1567
91.3,7.99,2.985,523,143.1,80.49,75.39,1438
121.4,12.83,0.811,579,15.0,43.64,43.06,1515
164.8,11.63,0.777,243,18.4,45.37,41.15,1378
193.7,7.29,1.144,577,96.4,84.25,83.27,1547
118.5,4.95,1.451,490,39.0,78.18,75.1,1277
241.9,12.96,4.493,67,59.9,55.87,55.53,1834
204.5,13.18,4.003,377,77.8,49.6,49.73,1868
216.9,7.35,1.408,251,98.8,84.83,84.16,1395
121.5,10.74,1.618,69,58.2,56.52,51.4,1192
132.4,6.17,3.366,342,92.2,94.11,89.9,1483
162.2,3.09,4.422,372,73.0,99.0,92.89,1556
145.8,5.5,1.925,189,23.8,87.67,84.26,1170
109.4,10.55,2.865,567,157.4,68.81,69.91,1585
249.5,11.77,4.507,386,57.8,69.03,63.16,1982
221.2,12.92,3.968,147,113.6,58.72,58.94,1771
105.2,1.25,4.512,447,106.9,80.37,81.89,1416
229.6,7.81,1.751,325,43.9,80.67,82.18,1525
171.5,4.83,3.609,310,15.1,99.0,98.56,1549
62.4,10.58,1.013,509,155.7,64.5,61.65,1298
125.8,4.43,3.273,126,94.6,91.79,84.57,1305
64.9,8.93,1.868,320,80.5,70.52,68.62,1175
76.7,10.97,3.657,479,139.7,69.46,67.6,1535
94.0,11.78,1.138,413,15.6,54.12,50.77,1293
152.0,4.77,3.495,53,140.1,98.27,95.71,1303
132.4,2.23,3.688,483,79.5,88.4,80.79,1445
88.3,4.06,4.357,570,103.8,81.0,79.06,1602
135.0,9.39,3.592,438,137.9,76.89,77.47,1588
117.8,1.57,2.853,532,103.0,82.89,79.3,1376
137.9,3.22,4.029,248,20.5,93.6,92.83,1358
92.7,14.94,1.78,243,133.9,49.8,48.62,1434
175.8,6.35,3.549,226,143.7,96.75,87.11,1503
68.5,7.95,3.76,454,88.5,74.88,68.49,1432
133.7,1.15,2.266,568,84.6,74.54,74.02,1270
230.0,9.29,4.95,537,52.8,86.58,78.34,2082
139.7,5.55,2.102,133,119.5,88.12,89.42,1196
143.8,8.42,0.88,394,159.9,64.25,64.72,1375
72.9,8.37,1.866,598,121.5,74.24,70.05,1416
175.0,14.54,0.947,212,141.1,30.68,28.75,1457
237.9,4.76,2.027,399,152.4,90.09,87.71,1521
115.4,8.99,1.075,549,48.4,65.99,64.24,1388
134.7,6.34,2.478,545,78.4,89.68,81.67,1504
171.8,6.91,4.001,227,84.1,99.0,91.66,1544
77.7,1.78,0.803,102,105.0,61.39,59.94,765
240.6,10.64,3.034,405,18.4,64.68,64.42,1771
148.8,3.73,0.697,571,110.0,83.29,76.88,1323
81.9,7.56,4.481,329,25.0,82.72,81.41,1502
123.7,7.08,4.646,302,147.1,88.13,88.52,1554
131.0,7.55,2.716,525,173.7,80.14,73.26,1449
125.6,6.26,3.962,284,59.3,92.85,88.46,1539
191.7,4.39,3.168,425,96.1,99.0,99.0,1534
125.6,7.28,2.033,264,149.9,79.64,75.22,1359
121.5,1.65,1.603,257,63.5,69.76,65.04,1116
121.2,4.39,3.914,153,36.8,97.08,96.06,1382
207.8,11.99,2.435,99,135.6,43.09,40.85,1651
118.6,12.8,4.641,537,128.7,71.73,70.64,1860
62.7,11.01,4.891,150,106.9,73.06,66.86,1513
129.5,9.86,1.447,84,170.6,64.29,62.14,1320
112.9,12.36,3.025,370,172.4,59.92,56.65,1626
232.7,2.79,2.916,350,156.5,93.85,95.7,1481
150.8,8.35,4.406,362,59.8,87.8,85.25,1726
104.6,2.63,3.609,307,48.3,83.98,82.45,1378
246.5,11.89,3.233,128,152.1,53.5,48.99,1622
106.9,8.29,3.556,62,120.7,77.13,78.59,1286
205.0,12.34,2.253,76,77.3,47.92,43.43,1503
183.4,12.19,4.821,569,79.7,66.46,60.38,2035
147.8,7.53,0.759,343,155.1,76.23,69.3,1308
137.1,7.96,0.631,270,37.8,75.27,75.6,1237
225.8,1.4,2.37,276,170.5,81.24,80.22,1412
150.3,8.33,1.196,409,117.6,74.69,75.94,1319
131.3,10.48,2.952,257,144.5,64.88,58.91,1441
127.3,4.27,0.541,488,73.0,87.65,86.16,1243
112.4,14.81,2.569,193,109.8,51.12,49.28,1528
137.7,14.65,1.827,252,137.5,39.85,38.93,1584
82.8,4.96,1.411,564,84.0,73.17,70.36,1203
72.4,10.98,2.501,193,92.9,70.27,68.94,1268
162.9,1.42,4.345,414,109.0,93.62,94.45,1446
146.3,10.32,3.449,251,20.8,68.57,66.55,1612
92.9,9.74,1.22,309,156.7,63.81,64.3,1311
80.3,12.51,2.745,75,157.3,60.39,60.02,1375
87.2,5.26,4.693,142,57.8,86.4,86.72,1348
119.9,13.29,2.477,106,159.6,47.03,46.05,1471
145.8,13.01,2.617,515,136.7,51.21,49.27,1731
96.7,10.37,4.736,579,92.1,80.11,72.77,1667
203.6,7.61,1.111,87,69.1,79.43,79.44,1273
96.7,9.66,3.808,92,77.9,73.71,68.48,1424
83.6,11.22,1.846,354,100.9,59.5,53.81,1421
249.0,14.65,4.397,327,80.1,52.29,50.32,2037
145.1,2.7,0.745,408,81.4,79.33,77.42,1157
92.3,5.38,4.957,455,44.5,98.26,96.24,1566
230.0,11.93,3.959,488,130.3,60.94,59.75,1971
103.9,6.73,1.779,132,113.6,76.26,74.61,1085
235.9,10.41,3.924,71,178.6,71.38,71.17,1682
82.6,2.86,4.653,539,34.0,81.73,81.1,1374
219.9,10.93,1.008,308,29.3,47.39,47.27,1501
95.0,10.44,4.611,584,97.7,78.24,74.73,1781
238.3,9.2,2.121,343,35.8,72.43,65.73,1597
169.1,11.71,0.529,331,113.8,44.61,43.57,1395
96.1,13.32,1.006,393,43.3,50.12,46.38,1408
220.5,12.61,4.482,144,92.1,52.27,52.43,1975
134.2,2.79,4.922,190,113.9,99.0,97.67,1435
199.2,11.42,4.529,548,87.9,67.25,66.71,2004
182.3,7.3,2.487,167,64.4,93.11,87.0,1406
195.7,5.67,4.826,178,143.0,99.0,96.62,1651
125.3,13.32,2.331,330,155.3,55.49,53.46,1547
238.4,8.83,1.012,403,57.3,67.29,62.73,1523
166.4,8.02,2.034,50,148.3,76.52,76.33,1292
74.7,11.98,4.993,301,76.6,76.13,73.54,1721
72.7,8.75,3.317,269,92.9,75.12,69.33,1389
200.3,13.01,2.03,526,49.4,40.85,38.26,1697
221.5,2.44,3.309,512,116.4,88.69,82.24,1582
192.1,11.87,2.431,548,27.2,50.23,47.09,1713
112.7,3.29,0.723,513,110.6,81.3,75.01,1199
102.9,4.15,1.405,483,178.3,72.08,68.08,1174
167.4,3.51,0.587,522,138.1,87.1,85.64,1303
97.4,4.34,1.647,146,162.2,72.58,73.67,1111
132.0,11.25,3.828,237,88.9,65.93,61.0,1610
179.5,10.17,1.37,426,34.2,67.99,63.64,1541
114.1,4.22,2.876,558,59.0,88.54,79.71,1396
131.3,4.78,3.657,417,18.3,95.81,88.82,1523
128.5,2.39,2.969,164,95.3,84.64,80.43,1146
147.5,6.8,0.569,570,120.4,87.2,83.31,1318
188.1,6.3,2.135,468,82.2,91.89,85.64,1497
208.6,3.04,2.487,444,105.7,99.0,90.89,1529
186.4,12.68,2.042,469,64.5,50.76,49.11,1777
65.0,12.94,2.958,413,24.6,70.59,66.99,1497
230.4,2.53,2.809,62,83.4,88.47,84.15,1344
170.4,4.73,1.344,189,103.1,89.96,90.62,1153
234.8,11.31,3.884,576,177.0,64.1,62.01,1981
243.1,13.18,1.225,209,69.0,40.88,38.69,1664
148.9,2.0,2.565,474,125.2,82.81,77.05,1262
234.1,13.63,3.903,283,149.8,53.93,51.31,1910
129.4,1.86,3.638,549,67.0,89.17,89.47,1489
109.5,9.87,2.445,357,168.1,67.87,68.94,1441
74.0,1.31,4.05,398,67.6,77.24,73.01,1282
145.8,14.0,3.712,182,174.9,50.68,46.88,1717
190.9,5.95,2.23,82,10.4,89.61,90.48,1284
245.6,10.08,4.53,466,117.8,78.44,71.96,1941
159.0,3.58,1.139,87,144.3,78.68,73.62,991
199.6,5.5,2.113,447,57.6,97.5,90.14,1515
230.3,11.46,3.64,356,29.9,57.97,56.11,1857
163.2,14.62,4.428,501,14.1,51.67,49.04,1930
91.7,14.89,1.952,163,22.6,54.68,51.1,1362
221.2,12.34,3.026,348,102.3,51.91,51.5,1786
169.1,12.86,0.553,388,152.7,37.32,36.56,1478
204.1,14.57,2.169,91,20.7,35.97,36.67,1548
185.1,1.56,1.989,456,29.2,79.92,74.92,1247
71.6,3.38,4.291,264,10.9,78.15,78.26,1219
92.1,1.74,0.833,121,58.0,63.57,59.52,807
114.4,8.02,0.78,263,166.6,66.4,59.83,1118
114.1,14.42,2.492,104,57.0,48.0,44.07,1458
219.4,9.15,2.333,538,84.9,75.91,72.95,1720
173.7,8.78,1.227,301,40.4,74.1,73.89,1376
75.8,12.57,1.685,126,29.8,57.09,51.78,1278
133.6,14.01,4.884,189,41.0,59.77,59.76,1790
165.7,10.78,2.809,449,45.8,67.71,66.76,1677
107.8,13.54,0.895,482,32.1,44.46,40.2,1457
67.6,3.45,0.724,73,144.6,54.77,49.99,795
132.3,8.05,0.689,83,91.1,71.32,64.84,1050
147.6,6.1,2.251,554,101.8,92.86,91.14,1453
231.9,5.66,4.395,232,73.7,99.0,95.77,1746
232.6,4.0,4.248,156,45.8,99.0,93.36,1705
155.1,13.52,2.155,118,26.0,36.75,33.46,1518
149.6,7.31,3.985,312,22.9,95.4,90.36,1591
181.7,8.42,3.885,474,41.5,91.44,89.78,1795
109.0,4.87,2.673,337,154.5,81.4,74.17,1375
114.3,14.48,2.32,61,46.8,45.63,45.76,1380
60.5,9.56,1.312,316,70.3,63.34,57.49,1342
74.9,1.01,1.754,221,107.4,68.63,66.78,1046
93.9,4.75,2.024,426,96.9,82.89,76.48,1177
181.7,14.99,4.157,338,123.2,48.32,44.02,1848
100.4,14.65,2.988,581,43.0,54.84,51.69,1870
83.6,8.62,1.404,379,99.1,70.26,68.86,1308
177.1,8.9,0.931,398,140.5,77.79,71.14,1383
183.8,13.62,2.735,336,75.9,46.4,44.41,1722
71.3,10.92,3.498,221,175.2,68.17,64.67,1468
206.9,14.05,4.185,397,108.3,51.33,48.83,1997
175.2,7.71,4.088,233,124.7,97.63,98.92,1675
135.4,14.66,4.209,445,88.0,57.34,54.0,1866
246.8,8.55,2.515,180,155.8,81.35,82.89,1606
61.9,10.03,4.395,252,86.8,75.17,72.51,1472
163.5,2.16,2.501,371,170.2,83.08,83.17,1281
90.3,9.56,1.257,396,62.3,66.6,62.72,1242
122.6,11.75,2.288,418,157.2,59.27,53.95,1528
85.3,7.15,2.03,435,118.7,72.89,66.34,1323
187.0,8.03,2.265,225,145.8,81.86,79.31,1381
136.3,6.51,3.464,541,16.4,91.66,92.73,1687
247.4,14.57,3.456,66,57.1,41.52,37.73,1776
184.2,7.67,1.512,154,154.0,81.91,80.49,1284
234.3,2.77,1.922,89,64.1,83.89,81.17,1287
105.8,1.4,3.179,419,131.2,83.35,81.54,1163
120.6,11.81,0.879,201,178.7,42.92,39.74,1302
128.9,8.67,3.599,160,40.1,80.03,72.71,1408
219.3,1.04,1.305,314,81.0,75.35,68.49,1161
100.2,6.36,4.328,390,38.1,91.15,84.73,1526
239.9,13.8,2.307,391,36.2,39.57,36.63,1827
68.3,14.27,1.494,357,117.6,65.47,59.92,1490
229.1,1.75,3.505,596,42.5,90.71,84.52,1668
145.8,2.73,2.993,523,92.1,98.11,94.58,1443
159.9,1.07,1.274,181,176.3,66.77,67.7,1072
249.5,13.16,4.222,467,66.6,61.4,62.06,1921
225.3,1.99,2.54,363,158.5,83.84,78.19,1450
231.8,2.51,1.185,89,77.4,78.58,71.34,1199
171.3,4.19,4.083,77,54.7,99.0,99.0,1408
241.7,13.84,1.1,490,67.2,33.7,32.26,1712
190.7,10.64,4.856,350,31.7,68.19,69.38,1889
215.7,9.64,2.488,364,125.4,70.85,68.34,1603
197.0,11.99,3.777,235,96.5,53.85,54.19,1784
208.4,10.71,2.534,562,114.4,58.03,55.35,1792
181.2,11.44,1.344,442,61.5,53.98,52.61,1631
198.0,2.03,3.912,560,121.1,93.56,90.22,1605
142.8,9.26,1.802,105,38.0,66.17,61.3,1363
194.3,11.54,3.571,371,120.9,61.58,61.07,1788
112.6,8.92,1.658,401,23.8,71.16,64.51,1355
180.6,1.17,1.585,119,78.0,73.56,69.4,1072
159.5,3.96,2.559,240,113.7,95.1,95.52,1334
230.7,14.48,4.173,168,155.4,47.67,45.78,1873
187.9,10.87,3.261,591,148.1,64.29,58.46,1822
173.4,10.64,0.791,349,99.6,53.63,49.6,1458
119.5,10.24,3.802,223,160.2,64.42,58.83,1537
223.9,2.79,3.109,415,96.0,97.76,91.24,1566
70.3,1.06,3.306,413,97.9,73.64,67.74,1285
231.0,7.17,2.091,241,132.5,93.88,92.51,1535
184.1,7.22,3.003,597,159.2,96.64,94.62,1649
96.0,12.37,2.173,495,112.5,64.11,58.74,1508
231.6,3.54,0.867,270,170.5,85.26,81.28,1298
122.0,4.85,4.3,413,49.5,99.0,92.61,1632
92.0,2.1,3.551,441,167.1,80.92,76.11,1256
120.6,6.6,3.517,146,47.7,89.9,87.13,1373
242.6,4.58,1.372,533,99.5,92.59,93.31,1595
203.0,4.68,3.486,504,145.3,99.0,99.0,1678
234.2,4.56,1.544,466,146.3,88.59,84.12,1486
116.8,4.24,3.594,172,57.3,91.51,86.68,1220
75.7,5.48,2.001,125,177.6,69.74,67.1,1154
166.9,8.51,1.209,149,23.7,71.09,68.03,1261
151.8,7.13,4.578,101,15.9,94.66,85.89,1478
196.9,1.89,0.971,567,153.1,74.7,72.42,1344
163.1,6.96,3.928,518,149.2,97.69,94.78,1758
135.3,12.85,0.958,100,131.2,36.59,34.91,1322
60.9,2.41,3.581,423,154.6,70.69,67.14,1245
148.9,14.22,0.997,185,33.4,34.91,35.35,1429
82.9,5.32,2.79,60,26.3,71.64,69.65,1140
235.2,1.2,1.346,211,174.8,71.79,71.64,1223
235.1,4.54,4.4,292,116.1,99.0,99.0,1696
212.7,1.98,2.307,61,166.4,75.64,75.43,1205
90.0,8.93,0.569,228,164.1,53.87,54.58,1069
88.0,5.43,3.327,435,121.0,80.73,80.01,1417
167.0,12.3,2.503,176,116.8,47.07,43.33,1521
198.2,11.26,4.369,317,71.2,69.07,64.04,1828
231.9,7.56,2.449,538,35.3,90.95,83.97,1666
229.9,8.85,2.35,66,126.7,73.56,69.05,1465
89.5,9.52,2.543,482,149.0,73.19,68.99,1436
249.1,4.79,4.369,261,102.6,99.0,98.74,1680
89.8,2.95,3.141,348,18.6,78.24,73.8,1236
219.6,6.27,3.512,177,34.6,97.85,96.6,1577
171.5,2.33,3.742,368,27.3,90.98,91.75,1541
188.9,5.41,4.719,452,121.8,99.0,90.46,1776
174.8,8.74,4.269,161,106.0,91.02,81.92,1602
225.2,8.56,4.673,239,89.3,90.89,91.49,1762
181.0,2.69,2.045,362,102.4,88.58,82.26,1239
221.2,1.12,1.467,279,56.9,72.15,66.26,1229
89.3,2.25,1.415,211,146.8,64.37,60.21,938
224.7,1.51,4.36,298,65.9,92.17,85.01,1582
248.7,6.61,4.238,210,119.5,99.0,98.53,1808
185.7,6.46,3.427,216,76.4,99.0,96.64,1496
245.5,4.38,0.783,386,22.3,90.7,83.45,1321
101.8,4.02,1.931,312,53.7,80.35,77.94,1164
217.6,6.55,3.804,422,174.1,96.28,89.06,1701
92.1,2.21,1.619,511,42.4,74.34,68.67,1231
158.0,4.0,3.308,569,27.8,98.05,95.25,1457
186.2,6.68,2.942,133,59.5,93.57,91.67,1384
185.4,2.33,1.682,394,159.2,83.2,78.34,1344
187.5,12.77,4.705,370,62.0,57.31,56.83,1835
121.0,10.46,1.655,527,81.0,65.1,65.13,1514
245.0,6.36,4.527,543,62.7,99.0,99.0,1872
61.2,3.11,2.934,468,178.1,68.48,66.78,1295
178.0,3.72,0.913,378,180.0,85.36,79.08,1245
224.6,2.68,4.251,160,92.1,98.74,97.73,1527
229.3,3.24,4.061,202,143.4,97.45,88.97,1593
196.8,6.92,4.239,382,47.4,99.0,91.25,1717
169.2,4.44,3.372,127,73.6,99.0,98.99,1310
146.9,13.38,3.702,151,125.5,49.73,50.19,1615
145.4,14.45,4.582,551,58.7,54.51,49.5,1877
140.8,10.68,1.075,576,48.2,63.92,59.92,1454
193.0,12.32,0.874,53,166.8,29.83,29.1,1263
198.9,4.57,1.063,524,51.5,95.74,96.95,1520
157.8,10.31,4.415,566,20.1,75.45,73.07,1848
200.8,1.81,3.033,339,137.7,84.04,83.92,1455
160.4,14.44,1.292,297,51.4,35.0,35.38,1490
78.5,10.38,1.138,555,86.5,63.23,60.84,1386
221.8,5.44,2.504,54,29.0,86.63,85.67,1423
225.4,11.82,4.171,512,21.6,62.92,61.63,2025
110.6,1.22,4.123,213,88.3,83.74,82.11,1273
209.4,6.27,4.331,403,67.3,99.0,95.24,1792
157.1,13.54,3.96,228,96.0,53.66,52.31,1700
83.6,4.68,0.777,338,174.2,66.23,64.01,1073
135.6,10.35,3.741,495,79.3,78.67,76.82,1706
74.5,6.04,2.835,150,112.5,70.35,67.58,1130
209.4,6.49,3.769,415,26.6,99.0,91.74,1607
97.3,11.44,2.679,544,160.6,67.47,66.34,1563
91.2,13.74,2.676,546,147.0,62.78,59.4,1620
99.6,3.33,1.068,542,98.8,68.46,62.66,1163
103.0,4.88,4.574,335,41.2,88.02,88.21,1530
188.1,7.83,2.186,472,82.4,88.12,81.23,1634
181.3,9.59,3.121,296,60.6,80.91,78.07,1643
84.6,7.55,1.432,303,179.1,64.74,63.86,1220
197.6,12.28,2.16,206,93.4,49.07,47.98,1579
126.3,11.75,4.418,207,81.8,67.68,62.22,1659
146.9,6.67,1.443,71,38.7,81.94,75.66,1195
83.7,1.57,1.427,342,50.6,70.82,65.01,1035
194.6,3.72,1.672,220,131.0,94.11,85.52,1308
131.5,7.82,3.086,153,100.9,86.87,81.13,1385
180.1,13.99,2.843,117,70.9,38.72,37.28,1598
141.2,8.95,1.289,241,60.5,69.73,64.2,1313
69.3,8.43,3.614,544,44.1,78.96,80.26,1513
193.7,11.14,4.584,334,15.8,68.6,67.5,1919
165.0,3.13,1.395,356,176.1,85.76,83.19,1220
142.5,3.06,3.528,80,138.0,84.0,82.47,1412
98.3,5.84,3.139,336,167.7,85.79,81.7,1435
178.6,14.93,1.98,417,80.1,33.72,32.25,1655
112.3,13.26,3.28,133,157.8,52.35,52.69,1580
141.5,10.52,1.445,591,53.6,62.42,61.58,1532
70.7,6.48,4.253,553,96.7,83.33,80.88,1566
207.6,8.77,0.6,596,44.4,76.7,77.77,1615
77.1,5.25,3.052,248,141.0,72.71,71.22,1202
229.3,10.44,1.935,502,94.6,63.32,60.02,1693
224.8,6.86,4.466,231,101.2,96.74,87.61,1755
244.5,2.68,2.747,462,156.1,90.02,85.24,1557
232.6,4.01,4.111,571,135.7,99.0,99.0,1671
244.6,9.52,4.657,135,174.3,74.7,67.63,1856
228.6,10.72,2.005,127,78.9,62.03,57.2,1561
81.4,2.34,4.462,107,88.4,84.39,84.14,1232
143.2,12.32,3.768,489,114.6,61.3,57.86,1783
74.5,12.54,0.987,417,87.1,62.98,58.08,1444
163.6,11.12,0.968,337,81.3,52.48,52.37,1477
160.7,10.57,4.178,476,67.9,76.45,73.93,1751
235.2,4.25,2.607,517,151.4,99.0,95.62,1623
244.2,13.87,2.728,572,100.7,44.68,41.79,2023
109.3,4.76,4.511,161,113.3,94.56,92.77,1451
170.6,3.56,4.567,293,44.7,99.0,99.0,1476
148.2,9.94,1.007,558,52.8,60.73,60.12,1449
163.9,6.1,2.181,304,67.8,89.93,87.55,1324
161.0,14.06,4.529,318,89.1,55.43,52.22,1888
233.7,7.44,4.189,568,17.5,96.57,96.82,1848
230.3,3.29,3.745,454,161.0,94.48,91.45,1739
83.3,14.41,0.959,354,163.6,53.81,54.17,1436
125.6,8.22,3.295,247,122.5,85.99,80.01,1438
203.0,8.26,3.118,553,63.7,86.27,84.42,1679
190.0,6.4,1.252,55,75.5,85.19,86.23,1185
179.9,12.7,3.982,227,134.8,57.79,54.6,1775
248.8,5.03,1.904,570,58.7,90.95,92.23,1667
124.0,1.19,3.293,324,113.5,85.88,81.34,1273
157.9,7.96,2.128,393,164.1,80.82,76.98,1336
246.0,13.96,0.88,343,79.8,36.95,36.83,1704
192.2,4.83,2.862,269,109.8,96.56,89.92,1348
183.2,4.73,1.88,416,167.9,89.76,88.38,1298
89.4,11.33,0.821,472,67.9,56.41,52.79,1387
106.9,11.86,1.393,250,139.1,56.7,55.07,1275
131.7,7.1,3.285,375,138.4,97.15,96.49,1505
148.3,12.67,0.956,96,167.8,44.6,40.28,1325
154.5,3.41,0.894,351,156.0,82.48,75.1,1136
231.4,6.14,4.748,461,137.3,99.0,99.0,1863
80.4,6.66,0.984,372,118.2,65.23,65.09,1117
107.2,5.38,2.192,533,51.0,87.43,87.89,1364
87.3,4.05,1.1,207,124.0,67.41,64.22,990
199.7,5.73,4.727,320,57.0,99.0,97.61,1679
244.4,1.25,2.665,98,84.8,78.69,80.25,1309
229.9,10.85,1.0,435,130.6,56.31,53.6,1558
197.4,10.58,3.96,294,124.7,69.03,69.14,1798
64.1,7.3,4.014,342,78.2,78.25,71.17,1397
125.9,5.52,4.555,121,41.1,94.18,90.91,1377
224.1,7.08,3.675,599,92.3,98.04,92.15,1807
184.1,14.11,0.746,475,55.9,30.19,29.06,1577
99.8,9.45,2.976,270,53.4,68.84,62.9,1396
148.6,11.24,2.228,363,65.6,60.08,56.72,1575
76.7,4.21,3.869,390,130.1,81.15,73.78,1330
159.0,2.33,3.159,578,94.5,89.41,85.33,1474
231.2,2.16,3.763,473,73.4,91.2,86.91,1672
67.4,7.61,1.312,242,163.1,58.33,54.8,1138
176.6,11.03,2.467,588,130.2,59.58,60.4,1690
104.3,11.84,2.444,216,94.1,63.92,58.17,1464
248.2,11.09,4.914,367,81.6,71.61,71.54,2049
72.4,13.78,0.586,435,149.2,57.24,53.95,1376
177.3,1.73,4.172,199,39.4,95.16,87.92,1438
108.7,12.97,0.937,576,122.9,51.18,47.74,1480
227.7,10.25,0.862,169,13.6,52.26,52.69,1380
83.2,3.46,1.977,293,11.2,70.38,70.31,1045
141.6,10.55,3.653,149,168.4,65.98,59.51,1535
95.2,8.16,3.553,531,97.4,88.05,80.8,1557
211.9,6.03,3.325,172,63.6,94.74,92.94,1510
126.8,4.47,3.985,69,145.1,94.66,88.8,1315
95.5,7.5,1.546,71,177.4,59.75,60.37,1174
197.9,4.35,3.352,278,15.9,99.0,98.44,1582
215.3,2.16,3.371,338,16.5,88.95,89.4,1446
147.9,12.85,3.445,73,155.3,53.98,49.83,1576
132.0,9.3,3.175,101,104.6,76.4,70.14,1414
180.1,6.09,1.497,104,160.1,88.25,89.3,1278
183.8,7.25,4.614,418,128.1,99.0,93.9,1842
185.5,13.11,4.892,215,90.0,61.47,58.39,1970
112.4,5.48,3.601,359,37.4,99.0,97.23,1465
238.8,6.32,2.498,91,76.3,96.86,91.8,1464
100.6,11.73,2.917,541,143.8,62.21,62.53,1597
131.1,3.81,0.988,217,49.8,79.7,80.9,1208
113.9,10.23,2.135,478,131.1,63.55,59.73,1449
236.9,7.08,4.893,505,52.0,99.0,91.57,1969
217.4,8.0,2.965,593,88.8,92.12,83.74,1755
214.1,12.02,3.023,458,24.5,56.01,51.85,1753
60.9,14.9,4.793,294,87.3,82.32,75.46,1781
190.3,12.64,4.489,134,114.2,49.7,44.9,1689
103.8,3.25,3.059,76,105.8,80.16,72.59,1042
243.9,4.14,1.71,537,79.1,94.4,90.73,1587
160.8,6.74,1.026,296,72.8,88.11,86.78,1259
167.3,11.07,4.386,462,56.8,71.85,73.15,1858
127.7,8.13,4.64,323,140.4,92.19,84.69,1625
162.0,13.63,2.724,534,143.0,45.54,44.8,1802
202.5,1.68,0.925,462,92.1,78.97,76.32,1264
166.8,4.62,3.228,97,75.0,99.0,94.78,1389
181.8,4.07,2.154,464,118.4,99.0,97.68,1480
149.8,11.42,1.21,197,104.8,51.97,48.26,1439
196.1,7.51,4.636,475,123.4,99.0,92.8,1882
230.9,1.21,1.578,572,62.0,77.24,73.09,1436
69.7,11.83,3.7,562,144.0,74.48,68.66,1680
80.4,6.07,2.432,119,63.8,75.45,72.24,1166
190.3,4.65,4.226,80,81.2,99.0,90.67,1504
131.8,3.56,3.654,477,32.5,94.19,88.36,1408
113.5,14.24,1.054,440,155.4,40.82,37.29,1518
93.9,14.19,2.523,147,119.5,58.71,53.09,1470
168.8,2.07,1.669,427,50.0,86.0,81.07,1371
126.0,4.26,3.711,59,154.8,90.23,87.89,1338
156.5,10.05,2.951,397,129.8,70.84,65.05,1616
242.1,10.39,2.031,508,85.2,65.48,66.73,1748
204.1,6.85,1.983,403,178.3,89.52,83.52,1463
211.2,8.96,1.015,86,67.3,71.06,64.15,1427
83.6,10.84,1.462,595,26.9,65.56,59.23,1383
121.7,14.31,3.711,246,134.7,51.07,50.05,1573
80.2,11.15,3.245,259,138.7,66.7,65.39,1494
244.0,2.54,2.1,97,20.0,82.03,82.72,1327
189.6,11.05,4.263,142,149.3,60.78,55.36,1721
63.7,1.95,2.68,199,141.9,71.41,67.5,1063
150.3,8.04,4.075,490,168.0,89.83,90.43,1641
110.1,8.38,4.015,430,30.2,86.41,86.04,1607
162.6,11.9,4.316,371,112.1,63.83,59.23,1783
93.9,1.16,4.324,525,47.3,83.19,83.75,1395
70.8,13.25,3.556,599,77.9,70.54,69.25,1765
121.4,10.29,3.872,262,55.1,72.06,67.14,1609
116.1,1.44,3.996,265,86.4,84.09,76.13,1193
196.2,3.24,1.261,455,29.2,87.89,84.34,1354
150.2,1.55,1.851,404,61.6,80.96,79.79,1288
115.4,11.72,0.969,57,22.1,43.81,40.85,1146
168.4,3.39,1.352,410,93.6,89.35,82.22,1236
73.6,1.64,4.002,446,60.4,84.63,76.93,1369
185.8,2.93,4.762,592,110.4,99.0,99.0,1709
88.0,8.83,3.531,373,87.6,79.06,71.67,1382
113.1,7.94,4.487,426,51.5,85.66,83.36,1686
113.6,4.45,1.931,484,27.5,78.85,78.19,1287
148.5,14.2,4.306,103,138.1,51.87,51.54,1724
241.1,12.97,2.025,454,117.6,48.75,47.7,1798
121.7,5.4,4.524,351,15.6,90.6,88.63,1589
113.5,7.64,4.091,105,178.2,84.08,80.45,1363
92.1,8.24,4.926,418,119.2,86.19,81.89,1666
134.5,11.59,4.223,179,45.2,63.84,58.51,1694
94.6,6.99,2.292,346,152.9,78.9,76.08,1234
86.2,8.65,0.995,205,160.0,64.28,58.4,1097
222.9,6.78,4.434,107,107.5,99.0,94.66,1728
70.0,11.68,3.07,188,160.5,68.96,68.11,1445
195.1,8.78,4.362,291,15.0,86.11,82.08,1694
98.5,12.59,2.242,322,170.7,53.79,51.7,1399
62.2,1.75,0.63,132,19.7,59.52,59.58,820
211.1,13.66,0.736,227,119.2,36.34,35.53,1535
193.4,12.47,3.517,523,68.8,53.25,48.74,1871
123.5,12.46,1.015,551,16.7,46.03,44.43,1614
75.1,2.96,3.855,344,168.0,80.49,75.96,1329
128.5,4.69,2.387,320,33.0,86.3,79.82,1254
94.5,14.72,3.034,370,155.1,61.93,60.55,1672
237.2,14.3,4.105,168,66.2,45.79,43.33,1901
160.6,4.17,1.639,596,136.0,91.66,90.94,1375
243.1,7.06,2.358,460,53.2,93.63,90.86,1709
126.7,3.18,3.783,181,109.2,88.63,80.87,1392
165.7,4.68,4.633,200,145.9,99.0,93.26,1546
96.1,3.59,1.806,407,106.3,78.74,73.42,1135
213.6,2.13,3.302,228,62.1,85.44,78.43,1441
67.8,9.11,4.78,245,49.7,80.55,80.23,1462
192.2,4.37,3.42,480,39.7,99.0,93.6,1609
134.4,14.89,4.518,197,152.6,56.86,55.36,1803
169.9,8.22,4.729,438,113.9,96.51,97.07,1679
172.5,6.03,4.682,564,96.5,99.0,95.55,1812
195.1,13.78,3.913,118,52.4,49.88,46.44,1735
98.8,9.69,2.984,129,83.7,74.85,74.47,1323
161.0,2.78,0.935,569,115.4,83.92,79.92,1217
141.1,7.97,1.502,162,22.2,72.71,70.36,1199
113.6,7.18,1.651,61,71.3,76.22,76.85,1227
154.2,11.71,0.65,528,50.7,51.3,49.18,1531
240.9,10.71,0.959,205,119.9,58.5,55.0,1566
240.3,6.19,1.826,214,113.1,91.85,90.68,1413
113.0,7.57,0.908,175,60.9,70.16,64.27,1221
228.0,8.26,1.263,555,17.1,72.41,73.11,1604
226.6,6.91,0.745,476,41.1,90.49,91.38,1434
107.4,2.51,2.374,378,37.2,83.89,81.33,1163
173.8,13.68,4.196,299,106.6,49.39,45.36,1775
225.3,10.42,4.155,129,38.8,70.89,67.64,1706
157.8,7.58,4.572,559,92.0,99.0,94.13,1735
130.3,8.97,3.855,462,114.5,84.33,78.91,1692
183.6,3.98,1.6,203,159.5,88.35,81.37,1379
92.8,8.43,3.661,571,51.7,83.8,78.07,1578
90.7,11.44,3.892,564,41.6,69.46,67.14,1685
218.2,8.47,2.944,413,39.5,83.91,82.42,1598
68.0,7.73,4.132,592,71.3,84.01,85.48,1531
212.7,7.47,0.821,153,120.4,74.01,68.52,1227
115.2,11.66,3.177,452,124.2,65.88,60.91,1665
151.8,11.55,2.66,134,45.9,53.38,48.79,1579
163.3,11.5,4.123,430,32.3,69.51,70.4,1745
205.7,4.45,1.076,556,86.3,94.81,89.68,1420
227.9,9.65,1.457,345,34.0,64.02,64.72,1551
212.8,11.9,3.014,470,148.2,59.47,59.87,1853
168.7,8.87,4.762,129,24.3,86.13,77.98,1649
126.1,11.91,0.874,398,137.9,50.17,46.83,1502
160.0,12.96,3.845,85,17.3,50.92,47.67,1598
65.7,3.43,1.424,70,147.2,58.16,54.28,957
106.5,5.29,0.975,399,116.6,81.74,77.73,1139
129.6,9.42,2.276,365,64.8,74.34,71.36,1372
120.8,5.06,3.124,231,78.9,88.87,88.07,1392
78.1,14.18,4.222,332,124.5,70.8,65.99,1763
69.6,3.72,3.356,426,41.6,72.99,68.31,1320
139.9,6.0,2.713,405,161.4,92.26,89.66,1402
74.2,14.92,1.786,90,92.1,57.18,52.69,1263
114.4,3.65,1.816,423,139.2,82.62,79.05,1259
150.2,7.28,3.968,413,96.1,91.96,85.53,1516
99.9,5.39,1.013,418,86.9,74.49,68.81,1216
75.1,12.34,1.159,516,89.8,58.2,57.94,1373
142.1,5.26,3.739,367,71.7,99.0,97.5,1477
145.2,3.26,4.825,566,134.6,99.0,92.07,1600
234.0,14.06,1.041,589,153.8,37.07,35.21,1717
84.3,5.44,3.242,464,155.2,78.9,72.47,1385
176.8,11.38,1.576,247,30.6,55.32,50.14,1486
120.7,5.07,0.616,129,139.4,75.5,73.26,1015
83.5,3.5,4.245,501,44.0,88.53,83.54,1502
134.7,12.23,2.789,131,12.1,50.81,46.99,1484
141.3,1.78,0.608,130,56.8,72.47,66.22,998
129.1,5.65,4.53,555,59.8,99.0,97.18,1585
205.5,11.92,2.911,358,147.7,53.42,49.82,1717
219.4,8.17,3.817,211,136.2,88.62,89.41,1746
88.3,10.65,2.406,580,24.4,72.67,67.08,1575
91.9,1.94,1.332,439,65.4,67.06,62.31,1111
140.0,11.5,2.595,344,52.7,65.39,65.53,1538
120.8,3.41,1.795,231,111.2,77.57,75.14,1092
215.7,12.32,1.835,422,102.1,49.77,45.44,1669
249.4,8.9,3.397,452,125.4,81.5,78.72,1863
94.4,11.35,0.923,442,164.8,56.22,52.67,1243
204.9,3.98,2.287,157,81.6,94.51,93.42,1426
175.4,6.54,2.96,433,121.5,95.6,86.93,1622
182.4,12.23,3.694,370,166.1,54.61,55.16,1847
110.2,13.75,3.348,518,102.1,59.36,56.83,1757
78.5,4.17,4.488,394,62.4,87.67,86.63,1433
163.2,12.11,4.966,130,78.5,59.49,58.57,1770
176.6,2.52,4.718,225,138.3,99.0,91.22,1495
243.0,6.96,3.939,459,132.4,99.0,99.0,1924
188.3,14.14,3.587,457,137.2,46.21,42.88,1881
144.3,14.23,0.659,172,136.4,30.1,27.78,1344
248.9,5.15,2.901,245,166.5,98.87,95.16,1552
130.9,3.7,3.487,58,139.9,89.51,91.14,1215
90.9,3.09,2.358,232,155.4,72.26,67.75,1167
177.4,7.73,2.232,64,107.5,84.02,85.34,1316
110.6,2.29,2.941,530,119.5,78.69,74.93,1343
235.2,6.0,4.58,417,174.5,99.0,99.0,1883
141.3,1.24,1.674,583,158.0,80.54,77.61,1332
88.4,4.63,2.296,541,142.2,80.82,74.73,1264
86.9,13.6,3.439,382,126.5,63.28,63.64,1676
183.4,7.26,1.337,327,70.9,80.28,72.95,1311
129.5,2.03,4.257,536,103.2,96.72,94.98,1439
129.1,10.06,3.497,214,19.4,70.3,70.27,1500
176.3,14.38,2.085,173,80.7,36.29,36.28,1594
102.1,7.49,3.75,276,29.0,86.94,85.08,1430
87.6,9.74,1.757,79,133.9,59.95,55.76,1205
184.9,13.87,3.985,216,161.7,48.05,46.31,1774
61.0,6.87,0.818,96,39.6,56.9,55.5,855
232.4,10.3,2.42,79,51.8,62.58,63.0,1546
94.8,7.17,1.677,353,155.7,77.59,71.31,1173
145.1,14.47,4.175,439,109.6,53.33,50.98,1862
100.2,8.05,3.887,345,110.0,82.54,77.59,1441
101.5,13.4,4.288,89,105.7,62.41,59.38,1604
218.7,8.1,3.432,267,47.1,85.9,79.19,1725
171.2,10.36,4.079,111,51.4,73.43,68.0,1530
119.2,6.41,2.475,408,171.4,86.22,85.56,1280
107.7,13.85,3.551,505,133.0,61.17,58.57,1723
100.4,10.06,0.64,114,25.4,52.34,50.34,1180
165.3,1.28,4.463,87,47.9,77.47,78.07,1367
198.8,1.22,3.581,273,116.6,83.1,77.19,1408
108.2,10.47,4.397,217,58.2,74.69,70.17,1525
123.1,2.6,3.969,193,52.8,83.49,78.23,1354
196.9,11.03,1.789,166,44.4,61.25,59.97,1563
200.1,5.51,1.728,224,41.6,94.58,91.51,1257
99.4,8.54,4.098,581,114.3,86.59,82.83,1670
132.6,3.44,1.331,522,164.0,81.51,79.89,1390
225.3,4.45,0.998,381,71.4,93.23,89.32,1344
200.6,7.12,0.568,490,30.7,82.37,82.2,1407
90.9,10.32,1.843,58,31.1,58.22,55.27,1203
133.3,3.18,0.947,111,168.7,78.51,79.05,992
244.9,4.94,4.108,211,99.9,99.0,90.52,1709
159.8,3.9,2.68,404,89.3,96.78,88.19,1497
196.7,13.08,1.636,536,161.4,45.88,44.9,1632
77.5,10.07,3.209,177,96.2,71.2,67.41,1320
218.2,7.56,0.817,127,91.7,77.5,73.98,1370
174.9,14.26,3.768,516,167.5,46.92,46.15,1942
93.4,11.3,2.756,275,90.7,67.18,62.19,1461
132.2,14.05,0.529,435,76.5,36.43,32.98,1491
75.8,9.37,1.936,351,108.9,69.61,66.31,1307
207.6,2.93,3.876,147,176.1,99.0,99.0,1488
201.5,10.46,1.347,435,173.9,60.02,57.26,1553
153.1,3.82,4.828,281,141.9,99.0,95.89,1533
145.9,5.84,4.535,208,94.9,99.0,91.58,1520
148.1,8.13,4.002,546,159.8,87.35,83.47,1693
67.1,3.2,0.853,53,81.3,55.25,52.91,866
130.0,1.29,2.092,273,118.8,75.74,70.3,1159
84.4,5.58,1.842,215,40.5,70.81,65.12,1035
95.1,12.54,1.119,80,122.4,45.67,43.02,1208
242.8,1.22,4.998,94,56.9,86.98,78.68,1570
109.7,2.53,1.162,145,141.2,72.15,66.37,1061
151.9,12.3,1.919,328,80.4,51.68,51.05,1514
228.7,5.28,4.461,205,77.7,99.0,96.81,1669
138.6,14.13,1.15,511,136.9,40.92,38.37,1568
160.4,6.32,2.613,182,82.3,94.69,91.49,1429
92.1,12.15,4.891,446,131.4,71.49,71.45,1701
114.2,4.62,1.613,166,155.4,75.97,76.02,1072
156.2,1.87,3.664,73,33.3,84.23,82.42,1229
129.3,13.34,0.86,196,91.4,39.15,35.82,1343
67.3,13.98,3.204,511,170.6,68.18,62.69,1555
136.2,10.91,2.026,95,148.1,63.23,59.12,1423
214.9,11.78,3.648,239,175.5,50.81,49.82,1788
82.1,1.1,2.448,54,156.3,68.85,64.1,998
63.6,11.55,1.845,397,62.7,67.28,64.3,1462
82.6,7.61,2.957,569,40.5,74.04,73.97,1456
190.5,7.34,1.129,261,45.8,85.54,86.14,1388
211.0,8.56,4.165,367,46.9,90.76,90.81,1808
69.3,4.8,3.878,299,22.9,80.97,74.0,1397
228.6,10.75,2.952,585,164.2,66.49,67.11,1902
179.2,5.14,2.152,455,95.4,98.86,97.09,1430
158.4,8.82,4.619,74,27.2,82.87,80.74,1602
108.2,2.92,3.355,110,139.6,85.42,79.42,1162
130.6,10.45,1.782,309,65.4,61.62,62.32,1384
239.9,3.65,4.13,397,22.1,96.77,87.29,1701
233.2,3.39,3.358,210,42.3,90.44,82.29,1499
178.8,1.34,1.072,421,121.8,71.2,65.39,1171
170.0,2.71,1.014,367,145.0,84.96,83.54,1093
100.0,4.26,4.721,289,53.1,91.51,89.2,1459
241.1,4.11,1.796,370,108.1,90.07,91.28,1489
203.5,5.59,3.486,554,10.1,99.0,93.25,1718
132.6,1.76,0.664,184,57.3,72.41,68.19,1072
215.0,14.09,3.004,485,40.9,45.89,44.99,1819
100.3,2.67,1.54,57,23.0,67.84,62.47,1041
100.5,10.83,1.128,97,92.3,54.2,51.8,1312
210.3,8.49,3.981,572,117.3,91.02,82.09,1948
166.3,8.74,4.143,434,17.9,86.7,84.19,1708
165.6,2.48,3.718,398,33.4,91.79,91.25,1499
169.0,4.41,0.55,234,168.5,83.43,77.12,1103
83.9,11.92,1.782,151,47.9,55.76,52.24,1245
126.4,7.49,2.124,259,139.2,81.61,74.74,1406
168.9,7.4,3.609,379,137.1,96.75,94.22,1645
107.0,8.64,3.9,399,64.7,86.75,83.95,1601
155.8,7.07,3.325,143,44.7,92.28,92.2,1372
165.8,12.29,4.051,295,51.5,58.96,59.93,1679
239.1,11.48,2.423,362,106.2,54.97,55.96,1799
106.7,5.44,2.938,578,74.8,88.38,80.68,1480
143.5,12.37,0.789,352,94.2,42.1,40.68,1398
246.5,8.26,2.422,369,148.0,76.58,76.18,1754
95.5,9.79,2.447,471,95.4,70.67,69.19,1494
208.2,13.13,3.252,280,179.2,42.84,43.17,1733
93.7,7.66,2.201,261,123.2,76.4,72.81,1171
221.5,11.59,1.573,375,45.2,47.83,45.5,1665
152.7,9.79,1.569,481,94.9,76.49,69.08,1473
244.7,6.97,1.102,401,148.3,81.76,73.74,1502
92.3,12.05,3.655,152,47.1,65.86,64.75,1477
190.7,2.47,3.302,269,134.0,91.54,87.57,1492
192.1,9.14,3.107,332,15.7,80.53,78.86,1677
196.6,1.65,2.89,338,170.2,82.92,76.99,1396
79.2,3.19,2.154,237,122.8,69.1,69.35,1082
114.8,9.38,3.959,337,37.6,73.73,74.34,1590
124.2,5.31,4.649,420,158.6,99.0,96.97,1649
121.6,4.67,2.48,307,23.9,88.39,82.49,1289
188.3,14.38,2.341,298,79.0,40.6,37.59,1662
70.4,6.12,1.232,491,135.3,66.37,64.71,1133
198.7,8.91,3.518,466,169.4,82.03,83.09,1745
160.1,8.48,3.011,282,69.3,86.54,83.89,1457
92.9,1.87,4.946,598,151.2,87.73,87.79,1552
103.0,10.44,3.129,87,43.4,69.44,67.21,1398
78.5,8.18,1.799,229,16.0,65.63,64.38,1257
147.2,6.34,3.033,70,14.9,87.46,84.67,1313
173.0,1.92,4.931,512,121.9,99.0,95.94,1704
170.4,5.1,3.755,466,36.2,99.0,97.88,1683
242.8,13.38,1.079,426,18.6,41.32,39.16,1712
116.2,3.43,2.044,168,176.0,77.36,78.01,1236
204.8,4.07,1.844,439,51.1,94.3,94.64,1508
197.4,3.87,4.356,245,88.6,99.0,97.72,1545
71.7,13.47,3.25,528,114.2,73.38,72.59,1784
236.7,10.8,4.145,160,34.6,62.24,59.1,1788
236.9,13.35,1.293,170,70.7,42.98,42.98,1658
135.3,13.79,4.586,578,120.1,63.25,64.0,1964
139.4,13.99,0.762,334,118.8,36.45,36.28,1457
215.7,7.8,2.187,296,153.1,88.53,81.09,1597
154.1,7.67,0.564,243,84.4,78.41,77.97,1224
211.8,12.6,1.329,507,161.3,42.49,40.61,1685
66.9,5.65,4.83,244,126.0,81.47,79.27,1406
107.6,1.31,0.853,246,105.6,68.44,69.73,906
77.3,5.64,1.154,118,29.9,59.72,56.32,1052
146.3,11.03,4.662,336,107.7,72.95,68.71,1725
222.3,2.73,3.696,558,111.1,97.18,90.53,1686
168.3,11.99,2.331,577,139.0,52.24,47.81,1719
158.9,12.42,0.809,598,132.3,41.78,38.45,1600
129.6,2.41,4.033,310,100.1,89.93,86.49,1389
72.1,2.37,2.717,476,110.8,78.49,79.21,1212
205.6,3.78,1.954,354,141.3,89.55,89.3,1418
168.4,5.99,2.123,351,69.7,96.02,88.52,1421
236.9,8.46,2.774,493,32.9,80.25,77.63,1699
142.1,7.8,2.981,509,158.6,90.46,90.6,1565
136.3,12.94,4.181,61,174.1,52.94,51.07,1673
245.1,2.99,3.973,569,83.0,95.84,96.74,1884
86.8,10.77,3.952,503,178.4,73.41,74.06,1558
107.9,8.68,3.782,447,64.9,80.99,76.28,1619
152.8,11.32,3.91,519,21.3,66.24,66.56,1801
159.5,5.79,3.549,345,107.3,97.29,94.39,1491
164.3,7.6,4.406,475,157.6,99.0,94.8,1713
100.3,1.4,3.009,379,115.0,72.14,71.63,1186
236.1,2.63,2.844,349,11.6,86.54,86.09,1442
193.7,6.25,3.656,166,12.0,95.0,93.2,1543
109.1,7.74,1.247,516,133.1,75.43,75.23,1422
115.9,2.2,3.996,536,153.7,86.56,87.78,1483
227.3,12.55,4.713,584,53.0,60.9,61.19,2103
132.3,14.24,1.833,116,89.9,40.4,36.72,1402
165.7,9.35,3.25,210,173.4,70.37,70.51,1496
82.9,1.75,0.647,427,88.3,64.7,64.3,997
107.8,11.34,3.946,520,33.1,66.69,67.44,1659
139.1,4.04,3.019,463,165.0,87.43,86.45,1489
184.7,11.27,3.531,301,94.2,65.16,65.51,1682
113.2,7.08,1.143,449,68.5,73.49,66.24,1236
240.6,1.75,4.143,90,26.6,90.65,92.22,1605
101.8,4.9,1.652,414,87.9,84.16,77.67,1288
208.0,6.98,3.582,54,140.8,95.61,95.96,1451
129.3,11.31,3.169,76,131.9,56.2,56.84,1409
218.3,2.86,3.442,467,94.4,99.0,89.13,1590
235.4,5.02,0.726,313,132.3,80.59,81.37,1342
95.5,2.17,3.838,83,69.6,76.96,76.92,1158
153.4,9.62,4.079,315,135.0,82.23,83.11,1728
89.3,7.64,2.637,85,24.6,73.2,67.43,1224
194.1,14.01,2.34,240,43.9,36.43,36.19,1661
218.1,11.37,2.041,137,159.2,47.99,46.0,1519
134.0,11.89,4.675,171,59.9,65.32,60.81,1625
135.4,3.3,3.898,158,45.0,92.75,91.89,1307
98.7,4.73,3.644,254,25.1,83.92,80.3,1287
118.2,8.18,4.665,109,76.8,92.17,92.91,1440
121.5,1.19,2.069,340,21.4,70.41,69.38,1210
89.6,13.18,3.336,274,94.5,69.7,63.89,1592
118.9,11.89,3.587,512,166.3,64.67,60.15,1690
232.4,1.81,4.983,504,143.8,99.0,92.24,1835
121.8,12.89,2.422,503,16.9,48.52,45.67,1654
112.1,1.06,2.301,308,61.0,76.8,75.26,1086
133.1,2.6,0.88,210,41.9,78.26,78.83,964
242.5,1.78,0.943,278,21.4,71.37,69.32,1287
205.3,7.71,2.803,428,28.5,92.6,91.69,1660
98.3,11.98,1.27,341,164.4,49.38,46.31,1289
203.0,3.5,0.828,393,62.7,86.99,83.74,1264
205.6,11.8,4.842,432,76.7,69.78,67.03,2008
240.5,3.59,4.781,555,92.6,99.0,97.43,1923
229.3,14.87,1.964,569,136.6,38.61,37.15,1890
78.1,12.95,4.054,512,145.7,76.82,72.22,1709
146.4,11.32,4.426,86,173.8,56.18,52.21,1595
193.6,9.28,2.591,589,45.8,77.26,71.9,1793
244.9,4.4,1.507,437,61.2,90.96,92.57,1519
76.2,2.67,1.084,431,63.2,64.91,61.2,1014
130.0,7.44,1.134,63,85.7,77.5,77.25,1167
153.5,6.64,4.086,314,147.3,95.96,87.19,1537
138.5,10.44,2.23,395,50.7,62.42,56.85,1463
146.6,3.38,3.621,203,143.1,86.87,85.34,1336
130.1,8.87,2.924,96,44.7,78.03,74.51,1324
244.4,10.71,2.276,343,130.7,61.28,61.63,1664
212.6,5.19,1.057,295,145.8,89.47,89.78,1264
200.0,11.92,2.001,74,155.1,43.18,42.78,1460
138.0,7.05,4.281,336,96.7,99.0,98.79,1557
227.5,3.28,4.151,109,65.9,99.0,99.0,1455
77.7,3.73,0.628,284,141.3,59.04,58.69,999
87.2,4.9,1.131,199,64.6,68.86,66.33,946
241.3,3.21,3.902,584,35.2,96.44,89.86,1742
167.7,8.88,2.011,69,151.9,69.88,69.49,1371
90.3,14.29,3.396,358,79.9,64.55,60.56,1684
240.3,13.55,3.032,134,107.0,40.36,37.51,1728
245.2,5.53,3.434,226,166.1,97.5,89.76,1663
227.5,13.11,0.742,151,33.1,32.15,31.35,1479
105.3,14.36,4.69,597,104.7,70.56,65.55,2022
112.9,5.12,0.594,68,105.0,72.42,68.43,900
137.3,13.67,0.536,348,156.5,31.96,31.48,1362
170.1,14.96,1.518,384,68.0,38.73,38.55,1641
248.5,12.17,4.971,475,78.2,63.1,59.18,2033
241.7,6.46,0.826,394,98.3,82.34,82.44,1422
235.0,9.52,4.435,177,38.4,79.61,72.2,1810
77.0,6.1,1.216,379,90.0,68.38,69.64,1157
203.9,14.94,0.991,586,84.1,28.84,27.4,1746
226.6,1.95,4.005,517,43.6,93.74,88.02,1669
123.3,13.5,4.31,299,151.6,59.06,59.7,1609
101.7,2.04,4.065,313,83.3,85.27,78.09,1335
202.2,1.59,1.585,123,62.0,71.3,67.23,1140
77.3,14.16,4.459,363,32.2,73.18,69.01,1688
238.8,13.14,0.823,204,25.3,37.15,35.33,1477
89.7,6.06,2.039,109,173.2,66.06,66.18,1153
146.9,14.41,2.584,311,179.2,38.54,38.61,1667
246.7,13.07,0.805,75,162.6,35.41,34.38,1445
247.8,13.63,3.109,116,88.0,51.14,52.11,1782
207.4,9.33,3.017,170,147.3,74.61,74.7,1664
219.4,14.42,4.965,595,151.8,51.94,50.99,2172
243.8,12.33,3.297,495,61.0,57.57,53.19,1834
236.2,14.16,2.289,348,109.6,46.28,44.71,1772
178.2,4.94,4.056,178,172.7,98.98,91.62,1506
199.6,8.45,2.007,335,57.6,79.56,74.48,1627
172.8,13.15,2.898,407,122.7,46.55,45.73,1673
156.2,9.12,0.75,53,122.6,58.16,53.63,1180
227.4,12.22,1.952,593,87.0,53.14,48.41,1760
200.2,14.62,2.876,395,93.4,43.31,41.74,1868
223.4,12.26,3.66,594,87.6,52.5,47.25,1959
78.2,5.42,0.946,308,98.6,67.9,66.07,931
169.5,2.66,4.087,393,35.3,99.0,99.0,1504
122.6,4.82,4.551,304,145.1,98.57,90.96,1491
157.5,10.28,1.765,55,122.4,62.86,59.47,1347
176.5,1.15,3.944,517,175.5,83.4,84.23,1550
220.7,3.66,1.312,297,51.8,92.45,91.01,1364
66.1,5.58,2.855,309,34.8,75.91,69.55,1233
91.2,13.25,4.089,248,68.2,67.78,64.11,1617
235.1,1.71,2.239,288,96.7,81.15,80.4,1390
243.8,1.7,0.618,449,44.9,77.16,75.6,1304
70.5,8.72,2.93,435,88.3,75.88,69.71,1442
123.0,3.49,4.301,495,119.2,99.0,89.84,1570
61.8,4.39,0.987,586,19.5,63.43,62.28,1145
203.9,3.58,0.633,265,138.9,85.52,83.22,1187
189.6,9.14,4.141,236,169.8,81.6,74.02,1632
167.3,1.78,1.702,321,55.6,79.02,80.36,1237
191.4,14.16,2.14,135,142.0,36.46,33.92,1539
162.2,2.72,0.891,467,81.0,82.97,78.52,1237
105.4,14.32,0.935,370,123.0,48.34,44.54,1425
203.3,11.89,3.265,166,136.3,51.43,51.4,1726
208.8,12.59,2.985,525,60.1,49.01,49.77,1926
222.3,3.42,1.816,390,143.9,92.85,85.94,1272
241.3,10.38,2.537,69,27.9,61.5,57.44,1572
202.0,12.44,2.247,158,177.7,40.51,39.89,1476
70.4,8.81,3.628,540,67.3,82.16,79.15,1596
64.0,8.72,4.379,260,48.0,75.77,69.14,1456
200.6,3.23,3.943,591,33.6,99.0,99.0,1746
70.6,6.8,0.52,341,148.1,62.81,61.14,1081
120.0,3.11,0.948,164,109.6,75.53,70.71,943
85.9,14.62,2.432,377,171.8,61.89,59.34,1493
244.1,10.59,4.333,106,120.1,75.27,72.26,1786
120.1,1.68,1.566,494,67.9,72.17,69.51,1223
70.5,7.67,4.455,395,152.2,73.81,70.84,1517
240.4,9.93,0.995,580,57.8,62.67,60.62,1677
175.7,2.34,0.827,430,59.4,78.28,74.15,1201
66.9,10.31,4.61,77,14.8,71.76,65.84,1499
218.3,3.48,1.229,312,52.8,94.24,92.33,1327
89.0,6.71,2.587,342,54.4,86.14,85.72,1312
212.5,9.76,1.967,554,60.6,67.77,67.84,1706
174.5,6.11,1.164,288,72.7,90.39,81.59,1272
93.7,6.33,3.344,376,108.0,85.07,80.69,1382
203.0,12.81,4.837,152,46.8,56.22,57.2,1874
146.4,5.33,3.461,185,118.2,93.06,84.45,1430
181.2,10.17,2.092,352,32.7,68.53,68.13,1597
225.2,12.89,3.703,433,168.3,53.68,49.13,1914
109.5,3.14,1.145,290,14.4,71.62,71.54,1078
129.5,1.64,3.11,288,164.4,83.89,82.27,1233
249.5,12.56,2.613,191,103.0,46.07,45.47,1772
156.5,8.72,2.12,434,130.7,73.32,74.59,1456
166.1,12.59,3.828,53,60.7,51.24,51.89,1630
114.2,3.98,1.033,332,39.5,78.89,73.88,1161
139.0,12.66,2.898,52,171.0,45.39,42.89,1480
155.3,2.33,4.345,376,85.0,99.0,93.94,1518
109.1,13.36,1.408,67,91.7,44.05,40.6,1280
105.2,12.52,1.69,567,177.6,56.9,53.81,1446
174.1,8.94,3.473,313,67.1,86.09,87.59,1587
94.9,9.52,3.977,426,27.0,83.39,79.95,1588
165.2,5.84,1.775,519,109.8,88.9,90.17,1408
194.2,3.82,2.12,179,104.3,92.53,84.07,1329
97.7,7.38,3.83,347,141.4,81.7,73.91,1400
201.7,10.2,1.784,525,172.4,64.73,62.73,1554
128.3,14.98,3.498,346,62.3,58.56,57.88,1763
248.6,12.44,1.215,266,132.7,43.0,39.83,1609
246.0,7.08,2.351,253,83.9,90.86,87.26,1583
211.7,11.41,3.599,261,143.2,64.91,65.22,1730
125.1,2.51,2.57,388,37.9,84.58,83.85,1305
238.1,6.81,0.587,75,95.1,81.03,75.18,1345
249.8,6.95,2.329,278,23.1,81.18,76.32,1652
147.8,14.98,1.798,358,105.4,46.21,43.29,1572
176.8,6.47,0.956,483,38.7,87.04,85.86,1364
61.1,2.17,0.541,341,173.2,65.0,66.05,921
68.3,1.94,0.705,559,104.2,61.45,57.37,1139
155.1,10.78,4.772,294,100.0,75.94,73.71,1700
175.8,5.05,3.874,408,175.3,99.0,99.0,1537
119.4,13.16,4.729,60,94.7,52.91,48.62,1680
78.8,7.76,1.017,181,125.0,69.49,68.03,1049
208.6,5.63,3.067,499,17.9,99.0,93.04,1675
139.6,11.63,0.875,372,130.4,45.41,46.27,1372
183.3,6.85,0.621,570,27.7,85.98,78.5,1437
183.5,11.32,2.598,464,142.6,59.21,56.5,1673
163.9,11.0,3.409,297,159.1,62.85,58.49,1597
93.9,11.12,0.786,478,63.6,56.46,51.02,1347
177.1,13.0,2.143,307,159.3,41.83,42.49,1551
121.2,12.88,0.906,232,92.0,48.51,46.97,1358
215.6,10.3,2.129,76,107.2,63.17,62.16,1480
96.7,14.4,2.623,526,79.9,60.1,58.56,1583
115.3,1.29,2.019,280,91.0,74.58,68.45,1126
143.7,14.03,3.093,427,164.4,47.41,43.64,1745
200.6,3.08,3.131,134,171.0,88.85,86.65,1256
196.9,3.96,1.998,506,85.8,96.9,96.28,1463
124.1,12.44,2.253,503,97.4,53.99,52.55,1599
157.0,6.61,2.485,315,29.7,88.16,85.38,1423
104.5,6.95,2.19,420,65.4,73.26,72.49,1256
206.4,4.66,3.923,337,97.3,99.0,91.99,1631
97.4,4.14,1.13,354,44.4,76.36,75.42,1135
215.7,2.49,4.357,539,108.0,99.0,93.99,1664
238.0,3.75,1.991,582,126.5,94.98,93.16,1509
248.4,8.93,3.758,252,120.5,79.48,74.15,1718
222.8,10.89,4.477,232,85.2,70.24,64.37,1843
102.1,11.34,4.494,217,140.8,68.27,61.68,1541
139.1,6.18,2.536,474,64.3,98.25,97.9,1387
76.9,13.91,1.655,448,89.8,60.11,55.52,1565
91.3,5.6,3.226,74,55.9,77.15,72.8,1210
69.4,2.56,1.328,99,112.6,65.24,64.73,882
181.8,14.23,4.058,405,84.9,49.65,47.37,1866
161.3,8.57,3.701,201,46.9,88.54,82.0,1529
234.2,14.6,4.08,100,62.4,42.91,39.63,1955
148.0,6.51,2.45,278,57.5,91.14,86.49,1416
182.0,11.6,3.008,533,164.9,58.41,56.53,1899
136.3,2.54,0.962,251,98.7,69.73,66.04,1090
217.6,12.96,3.594,433,121.0,50.1,50.53,1852
236.0,3.39,2.691,545,168.9,91.54,82.43,1629
142.0,1.96,2.792,143,41.0,81.63,77.41,1221
75.7,2.37,4.311,385,169.3,78.92,78.06,1377
91.1,8.8,3.975,549,101.7,83.39,83.97,1596
196.9,5.09,2.908,156,155.6,96.84,91.32,1506
121.8,14.45,2.098,594,38.6,52.88,51.87,1620
209.2,12.94,2.509,251,56.4,51.11,49.56,1700
202.5,12.25,2.078,170,43.0,40.76,37.67,1550
191.9,12.33,1.182,511,121.1,44.21,43.4,1589
214.7,13.47,3.406,307,33.9,49.67,46.19,1840
203.7,13.11,3.612,419,144.7,47.71,47.43,1934
180.2,13.99,4.87,319,52.6,53.98,54.19,1947
60.8,14.08,2.551,404,53.4,68.7,65.77,1515
158.0,5.18,4.988,69,57.8,99.0,89.74,1404
173.1,4.07,1.342,243,136.9,86.49,85.49,1270
242.5,10.0,3.455,412,167.1,64.93,62.07,1816
183.6,2.73,4.976,243,164.3,99.0,90.22,1595
169.3,3.96,3.381,477,27.2,99.0,93.03,1580
162.8,11.82,2.536,578,54.6,53.43,49.95,1733
79.6,10.09,2.819,71,124.3,65.29,64.45,1179
141.2,10.11,4.305,520,115.2,74.82,71.14,1847
85.5,14.31,4.726,143,69.5,71.65,69.53,1735
70.0,10.35,2.543,555,156.7,67.88,65.18,1523
122.6,7.03,3.976,571,32.2,95.13,93.89,1603
182.6,4.92,4.702,363,118.6,99.0,97.63,1726
224.7,5.74,1.77,313,56.4,90.65,86.47,1441
214.0,4.89,2.719,467,99.6,99.0,90.7,1577
116.0,1.49,4.979,555,75.9,96.24,91.32,1612
68.7,4.66,2.091,178,176.6,71.48,65.7,1108
136.5,12.7,3.289,260,92.7,51.61,52.39,1495
119.8,11.2,3.457,280,175.9,66.38,67.31,1571
130.5,9.71,1.194,515,53.4,62.68,59.85,1488
166.2,13.63,4.13,125,140.5,46.27,41.8,1649
65.8,4.7,2.358,393,131.9,71.4,67.47,1254
130.5,9.09,2.751,243,154.1,75.69,76.25,1347
166.1,1.44,3.393,537,127.9,85.09,79.52,1472
141.9,13.49,2.347,237,126.0,48.13,46.91,1569
186.8,7.27,1.963,588,122.3,94.43,87.07,1569
95.4,3.49,2.959,59,177.5,75.73,75.66,1180
89.2,4.35,2.061,182,48.8,71.64,72.14,1035
118.5,12.88,2.454,302,15.1,50.89,49.56,1560
79.3,2.52,0.988,191,125.3,67.31,65.62,931
104.9,13.95,4.301,456,39.3,69.54,65.75,1744
76.5,6.23,2.353,498,125.5,71.08,70.0,1346
136.4,4.52,0.873,434,64.3,85.58,81.93,1209
195.2,5.65,4.055,584,17.4,99.0,97.96,1831
114.4,6.73,0.588,301,140.9,69.33,70.45,1169
60.7,8.67,3.197,589,18.8,75.74,75.64,1516
165.8,9.22,3.662,119,48.1,84.92,81.7,1500
191.5,7.27,1.36,515,67.2,89.86,91.43,1502
134.4,7.25,1.091,71,32.6,75.24,73.2,1102
116.4,4.99,1.012,343,165.3,75.24,68.3,1152
153.2,6.37,4.97,316,115.7,99.0,97.78,1715
79.2,7.54,3.898,521,158.8,78.44,78.31,1521
182.3,9.37,1.907,435,125.9,70.29,64.4,1482
199.3,2.83,2.01,293,178.6,85.74,84.15,1356
193.9,11.7,3.419,543,99.3,61.67,62.32,1891
122.4,10.53,2.56,537,19.1,63.39,58.96,1665
220.1,5.18,1.721,64,37.3,87.87,85.25,1343
239.9,7.43,0.757,529,110.0,82.89,77.34,1529
116.4,14.26,4.027,340,69.1,53.79,53.41,1746
109.9,1.29,4.497,511,29.2,88.47,85.79,1483
193.8,12.36,1.427,150,50.5,41.84,39.8,1498
194.6,8.16,0.785,133,90.7,75.63,68.33,1155
157.0,9.66,1.034,447,98.1,69.73,70.66,1402
235.4,10.58,2.364,201,168.9,62.41,59.9,1649
87.8,7.38,1.847,357,25.4,73.36,73.1,1315
150.7,3.69,0.831,429,70.8,86.38,81.8,1178
66.7,13.73,2.547,386,96.0,68.49,68.62,1472
70.0,11.36,1.418,434,29.3,60.33,55.46,1328
70.2,8.83,0.801,391,126.9,59.58,55.28,1174
153.4,7.28,3.461,259,97.6,94.73,89.05,1543
171.9,7.99,3.076,100,88.1,87.23,79.44,1404
60.7,12.53,4.219,520,121.5,79.63,75.91,1723
180.2,1.18,1.86,515,58.9,74.08,71.0,1410
153.0,13.11,1.111,53,67.7,27.8,25.4,1318
102.5,1.65,2.121,512,37.7,74.97,71.31,1201
62.9,9.62,4.004,133,99.0,69.29,64.0,1389
89.7,5.66,1.588,233,73.3,74.71,75.08,1095
174.1,10.5,1.648,277,54.3,65.88,63.32,1462
185.2,2.2,1.164,424,31.2,82.08,83.25,1191
182.9,8.79,4.939,101,13.9,85.32,80.28,1717
89.1,12.97,4.853,505,42.9,70.96,66.77,1888
233.1,7.92,3.461,569,52.1,90.85,85.46,1801
138.1,2.18,1.467,574,92.5,80.87,75.38,1193
205.9,1.52,3.95,101,51.0,89.85,89.32,1449
91.6,9.7,3.128,556,149.0,74.28,69.37,1544
149.4,1.97,3.873,362,90.6,90.87,84.93,1393
159.1,2.0,4.372,450,116.0,97.67,88.45,1534
206.4,6.96,1.933,562,45.3,96.54,98.07,1535
178.1,3.93,4.612,414,80.7,99.0,99.0,1666
135.9,3.86,4.544,301,112.5,99.0,92.58,1429
113.7,7.73,2.962,339,62.9,78.05,75.12,1366
244.9,4.93,3.581,426,67.2,98.0,93.88,1649
114.1,4.07,2.35,570,147.3,81.06,73.8,1378
84.6,8.2,3.448,539,152.3,77.98,75.15,1439
117.1,5.07,2.97,367,100.6,87.94,80.34,1471
122.1,2.12,1.953,166,162.4,72.92,69.43,1067
84.3,10.56,1.953,241,135.2,61.26,55.77,1195
194.5,9.2,3.432,249,19.4,76.42,74.18,1580
177.6,3.97,4.805,209,105.1,99.0,89.68,1589
120.2,9.15,1.407,461,128.6,70.29,68.56,1453
248.7,14.38,2.266,510,102.0,46.92,46.21,1918
184.5,14.39,4.126,226,151.4,46.22,44.76,1830
193.6,8.45,1.054,515,61.1,78.71,75.27,1427
165.9,2.37,4.974,454,21.1,99.0,89.82,1702
164.8,7.41,3.552,293,117.7,95.79,86.35,1581
63.8,1.38,4.599,434,134.2,83.32,78.41,1362
206.5,6.81,4.271,473,140.1,99.0,98.26,1782
233.0,13.73,3.997,359,11.9,53.55,52.36,1984
83.2,7.54,0.648,294,124.5,59.32,54.28,1064
211.2,8.71,2.329,106,13.5,75.9,74.58,1516
161.5,3.21,1.408,51,141.7,76.98,74.59,1126
114.2,1.22,4.421,565,129.5,90.97,83.69,1485
235.0,14.91,3.561,197,106.5,46.03,45.6,1858
63.3,5.74,0.982,415,96.1,64.89,64.87,996
112.1,4.91,2.118,569,131.6,85.66,79.48,1281
228.4,9.0,0.812,500,19.7,69.69,68.04,1585
151.4,11.43,3.83,117,151.5,65.35,61.78,1633
173.8,4.52,2.382,491,44.2,99.0,89.79,1520
202.5,8.34,1.555,450,91.2,85.88,86.16,1468
88.1,5.66,2.83,231,92.8,79.01,78.89,1359
100.9,7.73,0.689,429,142.1,62.59,58.72,1267
249.7,3.26,1.658,504,42.8,89.83,86.57,1486
105.1,8.14,1.289,210,61.0,66.75,64.18,1197
162.4,1.66,4.688,528,122.7,94.29,86.87,1523
116.8,12.76,2.197,93,80.2,50.79,46.6,1352
221.8,9.79,3.13,340,60.8,74.67,74.77,1747
242.7,14.18,2.763,178,115.6,45.24,45.43,1779
86.8,9.4,3.466,450,24.7,72.45,71.51,1615
174.1,3.55,1.756,146,144.3,89.98,81.76,1129
214.2,7.78,1.044,238,99.2,80.08,80.81,1379
216.4,10.31,0.867,120,45.0,62.69,63.8,1332
143.7,6.24,1.37,497,79.4,83.05,82.48,1437
102.8,8.74,2.673,123,32.3,71.89,67.75,1310
133.6,3.28,1.562,448,114.8,86.56,82.12,1246
202.7,11.88,2.453,439,123.8,52.02,52.25,1720
248.8,13.73,0.632,128,78.9,32.35,30.2,1493
165.3,5.41,3.324,361,67.7,99.0,90.79,1566
97.1,12.11,4.452,323,154.5,72.6,72.51,1673
68.0,2.29,0.714,377,107.9,60.58,55.93,977
239.3,4.45,1.481,565,123.4,88.15,88.93,1572
151.8,7.47,1.93,94,31.7,81.76,79.43,1225
196.2,6.41,1.793,501,131.3,94.82,91.66,1614
185.4,9.67,0.682,524,85.6,66.92,66.46,1570
229.3,8.88,0.98,119,72.3,68.49,61.78,1381
110.6,2.22,4.606,411,168.0,90.99,89.68,1439
143.9,2.84,3.701,436,19.2,97.94,95.18,1493
233.6,1.72,4.813,352,43.3,99.0,95.32,1732
171.3,14.34,2.482,327,73.8,39.36,36.45,1772
73.6,10.03,4.456,225,65.1,85.68,85.64,1538
97.0,12.98,4.174,429,96.8,71.29,66.3,1722
105.1,8.58,4.437,207,78.2,80.13,76.83,1522
248.8,3.71,0.676,303,144.0,83.93,77.13,1234
102.6,9.77,3.436,522,140.6,76.35,77.64,1581
225.2,8.07,3.05,99,141.3,83.79,77.36,1565
74.8,6.71,2.953,341,72.8,75.78,75.5,1204
94.5,6.21,2.77,317,79.3,83.72,77.99,1320
225.7,10.1,4.082,258,132.5,77.38,72.02,1751
230.8,9.65,4.856,379,31.1,81.71,77.68,2005
93.5,3.12,4.23,59,154.8,78.85,78.97,1219
103.7,12.43,4.417,321,102.0,67.86,66.67,1669
160.8,9.91,2.678,317,154.3,68.89,69.21,1538
70.0,8.5,3.608,334,144.9,78.16,70.78,1423
239.6,11.48,2.37,167,73.6,58.51,59.37,1684
128.8,3.15,2.121,164,27.3,80.81,73.48,1129
153.0,13.88,4.529,406,166.5,56.72,55.95,1879
80.0,4.79,4.573,101,68.6,84.49,78.14,1351
66.2,4.68,3.57,218,73.5,76.35,76.42,1239
148.9,12.41,4.27,507,164.5,65.57,65.8,1883
83.1,5.68,2.122,107,165.9,70.28,67.9,1080
179.8,12.63,2.452,307,54.7,46.93,44.51,1655
211.0,5.59,4.195,418,25.1,99.0,98.53,1783
66.0,8.71,2.291,128,10.2,59.95,60.25,1217
176.3,4.23,0.68,222,84.5,87.05,86.06,1065
215.0,11.24,2.09,357,106.7,57.5,58.0,1683
143.5,3.34,2.292,230,56.0,90.31,88.07,1174
242.3,13.59,1.196,110,54.2,36.09,35.39,1521
81.1,6.2,2.049,178,70.7,68.3,66.15,1167
121.4,7.6,4.705,110,54.7,87.42,83.8,1448
103.7,1.34,4.363,591,155.9,83.26,81.48,1424
249.3,14.66,2.507,180,119.3,43.03,41.63,1779
115.9,12.38,3.695,342,150.9,58.25,57.54,1613
133.7,7.26,1.183,286,156.3,81.67,82.66,1165
221.0,13.88,3.886,363,84.0,50.65,47.86,1957
236.7,14.03,2.641,324,91.2,45.17,42.89,1870
238.2,8.46,3.752,450,176.2,85.53,77.13,1876
166.1,4.27,3.398,530,148.9,96.88,93.32,1520
186.0,7.82,1.547,207,145.6,81.22,74.38,1385
126.3,5.55,4.256,151,109.2,98.44,97.05,1395
175.4,7.27,3.075,591,88.4,95.88,95.26,1609
117.5,13.76,4.029,526,162.1,62.87,62.03,1777
201.7,4.95,0.923,250,146.8,89.38,86.31,1128
118.4,12.75,3.269,542,97.9,63.42,61.14,1664
227.1,14.09,1.813,419,56.0,38.8,37.93,1694
87.3,12.27,4.374,291,35.0,72.61,70.18,1635
168.6,8.38,4.773,530,104.0,98.91,97.92,1846
158.9,8.9,0.751,421,60.3,67.35,67.84,1286
110.1,12.47,3.759,505,54.9,67.58,65.17,1764
65.3,1.62,0.963,280,28.0,63.84,58.3,885
88.2,11.3,4.359,489,15.9,80.48,73.7,1643
243.9,8.4,1.06,252,143.2,73.4,69.37,1382
238.8,6.56,1.378,454,28.4,81.05,77.77,1499
82.7,11.74,1.632,290,161.1,53.39,49.49,1318
131.2,4.73,3.775,273,46.3,93.52,89.25,1468
148.4,13.54,1.816,488,139.1,47.8,43.8,1623
150.8,10.64,3.182,119,149.9,69.97,65.0,1483
116.8,9.54,3.074,561,144.7,74.2,73.32,1636
233.5,8.32,2.31,330,158.4,80.81,82.28,1620
232.6,3.98,2.928,400,67.8,91.21,84.13,1502
63.6,9.64,1.032,273,177.6,60.25,56.68,1134
183.5,11.15,4.443,405,57.5,69.7,65.66,1820
74.1,1.16,1.432,440,168.8,63.26,58.63,1039
173.5,6.13,4.461,528,84.4,99.0,91.52,1717
224.7,12.65,2.834,520,19.7,48.04,43.99,1832
183.4,9.85,3.263,247,143.4,68.77,69.38,1685
149.1,9.61,1.658,389,143.9,65.21,63.77,1444
242.0,4.2,1.5,479,43.5,87.03,81.36,1524
201.9,9.85,2.708,471,150.0,68.58,63.85,1699
107.4,12.01,1.703,540,36.8,53.55,51.99,1556
133.5,6.62,2.404,508,35.7,90.2,88.73,1455
204.4,3.55,2.481,445,147.5,92.51,86.06,1534
63.7,2.08,1.719,462,59.3,67.13,63.22,949
72.2,8.08,1.813,494,23.1,64.48,60.28,1320
223.3,10.57,4.878,511,172.6,71.34,64.96,2020
68.2,3.28,3.144,244,104.7,71.19,67.37,1186
188.9,6.9,4.243,480,86.2,99.0,95.44,1695
120.6,8.96,0.706,572,95.7,68.07,66.61,1330
216.9,3.18,0.509,178,124.0,80.07,76.07,1117
221.0,4.78,2.836,77,156.5,91.11,92.75,1432
241.1,9.52,4.221,90,124.3,74.06,72.22,1780
78.2,11.15,3.249,169,135.7,66.31,66.73,1318
140.3,9.9,3.285,556,40.6,70.57,71.27,1694
169.1,10.99,1.127,120,75.3,49.96,49.89,1297
234.1,9.14,4.904,461,109.4,88.03,82.08,2051
110.6,12.7,2.884,527,115.3,58.45,55.63,1682
73.6,12.57,0.962,533,56.0,63.48,57.14,1369
98.3,12.15,2.364,279,175.7,56.5,53.91,1430
154.2,9.06,0.824,322,30.1,66.74,62.42,1388
189.4,14.92,2.382,228,29.1,40.42,36.92,1681
191.2,1.55,3.702,131,49.0,82.19,82.24,1275
74.2,3.74,1.956,167,138.2,66.91,65.63,1115
204.7,12.32,1.909,124,16.2,36.68,37.41,1573
185.4,12.57,2.815,274,177.9,45.89,44.05,1640
137.4,12.46,2.743,144,177.9,50.59,47.54,1525
168.5,13.22,2.602,272,37.1,37.32,34.77,1599
205.9,6.92,2.826,518,78.2,99.0,94.27,1629
109.8,14.05,0.716,410,44.7,46.35,43.44,1411
238.6,3.93,2.634,415,79.4,97.01,98.85,1596
86.2,14.12,4.964,497,100.6,71.31,65.75,1864
231.4,8.79,3.94,73,149.9,83.54,75.38,1704
200.8,3.29,1.794,487,16.1,95.65,87.58,1447
185.5,11.31,3.55,158,177.8,56.08,56.47,1717
75.8,5.14,1.985,240,169.9,67.51,66.38,1211
234.6,4.09,1.362,219,107.0,89.55,89.02,1353
116.1,3.41,3.981,108,91.8,88.29,82.85,1270
201.7,1.41,1.443,146,103.6,74.42,72.54,1154
228.1,11.71,4.364,576,13.1,66.47,65.47,1935
106.4,7.81,2.212,380,135.4,77.13,72.44,1359
233.8,14.7,3.906,311,94.4,49.87,49.21,1924
176.3,7.15,1.668,467,58.6,94.98,92.66,1432
185.2,12.81,3.437,498,88.5,57.37,53.68,1845
233.8,14.55,1.456,111,59.7,30.23,27.4,1500
160.1,1.31,0.598,457,129.0,76.7,71.22,1139
143.7,2.47,4.166,563,114.5,99.0,96.46,1570
180.3,5.87,4.353,372,76.0,99.0,96.22,1581
165.3,13.18,4.463,388,63.4,54.63,52.49,1934
71.7,12.73,0.663,529,159.3,57.4,53.4,1378
94.3,6.13,3.924,424,126.0,86.51,82.47,1541
62.6,3.8,4.261,597,131.7,80.79,74.11,1486
80.6,12.23,1.903,205,115.2,66.02,64.66,1339
198.7,9.36,2.617,515,22.8,76.01,76.33,1773
60.9,1.44,2.336,387,20.1,62.09,59.33,1158
117.8,12.26,2.48,251,83.0,56.03,51.86,1574
145.4,14.4,4.31,536,168.2,51.29,51.25,1915
238.2,1.59,2.38,598,99.2,89.48,83.89,1521
122.1,5.0,1.861,82,158.9,77.0,74.79,1063
208.8,12.47,1.087,559,26.4,40.25,36.59,1631
137.7,9.19,3.537,162,133.1,76.73,75.66,1519
78.7,14.85,0.879,163,51.7,57.51,54.94,1409
78.8,13.82,0.775,73,99.2,53.78,51.13,1262
142.2,3.5,3.567,557,59.8,99.0,99.0,1516
71.0,10.44,3.624,468,131.1,75.92,72.81,1590
168.6,10.15,1.396,79,78.2,59.42,53.6,1293
153.8,2.55,4.807,398,88.6,99.0,99.0,1540
193.5,2.25,4.045,116,51.7,99.0,89.25,1365
95.3,8.97,3.589,463,57.8,75.72,73.01,1502
172.7,6.64,3.895,275,40.5,91.69,89.49,1599
93.2,8.64,2.353,78,104.1,70.65,71.17,1294
197.2,4.34,2.55,506,34.6,99.0,97.17,1585
118.4,8.79,4.416,365,55.6,86.51,86.28,1697
176.7,6.37,0.614,475,100.2,81.93,81.3,1383
227.7,13.43,4.111,421,56.7,55.23,51.13,1978
152.8,5.29,2.514,289,110.0,91.96,90.5,1334
96.5,13.19,2.588,434,12.4,54.23,52.95,1594
228.4,6.46,1.966,58,175.4,81.03,75.3,1292
128.1,9.09,3.232,237,134.1,72.6,66.46,1440
198.7,5.01,3.541,478,95.6,99.0,98.03,1601
120.8,12.33,1.223,470,166.5,47.07,47.85,1531
116.7,12.81,3.046,538,157.9,54.04,53.42,1622
182.0,12.33,2.592,386,72.3,58.2,57.61,1732
89.7,9.96,4.019,568,29.7,75.85,69.78,1683
224.7,5.27,2.954,357,52.9,99.0,92.04,1601
133.6,9.91,2.433,325,45.5,73.82,71.62,1447
63.7,14.43,2.88,158,137.5,69.31,62.64,1354
118.0,10.08,2.708,478,103.2,77.25,75.72,1573
209.1,14.39,4.708,431,154.5,48.28,44.29,2080
223.3,5.26,1.903,303,93.2,98.69,93.72,1471
167.9,12.84,0.668,98,140.9,35.42,33.24,1330
115.9,11.06,3.479,119,65.0,68.69,62.7,1414
160.3,12.47,3.217,113,112.4,53.62,51.98,1542
218.9,10.95,4.595,257,118.7,68.27,64.4,1877
120.0,7.73,1.029,137,139.1,79.47,71.94,1104
133.2,10.61,2.852,523,145.9,60.5,57.68,1584
162.5,14.05,1.178,545,57.0,35.48,34.45,1564
228.6,6.85,2.551,521,75.5,97.29,89.08,1705
170.6,14.32,4.097,385,45.2,50.47,48.97,1899
99.4,1.69,4.358,378,137.1,85.41,79.96,1432
76.9,1.2,4.252,540,56.0,83.79,78.03,1278
78.1,7.91,2.963,273,76.5,72.72,72.39,1385
240.5,12.88,3.353,84,146.5,49.84,47.65,1801
216.3,4.47,2.982,309,67.8,99.0,93.59,1580
205.5,10.71,3.026,355,59.6,69.88,69.71,1718
154.3,8.66,4.483,352,120.7,89.34,90.17,1704
187.8,5.07,1.442,137,175.8,89.43,83.87,1251
84.2,5.0,2.474,481,20.6,78.46,71.09,1261
178.0,2.03,3.245,453,151.9,92.67,89.41,1424
214.0,8.51,3.944,176,30.7,87.0,85.77,1677
71.8,7.3,3.929,353,68.6,79.13,76.8,1420
116.3,5.05,1.028,485,80.8,79.03,77.65,1265
81.0,14.59,1.499,54,132.2,53.17,51.98,1259
109.4,12.46,4.602,201,167.5,59.22,60.09,1580
206.8,8.35,2.109,310,27.3,81.55,81.87,1459
123.1,8.3,0.512,515,136.6,71.27,65.27,1266
191.0,3.71,1.399,489,64.8,98.32,93.83,1414
206.9,10.09,4.863,133,163.3,73.51,70.17,1743
215.2,14.35,1.894,305,57.3,37.71,36.0,1717
225.9,13.58,3.262,218,128.0,46.32,46.86,1710
173.6,2.19,3.77,271,38.0,89.19,83.77,1433
113.3,1.74,3.41,347,172.9,79.96,77.86,1295
88.6,14.46,2.199,325,10.7,51.86,52.25,1553
155.7,3.8,2.437,128,49.6,93.35,84.58,1241
79.7,8.71,4.271,117,124.9,79.43,79.86,1444
233.0,2.05,3.483,122,155.1,87.78,87.06,1534
144.1,12.81,0.605,513,178.9,37.15,34.36,1491
225.9,2.65,1.416,61,39.5,83.7,78.6,1280
194.8,10.01,1.788,161,62.2,60.45,56.66,1456
222.9,1.79,2.145,576,161.6,82.87,76.79,1475
228.0,3.19,3.096,86,15.5,86.67,84.64,1399
70.1,8.17,2.149,70,134.7,63.84,64.98,1110
197.8,1.64,4.213,263,81.9,96.35,88.64,1474
103.0,3.74,2.632,133,127.1,81.44,75.56,1119
248.0,2.91,2.76,361,99.2,89.06,83.25,1525
207.9,1.57,2.423,236,116.6,80.74,81.75,1359
60.7,14.59,1.897,165,123.3,62.89,61.32,1246
236.2,7.3,3.762,599,117.3,95.78,88.65,1882
115.5,13.03,1.533,238,123.0,50.12,49.94,1400
139.2,6.02,3.603,403,106.6,99.0,99.0,1590
176.3,1.6,2.884,531,131.4,84.63,80.26,1436
234.1,10.74,0.96,557,141.9,61.81,56.91,1722
236.2,1.54,0.581,276,143.9,71.14,66.68,1172
167.1,8.74,1.262,587,155.1,75.08,69.53,1493
120.2,2.95,3.925,449,63.8,93.37,86.29,1466
113.0,10.39,2.231,371,136.8,60.66,55.84,1477
129.2,13.5,4.122,431,170.9,58.17,58.47,1778
94.3,14.38,2.759,248,72.5,51.85,47.2,1531
187.3,8.39,0.647,283,142.2,73.85,70.13,1324
160.3,8.46,4.307,372,59.5,91.94,82.91,1731
207.0,1.54,4.713,230,39.8,87.91,82.21,1539
77.9,11.78,0.834,473,85.9,59.67,58.76,1318
136.0,14.39,1.438,188,147.1,38.23,35.34,1491
105.6,7.14,3.72,488,62.2,87.83,89.57,1552
161.7,12.11,4.987,134,60.1,61.98,56.14,1786
149.0,12.16,4.443,170,57.2,59.47,54.5,1817
145.4,12.0,0.945,464,47.1,48.03,47.76,1378
120.0,11.62,3.233,195,113.9,65.19,66.3,1458
198.1,4.01,3.493,487,51.4,99.0,99.0,1563
151.5,11.52,3.339,481,168.9,60.17,59.91,1680
98.4,3.02,3.056,192,68.8,82.98,84.37,1260
164.0,10.98,1.815,90,102.2,61.03,61.08,1251
173.4,1.05,3.508,141,79.6,81.07,73.53,1324
64.1,13.86,3.778,464,173.7,67.43,67.53,1577
98.7,12.58,3.091,516,82.1,62.32,59.7,1643
106.1,10.56,2.737,261,105.8,69.47,66.33,1446
107.1,2.32,1.486,140,139.8,75.67,68.13,1048
105.4,12.55,2.951,92,39.1,53.71,52.33,1415
111.6,13.25,1.077,169,15.5,43.88,43.03,1304
109.9,10.63,0.827,589,87.3,60.19,59.88,1313
228.0,14.66,4.0,144,103.6,44.15,41.46,1982
120.7,2.3,3.543,97,58.8,88.1,80.64,1229
126.5,10.92,3.421,482,88.6,73.33,69.86,1686
110.6,8.35,4.677,388,114.6,90.01,84.92,1687
243.8,3.04,2.213,344,175.5,85.27,84.45,1469
161.7,10.22,2.299,296,112.3,69.33,64.31,1529
176.0,12.19,2.362,436,86.3,53.2,48.76,1708
199.7,3.31,2.594,434,13.8,92.84,88.46,1401
123.4,12.11,2.808,283,62.8,61.49,59.97,1559
244.1,2.3,4.001,179,70.9,93.98,87.75,1650
88.9,9.28,1.48,513,91.1,63.29,57.83,1448
147.0,12.18,2.453,141,143.0,47.04,44.81,1552
87.6,3.04,2.773,344,141.9,73.54,74.67,1311
210.2,9.0,1.261,431,153.7,74.77,75.98,1469
80.4,6.95,3.659,401,59.3,79.28,78.09,1410
165.2,9.5,0.753,390,68.9,67.66,67.2,1340
79.9,6.94,3.137,414,35.5,84.25,77.89,1564
146.0,4.51,1.41,532,155.8,90.47,85.49,1346
113.3,4.55,0.538,251,120.9,74.26,72.22,972
231.6,13.11,1.921,395,23.2,39.79,39.4,1691
70.1,3.19,2.431,433,61.6,71.91,66.16,1201
183.5,2.72,4.178,375,36.0,96.39,92.05,1486
192.1,2.36,2.335,547,174.8,83.74,77.0,1555
228.9,2.04,4.619,410,65.2,95.42,93.13,1725
226.8,1.2,4.291,283,94.4,90.57,89.9,1576
245.6,3.25,1.367,515,64.0,85.96,85.96,1430
108.2,3.7,1.201,319,90.6,76.82,75.89,1041
112.2,4.78,1.597,342,179.8,79.42,73.0,1216
135.5,2.74,2.119,370,58.9,87.07,87.02,1257
162.1,2.32,3.126,228,58.0,83.82,78.8,1256
129.8,8.58,1.058,447,73.1,67.42,67.44,1344
200.7,11.06,2.894,104,38.8,56.14,52.22,1572
61.6,9.82,3.113,528,135.6,70.02,67.02,1530
63.4,8.79,3.474,465,74.5,78.66,76.24,1576
196.1,7.17,2.975,244,108.7,93.1,84.18,1423
227.8,9.88,4.213,175,122.4,82.55,83.25,1801
207.5,13.63,3.387,263,16.0,42.32,40.68,1759
82.2,9.78,4.66,493,119.5,82.9,76.52,1692
237.6,1.85,3.654,67,100.6,83.93,77.15,1436
159.2,8.99,2.462,307,24.1,77.22,75.86,1513
201.0,8.34,1.444,190,31.2,77.72,70.71,1329
98.2,7.33,0.547,531,84.9,73.5,70.03,1285
164.3,8.96,0.907,278,68.9,69.64,67.19,1329
122.7,10.42,1.354,434,84.4,66.25,61.48,1480
245.2,1.52,1.474,247,118.0,76.48,70.02,1386
150.1,7.72,3.839,231,36.3,88.84,85.19,1543
203.6,12.44,2.237,229,122.6,44.26,41.64,1668
174.6,8.43,1.96,423,149.1,82.02,75.2,1555
77.9,1.95,0.736,580,10.5,66.85,61.85,1145
163.2,11.85,2.924,164,72.6,51.34,49.11,1620
162.6,14.18,3.258,404,56.8,49.51,45.35,1720
196.0,12.93,4.45,196,83.4,49.79,50.41,1837
121.2,6.08,2.763,352,114.6,87.19,86.59,1308
223.5,8.49,0.535,348,41.9,73.8,69.3,1403
178.3,9.28,0.794,298,32.8,63.43,59.05,1339
67.5,11.02,1.72,324,133.9,68.59,68.93,1329
194.3,10.32,1.126,534,126.6,62.58,59.53,1567
232.3,3.79,3.968,99,88.3,96.14,96.48,1516
189.8,12.8,0.985,507,95.2,42.59,42.13,1665
132.2,12.89,1.224,304,55.9,41.62,37.91,1470
172.2,6.66,3.501,233,66.0,98.35,98.12,1525
92.6,2.83,1.578,147,64.4,73.53,70.94,1039
174.2,9.52,4.861,498,133.5,88.45,86.79,1902
155.2,6.0,4.384,376,104.5,99.0,91.7,1715
65.0,11.38,3.85,451,134.0,74.89,67.4,1571
121.2,5.42,2.044,223,110.4,81.62,76.73,1183
96.3,4.68,0.756,266,102.8,72.84,67.22,1052
134.2,13.15,2.014,553,64.5,52.56,50.05,1593
105.9,9.62,2.195,579,77.2,77.93,70.99,1491
218.5,2.2,1.073,457,160.9,78.61,79.19,1361
192.6,10.65,1.043,462,107.9,59.94,54.8,1515
200.6,11.54,3.506,432,99.2,64.06,63.52,1803
128.6,4.29,1.546,373,19.0,81.91,82.95,1213
60.7,14.55,3.551,377,124.1,76.93,70.6,1580
101.6,6.22,2.967,580,126.6,83.34,78.47,1422
203.5,14.17,4.557,463,127.4,52.32,51.67,2070
174.5,5.11,4.087,410,25.5,99.0,97.59,1685
162.3,9.53,1.181,154,61.1,65.98,59.68,1353
113.3,8.25,3.246,587,73.1,85.63,77.79,1639
74.4,14.89,3.439,336,150.5,66.42,60.74,1587
209.1,6.72,4.379,569,176.7,99.0,95.85,1851
67.3,3.51,3.384,442,80.5,76.98,69.79,1261
71.2,12.66,1.133,72,104.2,52.37,50.83,1165
116.0,1.59,1.663,346,11.2,70.1,65.97,1117
168.9,13.39,3.369,541,11.5,46.26,45.35,1778
248.5,2.55,4.604,78,22.7,88.92,88.37,1580
77.2,9.01,4.512,527,132.3,79.82,79.42,1613
149.9,10.99,2.116,387,40.3,58.71,53.1,1548
174.3,5.71,4.238,74,138.8,99.0,99.0,1469
216.4,12.83,2.801,255,83.4,44.01,42.71,1743
191.0,9.31,2.59,67,154.5,73.51,74.06,1489
213.5,6.53,2.079,51,158.0,88.06,85.76,1294
159.3,5.56,3.552,543,159.6,99.0,94.85,1596
142.5,2.57,3.198,462,102.4,87.97,86.88,1380
177.6,9.97,2.186,209,144.0,65.19,60.39,1536
231.2,6.1,3.933,113,122.5,99.0,90.33,1680
164.7,5.49,2.207,80,41.7,87.16,79.39,1257
175.1,14.3,3.13,554,74.9,42.87,42.95,1890
124.2,4.82,2.266,394,173.6,87.83,88.67,1243
173.3,13.27,1.026,138,141.3,33.11,33.04,1432
179.3,14.65,1.225,425,54.7,37.31,37.63,1620
203.2,12.52,3.455,599,57.8,54.59,55.58,1995
168.7,1.27,4.151,483,53.2,91.85,88.46,1521
97.5,13.16,2.608,296,65.9,61.71,56.68,1457
170.6,3.99,1.965,498,167.8,93.79,91.25,1339
116.6,5.95,2.014,459,83.7,89.01,83.89,1352
76.6,14.88,3.189,99,71.9,64.34,60.58,1441
216.8,6.67,2.605,559,50.7,92.25,91.09,1735
72.6,10.17,0.503,536,161.7,54.58,49.71,1300
180.0,5.35,3.972,375,172.8,99.0,89.55,1600
247.8,6.17,1.14,329,65.0,89.07,87.6,1491
76.6,9.37,3.537,175,114.8,72.79,67.79,1463
101.8,14.28,2.049,509,172.9,52.91,50.06,1533
204.6,4.95,3.101,288,94.9,99.0,92.75,1480
78.4,4.46,4.348,369,89.7,86.04,83.78,1507
218.2,1.37,1.194,144,99.7,66.21,60.82,1131
60.1,3.83,3.999,168,15.6,69.07,68.14,1252
229.1,4.67,0.672,592,61.0,95.66,96.71,1521
72.7,1.88,4.646,322,128.8,83.16,83.19,1326
235.2,8.89,1.407,499,174.3,63.48,64.04,1662
224.3,2.77,4.075,506,106.7,99.0,99.0,1678
162.5,8.16,0.802,590,42.4,82.43,77.87,1536
207.8,3.65,1.972,591,82.6,97.02,96.58,1495
74.2,14.1,3.351,301,93.3,69.44,66.62,1509
85.7,5.3,3.465,573,35.9,77.92,72.65,1508
130.2,2.3,3.645,251,66.0,87.77,86.86,1355
162.1,12.71,2.079,384,85.7,42.78,39.76,1613
225.0,6.63,3.497,502,54.5,96.99,88.57,1751
163.1,12.48,2.428,553,70.2,47.23,46.5,1695
186.4,5.37,3.047,338,57.0,99.0,92.52,1471
189.2,8.0,2.963,280,114.2,91.12,85.35,1524
226.7,7.24,1.257,451,108.4,90.54,91.06,1537
207.6,8.81,4.31,301,103.8,85.52,78.36,1750
245.6,6.62,4.402,419,26.4,99.0,98.19,1765
63.8,7.96,1.417,492,41.2,62.24,58.9,1233
99.5,10.51,2.374,513,28.8,63.97,64.43,1497
236.8,6.81,2.592,190,20.8,90.9,86.62,1557
210.5,10.58,2.97,364,52.0,66.95,63.54,1732
110.8,11.0,0.6,64,43.1,50.27,47.83,1231
245.1,11.48,3.915,489,133.2,61.65,61.68,1922
225.3,7.59,4.379,119,128.3,95.66,86.22,1703
72.3,1.05,1.14,529,44.2,65.85,64.84,1087
214.1,11.55,4.535,274,38.1,62.3,57.6,1879
209.1,13.73,4.329,142,34.6,46.69,46.97,1819
102.0,10.14,2.94,488,64.4,67.43,63.73,1512
187.2,8.34,1.736,160,60.0,71.77,67.51,1376
244.3,8.83,1.434,267,14.9,76.58,75.47,1441
188.4,9.97,2.701,362,106.5,71.93,70.97,1581
214.6,14.98,2.782,248,162.7,37.15,36.26,1732
78.9,1.87,3.433,148,101.6,78.01,73.3,1157
198.2,1.3,4.107,273,20.8,84.26,82.01,1514
98.9,14.5,4.705,129,111.9,65.7,59.56,1614
73.7,7.17,4.083,446,92.4,85.59,86.85,1428
164.9,9.57,4.591,144,164.2,75.54,72.09,1575
202.6,11.55,2.747,315,71.7,55.35,51.83,1733
163.9,11.39,0.675,358,137.8,44.08,44.23,1462
237.0,10.06,0.733,570,16.5,61.99,58.2,1667
192.2,7.61,1.708,93,132.7,82.29,83.91,1405
82.3,9.07,3.263,562,17.1,78.32,76.98,1633
237.6,11.22,2.009,165,68.6,57.47,56.2,1545
89.0,12.91,1.248,513,171.2,53.27,48.92,1427
204.1,2.78,4.327,100,129.5,98.91,96.26,1513
88.2,4.89,4.932,594,167.3,91.44,84.0,1475
249.7,6.57,0.575,494,94.3,86.11,85.6,1489
123.1,10.32,0.902,85,113.1,60.06,55.05,1236
154.2,6.54,2.747,168,98.0,88.95,83.89,1346
148.7,4.34,2.02,352,91.4,86.7,82.99,1342
79.4,1.46,4.02,338,108.3,77.12,76.86,1174
153.9,12.8,3.444,396,16.6,53.84,52.54,1748
88.4,6.87,0.808,305,41.6,69.11,68.4,1093
212.4,5.61,2.952,454,46.5,99.0,92.0,1604
242.1,8.43,2.014,242,75.1,78.26,72.66,1512
213.5,2.72,4.843,147,83.9,99.0,93.62,1646
141.9,6.56,2.639,69,135.8,85.58,77.22,1282
60.5,11.53,4.674,229,38.1,76.19,76.16,1556
67.0,11.31,0.636,285,106.9,63.98,60.42,1282
154.1,11.81,0.965,412,56.3,52.27,47.46,1419
189.1,7.54,2.238,494,97.7,92.71,93.14,1582
215.7,6.16,4.491,182,116.5,99.0,99.0,1622
173.9,12.64,2.951,321,109.0,54.13,52.92,1646
245.9,3.43,4.209,179,46.6,98.95,93.29,1620
153.8,11.15,1.776,573,130.6,58.37,55.43,1592
174.0,13.43,1.002,406,121.1,32.05,29.83,1653
103.7,5.01,1.607,423,168.4,78.02,76.88,1319
124.5,3.77,3.404,342,117.8,88.68,83.6,1365
189.8,8.18,4.421,205,132.5,92.14,83.29,1592
174.3,4.03,2.547,160,147.9,94.25,85.35,1290
130.2,13.19,1.371,411,28.0,42.38,41.27,1551
81.3,4.42,3.369,557,128.4,83.5,78.06,1366
125.1,5.4,1.386,167,64.2,84.99,78.21,1214
68.4,13.44,3.066,364,149.9,66.1,63.87,1558
170.3,3.88,0.96,341,91.6,89.27,83.33,1165
121.4,13.39,4.15,403,108.7,58.17,52.87,1728
132.2,3.94,4.123,373,54.3,94.78,87.5,1455
169.3,13.77,2.936,200,120.6,44.91,44.62,1605
170.4,5.45,0.672,430,16.1,89.05,89.25,1229
171.8,4.45,1.761,200,137.3,87.15,87.56,1224
153.4,7.68,1.122,409,37.8,85.75,82.68,1335
152.7,6.17,2.856,215,48.7,92.21,93.52,1449
216.0,3.82,0.958,95,10.2,83.45,76.63,1212
148.8,5.74,4.414,120,63.2,99.0,97.16,1496
161.8,10.99,4.326,509,76.0,71.07,69.97,1858
247.8,12.65,1.202,117,49.8,45.0,40.79,1514
94.4,12.49,3.627,232,49.1,70.2,65.56,1599
198.0,11.6,3.634,208,161.8,52.26,52.99,1690
149.9,1.08,2.285,82,65.5,71.11,70.47,1085
217.8,6.97,1.188,380,132.8,95.64,86.71,1472
136.8,3.37,1.094,489,50.4,81.8,78.93,1354
117.6,2.03,3.828,596,147.5,88.67,86.71,1448
99.5,11.3,1.491,565,125.2,64.14,65.22,1388
225.7,12.11,3.216,77,138.6,52.85,52.1,1689
196.5,12.4,4.396,192,84.7,48.75,47.61,1835
74.6,13.46,3.169,277,159.5,66.97,67.58,1487
195.6,9.26,4.883,531,73.6,95.26,93.29,1893
66.7,14.97,3.405,248,112.2,71.18,72.03,1483
94.5,7.77,1.916,364,118.8,71.03,68.13,1312
172.6,13.37,4.336,413,171.9,48.41,47.75,1984
148.1,2.58,1.899,214,32.9,81.54,79.56,1256
219.7,3.08,4.872,370,33.1,99.0,95.66,1719
175.5,9.26,2.65,78,88.5,81.63,76.65,1412
243.3,2.74,4.79,314,166.0,97.55,98.37,1724
222.5,2.05,1.326,258,13.7,79.55,74.17,1252
124.6,3.74,0.551,246,57.0,72.47,66.61,1008
218.5,12.03,1.383,179,58.2,39.49,38.91,1534
225.3,13.98,0.943,500,61.8,34.13,32.95,1778
244.2,5.67,3.803,535,14.2,99.0,92.22,1797
62.4,14.65,1.69,538,150.4,64.45,64.73,1492
226.2,12.33,3.378,268,11.5,51.54,48.15,1781
73.3,4.17,3.509,193,91.2,76.82,69.72,1258
160.3,9.21,3.597,104,19.6,76.08,68.61,1551
138.8,14.75,4.247,420,145.8,53.8,54.38,1801
234.8,12.88,1.17,232,136.9,35.22,33.4,1580
137.0,6.09,0.727,202,132.7,75.68,70.05,1186
173.2,5.29,0.634,254,135.2,91.39,88.48,1179
191.5,12.47,0.967,355,169.8,35.89,34.4,1601
63.6,8.69,2.206,139,80.9,65.58,66.89,1212
172.3,3.29,4.853,579,156.5,99.0,99.0,1806
158.4,5.59,2.09,453,41.3,93.14,86.86,1404
172.9,10.27,2.538,76,86.7,65.96,64.88,1480
74.4,3.14,4.165,219,11.5,75.28,71.25,1306
70.6,10.78,4.634,78,58.3,79.57,75.09,1521
93.7,10.94,4.871,176,87.9,77.35,73.02,1609
225.2,4.79,4.219,208,164.6,99.0,96.69,1676
127.7,6.57,2.761,445,63.9,89.47,86.3,1420
142.5,14.1,1.533,445,124.3,44.67,44.25,1581
134.1,11.49,3.193,75,151.8,57.76,53.04,1395
195.7,12.03,1.386,373,65.5,36.98,35.17,1564
109.3,8.23,0.751,579,38.8,68.51,68.73,1287
73.0,3.98,4.637,396,110.5,86.03,77.46,1444
131.9,9.28,2.682,578,58.3,73.96,72.1,1649
198.3,11.81,2.787,259,120.9,52.48,52.18,1687
233.8,1.05,3.241,303,32.9,79.62,75.33,1514
69.7,2.59,2.531,323,35.8,75.67,76.13,1136
214.0,7.64,2.5,558,124.9,92.67,91.59,1679
72.6,7.12,4.618,259,175.5,80.42,78.23,1392
122.8,14.75,4.174,591,52.0,56.42,52.12,1805
64.2,2.29,1.457,349,131.4,62.88,61.65,942
233.2,5.53,1.813,170,100.4,94.54,94.55,1365
194.3,12.41,3.473,107,153.5,50.81,50.17,1707
130.1,9.57,3.07,145,76.1,68.78,66.65,1366
131.7,8.86,3.948,72,175.2,80.72,79.57,1419
181.6,11.38,3.774,431,24.0,60.01,61.04,1774
77.0,1.56,3.688,334,177.4,75.83,68.34,1301
87.6,14.26,4.461,456,153.9,77.95,76.37,1775
221.0,3.68,3.949,480,157.3,99.0,98.52,1694
98.4,2.15,1.593,562,153.2,73.3,71.59,1222
198.1,5.75,4.428,114,156.5,99.0,92.34,1638
102.9,10.83,2.01,152,148.6,60.36,60.29,1312
76.7,4.24,4.599,352,162.9,87.65,88.49,1328
231.0,1.7,4.209,121,88.3,89.22,87.62,1501
231.3,1.8,0.833,101,169.7,69.11,66.43,1223
175.0,4.59,3.971,416,75.4,99.0,93.45,1625
147.8,2.89,2.751,449,133.8,87.05,81.79,1392
165.0,6.21,4.897,514,130.8,99.0,97.69,1781
137.5,3.42,2.563,554,149.6,87.99,85.6,1319
203.9,5.82,0.802,293,135.5,88.29,81.13,1210
203.4,7.22,1.819,589,16.0,85.8,78.67,1645
215.6,11.4,2.436,71,135.7,47.13,42.82,1616
159.4,4.18,3.164,529,14.0,91.17,89.53,1493
212.3,7.65,1.184,227,100.6,80.79,75.76,1396
89.6,12.41,2.818,557,152.6,65.06,58.71,1643
65.7,14.81,2.676,172,151.0,67.5,63.49,1513
183.1,8.8,4.265,458,153.0,84.54,84.53,1782
80.0,7.05,1.861,284,112.4,71.81,66.77,1237
164.6,9.84,2.523,260,41.2,71.17,69.47,1606
197.0,7.81,2.249,83,96.4,84.64,80.64,1380
137.3,3.31,3.345,438,97.8,95.45,92.19,1431
68.3,7.43,4.263,146,65.2,71.52,69.48,1304
228.6,14.71,3.54,305,82.1,46.13,44.03,1852
68.2,9.97,2.593,128,158.3,64.99,58.94,1302
231.9,4.97,3.37,382,98.0,99.0,95.84,1701
70.0,14.26,1.95,177,129.8,65.4,61.98,1410
199.7,6.44,1.148,377,94.3,89.74,82.92,1344
235.7,6.46,1.939,571,115.0,92.15,92.85,1634
232.3,9.63,2.497,557,25.7,73.01,72.16,1805
229.7,8.97,2.477,160,168.3,73.68,68.82,1442
227.8,5.07,3.819,105,84.1,99.0,95.5,1565
157.0,7.54,4.714,73,137.2,95.53,97.02,1642
166.0,5.66,2.25,506,123.4,96.1,89.32,1536
177.7,11.33,0.889,187,145.9,48.31,48.97,1257
230.2,2.72,0.65,206,15.9,77.16,75.77,1230
219.3,11.5,0.518,174,169.0,37.29,35.98,1433
208.8,3.26,4.721,512,151.1,99.0,99.0,1757
188.4,5.28,4.98,588,151.7,99.0,93.06,1833
177.5,5.67,0.731,465,89.4,95.49,89.13,1314
235.3,14.87,2.112,503,145.4,43.89,41.29,1763
96.6,9.26,3.512,391,107.8,81.19,80.39,1533
96.6,11.89,1.305,341,95.6,56.67,53.3,1382
246.7,8.78,3.175,447,143.4,85.44,77.95,1770
165.1,14.76,4.161,70,116.7,48.26,47.17,1787
151.8,3.48,4.361,84,23.1,91.39,84.69,1304
221.6,9.47,3.679,428,63.5,78.71,70.88,1723
221.5,12.16,0.868,234,115.8,43.69,40.37,1516
93.6,9.8,2.068,319,163.6,64.16,64.05,1313
93.0,13.56,4.853,480,168.6,67.83,68.7,1867
211.1,9.41,1.367,367,152.6,70.56,69.11,1504
209.3,12.57,2.543,493,53.2,46.6,43.68,1864
102.8,3.46,2.004,281,90.5,86.65,82.53,1114
219.9,4.67,1.425,208,83.7,97.01,89.58,1334
151.2,7.22,1.956,179,84.6,84.36,84.84,1205
149.3,12.92,1.353,122,18.5,42.32,41.47,1380
247.3,6.97,4.448,70,39.5,95.39,86.82,1687
158.7,9.78,1.285,79,36.1,58.69,55.41,1339
86.0,6.54,3.306,199,114.9,85.7,82.66,1223
113.2,12.28,4.74,203,80.0,69.7,69.4,1656
123.4,3.8,4.787,260,65.1,95.85,96.86,1542
242.1,9.31,3.202,375,85.5,80.89,74.09,1851
110.2,9.09,1.719,468,65.1,76.28,76.29,1357
141.8,6.65,1.616,159,138.8,82.83,75.2,1190
202.4,10.87,3.864,468,38.4,68.95,64.05,1766
112.1,1.4,4.913,126,19.5,82.77,74.7,1215
193.3,12.78,0.849,594,120.6,41.06,37.27,1632
99.4,5.87,4.053,207,49.2,84.87,76.71,1351
106.1,12.1,1.053,511,119.4,52.06,47.77,1539
247.4,5.27,1.842,155,20.0,86.64,87.09,1432
130.1,3.63,3.05,573,52.0,93.39,87.23,1450
198.6,6.45,1.838,505,36.2,96.68,92.58,1560
219.6,12.16,3.426,248,59.4,54.37,52.11,1822
125.9,10.85,2.377,282,65.9,65.68,66.96,1517
127.9,6.61,1.486,52,94.2,76.11,71.83,1142
206.9,14.13,2.889,188,98.4,43.11,40.17,1720
175.3,6.72,0.608,209,117.1,87.05,88.4,1226
128.7,5.91,3.835,299,66.4,95.72,92.96,1465
202.4,3.03,2.85,126,100.4,94.2,88.05,1317
224.1,1.98,4.76,313,178.3,92.27,86.22,1693
104.7,5.9,0.963,418,45.8,77.55,70.6,1182
64.6,2.29,3.795,254,36.0,66.76,64.55,1154
112.1,7.48,1.854,178,153.2,69.74,68.82,1224
188.2,13.04,2.179,351,79.8,45.88,43.91,1697
233.9,7.67,2.068,66,154.0,74.65,75.1,1365
224.0,7.73,2.111,237,82.2,84.41,80.87,1496
102.2,4.55,2.439,340,13.7,84.53,79.6,1215
227.4,3.33,0.595,235,73.7,86.56,80.51,1341
214.0,4.11,4.31,240,113.7,99.0,91.99,1607
199.5,8.95,4.468,517,86.1,91.01,85.36,1950
190.8,9.29,0.678,564,88.1,68.79,70.1,1522
213.3,4.08,3.992,505,179.7,99.0,93.39,1718
223.7,6.58,0.825,104,102.5,80.68,77.69,1277
215.6,8.96,4.135,209,128.5,84.81,79.12,1707
83.2,11.65,3.258,441,132.6,66.07,60.6,1558
197.2,5.48,1.879,586,10.0,98.49,96.27,1507
219.8,4.8,3.262,183,103.9,99.0,95.58,1501
95.3,11.23,2.78,544,173.7,61.47,55.82,1496
100.6,8.19,3.361,456,137.6,79.15,79.62,1520
209.3,12.99,2.639,591,67.9,49.17,47.24,1808
125.3,3.95,3.978,101,72.0,93.43,87.85,1323
135.9,11.79,0.704,267,61.6,44.68,44.39,1346
131.7,3.27,2.049,313,117.1,85.81,78.38,1294
100.4,9.19,3.017,420,26.5,76.23,72.94,1504
238.4,4.97,3.147,410,59.3,99.0,95.62,1632
213.1,2.42,1.263,548,94.7,90.7,90.07,1368
107.6,9.63,0.835,511,101.0,65.33,61.7,1379
80.2,8.1,0.594,80,113.3,55.97,56.11,998
130.8,7.8,2.359,318,145.5,77.97,76.7,1353
138.9,9.3,1.987,274,37.8,74.29,73.73,1400
61.3,6.21,3.055,598,48.3,78.85,80.13,1321
228.6,10.38,2.523,285,158.3,63.73,63.82,1667
221.7,2.83,2.273,425,151.3,91.42,86.08,1429
221.5,11.01,4.295,206,149.7,66.89,65.39,1790
213.1,9.12,3.297,388,45.5,80.61,80.95,1823
199.3,7.81,3.407,164,19.9,84.46,81.34,1531
180.6,2.79,2.218,382,99.0,92.82,91.14,1397
242.5,4.9,3.996,528,157.9,99.0,91.15,1848
195.2,5.13,1.184,61,50.4,87.94,87.76,1236
179.7,4.27,2.309,328,163.7,93.78,92.92,1401
209.9,14.36,0.712,590,34.1,30.64,30.84,1662
106.8,13.82,1.019,138,60.7,46.94,46.25,1266
243.8,8.65,0.867,151,60.7,73.35,73.73,1351
63.6,3.88,2.486,309,35.7,70.91,65.2,1129
183.2,13.76,3.638,529,158.4,41.82,41.72,1890
74.6,11.49,1.907,360,80.1,70.16,71.17,1319
222.1,1.54,0.62,330,42.4,75.42,75.26,1245
243.9,7.87,3.682,98,35.0,86.54,84.28,1616
137.6,9.47,1.433,579,81.6,68.44,69.2,1474
222.9,1.93,3.752,241,12.9,87.46,79.7,1421
123.8,1.7,0.533,188,30.6,69.23,62.45,950
90.3,7.49,1.906,276,10.6,64.42,65.44,1229
112.6,1.03,3.296,278,14.1,77.33,75.93,1194
117.3,1.66,4.42,302,179.6,85.02,77.68,1397
179.8,3.31,3.894,429,86.3,99.0,93.14,1569
211.3,13.74,2.523,527,133.9,39.52,39.11,1880
99.0,11.73,3.733,82,135.3,59.2,58.61,1496
76.8,7.31,2.919,320,159.7,80.41,74.01,1360
102.1,7.71,4.16,278,27.6,85.15,81.44,1574
116.3,10.6,3.974,56,99.4,74.42,74.19,1483
113.2,7.64,4.891,499,64.7,96.87,98.42,1647
101.8,1.89,0.972,107,103.2,66.77,65.08,890
148.5,11.34,2.033,113,66.5,54.51,53.23,1377
222.6,1.81,1.366,77,41.2,77.56,74.17,1128
79.1,7.81,3.338,160,124.4,78.98,76.19,1181
223.8,13.06,3.488,147,16.5,47.42,43.24,1773
154.4,2.64,1.417,241,162.2,83.54,78.69,1152
185.5,10.89,2.397,413,34.9,63.77,61.27,1739
214.9,1.65,3.21,80,114.6,84.56,78.89,1433
117.8,14.9,3.465,523,138.2,55.02,51.89,1825
241.3,10.55,0.962,230,22.4,55.73,56.65,1538
75.9,14.57,4.645,384,163.6,70.85,63.81,1704
160.3,10.36,0.653,57,70.6,51.08,47.83,1234
108.4,4.39,4.878,251,179.4,93.4,90.6,1456
137.5,13.97,1.923,51,21.7,37.18,34.7,1419
145.3,9.77,1.924,141,131.9,69.3,68.0,1308
233.8,9.06,2.507,296,37.3,74.34,69.57,1659
143.9,7.01,3.627,344,78.5,88.8,86.72,1464
192.6,4.98,1.218,134,85.3,94.63,94.81,1375
240.8,8.42,1.647,460,79.0,79.53,77.86,1701
154.0,6.12,4.827,154,67.4,99.0,89.69,1618
137.6,12.96,4.446,114,140.4,54.45,54.2,1602
244.9,1.4,1.456,233,149.4,67.45,62.43,1213
217.3,8.42,3.079,353,67.1,84.29,82.28,1685
238.6,12.71,1.416,594,92.0,47.46,46.39,1782
135.5,1.39,2.975,280,81.7,80.64,80.35,1343
192.3,4.95,2.146,284,110.9,96.36,92.57,1421
107.4,1.72,2.131,83,35.5,65.19,61.61,1019
224.5,9.33,3.358,471,147.0,85.1,81.88,1874
237.3,5.43,1.633,150,145.5,88.66,85.6,1385
110.9,14.44,2.319,460,110.4,60.85,60.76,1628
79.9,9.63,4.664,551,136.8,83.04,76.78,1743
98.1,8.87,3.899,473,178.0,83.1,83.23,1555
180.2,13.84,2.225,403,166.8,36.68,34.62,1751
111.7,4.13,1.536,382,113.9,76.53,75.71,1220
181.3,8.87,3.466,299,96.9,84.05,79.03,1579
126.5,8.6,4.135,129,100.9,85.59,84.31,1587
234.2,2.15,4.373,478,89.3,99.0,98.59,1687
146.0,14.05,3.039,313,91.6,50.06,48.4,1592
154.5,10.8,2.826,394,134.4,71.42,69.58,1574
126.1,13.43,3.738,256,178.7,54.71,53.89,1605
73.9,14.76,1.291,160,17.7,53.52,52.59,1309
153.8,7.72,4.335,494,49.1,95.89,94.67,1800
207.1,12.25,0.833,238,45.7,37.77,37.85,1497
241.1,9.09,3.214,527,151.6,81.47,75.48,1919
74.5,14.68,3.154,581,81.4,73.22,67.79,1749
211.5,4.46,1.898,506,99.3,99.0,99.0,1367
110.7,1.19,0.66,120,89.8,62.73,62.86,928
216.3,3.6,3.73,520,155.1,99.0,96.13,1645
125.0,2.79,0.609,336,95.0,73.93,66.61,1088
81.7,7.12,1.308,183,123.5,70.23,70.41,1096
176.3,2.08,2.949,101,13.3,79.61,78.83,1400
