temperature_C,pressure_atm,catalyst_type,catalyst_conc_mol_L,scale_mL,time_min,conversion_pct,yield_pct,rate_constant,activation_energy_J_mol,heat_dissipation_W_m2
131.2,10.42,H2SO4,0.0589,500,19.1,99.5,94.3,15.214271,72815.0,663.6
240.6,12.15,H2SO4,0.085,50000,63.3,96.6,94.64,2405.251583,75264.0,1033.5
199.1,4.51,Amberlyst-15,0.0213,5000,35.4,99.5,87.86,97.128376,78102.0,868.9
173.7,9.75,H2SO4,0.0217,1000000,108.6,93.1,82.78,45.009538,76539.0,925.9
89.6,9.0,H2SO4,0.0601,500,122.5,93.54,83.04,1.067413,78073.0,537.5
89.6,12.66,Amberlyst-15,0.0952,500,132.6,98.44,90.55,1.596287,73877.0,571.1
71.0,13.69,Ti(OBu)4,0.0473,50000,53.4,15.95,15.34,0.254046,74714.0,674.2
224.6,1.17,Ti(OBu)4,0.0394,500,25.2,98.94,95.41,526.530712,72911.0,870.1
174.2,10.44,H2SO4,0.0646,500000,23.4,96.72,92.25,137.394955,73632.0,932.3
194.5,1.73,H2SO4,0.0937,500,82.4,99.5,96.48,411.533995,73146.0,822.6
63.9,8.68,Amberlyst-15,0.0853,1000000,170.8,39.76,36.27,0.198733,72387.0,679.8
244.3,5.03,Amberlyst-15,0.0996,500000,47.0,96.57,85.83,2748.389138,77732.0,1116.6
218.2,5.29,Ti(OBu)4,0.012,500,53.6,97.08,85.99,128.748107,70816.0,886.5
100.3,5.94,p-TSA,0.0202,2000,27.2,31.21,30.13,0.849239,77740.0,614.7
94.5,9.7,H2SO4,0.0649,500,112.9,97.7,93.11,1.724224,77492.0,558.3
94.8,5.68,p-TSA,0.0839,500000,125.6,94.08,89.36,2.547783,76000.0,699.1
117.8,11.26,p-TSA,0.0357,500,119.3,97.73,89.32,5.053743,72771.0,626.6
159.7,6.66,Amberlyst-15,0.0315,500,156.4,99.5,91.34,26.965651,71836.0,695.7
142.1,1.96,H2SO4,0.0808,500,92.7,99.09,96.7,31.272052,73903.0,672.3
115.3,11.97,H2SO4,0.0151,500000,32.9,55.29,49.01,1.562594,76250.0,806.5
176.3,5.0,Amberlyst-15,0.0432,500,59.2,98.67,94.47,68.659622,75006.0,778.5
86.5,7.06,p-TSA,0.0555,50000,122.6,81.4,74.15,0.857995,72913.0,678.0
115.5,10.6,Amberlyst-15,0.0604,1000000,114.2,92.01,81.33,5.019147,77296.0,832.9
129.6,5.65,Ti(OBu)4,0.0756,50000,100.3,97.25,92.81,14.554684,78369.0,753.7
146.7,1.79,H2SO4,0.0419,500000,126.1,95.26,86.98,18.997878,74547.0,857.8
209.2,6.23,Ti(OBu)4,0.0651,2000,118.4,97.31,92.66,544.660471,75219.0,879.0
97.9,14.22,Amberlyst-15,0.0627,50000,159.8,96.67,91.91,1.896251,71982.0,655.4
157.7,9.98,H2SO4,0.0593,1000000,109.6,96.59,90.16,56.803719,74171.0,865.7
172.6,10.4,Ti(OBu)4,0.0676,5000,142.4,98.18,94.03,118.016139,76021.0,841.6
68.8,9.85,Ti(OBu)4,0.0334,1000000,52.3,10.78,10.11,0.132363,75710.0,678.3
175.4,3.79,p-TSA,0.0176,50000,125.3,97.41,88.51,34.965228,73985.0,928.9
92.4,6.86,H2SO4,0.0207,5000,163.4,67.92,64.76,0.448286,74452.0,645.1
72.4,11.51,Ti(OBu)4,0.0302,500000,75.6,20.69,19.43,0.16228,74106.0,643.9
240.3,2.42,Ti(OBu)4,0.055,1000000,142.4,94.34,83.14,1298.87871,74443.0,1125.9
243.5,4.89,p-TSA,0.0856,2000,133.2,99.5,96.53,2600.910991,75846.0,964.6
213.6,4.87,Ti(OBu)4,0.0731,5000,20.1,99.5,92.99,688.810775,71065.0,955.4
117.9,7.05,Ti(OBu)4,0.081,5000,108.9,98.29,95.03,7.965586,74851.0,665.1
78.6,14.73,Ti(OBu)4,0.0416,1000000,32.1,18.05,17.47,0.356115,75700.0,664.8
190.0,1.95,p-TSA,0.0464,50000,174.4,97.37,90.02,199.738002,73859.0,886.1
143.6,8.26,Ti(OBu)4,0.0454,5000,147.9,96.37,89.7,22.035531,74041.0,721.7
83.2,3.51,Ti(OBu)4,0.0273,500000,28.7,11.49,10.59,0.281516,74099.0,667.7
154.1,14.59,H2SO4,0.0155,1000000,30.7,94.04,86.98,12.991428,74042.0,868.0
66.5,2.59,H2SO4,0.0632,500000,111.1,28.19,27.33,0.196376,75012.0,677.0
232.8,6.65,p-TSA,0.099,1000000,68.6,93.09,89.26,2436.929667,75258.0,1135.8
109.2,11.33,Amberlyst-15,0.025,500000,15.9,32.65,29.15,1.521501,70799.0,718.0
185.9,10.86,H2SO4,0.0142,50000,102.1,99.4,93.54,57.373381,76306.0,937.6
119.2,6.92,p-TSA,0.0802,1000000,75.9,96.52,94.55,10.481611,74420.0,783.7
158.8,5.85,Ti(OBu)4,0.0327,2000,27.2,99.5,93.49,29.963506,78866.0,772.5
163.9,6.57,Ti(OBu)4,0.0847,50000,146.3,96.48,92.49,106.380225,72617.0,795.0
95.1,4.7,p-TSA,0.0734,500000,165.6,94.27,90.21,2.280921,73265.0,738.5
244.2,3.87,Ti(OBu)4,0.0951,1000000,138.6,93.88,85.9,2351.878836,74594.0,1050.4
207.3,7.76,Ti(OBu)4,0.0468,50000,149.8,97.97,89.85,359.643356,75826.0,962.6
238.5,4.76,Amberlyst-15,0.0696,500000,46.8,95.84,91.28,1532.759018,71098.0,1088.9
230.0,5.02,Ti(OBu)4,0.0518,500,54.8,99.5,92.53,1014.888405,73342.0,915.7
173.6,10.19,H2SO4,0.0668,500,45.4,99.5,93.24,141.473516,76183.0,746.9
235.2,14.56,Ti(OBu)4,0.0505,5000,140.1,99.11,94.28,1191.765896,73104.0,989.3
76.8,9.45,p-TSA,0.027,2000,171.1,47.23,45.24,0.22371,77740.0,568.8
97.2,2.08,Amberlyst-15,0.0557,500,131.9,93.3,84.63,1.449774,74092.0,571.7
68.6,2.06,Ti(OBu)4,0.0576,500000,159.8,39.82,35.62,0.202775,73201.0,676.6
121.8,14.32,p-TSA,0.083,50000,118.6,98.56,89.61,14.152469,76220.0,736.6
133.8,5.16,H2SO4,0.0762,1000000,75.9,95.88,89.24,19.690056,78215.0,850.5
111.6,2.29,Ti(OBu)4,0.0697,50000,82.4,99.5,90.96,4.609162,75833.0,710.1
217.5,9.39,Amberlyst-15,0.0202,5000,22.8,99.5,93.22,216.670745,77521.0,935.1
127.8,9.73,Ti(OBu)4,0.0749,50000,15.3,95.21,84.29,13.728914,78353.0,771.6
113.4,10.08,p-TSA,0.055,500,128.2,98.74,91.93,5.39204,73156.0,606.5
163.1,4.74,Amberlyst-15,0.0905,50000,84.5,95.04,87.13,80.831254,76877.0,805.7
86.8,1.21,Ti(OBu)4,0.0928,500,103.9,86.39,80.64,1.238132,71953.0,560.2
212.4,14.51,H2SO4,0.015,500,104.8,99.5,91.76,162.126075,75850.0,901.7
74.2,4.51,Amberlyst-15,0.0839,2000,57.2,34.64,31.46,0.417263,74857.0,559.4
247.5,10.46,H2SO4,0.0134,5000,90.9,99.13,96.19,518.381635,77486.0,1013.3
206.7,10.89,p-TSA,0.043,500000,90.0,97.25,87.38,417.743749,77345.0,1000.5
97.8,9.54,Ti(OBu)4,0.0588,500,76.0,89.69,85.03,1.810967,76140.0,601.5
61.0,5.38,H2SO4,0.0233,1000000,149.5,11.84,11.52,0.049398,75597.0,647.0
214.9,4.8,p-TSA,0.0772,5000,86.7,99.5,92.92,917.418598,76017.0,908.7
194.3,9.37,Ti(OBu)4,0.0108,500000,112.6,92.53,89.54,53.579929,75124.0,1003.9
198.5,13.13,p-TSA,0.0252,1000000,162.2,94.43,84.28,183.36873,74878.0,980.4
206.5,14.25,H2SO4,0.0623,50000,157.3,98.42,91.47,529.698505,77885.0,978.0
74.1,2.48,p-TSA,0.0743,5000,161.4,70.87,65.61,0.491665,78126.0,603.3
128.1,3.17,Amberlyst-15,0.0925,1000000,55.9,93.25,82.14,15.294225,74717.0,837.3
82.0,14.23,Ti(OBu)4,0.0735,5000,15.9,15.97,14.76,0.779629,75475.0,552.5
224.0,11.31,p-TSA,0.0705,5000,54.4,97.95,89.81,1408.387247,75163.0,945.7
178.4,13.36,H2SO4,0.0455,50000,57.4,96.89,91.76,123.861991,71777.0,875.0
122.9,3.84,Ti(OBu)4,0.0101,50000,164.6,93.11,90.67,1.34328,74327.0,727.2
72.1,9.23,Amberlyst-15,0.0208,5000,120.4,17.14,15.23,0.098701,78199.0,569.4
119.1,10.82,Ti(OBu)4,0.0581,1000000,23.9,89.71,81.89,6.703906,73500.0,820.8
121.8,10.52,Amberlyst-15,0.0708,2000,33.0,99.3,91.79,9.171348,79229.0,655.8
198.6,6.71,Ti(OBu)4,0.0476,500,36.5,96.47,89.28,249.614862,77344.0,826.4
181.1,1.22,p-TSA,0.0758,50000,117.2,95.03,90.99,196.49624,75803.0,880.6
228.6,9.16,p-TSA,0.057,2000,135.0,98.64,91.18,1144.340208,76122.0,971.4
149.7,4.54,H2SO4,0.0167,50000,156.1,97.86,86.38,10.171324,73166.0,801.5
82.7,7.3,Amberlyst-15,0.0273,5000,169.9,52.12,49.57,0.248113,74470.0,554.7
195.5,14.41,H2SO4,0.0856,2000,44.3,99.5,96.36,520.862782,77883.0,806.6
204.5,6.59,p-TSA,0.0752,1000000,62.7,94.47,87.99,652.707632,73771.0,1022.3
166.6,12.76,Amberlyst-15,0.0905,1000000,50.9,94.56,88.7,127.285289,77122.0,893.8
206.5,3.64,H2SO4,0.0206,500000,71.0,94.41,84.62,150.825731,72246.0,1021.2
153.8,10.41,H2SO4,0.0991,500,165.5,99.5,89.76,80.954728,72604.0,679.6
159.3,14.68,H2SO4,0.0288,500,107.8,98.62,89.1,30.630457,78803.0,717.1
141.2,2.43,H2SO4,0.0111,50000,135.5,98.27,90.71,4.276105,74976.0,748.1
64.8,1.12,H2SO4,0.0998,500,93.3,33.7,32.78,0.26614,73923.0,510.1
80.5,7.07,Amberlyst-15,0.0353,500000,14.9,6.49,6.05,0.294243,77725.0,705.7
66.0,2.3,H2SO4,0.0701,1000000,20.9,5.58,5.02,0.222814,77492.0,675.1
180.9,11.48,Amberlyst-15,0.0259,2000,101.4,97.06,88.0,61.806711,76842.0,784.8
119.7,13.8,H2SO4,0.0622,2000,132.2,98.13,90.12,8.416941,73860.0,642.0
156.6,7.08,p-TSA,0.0914,1000000,46.6,94.55,89.1,93.383841,74426.0,898.6
232.4,4.62,p-TSA,0.0388,5000,132.7,94.95,87.73,828.749019,75623.0,915.4
107.4,7.08,H2SO4,0.0703,1000000,147.8,94.75,87.1,4.023992,76389.0,761.2
138.0,11.13,Ti(OBu)4,0.0269,2000,80.0,99.5,93.18,9.465391,73983.0,755.5
203.6,1.13,p-TSA,0.0662,50000,136.9,97.85,88.48,463.381638,75341.0,938.4
103.5,9.25,Amberlyst-15,0.0403,500000,78.7,83.14,73.82,1.711832,75535.0,699.0
74.6,9.59,H2SO4,0.029,1000000,125.3,30.9,27.27,0.173569,77574.0,668.3
115.1,9.93,Amberlyst-15,0.0382,5000,139.9,97.6,88.34,3.324398,76509.0,653.7
90.6,4.39,Ti(OBu)4,0.0261,50000,178.6,72.45,64.42,0.473679,71986.0,725.7
236.6,11.0,H2SO4,0.0912,1000000,68.7,97.36,88.95,2232.035826,74573.0,1141.6
213.5,2.28,p-TSA,0.0457,50000,79.9,98.45,94.25,467.898697,73142.0,990.7
180.3,3.79,Amberlyst-15,0.0321,1000000,38.2,95.83,91.19,60.347525,76136.0,940.6
225.6,13.28,p-TSA,0.0504,50000,44.7,96.26,90.59,981.730861,76846.0,1034.9
212.7,11.34,p-TSA,0.0388,500,127.9,99.5,96.04,498.083996,75203.0,832.7
95.4,1.19,H2SO4,0.077,50000,165.9,93.89,85.27,1.848177,74464.0,705.9
229.6,4.48,Amberlyst-15,0.0974,500,77.1,99.5,96.37,1538.085102,75138.0,936.8
162.5,4.0,Ti(OBu)4,0.0494,2000,40.6,99.5,91.53,49.893199,75418.0,766.7
213.4,4.79,p-TSA,0.0875,500,58.5,99.5,91.55,1013.089279,73720.0,902.7
230.3,4.47,H2SO4,0.0609,50000,87.4,98.0,90.22,1055.985994,72563.0,997.2
120.4,1.88,H2SO4,0.0242,500000,59.4,89.87,79.97,2.649058,70900.0,748.0
80.9,7.43,Ti(OBu)4,0.0722,500000,49.7,40.73,39.81,0.673917,77534.0,716.6
103.3,11.26,H2SO4,0.0562,2000,135.1,99.5,88.94,2.608939,75993.0,620.8
141.2,9.49,p-TSA,0.0686,50000,11.3,95.37,87.18,30.27604,75725.0,805.9
215.4,10.42,H2SO4,0.0901,500,101.7,98.73,90.04,1032.956021,77530.0,928.1
223.5,2.14,Amberlyst-15,0.0496,500000,144.9,95.59,84.84,572.798718,72489.0,1022.1
61.3,14.32,Amberlyst-15,0.0911,1000000,55.3,15.72,14.08,0.205025,71529.0,649.0
157.0,12.74,p-TSA,0.0776,5000,112.6,95.76,84.7,91.585784,75768.0,824.6
139.3,12.27,Amberlyst-15,0.054,50000,123.7,97.68,88.82,19.236395,75587.0,803.3
102.2,12.52,Ti(OBu)4,0.0643,1000000,121.4,95.87,92.67,2.888986,71537.0,734.5
82.8,14.06,H2SO4,0.0393,1000000,85.8,48.11,43.97,0.503456,75719.0,678.3
124.1,8.62,p-TSA,0.0985,50000,68.9,99.5,88.79,17.170493,74200.0,729.5
239.2,3.8,Ti(OBu)4,0.0701,5000,152.1,97.48,92.07,1625.468292,73386.0,960.7
121.4,9.63,H2SO4,0.0139,500000,138.9,93.93,92.02,2.015266,74333.0,795.6
158.6,11.4,Ti(OBu)4,0.0394,5000,64.6,97.91,88.43,41.515041,70117.0,783.7
193.6,11.33,p-TSA,0.0661,2000,27.5,98.98,89.87,389.150603,73817.0,857.4
129.1,8.3,p-TSA,0.0151,500,22.2,73.88,72.2,3.906871,73591.0,632.4
244.6,1.96,Ti(OBu)4,0.0121,500,26.0,97.89,87.89,308.795336,76114.0,944.4
242.9,6.2,H2SO4,0.0505,1000000,109.1,94.23,87.74,1427.571463,74684.0,1045.5
107.8,13.89,Amberlyst-15,0.0399,500000,18.8,48.29,43.65,2.309165,76278.0,758.9
154.5,9.18,Amberlyst-15,0.0494,5000,67.3,99.5,96.84,36.283412,69901.0,806.4
117.2,8.54,Ti(OBu)4,0.0336,1000000,138.0,98.32,96.17,3.408575,73322.0,750.2
114.1,4.76,p-TSA,0.0248,50000,60.0,90.15,86.68,2.382335,76112.0,734.8
67.0,6.16,H2SO4,0.072,1000000,139.8,40.27,36.7,0.254209,74382.0,649.2
175.8,13.53,H2SO4,0.0563,50000,136.7,95.96,88.31,126.870461,76691.0,898.6
155.5,10.33,p-TSA,0.028,50000,51.8,96.76,87.49,30.456932,71391.0,828.5
69.8,12.02,Amberlyst-15,0.0388,2000,133.9,31.48,30.5,0.147102,76462.0,551.6
112.9,7.36,H2SO4,0.0633,2000,137.1,98.85,96.03,4.675754,73722.0,649.4
232.6,9.82,Ti(OBu)4,0.0165,50000,77.6,95.01,87.59,336.122422,73528.0,1056.2
105.5,4.48,Amberlyst-15,0.0233,500000,45.8,49.23,46.55,1.053742,76982.0,759.2
87.5,10.88,Ti(OBu)4,0.0166,2000,98.6,35.98,32.26,0.271372,77324.0,562.7
153.0,6.99,Amberlyst-15,0.0831,2000,166.6,99.5,91.89,53.512682,77069.0,750.5
247.3,7.2,p-TSA,0.0777,500,118.7,99.5,93.84,3037.535598,79077.0,942.1
106.0,10.09,Ti(OBu)4,0.0778,1000000,39.4,89.74,82.43,4.092555,77534.0,769.8
187.7,14.11,Ti(OBu)4,0.0745,500,126.1,96.59,88.45,264.069616,73409.0,791.6
204.7,1.9,p-TSA,0.0702,500000,82.6,95.66,84.19,470.832721,75283.0,976.4
105.2,12.55,Ti(OBu)4,0.0529,2000,110.6,99.5,95.56,2.797391,74280.0,633.9
198.4,5.09,Amberlyst-15,0.0678,2000,134.8,97.85,94.81,332.287287,79058.0,862.6
129.9,7.21,H2SO4,0.0135,5000,97.5,96.4,94.18,2.978578,77210.0,741.6
180.1,1.31,H2SO4,0.0659,500000,148.4,92.7,88.24,158.744817,74622.0,922.8
180.4,5.21,p-TSA,0.08,1000000,132.8,97.43,91.09,252.065898,76756.0,891.5
161.8,8.04,Amberlyst-15,0.055,1000000,114.6,93.97,85.22,54.257501,72536.0,893.6
77.2,1.79,Ti(OBu)4,0.0422,1000000,35.6,14.53,14.24,0.270129,75501.0,644.1
218.7,7.88,Ti(OBu)4,0.035,500000,152.1,96.41,90.52,399.560407,73124.0,1044.2
120.9,13.98,H2SO4,0.0679,5000,169.1,99.5,94.34,10.950721,71623.0,637.1
95.4,2.48,Ti(OBu)4,0.0724,5000,33.3,59.8,56.7,1.73946,76569.0,593.9
67.7,11.7,H2SO4,0.0884,500,93.0,41.15,39.69,0.334423,76817.0,493.4
172.3,6.74,p-TSA,0.0408,500000,54.0,95.76,84.36,80.265403,75914.0,961.9
188.7,10.17,Ti(OBu)4,0.0793,500000,138.3,97.43,87.88,317.451686,74634.0,924.6
63.2,4.64,Amberlyst-15,0.0605,5000,132.7,23.7,22.43,0.119478,72467.0,543.2
157.3,3.23,Ti(OBu)4,0.0895,50000,34.0,95.57,92.65,78.251203,72677.0,845.6
103.0,3.25,H2SO4,0.0575,50000,159.1,94.5,89.64,2.033248,73061.0,737.1
182.6,1.99,p-TSA,0.0566,500,40.8,98.17,90.45,183.487841,74533.0,814.7
93.1,3.6,H2SO4,0.062,50000,145.5,94.52,86.6,1.371049,77152.0,700.6
191.3,10.3,Ti(OBu)4,0.0774,50000,87.7,96.52,92.06,327.31679,77121.0,939.1
133.5,13.34,H2SO4,0.0968,50000,65.8,96.09,91.68,28.198109,71703.0,732.4
238.0,12.4,H2SO4,0.0166,2000,36.9,98.02,92.21,491.133832,73614.0,970.8
86.1,10.59,p-TSA,0.0148,500,38.5,15.34,13.94,0.266263,73560.0,575.7
124.8,2.55,Amberlyst-15,0.0944,5000,122.5,98.14,95.44,11.509552,69937.0,668.3
81.6,5.05,Ti(OBu)4,0.0577,50000,103.6,58.67,54.87,0.497341,76132.0,621.5
235.7,5.34,p-TSA,0.0653,1000000,30.8,97.07,93.1,1676.636801,74508.0,1065.1
226.7,4.5,Amberlyst-15,0.0534,2000,29.2,99.5,89.69,718.768536,74774.0,955.0
109.0,8.21,H2SO4,0.0184,50000,22.3,32.53,29.74,1.110737,77692.0,705.4
185.4,8.5,Amberlyst-15,0.0791,2000,136.4,99.5,96.26,224.337123,75177.0,818.9
215.3,6.0,H2SO4,0.0773,500,131.0,98.83,87.47,800.25788,74139.0,834.7
165.5,5.95,H2SO4,0.0381,1000000,19.9,94.68,88.17,49.871235,76144.0,911.7
160.6,12.6,p-TSA,0.0376,1000000,105.2,95.51,88.65,52.116497,77118.0,884.6
106.0,12.05,H2SO4,0.0854,1000000,24.4,81.81,78.14,5.27539,75593.0,772.2
77.7,5.31,p-TSA,0.0165,50000,163.6,31.69,28.78,0.14958,76378.0,594.9
230.5,13.79,Amberlyst-15,0.0893,2000,164.2,99.5,89.74,1552.290884,74709.0,946.6
231.1,14.34,Amberlyst-15,0.0331,1000000,128.7,95.49,92.88,626.513337,74836.0,1064.5
180.3,5.57,H2SO4,0.0634,500000,167.5,94.53,88.59,161.84303,75226.0,898.2
124.4,5.96,p-TSA,0.0942,500000,147.9,94.56,84.2,15.834257,73494.0,756.2
126.3,8.08,H2SO4,0.071,2000,150.9,96.94,87.18,13.135524,73864.0,645.6
197.9,14.18,p-TSA,0.0473,50000,106.9,95.72,93.79,368.149054,77756.0,923.6
230.5,13.27,p-TSA,0.0721,50000,62.0,99.5,89.51,1745.216327,79016.0,1014.7
228.5,2.44,p-TSA,0.041,500,47.0,98.81,92.99,705.729504,78184.0,914.4
208.2,6.5,Amberlyst-15,0.035,500,65.6,98.21,90.55,243.872145,72353.0,864.6
182.0,8.75,p-TSA,0.0997,1000000,116.8,95.53,92.52,312.165064,72160.0,932.2
76.0,8.04,Amberlyst-15,0.0776,5000,39.4,25.48,24.35,0.47978,72619.0,606.7
90.7,3.71,p-TSA,0.068,500,54.0,72.24,67.88,1.474197,75269.0,548.5
230.7,13.02,Amberlyst-15,0.042,50000,89.6,99.11,87.33,748.185131,69383.0,1025.3
175.2,10.48,Ti(OBu)4,0.0144,5000,49.6,99.32,96.14,29.818486,73822.0,818.1
61.7,12.73,Amberlyst-15,0.0128,500,110.1,4.1,3.79,0.02704,77814.0,500.6
79.3,13.02,Amberlyst-15,0.0599,2000,166.9,73.16,71.2,0.490914,76965.0,556.8
186.1,11.48,H2SO4,0.0786,500000,137.2,94.75,88.07,273.269972,73982.0,961.9
61.0,7.15,p-TSA,0.0584,500,123.3,26.96,25.6,0.134219,74133.0,487.1
90.6,9.55,Ti(OBu)4,0.0857,500,109.1,94.46,83.78,1.732625,76134.0,585.7
164.3,3.25,H2SO4,0.013,2000,93.0,96.41,92.02,15.0105,76871.0,751.1
191.5,10.43,p-TSA,0.043,50000,41.7,96.93,88.57,222.755939,73934.0,860.5
183.9,3.51,Ti(OBu)4,0.0313,1000000,162.1,92.74,84.87,86.511664,74531.0,930.5
102.6,10.72,Ti(OBu)4,0.0503,2000,52.3,87.44,77.98,2.208115,73868.0,653.6
195.3,4.21,Ti(OBu)4,0.0165,1000000,25.5,93.6,83.74,69.423016,72337.0,983.6
105.1,2.65,p-TSA,0.0959,500,137.5,99.5,89.41,4.662461,74561.0,600.4
121.8,3.31,Ti(OBu)4,0.0301,50000,39.9,88.94,81.18,3.565766,74408.0,707.9
201.8,1.03,Ti(OBu)4,0.093,5000,73.2,98.07,95.05,519.31102,72479.0,891.5
183.4,11.06,H2SO4,0.0483,500,14.8,99.5,91.22,149.384795,76292.0,762.8
221.4,11.25,Amberlyst-15,0.0987,2000,33.3,99.5,94.77,1206.480916,75967.0,892.2
184.9,8.21,p-TSA,0.0599,5000,39.4,99.5,88.38,248.643049,76391.0,835.2
168.0,3.26,Amberlyst-15,0.0938,500000,19.2,96.65,90.77,101.324177,73464.0,918.2
77.8,2.17,H2SO4,0.0105,5000,121.6,16.13,14.97,0.072253,71033.0,596.0
129.9,1.27,Amberlyst-15,0.0773,2000,152.3,97.53,95.36,14.02817,75935.0,707.1
110.4,3.32,Ti(OBu)4,0.0913,5000,73.5,98.88,95.38,5.627346,73672.0,613.3
106.4,13.47,Ti(OBu)4,0.0226,2000,158.7,96.09,88.93,1.247807,73219.0,630.7
244.9,4.38,p-TSA,0.0187,500,46.3,99.5,95.27,675.572726,72486.0,941.2
134.7,5.96,p-TSA,0.0482,50000,65.3,99.06,89.09,15.411648,74449.0,725.7
229.5,2.47,p-TSA,0.094,500000,35.6,95.17,89.1,1790.513287,78155.0,1059.2
179.9,4.11,H2SO4,0.0588,50000,115.5,96.39,85.54,144.814042,73989.0,877.2
211.0,8.27,p-TSA,0.0575,50000,81.4,97.8,89.47,603.012071,72820.0,977.8
155.5,9.51,H2SO4,0.0227,50000,114.3,94.33,85.14,18.590471,76304.0,826.1
169.6,4.43,Ti(OBu)4,0.0101,2000,139.5,98.74,93.99,14.683101,75346.0,772.6
153.6,1.81,Amberlyst-15,0.0829,2000,102.8,98.9,91.87,45.715786,70761.0,776.8
97.1,6.47,Ti(OBu)4,0.0179,500000,116.7,58.22,55.6,0.503271,76325.0,661.1
197.3,4.28,Ti(OBu)4,0.067,2000,169.0,99.5,92.69,330.477864,79257.0,856.3
113.3,4.07,Ti(OBu)4,0.0923,1000000,60.8,93.37,82.97,7.221296,69799.0,730.5
64.6,14.44,p-TSA,0.0288,2000,71.1,11.63,11.09,0.113483,72529.0,499.2
182.6,9.63,p-TSA,0.0699,2000,132.0,99.5,95.85,238.286912,69303.0,837.4
93.7,8.8,p-TSA,0.0171,2000,113.9,61.42,59.6,0.493765,74849.0,561.0
238.7,6.82,Amberlyst-15,0.0643,500,40.4,99.5,93.25,1411.625885,76981.0,889.0
241.2,7.01,p-TSA,0.0248,500000,73.9,96.9,92.58,798.286732,75211.0,1159.5
233.8,8.57,H2SO4,0.0762,1000000,89.5,96.1,91.79,1631.760395,77784.0,1043.8
130.3,10.75,Ti(OBu)4,0.0371,2000,81.3,99.28,88.91,7.925249,76661.0,740.4
62.9,10.83,Amberlyst-15,0.0517,500000,40.3,5.63,5.05,0.120764,78404.0,637.1
236.4,3.4,Amberlyst-15,0.0639,5000,167.2,96.35,85.47,1086.902468,77320.0,960.2
141.4,8.0,Amberlyst-15,0.0254,500,139.6,99.5,90.74,8.739906,74194.0,705.3
243.7,6.77,Amberlyst-15,0.0767,2000,91.8,98.28,91.14,1697.199741,75133.0,1014.3
243.1,13.19,Amberlyst-15,0.0372,1000000,125.6,96.43,94.48,961.624719,73263.0,1073.3
222.1,9.84,H2SO4,0.0696,500,162.5,99.5,91.85,977.58913,74539.0,874.8
115.9,8.46,Ti(OBu)4,0.0242,1000000,33.1,68.07,64.85,2.424087,75124.0,815.3
133.2,2.62,Amberlyst-15,0.0719,500,52.6,98.26,93.29,15.174983,74830.0,676.5
221.7,9.48,Ti(OBu)4,0.0215,5000,102.3,99.27,89.38,286.63772,77685.0,972.3
120.2,2.64,p-TSA,0.0483,500000,145.8,93.97,83.25,6.650352,74340.0,800.9
92.2,5.72,Amberlyst-15,0.0322,500,16.2,13.28,12.41,0.603521,73136.0,619.7
165.8,3.0,Amberlyst-15,0.0774,50000,177.3,95.53,90.76,82.090251,73261.0,854.8
237.9,10.69,Ti(OBu)4,0.0336,5000,87.3,98.29,96.31,776.809937,76310.0,986.3
192.2,3.89,Amberlyst-15,0.0894,50000,71.1,98.76,90.45,309.337173,72194.0,925.2
168.3,6.49,Amberlyst-15,0.0903,5000,59.8,98.49,95.5,115.15935,74598.0,801.5
78.5,13.54,Amberlyst-15,0.0277,50000,39.6,12.21,11.21,0.202235,77655.0,656.5
176.9,3.86,H2SO4,0.0652,50000,144.6,94.71,89.88,140.828796,75585.0,884.2
248.1,8.11,H2SO4,0.0179,1000000,172.4,95.88,90.11,642.882473,74851.0,1143.9
86.6,6.87,Amberlyst-15,0.0452,500,80.3,51.82,45.87,0.576376,74928.0,579.8
158.5,1.25,H2SO4,0.0742,500,171.9,99.5,88.34,64.65591,72941.0,744.0
226.7,12.1,p-TSA,0.0693,5000,150.0,97.97,86.42,1491.398829,73286.0,966.8
200.7,1.97,Amberlyst-15,0.0662,500000,91.8,96.76,88.73,313.461921,74610.0,956.5
192.4,7.64,p-TSA,0.0354,1000000,124.6,94.81,90.51,182.585766,75543.0,964.6
193.5,8.85,Ti(OBu)4,0.044,500,83.9,99.5,89.28,193.858381,76896.0,843.9
128.3,9.8,p-TSA,0.0193,500,105.0,99.5,93.59,4.481398,75185.0,698.4
115.8,10.64,Ti(OBu)4,0.0747,1000000,19.9,89.66,81.49,7.762102,77706.0,731.2
213.8,4.55,Amberlyst-15,0.0553,2000,128.4,99.5,95.49,414.661958,78210.0,882.5
213.9,1.14,Ti(OBu)4,0.0738,1000000,19.0,94.92,91.1,677.13931,76591.0,1035.5
224.7,11.13,Ti(OBu)4,0.0324,500,148.9,99.5,95.28,493.505663,77450.0,870.4
233.5,8.5,p-TSA,0.0392,500000,150.2,94.71,88.32,940.074339,73019.0,1044.1
157.2,12.71,p-TSA,0.0401,2000,50.3,97.67,88.73,46.029446,72702.0,772.2
155.3,12.5,p-TSA,0.0123,50000,65.0,96.17,92.41,11.755768,76036.0,870.6
211.7,12.81,Amberlyst-15,0.0407,1000000,91.8,93.89,84.37,346.086969,72318.0,968.2
183.5,7.79,Amberlyst-15,0.0823,50000,111.4,97.98,89.06,203.902517,74419.0,888.6
193.4,5.67,p-TSA,0.0908,2000,58.9,97.49,87.58,459.908793,76542.0,862.4
211.2,12.08,Amberlyst-15,0.0566,2000,110.7,99.5,94.27,467.808161,77827.0,916.5
229.1,7.32,Amberlyst-15,0.051,2000,60.6,99.5,94.39,849.873834,74492.0,947.4
124.2,3.57,Ti(OBu)4,0.0128,5000,19.4,43.51,41.13,1.959595,73700.0,748.3
131.4,12.97,Ti(OBu)4,0.0891,1000000,10.4,92.98,85.69,19.791647,75641.0,829.3
77.9,13.36,p-TSA,0.0112,500000,27.2,3.9,3.47,0.115298,72853.0,718.9
169.9,7.53,Amberlyst-15,0.095,500000,144.7,95.91,93.14,139.073528,74653.0,890.2
66.8,2.06,Ti(OBu)4,0.054,50000,173.4,37.57,34.97,0.164455,74984.0,603.8
148.5,6.43,H2SO4,0.0408,50000,82.6,95.95,88.34,22.705928,74944.0,769.7
163.1,12.25,Amberlyst-15,0.0932,50000,97.2,94.7,88.91,101.890198,75177.0,869.7
114.4,13.62,H2SO4,0.0122,1000000,35.0,49.16,44.21,1.165228,73331.0,782.5
172.3,3.85,p-TSA,0.0623,500,103.7,99.5,88.88,120.927743,73546.0,776.3
65.8,1.94,Amberlyst-15,0.0594,50000,34.6,6.09,5.61,0.13615,73506.0,590.0
67.1,13.28,p-TSA,0.0297,2000,113.9,20.93,18.89,0.131647,71760.0,550.4
216.3,6.45,p-TSA,0.0486,50000,168.7,95.71,86.56,577.627787,75684.0,987.6
128.4,8.58,p-TSA,0.0687,2000,43.3,98.01,95.0,16.086529,76789.0,656.3
84.1,14.55,p-TSA,0.0754,5000,140.0,92.21,86.04,1.138028,76593.0,567.2
159.2,1.93,p-TSA,0.0101,500,14.0,90.86,84.35,10.555347,74475.0,732.2
206.3,10.08,Amberlyst-15,0.0943,500,73.8,99.02,93.97,627.178765,73378.0,870.5
101.0,2.04,H2SO4,0.0248,1000000,28.8,31.43,30.65,0.885764,76489.0,808.4
178.3,6.26,Amberlyst-15,0.031,1000000,69.9,94.71,84.4,65.764119,76278.0,955.0
76.2,12.25,Amberlyst-15,0.0337,500000,39.5,13.02,12.55,0.235376,75435.0,705.7
69.8,7.07,Amberlyst-15,0.0134,5000,73.5,5.27,4.95,0.042893,78489.0,511.1
161.0,14.96,Ti(OBu)4,0.0211,1000000,81.0,96.79,86.59,23.54209,74947.0,962.8
162.7,8.83,Ti(OBu)4,0.0988,2000,61.1,99.5,90.52,111.691904,74486.0,790.0
181.1,5.5,Amberlyst-15,0.0384,5000,121.6,96.11,89.22,87.936749,74200.0,836.2
198.0,4.08,H2SO4,0.0204,500,166.2,99.5,94.44,97.677922,71878.0,824.9
245.4,5.91,Amberlyst-15,0.0196,2000,78.1,99.5,89.97,494.247569,76323.0,945.4
158.1,6.22,p-TSA,0.0748,5000,42.7,97.85,91.34,80.047787,74789.0,755.6
121.4,1.96,Ti(OBu)4,0.0869,500,56.0,97.75,92.71,10.11,76020.0,695.7
211.1,6.17,Ti(OBu)4,0.0331,1000000,155.2,95.06,87.92,292.421517,78684.0,998.0
111.5,7.5,Amberlyst-15,0.0119,2000,107.2,73.42,70.95,0.773055,74218.0,613.4
143.4,11.12,Amberlyst-15,0.0301,2000,87.4,97.41,94.19,12.504223,70324.0,702.5
74.9,10.19,H2SO4,0.0151,500,35.4,3.6,3.34,0.101699,75962.0,486.3
64.8,10.92,H2SO4,0.0193,2000,86.5,8.1,7.91,0.060341,75334.0,527.6
242.9,1.12,p-TSA,0.0488,1000000,57.3,94.7,84.05,1518.785341,73535.0,1139.9
218.8,4.05,Amberlyst-15,0.0307,1000000,170.3,94.42,83.12,272.633429,75795.0,1028.8
192.2,10.26,Amberlyst-15,0.0564,1000000,160.3,94.92,87.15,237.728901,76572.0,939.4
137.7,7.78,Amberlyst-15,0.0328,500,24.3,96.1,90.35,8.353576,73107.0,688.0
92.9,1.07,Ti(OBu)4,0.0946,50000,97.8,91.39,86.18,1.725814,74397.0,665.6
89.7,12.26,p-TSA,0.0915,50000,48.3,79.81,74.03,2.070834,77954.0,689.3
107.5,11.82,H2SO4,0.061,2000,79.8,97.99,87.45,3.989798,73557.0,620.3
164.4,8.68,Ti(OBu)4,0.0419,1000000,159.1,92.54,83.01,44.075001,75133.0,903.1
195.8,1.93,Ti(OBu)4,0.0443,2000,99.7,98.39,94.97,192.860534,69751.0,850.0
185.4,11.73,Ti(OBu)4,0.0471,500,66.8,98.39,95.13,164.357302,72036.0,801.2
113.2,9.17,Ti(OBu)4,0.0755,2000,45.3,98.54,93.35,6.442742,75315.0,636.2
241.4,11.95,p-TSA,0.0506,500000,146.1,95.98,90.84,1695.679188,77456.0,1071.9
200.2,11.52,Amberlyst-15,0.0871,50000,116.2,94.51,88.82,474.619235,72276.0,879.9
165.3,12.24,H2SO4,0.095,2000,89.6,99.5,89.58,133.115547,75149.0,761.4
176.2,8.25,H2SO4,0.0402,2000,47.0,97.43,89.91,87.938086,74249.0,827.1
139.7,2.96,Ti(OBu)4,0.0605,5000,66.8,99.5,94.48,18.718618,76906.0,759.8
107.1,10.4,Ti(OBu)4,0.0186,2000,173.2,94.34,88.09,1.010575,72564.0,618.6
127.6,9.69,p-TSA,0.028,500000,98.4,93.63,82.57,6.600533,75860.0,843.0
204.0,11.39,Ti(OBu)4,0.0472,50000,78.1,95.29,92.94,341.110509,73693.0,944.1
62.7,3.38,H2SO4,0.0286,5000,98.6,10.66,10.29,0.067722,75446.0,501.7
82.1,3.73,H2SO4,0.0889,500,142.4,87.39,79.18,0.901919,75138.0,490.5
68.7,13.47,Amberlyst-15,0.0242,500,67.8,9.62,9.06,0.094104,74496.0,543.3
67.7,11.5,Amberlyst-15,0.051,50000,40.4,12.99,12.63,0.179021,75956.0,593.1
222.5,13.72,H2SO4,0.0645,500,109.4,98.95,88.03,936.918878,75087.0,854.9
193.7,11.62,H2SO4,0.0723,500000,123.1,95.59,88.93,345.781866,74734.0,901.4
150.1,9.36,p-TSA,0.0445,2000,131.2,99.5,92.1,33.252187,74287.0,728.4
78.6,10.16,p-TSA,0.0882,50000,159.9,88.31,81.33,0.886896,75155.0,643.6
153.4,13.45,H2SO4,0.0611,5000,73.1,96.09,92.59,49.031075,75444.0,747.5
150.0,9.1,Ti(OBu)4,0.0496,2000,22.8,99.5,91.35,32.020596,73022.0,708.4
92.9,9.85,Amberlyst-15,0.0161,500,172.9,58.95,52.25,0.356086,74301.0,550.7
142.4,3.19,H2SO4,0.0518,500,84.0,99.5,88.22,20.810579,72890.0,728.3
135.7,7.63,Ti(OBu)4,0.0839,5000,116.0,97.27,86.01,24.148323,74920.0,682.4
177.0,11.03,H2SO4,0.0653,500000,123.3,99.5,91.63,164.680413,73815.0,908.2
180.7,4.79,Amberlyst-15,0.0849,5000,102.9,99.5,94.71,166.984586,76542.0,872.9
68.6,3.83,Amberlyst-15,0.0545,50000,44.9,10.48,9.44,0.171669,76345.0,621.3
131.2,5.39,p-TSA,0.0207,5000,138.4,98.53,93.08,5.643637,73155.0,718.3
178.9,4.38,p-TSA,0.0112,500,146.6,99.5,94.4,29.303272,74995.0,762.8
155.6,4.01,p-TSA,0.0373,500000,104.0,96.68,87.54,31.668185,76277.0,874.9
222.7,6.95,p-TSA,0.0728,500000,93.1,96.16,90.4,1188.137683,74649.0,1025.6
185.2,13.71,Amberlyst-15,0.0811,1000000,29.4,96.93,91.93,247.797833,73544.0,937.1
91.0,8.1,Ti(OBu)4,0.0366,5000,24.3,24.19,22.41,0.670776,72815.0,579.9
73.4,3.63,Ti(OBu)4,0.0546,50000,67.7,25.41,23.21,0.304793,76709.0,642.0
182.1,2.08,Ti(OBu)4,0.0479,500,62.8,99.48,93.7,114.49187,76805.0,788.3
65.0,10.75,H2SO4,0.0469,2000,172.1,35.66,34.86,0.139902,74584.0,537.1
171.3,6.36,p-TSA,0.0308,500000,143.2,96.05,88.62,60.904713,76532.0,917.7
238.6,12.51,p-TSA,0.0223,5000,122.2,98.94,90.94,740.95946,69070.0,994.8
169.3,10.23,Amberlyst-15,0.0277,1000000,98.0,96.24,89.16,39.749014,77655.0,915.7
133.8,12.15,Amberlyst-15,0.015,50000,38.5,85.01,75.46,3.815861,74686.0,754.9
182.2,4.81,H2SO4,0.0278,50000,176.3,97.47,91.16,72.732598,75284.0,866.1
147.1,10.69,H2SO4,0.0108,500,73.8,99.5,90.83,6.710719,74359.0,660.2
163.7,4.7,Ti(OBu)4,0.0665,500000,28.2,98.0,87.43,76.283519,77791.0,860.5
238.9,14.15,Amberlyst-15,0.0385,500,93.9,97.71,90.54,985.264383,72879.0,921.2
133.4,9.91,p-TSA,0.0976,1000000,158.6,97.38,85.73,31.545941,77949.0,785.3
242.6,5.54,Ti(OBu)4,0.0274,2000,160.8,99.21,91.29,764.577765,75793.0,930.1
232.0,4.77,p-TSA,0.0411,2000,11.9,99.5,88.61,870.305204,76245.0,976.4
97.2,3.67,Ti(OBu)4,0.0422,2000,160.7,96.88,85.49,1.108171,74342.0,614.8
73.2,10.72,p-TSA,0.0108,50000,56.2,7.27,6.99,0.078168,72384.0,604.3
79.1,4.06,H2SO4,0.0855,500000,16.6,17.45,16.96,0.755292,76861.0,751.0
63.5,9.33,Ti(OBu)4,0.0129,500,154.1,8.58,7.72,0.031446,75623.0,444.2
77.9,4.7,p-TSA,0.0946,500,156.9,87.74,81.94,0.836472,77723.0,559.1
189.8,10.27,p-TSA,0.0903,1000000,111.4,95.01,86.25,421.595488,74612.0,971.1
73.5,12.41,Amberlyst-15,0.0582,2000,107.7,41.08,38.18,0.298071,74162.0,572.4
120.6,11.89,Ti(OBu)4,0.0589,500000,148.2,95.43,88.15,7.891191,77776.0,789.7
220.5,11.65,p-TSA,0.0688,500000,143.7,92.0,83.43,1196.088947,78824.0,980.1
64.4,3.63,Amberlyst-15,0.0448,1000000,161.3,23.31,22.15,0.103633,75019.0,663.9
214.7,2.24,p-TSA,0.0683,5000,104.0,98.32,87.76,753.35805,73494.0,931.9
113.6,10.79,Ti(OBu)4,0.014,500000,174.5,92.07,81.51,1.228779,76621.0,703.1
82.5,6.16,H2SO4,0.0149,500000,179.3,36.71,35.13,0.157567,74492.0,749.4
192.4,7.05,Ti(OBu)4,0.0512,500,29.8,97.85,92.62,217.31402,76199.0,825.2
179.5,1.44,Ti(OBu)4,0.0595,1000000,154.4,97.94,91.07,137.55209,74481.0,968.9
226.7,4.63,p-TSA,0.0899,500000,95.0,95.35,88.36,1471.7144,78128.0,1016.8
199.7,1.47,p-TSA,0.0194,500000,75.9,95.28,88.59,123.735117,73601.0,1004.8
212.7,13.31,Ti(OBu)4,0.084,500,114.2,98.55,91.03,804.628356,75961.0,899.3
113.6,4.41,Amberlyst-15,0.0289,500000,19.5,45.39,41.73,2.102337,74023.0,776.5
93.7,8.8,Amberlyst-15,0.0455,500,96.1,80.31,74.68,0.921465,74437.0,569.0
202.6,1.55,Amberlyst-15,0.0385,5000,158.1,99.5,92.82,184.576773,74176.0,864.7
213.3,10.34,p-TSA,0.046,50000,46.3,98.28,93.29,583.815768,76477.0,961.7
248.2,5.52,p-TSA,0.0235,500,82.5,99.5,94.64,935.967025,76837.0,940.1
138.4,13.57,Ti(OBu)4,0.0553,500,169.7,99.46,91.28,19.191607,76115.0,698.1
130.7,13.43,H2SO4,0.0821,500000,82.9,93.32,85.99,19.430005,74784.0,786.2
207.5,5.55,p-TSA,0.0497,500,70.9,99.5,91.28,445.077615,75280.0,870.7
124.8,13.61,Ti(OBu)4,0.0542,1000000,84.9,94.69,88.41,8.770049,76795.0,786.7
236.8,14.95,Ti(OBu)4,0.0864,2000,98.3,99.5,92.07,2099.656805,76859.0,949.3
223.1,12.56,H2SO4,0.0735,2000,117.4,99.5,96.41,1179.346504,69619.0,941.3
141.5,12.83,Amberlyst-15,0.0541,5000,146.1,99.5,94.49,19.612339,74456.0,717.6
202.7,4.49,Ti(OBu)4,0.0332,500,86.9,99.5,96.5,204.884517,74551.0,861.1
203.4,9.07,Ti(OBu)4,0.0896,1000000,149.0,94.36,89.73,648.925089,76339.0,1025.0
79.6,1.94,Ti(OBu)4,0.0619,500000,100.7,50.03,48.88,0.474748,74866.0,675.8
231.5,2.33,Amberlyst-15,0.0299,500000,67.5,97.58,92.07,461.546674,76438.0,1098.5
156.0,14.98,Amberlyst-15,0.0342,50000,121.9,99.04,96.7,30.916252,72843.0,827.3
217.0,5.57,H2SO4,0.0823,5000,132.0,96.45,86.4,875.20822,75520.0,960.6
120.8,11.47,p-TSA,0.014,1000000,104.9,95.43,84.48,2.378576,76800.0,855.8
230.1,12.29,Amberlyst-15,0.0993,1000000,19.6,95.62,89.68,1821.074193,72051.0,1068.1
133.9,13.01,p-TSA,0.0217,500000,38.9,95.0,92.94,7.813422,80027.0,839.2
62.1,14.97,p-TSA,0.0816,50000,58.5,23.45,21.61,0.26674,77382.0,571.0
232.0,4.38,Amberlyst-15,0.0455,500000,58.0,97.52,87.88,749.879995,75003.0,1034.0
77.3,1.56,Ti(OBu)4,0.0543,50000,124.5,51.37,47.89,0.34301,73343.0,622.4
120.7,6.76,H2SO4,0.0893,2000,13.1,91.65,86.6,12.04429,74650.0,625.8
240.5,2.82,p-TSA,0.0472,1000000,138.5,95.97,87.48,1428.813721,75168.0,1073.2
240.6,1.31,Ti(OBu)4,0.0584,2000,55.1,98.5,93.72,1422.431425,75881.0,984.3
169.0,6.05,Amberlyst-15,0.0144,500000,62.7,95.42,93.27,18.960059,78001.0,891.9
180.0,11.97,p-TSA,0.0102,5000,99.7,97.15,94.2,31.807947,74048.0,856.4
145.2,8.93,p-TSA,0.032,500,46.7,99.5,90.46,18.928712,76125.0,706.9
115.7,5.38,p-TSA,0.0713,5000,160.4,97.95,89.4,7.997063,72415.0,729.8
122.4,10.16,Ti(OBu)4,0.0209,5000,24.5,68.47,62.79,3.139172,74173.0,706.8
187.8,4.25,Ti(OBu)4,0.0202,500,85.5,99.5,91.49,64.597971,75753.0,837.8
203.0,1.2,Ti(OBu)4,0.047,1000000,154.4,94.56,84.16,274.161243,76383.0,1019.4
210.4,11.7,p-TSA,0.0683,2000,114.7,99.5,95.14,716.219788,73494.0,900.4
210.0,9.73,p-TSA,0.0741,2000,59.7,96.66,88.6,832.284297,74118.0,925.1
77.3,11.67,H2SO4,0.0261,1000000,81.5,23.74,22.98,0.204887,77921.0,713.4
153.9,1.55,H2SO4,0.0172,500,130.1,99.5,96.78,12.343291,77324.0,726.1
70.9,12.72,Ti(OBu)4,0.0946,50000,175.5,71.54,63.13,0.437103,75417.0,618.5
164.4,9.67,Ti(OBu)4,0.0335,5000,161.8,98.24,96.16,44.391829,70527.0,812.1
143.9,8.89,Amberlyst-15,0.0868,500000,68.2,93.12,88.56,35.627978,80022.0,824.5
228.7,9.74,Ti(OBu)4,0.0877,2000,179.7,99.5,92.74,1491.616499,74960.0,915.3
126.7,13.1,H2SO4,0.0795,1000000,10.6,90.34,83.02,16.507586,74375.0,859.4
82.2,9.22,H2SO4,0.0252,500000,14.7,7.13,6.64,0.274214,73955.0,746.5
87.2,9.13,H2SO4,0.084,500,150.1,97.97,89.39,1.380168,75753.0,525.0
204.7,14.87,p-TSA,0.0792,500000,43.9,95.8,90.27,737.522736,75773.0,976.6
177.5,11.59,p-TSA,0.0637,500000,20.3,96.22,85.57,166.758738,76901.0,962.9
79.2,7.19,Ti(OBu)4,0.0403,5000,50.3,24.28,22.88,0.317375,73148.0,599.0
76.0,10.9,Amberlyst-15,0.0336,500,82.4,26.0,23.6,0.204593,74375.0,545.2
193.2,6.45,Amberlyst-15,0.021,500000,134.2,93.13,82.12,85.369204,79061.0,994.8
73.8,4.2,Amberlyst-15,0.0559,2000,116.1,38.24,35.76,0.275254,75449.0,542.4
216.2,9.36,p-TSA,0.0627,500,50.4,99.5,93.32,910.772183,74655.0,885.2
194.2,13.99,H2SO4,0.0423,2000,95.6,95.41,88.03,242.827598,73117.0,858.1
75.5,14.01,H2SO4,0.0528,1000000,167.5,62.86,55.77,0.379917,76012.0,662.9
76.1,5.79,p-TSA,0.0427,1000000,148.6,55.09,53.4,0.32944,77062.0,699.8
247.5,8.39,Amberlyst-15,0.0677,50000,64.9,96.86,91.16,1963.396732,76749.0,1090.7
131.1,3.96,Amberlyst-15,0.0911,1000000,177.0,94.44,84.2,16.450941,74482.0,817.8
130.4,14.94,Ti(OBu)4,0.0248,500000,130.5,95.69,89.1,5.435929,75723.0,815.6
214.4,14.74,Ti(OBu)4,0.0443,500,20.6,99.47,92.48,502.57924,78343.0,877.2
240.0,10.09,Amberlyst-15,0.0227,1000000,16.0,95.09,84.26,502.346052,77142.0,1091.4
247.3,12.26,p-TSA,0.0662,2000,38.6,98.07,92.25,2814.108315,73432.0,1003.7
203.1,11.01,Amberlyst-15,0.0756,500000,133.7,97.16,93.36,515.872702,69908.0,972.4
131.5,9.3,Ti(OBu)4,0.0939,1000000,41.2,97.18,92.8,21.434779,75594.0,868.7
75.9,1.75,Amberlyst-15,0.0351,5000,97.0,25.12,22.61,0.185653,76597.0,593.4
207.7,7.37,p-TSA,0.0955,2000,25.9,97.02,93.74,936.46038,72822.0,856.1
166.1,10.45,H2SO4,0.0157,2000,166.6,98.31,89.88,23.171352,74982.0,831.2
140.6,10.49,p-TSA,0.0643,50000,68.5,96.72,94.27,30.824341,74473.0,791.5
232.2,6.22,p-TSA,0.0151,5000,164.4,99.26,88.06,339.995331,75209.0,943.8
81.1,14.18,Ti(OBu)4,0.0904,50000,170.6,89.24,82.87,0.952975,73911.0,670.9
153.6,3.34,p-TSA,0.0577,1000000,11.0,93.88,88.22,44.46856,77581.0,898.8
62.2,8.01,p-TSA,0.0702,5000,88.9,25.37,22.96,0.202185,75296.0,487.2
149.0,10.67,Ti(OBu)4,0.0848,2000,14.2,99.5,95.24,46.918652,73242.0,721.9
70.7,10.76,Ti(OBu)4,0.0235,50000,164.5,24.26,22.87,0.115006,76835.0,620.1
82.6,10.08,H2SO4,0.0135,500000,98.1,19.62,17.31,0.145967,72472.0,626.6
82.3,4.85,Amberlyst-15,0.0891,5000,22.7,30.46,28.66,0.829779,77569.0,593.3
183.3,3.19,p-TSA,0.0383,2000,28.7,99.5,92.45,120.601687,76982.0,828.2
201.7,9.9,Ti(OBu)4,0.0216,500,75.2,99.5,89.51,129.890102,77780.0,803.8
170.8,9.39,H2SO4,0.0522,5000,169.8,99.5,97.47,95.622635,74684.0,820.2
242.8,3.51,Amberlyst-15,0.0638,5000,127.8,98.31,95.34,1551.256796,74008.0,992.2
131.2,10.87,Ti(OBu)4,0.0128,1000000,157.5,96.32,87.58,2.964564,75168.0,792.3
114.3,7.37,Amberlyst-15,0.0347,500000,72.3,91.67,85.63,2.712552,74831.0,798.2
225.0,10.35,Amberlyst-15,0.013,1000000,17.3,95.19,86.78,160.960094,73695.0,1087.7
102.5,12.72,p-TSA,0.0478,5000,175.6,98.28,94.1,2.396054,73893.0,632.5
243.0,3.38,p-TSA,0.0906,5000,12.9,96.33,93.73,3041.379483,74267.0,986.5
62.3,1.27,Ti(OBu)4,0.0984,500000,171.1,44.56,40.81,0.198679,72660.0,662.5
244.3,11.91,Amberlyst-15,0.0673,500000,72.7,94.09,90.38,1723.46613,76356.0,1089.6
68.2,9.54,Ti(OBu)4,0.0245,50000,11.7,0.0,0.0,0.089312,74895.0,547.5
229.3,10.79,Ti(OBu)4,0.0915,2000,127.2,98.78,90.84,1609.285597,74383.0,953.0
160.3,12.73,Amberlyst-15,0.0565,2000,176.7,97.65,95.1,54.553393,72779.0,741.3
248.7,12.24,Ti(OBu)4,0.0238,50000,174.2,96.92,90.24,859.050551,72679.0,1044.9
74.0,14.45,Amberlyst-15,0.093,2000,37.4,28.83,26.72,0.533447,78872.0,593.8
165.2,8.5,Amberlyst-15,0.0782,5000,40.8,99.5,94.25,89.610518,73745.0,794.0
244.2,7.84,Amberlyst-15,0.0759,50000,106.1,98.22,89.0,2128.279042,76221.0,1045.4
159.4,6.63,Amberlyst-15,0.0738,50000,118.3,96.54,88.09,63.570021,75325.0,848.7
179.6,3.15,H2SO4,0.028,2000,135.7,99.17,96.51,67.690188,69450.0,829.2
192.2,9.02,Amberlyst-15,0.029,500,40.8,99.5,94.31,117.279341,78585.0,787.9
146.4,4.88,p-TSA,0.0719,2000,173.0,96.46,92.86,40.81569,76368.0,729.1
179.2,13.9,p-TSA,0.0298,1000000,118.6,95.9,87.0,89.659595,73465.0,949.2
171.0,9.16,p-TSA,0.0495,500,154.0,97.81,91.4,107.970866,74943.0,770.7
231.2,9.3,Amberlyst-15,0.0804,50000,101.8,99.5,97.23,1393.158891,72702.0,1021.7
68.6,5.97,p-TSA,0.0806,500,80.4,37.46,34.16,0.359912,78652.0,584.2
113.4,1.73,H2SO4,0.0508,5000,176.1,98.22,88.01,3.723913,73185.0,633.1
240.6,1.44,Ti(OBu)4,0.0813,500000,109.0,94.35,87.84,1821.658279,73954.0,1115.8
229.2,6.93,Amberlyst-15,0.0855,500,157.4,99.06,91.01,1367.784495,73541.0,943.3
146.6,2.18,p-TSA,0.0689,1000000,172.1,98.46,88.22,40.223133,75161.0,881.2
177.8,9.5,H2SO4,0.0306,500000,124.8,96.91,93.89,77.639033,77741.0,910.0
112.7,13.33,Ti(OBu)4,0.0347,5000,103.3,95.54,93.54,3.04544,78579.0,716.6
95.7,13.36,H2SO4,0.0383,1000000,10.6,19.93,18.67,1.197785,74202.0,673.6
148.1,10.23,p-TSA,0.0205,500000,16.8,95.52,91.45,14.327376,75757.0,834.7
127.1,3.96,H2SO4,0.0346,5000,44.1,96.96,93.66,6.036793,75164.0,737.9
170.9,13.08,Ti(OBu)4,0.0289,500000,41.6,95.96,91.17,55.153497,73037.0,901.1
74.8,13.41,p-TSA,0.051,500000,53.3,29.02,25.67,0.400482,79845.0,719.8
245.1,3.75,Ti(OBu)4,0.0918,2000,61.8,99.5,89.13,2634.656831,77726.0,932.5
247.4,11.32,H2SO4,0.0194,1000000,71.2,93.85,83.26,679.629226,75378.0,1085.1
192.7,5.01,Amberlyst-15,0.0748,1000000,81.5,95.27,83.93,262.797633,78164.0,965.7
161.9,12.24,Amberlyst-15,0.0719,500,26.8,99.36,90.48,74.075223,77424.0,752.1
118.8,14.96,Amberlyst-15,0.0186,1000000,17.2,40.52,37.25,1.99512,75164.0,790.4
214.6,1.42,Amberlyst-15,0.093,1000000,124.6,98.34,88.91,785.741625,75652.0,1021.8
190.1,13.56,Ti(OBu)4,0.0612,500000,101.3,93.73,83.09,240.461232,78024.0,1002.8
90.9,9.72,Amberlyst-15,0.0427,50000,85.5,64.07,59.78,0.754844,73108.0,707.6
233.1,14.63,Ti(OBu)4,0.0781,2000,117.9,96.49,87.54,1760.012546,78347.0,935.3
216.3,7.51,p-TSA,0.0332,500,150.7,99.4,95.39,394.678853,74550.0,824.4
240.5,12.86,Amberlyst-15,0.0724,2000,82.7,99.5,87.64,1783.107347,78049.0,901.5
197.9,1.87,Ti(OBu)4,0.0136,500,119.0,98.76,95.23,65.261134,74990.0,836.8
176.5,5.69,Amberlyst-15,0.0855,5000,172.1,99.38,96.94,160.603152,75675.0,846.0
139.5,1.94,Amberlyst-15,0.0503,500000,152.7,95.1,90.5,14.075829,74931.0,835.5
237.2,14.65,Amberlyst-15,0.0673,1000000,82.4,96.79,92.27,1611.529438,73936.0,1090.9
224.6,12.44,Ti(OBu)4,0.0299,1000000,119.6,97.09,94.5,474.243768,74460.0,1037.2
68.6,12.94,H2SO4,0.0709,50000,40.1,17.1,15.41,0.306939,77758.0,626.1
65.0,14.13,Amberlyst-15,0.0795,2000,105.3,32.46,31.79,0.227959,70372.0,577.9
131.5,2.19,Amberlyst-15,0.0526,2000,176.8,99.37,95.13,10.17407,72522.0,627.4
214.0,6.4,p-TSA,0.0656,2000,98.1,99.5,94.79,746.214082,73549.0,897.7
247.6,1.99,H2SO4,0.0511,1000000,167.7,95.07,87.09,1552.131865,72843.0,1089.8
88.6,3.95,Ti(OBu)4,0.0905,2000,79.2,83.15,77.71,1.324007,78020.0,541.8
172.9,4.21,p-TSA,0.0548,500000,179.8,95.13,89.94,110.638072,77515.0,883.3
132.4,7.57,Amberlyst-15,0.0858,500,108.5,99.5,93.73,19.624423,76184.0,677.3
244.3,4.76,p-TSA,0.0821,1000000,17.2,97.0,92.19,2853.838078,73724.0,1122.9
220.0,2.41,p-TSA,0.0469,500000,109.7,96.47,85.69,607.027652,77670.0,1078.8
219.3,3.34,Amberlyst-15,0.0307,5000,56.7,99.5,91.1,298.99033,71824.0,933.4
149.1,3.06,H2SO4,0.0465,500000,15.5,96.47,89.08,26.449662,79284.0,804.8
138.8,14.62,H2SO4,0.0844,500000,149.5,95.27,86.32,32.176536,73631.0,824.8
111.9,11.63,p-TSA,0.0305,5000,56.9,92.67,83.15,2.793937,74476.0,623.2
70.7,14.55,Amberlyst-15,0.0572,500000,145.4,42.24,37.75,0.270783,74141.0,625.5
224.3,7.16,Ti(OBu)4,0.0825,500,59.0,99.5,91.21,1156.944175,72854.0,913.1
214.5,4.9,p-TSA,0.0418,1000000,43.0,90.87,84.45,510.644431,78850.0,1042.0
249.9,12.18,Ti(OBu)4,0.0678,50000,175.6,96.87,85.86,2757.524947,76578.0,1077.4
249.4,5.57,p-TSA,0.0321,5000,71.5,99.5,96.98,1256.065297,77431.0,997.6
165.5,5.19,p-TSA,0.0198,1000000,112.2,93.0,88.96,28.220298,72553.0,937.5
206.1,4.26,Amberlyst-15,0.0815,2000,113.7,99.5,94.83,495.883514,75362.0,867.9
239.5,2.82,Amberlyst-15,0.0189,500,105.3,98.98,88.81,365.998142,76042.0,967.2
221.4,4.59,Ti(OBu)4,0.0344,50000,165.5,96.45,90.7,430.584121,75542.0,998.9
107.0,5.97,Ti(OBu)4,0.087,500,124.7,99.5,92.83,4.525809,72679.0,596.2
145.6,10.44,H2SO4,0.0412,500,78.6,99.5,97.34,22.339582,77151.0,705.3
84.5,1.88,Amberlyst-15,0.0976,2000,156.6,87.94,83.96,1.026098,75243.0,575.9
241.3,3.95,p-TSA,0.0982,50000,40.8,95.54,89.57,3070.84,73090.0,1086.0
175.2,12.33,p-TSA,0.0341,500,102.5,99.5,96.03,91.53139,71289.0,780.2
103.4,3.06,H2SO4,0.0137,2000,171.6,80.58,72.16,0.517651,76213.0,623.6
187.6,5.8,Amberlyst-15,0.0735,5000,116.3,99.5,87.71,223.91,79901.0,846.9
177.4,13.11,p-TSA,0.0506,2000,148.9,99.5,94.43,161.111281,72969.0,834.0
128.1,3.17,H2SO4,0.0191,500000,121.1,94.9,84.45,2.958738,75341.0,826.3
81.6,2.16,H2SO4,0.0737,1000000,152.7,82.55,73.59,0.71778,77221.0,695.7
187.6,7.78,p-TSA,0.0128,2000,170.6,99.13,94.62,53.025008,72461.0,799.4
158.9,5.23,p-TSA,0.0883,2000,56.4,97.65,88.58,91.719308,74040.0,735.1
206.7,8.89,Ti(OBu)4,0.0225,2000,38.8,98.15,92.54,179.385446,73280.0,876.4
158.8,12.25,Amberlyst-15,0.0215,500,92.3,96.61,93.88,21.017775,76969.0,772.5
221.9,2.92,Ti(OBu)4,0.0258,50000,129.3,99.41,90.63,328.921426,77651.0,982.2
164.9,9.13,H2SO4,0.0964,2000,48.6,99.5,89.72,127.211306,75318.0,759.4
166.6,8.08,p-TSA,0.0724,2000,10.7,97.57,86.9,113.485423,73317.0,728.7
226.6,3.02,Ti(OBu)4,0.0821,500000,68.3,95.16,84.98,1204.496149,74114.0,1096.8
136.7,9.74,H2SO4,0.0458,500000,174.7,95.64,84.76,15.72955,73739.0,843.7
85.5,4.83,Amberlyst-15,0.0403,5000,128.1,59.1,52.52,0.43777,73045.0,622.5
65.5,7.83,p-TSA,0.0311,5000,78.2,10.68,9.86,0.109792,74796.0,577.5
203.5,2.15,Ti(OBu)4,0.0533,500000,42.7,95.18,86.82,363.078382,76150.0,988.7
177.9,7.43,Amberlyst-15,0.0597,50000,70.5,96.52,91.76,126.338225,75981.0,882.1
193.8,5.29,Ti(OBu)4,0.0669,5000,38.9,97.92,94.69,302.233915,74984.0,914.0
100.5,12.51,H2SO4,0.0331,1000000,28.1,44.91,43.05,1.254158,75114.0,756.5
85.9,1.8,Amberlyst-15,0.0954,1000000,164.1,91.53,85.4,0.994248,74837.0,732.4
62.8,6.86,Ti(OBu)4,0.0253,50000,179.6,15.33,13.65,0.059565,72406.0,618.0
126.6,7.42,Amberlyst-15,0.0969,500000,37.9,95.75,91.05,14.235387,75320.0,820.8
172.1,11.15,H2SO4,0.0113,5000,19.3,99.5,91.17,23.773006,73833.0,811.3
134.5,9.04,Amberlyst-15,0.0533,2000,66.1,99.5,88.41,14.060506,72305.0,700.4
143.1,10.34,Ti(OBu)4,0.04,500000,88.5,94.58,91.2,17.305623,75741.0,866.1
231.8,11.88,H2SO4,0.0504,5000,44.8,98.64,90.14,1184.322565,73777.0,987.7
126.2,13.07,p-TSA,0.0614,50000,61.2,97.82,88.22,13.749432,75456.0,785.4
157.7,5.39,Ti(OBu)4,0.0492,1000000,44.1,93.36,90.29,47.114085,76695.0,910.7
208.9,8.53,Ti(OBu)4,0.0473,50000,141.6,98.9,95.95,395.481596,73100.0,975.1
135.3,12.76,H2SO4,0.0759,5000,131.1,99.5,90.93,25.167921,75184.0,709.9
178.2,14.85,H2SO4,0.0717,50000,117.9,95.92,87.81,207.929358,71379.0,863.0
223.8,13.45,p-TSA,0.085,5000,75.8,98.79,92.66,1728.525229,78065.0,968.0
240.4,6.2,Ti(OBu)4,0.0325,5000,164.5,99.46,94.82,836.8963,72282.0,968.7
87.9,3.73,H2SO4,0.0649,50000,174.8,90.69,80.38,0.978387,73970.0,654.2
236.1,7.85,p-TSA,0.0627,500,39.5,99.5,93.46,1730.701076,77677.0,966.4
153.5,11.38,p-TSA,0.0433,2000,47.9,99.34,96.89,38.496074,74531.0,785.4
109.1,7.9,H2SO4,0.0537,500000,99.4,93.01,84.28,3.525769,72605.0,766.7
147.2,7.76,Ti(OBu)4,0.0382,1000000,25.5,95.72,92.93,19.000468,76426.0,859.2
246.2,12.74,Amberlyst-15,0.0228,2000,84.2,97.45,95.01,632.834955,76381.0,976.9
153.6,6.06,Amberlyst-15,0.0292,500000,108.9,96.91,87.89,18.439012,73734.0,895.0
122.5,13.04,p-TSA,0.0195,500000,98.8,94.21,90.01,3.757425,73950.0,790.0
180.3,6.7,Amberlyst-15,0.0715,1000000,66.3,94.81,85.69,165.516113,74129.0,934.1
105.6,5.6,Amberlyst-15,0.0695,2000,102.2,99.5,94.9,2.967305,74586.0,665.6
74.4,7.36,H2SO4,0.0956,1000000,173.0,78.25,75.1,0.63714,71214.0,691.5
84.5,11.67,p-TSA,0.0757,5000,45.0,56.61,51.22,1.15802,74637.0,578.8
84.3,2.76,Ti(OBu)4,0.0147,1000000,121.3,24.98,23.77,0.146149,78568.0,725.2
88.9,3.75,p-TSA,0.0896,50000,17.4,36.26,34.86,1.485977,73208.0,686.2
86.4,14.32,H2SO4,0.0876,500,21.3,40.38,36.98,1.345005,73833.0,520.7
181.8,3.46,Amberlyst-15,0.0499,500,103.8,99.5,89.23,115.324256,72633.0,783.4
94.6,8.95,Ti(OBu)4,0.0627,500,27.8,50.17,44.61,1.507187,76224.0,563.9
125.7,9.11,p-TSA,0.0978,2000,13.8,96.35,90.33,20.449138,77406.0,692.8
230.4,7.85,Amberlyst-15,0.0579,2000,39.2,99.5,97.29,1022.064541,77361.0,960.0
150.1,10.03,p-TSA,0.0915,5000,106.0,98.23,94.52,65.987557,72504.0,743.5
186.8,4.22,Ti(OBu)4,0.0175,500,129.6,99.5,91.9,56.034653,76000.0,757.3
92.7,8.74,p-TSA,0.0272,5000,44.4,40.78,38.08,0.740069,77868.0,647.8
96.5,6.21,p-TSA,0.0497,500,123.6,99.18,90.05,1.55241,76019.0,542.7
67.8,10.26,p-TSA,0.0626,2000,41.0,15.49,13.89,0.298654,75957.0,542.6
92.1,2.98,Amberlyst-15,0.0835,50000,114.3,88.05,81.73,1.39146,74057.0,661.2
112.9,8.99,Ti(OBu)4,0.0989,50000,80.0,95.32,88.3,7.74637,75440.0,722.2
93.6,3.59,Ti(OBu)4,0.045,50000,121.1,84.66,78.92,1.055004,77473.0,718.6
76.9,4.9,Amberlyst-15,0.0143,1000000,179.2,24.01,23.41,0.087529,75656.0,783.3
82.9,4.06,Amberlyst-15,0.0821,50000,169.4,84.16,79.14,0.784615,72503.0,593.2
147.5,3.56,Amberlyst-15,0.0644,500000,10.7,94.23,88.63,30.487822,74088.0,883.3
99.2,12.56,H2SO4,0.0279,500,160.5,92.21,82.32,1.015135,77419.0,578.3
129.2,5.0,p-TSA,0.0545,50000,21.3,93.19,91.3,13.434351,75649.0,789.4
155.6,13.98,p-TSA,0.0768,500000,172.0,96.58,92.45,80.464451,75238.0,902.8
191.2,14.58,Ti(OBu)4,0.0793,500000,57.9,95.83,92.74,345.809244,73892.0,1005.2
67.5,9.0,p-TSA,0.055,500000,74.9,24.3,22.39,0.231683,77377.0,662.2
211.9,3.0,H2SO4,0.0375,5000,25.6,96.4,89.67,322.177061,78325.0,888.0
179.3,6.24,Amberlyst-15,0.0976,5000,29.1,99.5,92.75,213.161094,77526.0,861.0
75.5,12.17,Ti(OBu)4,0.0697,500000,133.5,61.82,55.6,0.484791,77885.0,677.3
226.0,6.14,Ti(OBu)4,0.0467,1000000,170.5,95.85,90.96,688.362055,74283.0,1057.9
235.0,2.22,p-TSA,0.0352,50000,113.8,94.82,92.0,852.478113,74000.0,1008.1
71.6,8.79,Ti(OBu)4,0.0758,500,131.7,54.97,49.27,0.361326,74687.0,544.2
112.6,12.83,Amberlyst-15,0.0318,1000000,139.5,95.1,84.51,2.332598,75077.0,829.6
213.2,12.14,Ti(OBu)4,0.0255,2000,54.7,99.5,94.91,264.974605,77862.0,862.1
202.2,3.45,Amberlyst-15,0.0577,5000,17.7,98.73,89.58,306.966986,77332.0,909.0
95.1,10.42,H2SO4,0.0361,50000,10.3,16.06,15.13,1.018803,76077.0,661.4
99.8,4.09,H2SO4,0.0666,50000,69.6,88.18,83.73,2.209276,72138.0,640.4
130.4,4.05,Amberlyst-15,0.0206,2000,51.0,95.16,86.81,3.86399,71624.0,695.5
152.1,13.24,p-TSA,0.0689,2000,20.6,99.27,95.45,60.627838,75481.0,720.2
177.5,4.5,Ti(OBu)4,0.0355,50000,40.5,97.35,91.02,71.895239,76761.0,831.3
130.1,4.69,p-TSA,0.01,2000,31.2,71.11,68.75,2.248405,74841.0,666.8
147.9,1.01,Ti(OBu)4,0.0214,50000,165.5,95.09,90.94,10.790767,78830.0,773.8
202.0,13.19,H2SO4,0.094,1000000,33.8,93.07,89.99,676.48352,72835.0,985.6
67.0,12.1,H2SO4,0.0881,2000,101.4,39.16,34.54,0.334761,72583.0,492.7
108.0,9.78,H2SO4,0.031,1000000,110.8,93.67,84.71,2.049831,73671.0,758.1
195.5,11.5,Ti(OBu)4,0.0801,1000000,102.4,96.29,85.6,399.544047,73595.0,967.4
230.1,3.13,H2SO4,0.0648,2000,26.8,99.5,91.96,1051.429287,76053.0,951.5
157.2,7.42,H2SO4,0.0974,50000,64.2,97.46,94.44,88.478834,74157.0,845.8
161.1,5.92,H2SO4,0.0436,500000,18.7,92.3,85.54,47.110874,71904.0,895.5
80.4,2.31,H2SO4,0.0713,50000,77.3,51.66,49.85,0.609337,76783.0,628.8
145.0,7.81,p-TSA,0.0157,500,42.1,99.5,90.82,9.592837,71480.0,689.6
161.2,13.89,H2SO4,0.0457,2000,105.5,99.3,90.76,48.813725,72858.0,742.9
106.1,1.56,H2SO4,0.0967,5000,127.8,98.16,95.17,4.915572,71755.0,625.7
111.2,5.08,p-TSA,0.0585,2000,100.5,99.5,91.8,4.925768,75414.0,664.1
131.7,3.91,p-TSA,0.0359,500,83.8,99.5,95.42,9.571416,75372.0,611.4
63.8,4.33,Ti(OBu)4,0.0208,1000000,75.8,6.09,5.51,0.042321,78833.0,657.1
121.2,13.72,Amberlyst-15,0.0733,5000,153.1,97.54,95.09,9.820636,76828.0,678.2
100.2,7.55,H2SO4,0.068,5000,47.3,86.35,80.95,2.381147,77883.0,653.4
122.2,7.53,H2SO4,0.0437,50000,134.8,96.35,92.11,6.037256,75577.0,697.8
82.8,11.65,H2SO4,0.0956,500000,138.8,86.94,77.28,1.147593,73046.0,692.2
229.2,3.16,Ti(OBu)4,0.012,50000,81.3,95.84,89.06,196.52446,75256.0,1018.2
172.8,7.82,H2SO4,0.0373,5000,60.5,97.98,95.05,73.014461,76185.0,759.8
189.0,7.02,Amberlyst-15,0.0929,5000,90.0,99.5,96.29,313.889634,76408.0,825.3
209.9,9.36,p-TSA,0.0389,500000,25.8,95.44,84.43,429.167701,74055.0,1007.1
154.7,14.99,Ti(OBu)4,0.0327,2000,17.8,98.79,89.94,28.506744,75978.0,767.2
76.5,11.77,p-TSA,0.0581,500000,29.0,19.17,17.72,0.526279,73134.0,681.7
162.1,6.57,H2SO4,0.0841,1000000,41.8,96.23,86.34,89.561472,72913.0,921.9
171.5,12.59,H2SO4,0.0193,50000,95.7,96.02,91.51,35.910356,72768.0,831.3
201.6,3.39,H2SO4,0.0949,2000,154.4,98.95,88.9,592.945801,75049.0,821.5
142.0,1.43,Amberlyst-15,0.0816,50000,50.1,99.22,90.75,27.184865,72644.0,792.5
84.2,3.86,Amberlyst-15,0.0263,500000,169.0,50.72,48.0,0.272432,74151.0,658.7
113.9,5.77,Ti(OBu)4,0.0741,2000,172.3,96.65,89.72,5.779833,76806.0,623.9
129.0,8.15,p-TSA,0.0446,500000,173.0,92.85,88.56,11.299251,72942.0,835.4
182.7,9.61,H2SO4,0.0462,1000000,152.4,94.95,92.68,132.185667,73991.0,962.5
168.4,13.75,H2SO4,0.0805,500,71.9,98.18,87.54,145.320072,75143.0,739.0
127.7,8.14,H2SO4,0.0967,5000,22.4,99.39,94.51,18.637928,75494.0,683.2
247.4,8.02,H2SO4,0.0214,2000,106.7,99.16,89.55,802.587509,74001.0,1002.3
175.1,1.7,Amberlyst-15,0.0479,5000,105.0,98.75,90.99,70.699741,76574.0,829.1
105.1,1.49,p-TSA,0.0533,500,154.5,98.86,87.32,3.009284,76181.0,561.2
79.3,8.72,p-TSA,0.0439,2000,179.3,76.28,68.16,0.446891,77280.0,505.0
89.0,7.13,Ti(OBu)4,0.0427,5000,96.4,71.11,64.85,0.693294,74837.0,664.0
106.7,12.75,Amberlyst-15,0.0147,5000,68.7,56.95,52.06,0.770299,73974.0,615.1
90.5,3.25,H2SO4,0.0717,2000,41.6,59.09,57.32,1.244348,73635.0,607.2
95.4,1.35,p-TSA,0.0493,5000,10.8,21.67,20.68,1.362739,75614.0,668.9
114.2,7.29,p-TSA,0.0275,5000,96.5,96.99,94.78,2.680681,74246.0,674.8
92.9,4.32,Amberlyst-15,0.0834,2000,104.4,90.96,85.5,1.478406,73862.0,579.4
230.4,1.69,Ti(OBu)4,0.0822,5000,150.2,96.87,87.59,1371.554605,74103.0,918.1
75.2,11.14,Ti(OBu)4,0.0538,5000,95.8,40.93,37.36,0.33926,73633.0,529.9
159.7,2.56,H2SO4,0.0369,50000,165.8,97.61,89.02,33.061906,75398.0,845.4
138.0,9.52,Ti(OBu)4,0.0674,1000000,116.8,94.27,86.03,20.991603,72175.0,888.5
246.7,4.93,p-TSA,0.0359,50000,152.9,93.13,88.22,1285.311232,75606.0,1039.7
81.3,3.43,Ti(OBu)4,0.0312,500,35.2,15.84,14.78,0.298837,76353.0,521.5
135.6,6.32,H2SO4,0.0757,50000,155.4,96.94,89.05,21.252019,73838.0,794.9
244.2,12.22,p-TSA,0.0136,50000,124.8,99.02,88.61,502.610957,78844.0,1024.9
224.4,6.49,Ti(OBu)4,0.0185,500,38.9,99.5,87.78,268.805383,75035.0,904.3
215.2,11.51,Ti(OBu)4,0.0106,5000,42.3,96.28,86.84,115.783841,71877.0,924.3
109.0,2.76,Amberlyst-15,0.0238,5000,167.5,91.64,81.63,1.326603,74438.0,645.2
92.5,11.82,H2SO4,0.0162,50000,15.5,8.11,7.78,0.38282,75125.0,665.7
187.0,4.32,Ti(OBu)4,0.0996,500,88.6,99.06,88.29,320.624893,75898.0,855.4
236.6,10.48,Amberlyst-15,0.036,5000,63.3,99.5,94.77,798.799964,74485.0,994.5
165.8,8.92,p-TSA,0.0234,500000,123.1,95.49,87.71,39.437972,72977.0,932.2
168.6,14.01,Amberlyst-15,0.0317,2000,152.7,99.5,88.29,47.215643,72810.0,759.0
113.2,6.42,Amberlyst-15,0.0943,2000,71.3,97.07,93.31,6.489062,73693.0,680.9
206.2,1.93,Ti(OBu)4,0.0568,1000000,82.6,96.5,90.51,414.480279,73884.0,1034.7
95.5,1.27,Ti(OBu)4,0.0428,2000,176.9,94.78,85.64,0.981881,72730.0,558.9
121.5,12.58,Ti(OBu)4,0.0886,50000,143.3,93.97,91.1,12.183567,73534.0,754.9
140.8,8.35,Amberlyst-15,0.0455,2000,162.5,99.5,88.01,15.036861,76319.0,701.7
156.4,11.85,p-TSA,0.0402,2000,84.6,99.24,89.33,39.625898,78297.0,709.8
106.1,4.28,H2SO4,0.0287,500000,49.8,67.43,64.41,1.510077,76511.0,754.0
81.8,5.83,Amberlyst-15,0.044,5000,80.0,38.15,36.28,0.338616,77612.0,605.7
176.0,1.42,Ti(OBu)4,0.0385,500000,131.7,97.41,88.54,71.29096,76948.0,929.5
114.8,14.46,H2SO4,0.071,50000,28.6,92.24,81.75,7.23303,76666.0,718.8
170.4,10.35,p-TSA,0.0361,2000,56.0,99.5,96.1,81.95547,74324.0,781.2
89.3,14.06,H2SO4,0.0619,5000,17.9,31.62,28.81,1.121442,75282.0,682.3
151.4,4.72,Ti(OBu)4,0.0159,1000000,83.5,93.59,84.19,9.363914,74159.0,843.1
161.2,9.56,Amberlyst-15,0.0272,1000000,150.7,98.02,91.32,26.141149,74562.0,929.2
69.8,10.5,Amberlyst-15,0.0467,2000,14.2,4.51,4.38,0.179801,75136.0,540.1
124.0,5.45,Ti(OBu)4,0.0943,2000,124.8,99.5,87.99,13.164163,76427.0,649.3
85.5,12.87,Amberlyst-15,0.044,1000000,168.5,73.13,69.96,0.559433,75847.0,712.4
72.0,14.26,Ti(OBu)4,0.0698,1000000,50.3,29.15,27.32,0.356959,74676.0,638.3
248.1,13.39,Amberlyst-15,0.033,50000,127.9,95.16,87.79,1101.403888,75111.0,1037.3
121.2,11.35,Amberlyst-15,0.0214,2000,175.8,99.5,94.96,2.302792,75867.0,666.8
213.9,4.88,Amberlyst-15,0.0153,1000000,173.6,93.56,91.37,128.505435,76335.0,988.2
108.4,4.94,p-TSA,0.0375,500,49.9,87.13,78.67,2.476475,71962.0,621.1
189.5,14.49,p-TSA,0.0242,1000000,27.1,96.23,86.07,128.246726,72845.0,944.8
204.4,1.14,Ti(OBu)4,0.0257,5000,35.2,99.5,96.64,169.929464,77215.0,852.5
173.2,11.02,p-TSA,0.0785,5000,129.3,96.59,91.46,180.648596,74878.0,785.5
149.6,10.89,Ti(OBu)4,0.0114,500,133.4,99.5,91.92,7.639505,74152.0,774.2
138.2,9.72,H2SO4,0.0602,50000,124.6,98.57,92.39,21.226626,74473.0,721.2
126.3,14.86,H2SO4,0.0442,2000,67.1,97.69,93.25,8.477279,74473.0,693.8
236.6,5.37,p-TSA,0.0556,2000,38.9,99.5,95.25,1588.045483,76116.0,934.0
217.8,5.76,H2SO4,0.0607,1000000,108.7,92.86,90.26,727.361191,72784.0,1034.0
243.4,2.11,H2SO4,0.0382,5000,92.2,97.56,90.02,1035.171271,75050.0,1011.5
83.6,7.2,Amberlyst-15,0.0366,50000,133.9,55.35,50.34,0.383946,75492.0,660.6
198.9,4.65,Amberlyst-15,0.076,50000,85.0,95.72,90.36,358.760177,75793.0,911.7
238.3,5.81,Ti(OBu)4,0.0884,50000,67.6,97.4,89.76,2042.549205,75446.0,989.9
94.4,12.68,H2SO4,0.0273,1000000,59.9,50.59,47.52,0.703055,76032.0,754.7
72.6,14.1,Ti(OBu)4,0.0188,2000,45.9,7.52,6.93,0.105558,73855.0,563.2
200.8,3.6,Ti(OBu)4,0.0908,50000,55.2,98.25,87.96,516.917932,73116.0,928.4
169.1,6.22,H2SO4,0.0415,1000000,26.1,94.71,87.79,64.343464,79914.0,936.1
219.9,14.0,p-TSA,0.0596,1000000,69.0,95.4,90.54,1040.631805,74397.0,1036.5
86.6,1.87,H2SO4,0.0424,500,16.2,15.86,15.23,0.574939,74631.0,526.5
211.1,2.29,Amberlyst-15,0.0213,500000,41.7,96.69,89.85,147.202201,76356.0,1012.8
98.3,3.28,H2SO4,0.063,50000,137.0,96.93,86.9,1.781055,78192.0,696.3
91.1,9.33,p-TSA,0.0573,500000,65.3,72.32,66.64,1.360433,73911.0,722.0
91.2,3.11,Ti(OBu)4,0.0283,2000,123.6,64.83,62.15,0.491261,73002.0,608.4
214.8,14.55,Ti(OBu)4,0.0507,1000000,131.9,93.73,86.35,590.42438,72516.0,1014.1
186.4,7.25,Amberlyst-15,0.0817,50000,108.8,95.08,90.29,228.735156,78186.0,948.4
159.4,8.02,Amberlyst-15,0.0631,5000,173.0,98.39,91.58,52.854045,72924.0,773.1
128.2,4.45,Amberlyst-15,0.0187,2000,13.6,47.63,43.06,3.156305,74945.0,681.9
226.7,7.59,Ti(OBu)4,0.0593,500,135.6,99.5,95.48,948.894104,73045.0,862.1
134.6,10.27,Amberlyst-15,0.0732,500,173.0,99.5,88.4,17.813715,72103.0,665.5
215.2,11.52,H2SO4,0.0813,500000,156.6,92.65,86.39,949.659236,74415.0,1038.8
143.4,11.55,Ti(OBu)4,0.0666,1000000,38.5,93.81,84.51,32.822466,73124.0,881.5
131.6,9.09,p-TSA,0.0237,500000,65.6,93.25,82.69,6.856528,73617.0,860.9
147.9,13.66,Ti(OBu)4,0.0739,5000,39.3,97.81,90.99,45.663051,79012.0,770.3
117.3,12.44,H2SO4,0.071,5000,112.2,99.18,92.24,7.870406,75850.0,686.4
202.0,11.6,H2SO4,0.0122,500,131.1,99.5,94.59,89.984101,76863.0,826.7
155.5,1.78,Amberlyst-15,0.0471,50000,63.9,96.12,91.74,33.534792,76649.0,803.9
104.1,1.1,Ti(OBu)4,0.04,500,101.7,95.32,90.82,1.537656,74798.0,624.4
230.9,3.97,Ti(OBu)4,0.0702,500,127.5,96.54,88.91,1145.219029,74121.0,940.8
132.9,10.29,Ti(OBu)4,0.0295,5000,81.6,99.5,93.85,7.663469,75498.0,685.0
163.3,6.76,p-TSA,0.0632,500000,155.2,94.68,88.78,90.788713,75337.0,914.8
232.2,6.63,Amberlyst-15,0.0922,5000,141.2,98.38,90.72,1563.652709,73862.0,985.0
178.6,13.38,H2SO4,0.0818,1000000,21.0,94.26,88.58,208.939326,75260.0,913.1
82.2,13.54,H2SO4,0.0929,5000,115.6,89.33,87.08,1.109618,73587.0,606.7
238.6,13.73,Amberlyst-15,0.0981,5000,50.0,96.65,86.92,2415.713958,74657.0,949.9
179.3,5.39,H2SO4,0.011,500,104.8,99.5,96.57,26.047417,74329.0,710.2
123.6,10.67,H2SO4,0.066,50000,172.7,97.79,86.58,11.043276,72462.0,739.2
86.5,4.8,Amberlyst-15,0.0472,500,159.4,75.02,68.33,0.592934,70298.0,558.8
210.9,3.67,H2SO4,0.0874,2000,78.8,97.72,88.81,764.057009,73122.0,888.8
177.8,3.58,Ti(OBu)4,0.0327,5000,59.6,98.28,92.64,68.197439,78608.0,915.5
161.4,5.79,p-TSA,0.0983,5000,49.8,97.17,86.78,126.4571,74381.0,799.7
229.8,7.02,Amberlyst-15,0.0652,2000,100.5,97.87,94.76,984.093702,76552.0,944.1
209.8,12.63,p-TSA,0.0814,5000,29.4,97.98,94.34,863.920019,70751.0,922.4
88.8,2.68,H2SO4,0.0177,5000,103.4,38.68,36.56,0.276358,72983.0,593.8
119.2,11.29,H2SO4,0.0265,1000000,10.2,40.99,37.95,3.283986,72291.0,826.0
107.2,8.44,Ti(OBu)4,0.0783,5000,65.1,99.24,96.59,4.18002,74595.0,663.8
201.3,5.03,Amberlyst-15,0.012,2000,47.4,97.6,94.0,67.754288,79844.0,877.9
66.4,7.9,H2SO4,0.0835,500,175.1,53.9,50.12,0.309921,75920.0,482.2
168.3,5.2,Amberlyst-15,0.0113,5000,133.6,99.5,94.54,13.831366,78391.0,758.7
204.9,9.35,Amberlyst-15,0.0691,50000,69.4,96.01,89.93,446.417603,74491.0,932.1
226.6,7.07,Amberlyst-15,0.0429,2000,25.8,97.13,91.19,595.93306,77730.0,940.0
125.0,3.3,Amberlyst-15,0.065,500000,97.9,92.89,84.81,8.990258,79147.0,784.1
216.0,2.63,Amberlyst-15,0.0726,1000000,46.3,96.66,89.53,678.756345,74781.0,1048.8
81.0,8.65,p-TSA,0.0408,2000,101.2,54.31,48.22,0.435273,73921.0,560.6
220.8,13.63,Ti(OBu)4,0.0197,500,152.0,99.5,91.12,286.0593,72364.0,899.9
84.2,5.82,Amberlyst-15,0.0163,2000,114.7,27.01,25.65,0.157247,74382.0,546.3
135.5,11.26,p-TSA,0.063,500000,117.7,97.02,94.63,24.974244,75164.0,829.4
211.5,10.22,H2SO4,0.0569,1000000,102.0,94.78,92.53,576.974473,79062.0,1009.5
88.5,14.04,Amberlyst-15,0.0768,50000,167.6,97.37,91.1,1.176459,72410.0,610.0
103.6,12.49,H2SO4,0.0559,500000,168.4,95.66,89.99,2.74712,75119.0,738.9
197.2,8.93,Amberlyst-15,0.048,2000,97.2,99.5,89.41,222.325065,71371.0,904.2
196.8,10.2,p-TSA,0.0458,500000,62.0,96.71,91.83,300.136161,74146.0,933.2
181.8,13.58,p-TSA,0.0124,2000,88.1,99.04,87.86,46.643719,75623.0,823.2
191.9,6.59,p-TSA,0.0402,50000,41.7,96.12,87.32,185.267981,76025.0,938.5
163.1,5.58,Ti(OBu)4,0.0978,50000,118.2,97.5,92.31,118.094033,76178.0,911.7
107.8,1.15,H2SO4,0.0886,500,95.0,99.5,90.65,5.104527,75795.0,589.8
125.7,12.57,Ti(OBu)4,0.0396,50000,27.6,92.4,81.77,6.774035,76161.0,730.2
94.5,12.21,Amberlyst-15,0.0629,5000,43.6,64.87,62.48,1.474049,75091.0,586.2
232.6,2.46,H2SO4,0.0863,500000,91.5,97.35,88.69,1762.00509,72904.0,1100.7
170.8,9.08,p-TSA,0.0497,500000,160.9,98.6,87.39,107.585887,71297.0,886.0
136.2,7.5,H2SO4,0.0116,2000,106.3,99.5,88.3,3.522301,73907.0,694.3
147.8,2.66,p-TSA,0.0167,50000,125.9,99.5,90.07,10.377925,74731.0,748.9
240.0,14.73,Ti(OBu)4,0.0559,500,67.6,99.06,88.93,1833.367379,77508.0,961.4
89.1,4.01,Ti(OBu)4,0.0972,500,107.1,94.56,90.54,1.539715,74799.0,592.5
171.4,1.94,p-TSA,0.0724,500,86.1,99.5,90.76,128.767972,74607.0,788.8
156.1,9.33,p-TSA,0.0164,1000000,122.1,93.7,90.0,16.848188,75771.0,842.1
176.2,11.34,Amberlyst-15,0.027,5000,18.6,97.77,87.74,54.506506,74460.0,843.6
63.4,1.45,Ti(OBu)4,0.0794,50000,93.9,26.19,24.34,0.173416,76621.0,543.4
225.7,10.22,Ti(OBu)4,0.0857,500,60.3,98.54,93.49,1404.878822,78959.0,900.9
237.1,8.45,Amberlyst-15,0.0656,5000,65.5,96.49,91.2,1282.127974,79382.0,983.9
167.4,2.45,Ti(OBu)4,0.068,500000,173.4,97.79,91.94,83.738771,75194.0,912.7
192.4,3.42,p-TSA,0.0126,2000,41.1,99.5,96.76,61.413143,75674.0,862.0
235.3,8.95,H2SO4,0.0846,50000,62.9,97.65,88.16,1791.45838,78158.0,1022.9
194.4,5.15,H2SO4,0.0809,50000,96.7,96.93,90.09,389.225578,74700.0,862.0
89.0,14.14,Ti(OBu)4,0.0333,1000000,156.7,75.4,73.01,0.554498,76358.0,738.5
169.5,12.46,Amberlyst-15,0.0738,500000,80.8,95.92,85.16,100.910374,72730.0,911.6
175.3,14.77,p-TSA,0.0293,50000,136.5,99.37,88.0,78.143664,74378.0,846.1
140.6,4.64,H2SO4,0.0136,1000000,155.6,95.41,86.18,5.12828,77312.0,804.4
199.9,14.58,p-TSA,0.0281,1000000,62.7,98.3,92.73,232.788394,73564.0,1046.0
237.5,7.04,Ti(OBu)4,0.0261,1000000,76.8,93.7,84.89,603.664219,74744.0,1130.8
235.9,5.87,Ti(OBu)4,0.0404,50000,70.6,96.97,87.18,851.232014,71852.0,1045.8
145.7,1.7,H2SO4,0.0477,50000,151.6,96.44,89.29,22.421223,79012.0,778.8
81.5,1.74,Ti(OBu)4,0.0558,50000,17.5,11.39,10.72,0.471324,77526.0,563.2
247.1,10.69,Amberlyst-15,0.0529,5000,62.4,98.27,88.92,1621.372675,75376.0,1025.7
219.4,7.41,Ti(OBu)4,0.0344,1000000,125.5,95.67,87.07,391.567726,76015.0,1059.5
83.7,4.17,Ti(OBu)4,0.0126,5000,106.1,21.89,20.61,0.136915,75792.0,582.9
235.0,9.6,Ti(OBu)4,0.0645,2000,84.2,99.5,96.97,1412.560312,77769.0,986.2
225.3,4.54,p-TSA,0.0456,50000,101.8,97.7,92.57,757.861413,73962.0,1023.6
158.6,9.09,p-TSA,0.0369,500000,43.6,97.23,93.17,42.565262,76465.0,886.7
172.3,6.03,H2SO4,0.088,500,83.2,99.5,91.21,159.696973,77155.0,766.9
135.8,12.53,H2SO4,0.0772,2000,95.3,99.5,90.27,26.904527,77431.0,706.1
70.4,12.49,H2SO4,0.0872,500,163.2,72.58,67.17,0.395791,70481.0,531.4
123.7,7.68,Ti(OBu)4,0.0545,500,54.3,99.5,95.59,7.989611,73801.0,618.4
212.5,5.91,p-TSA,0.0218,50000,157.5,95.51,88.41,231.328956,72962.0,979.1
60.9,6.08,Amberlyst-15,0.0727,500000,119.5,20.87,20.13,0.134991,75299.0,609.5
123.4,12.28,Ti(OBu)4,0.0285,500,13.5,63.55,62.21,4.616271,70968.0,683.5
135.7,5.59,Ti(OBu)4,0.0497,1000000,133.2,95.73,84.93,14.049554,70909.0,855.1
162.1,3.93,Ti(OBu)4,0.0159,500,16.0,99.5,88.01,15.631942,79340.0,719.6
234.8,2.19,Amberlyst-15,0.0843,2000,179.6,99.5,89.05,1511.00471,76235.0,954.4
125.8,7.53,H2SO4,0.0213,500000,158.3,95.51,87.72,3.43152,75242.0,773.8
125.9,7.75,Amberlyst-15,0.0913,500000,60.5,94.55,84.44,12.468249,75727.0,844.9
200.1,12.77,H2SO4,0.0878,500,53.8,99.5,96.22,544.053304,75293.0,883.9
145.9,4.1,Amberlyst-15,0.0518,500000,74.8,98.28,86.72,21.316266,76995.0,870.6
102.7,6.33,p-TSA,0.077,2000,70.5,99.43,90.64,3.881454,73735.0,668.4
146.0,12.32,Ti(OBu)4,0.0658,2000,73.3,99.5,89.4,29.758465,75373.0,734.5
86.8,12.53,Ti(OBu)4,0.0823,2000,64.1,75.21,73.2,1.357351,75455.0,604.9
93.5,6.38,Ti(OBu)4,0.0489,1000000,115.6,82.66,78.28,1.088658,72906.0,770.5
154.7,7.43,H2SO4,0.0807,50000,37.9,96.24,93.47,59.521351,77554.0,821.5
139.6,5.25,Amberlyst-15,0.0516,500,153.8,98.88,96.63,15.698936,74109.0,686.1
233.8,14.06,p-TSA,0.0947,500000,148.1,95.31,88.61,2753.794701,77035.0,1097.5
128.9,2.66,Amberlyst-15,0.0538,2000,91.0,98.46,88.96,8.908991,75230.0,706.6
170.3,14.07,Ti(OBu)4,0.0516,500,155.0,99.5,89.49,97.087274,78267.0,738.1
180.1,10.57,p-TSA,0.0807,500,52.0,99.29,89.59,238.143876,72917.0,719.7
62.5,8.44,p-TSA,0.0839,50000,13.0,3.7,3.52,0.234872,72830.0,585.9
186.1,1.46,Ti(OBu)4,0.0599,1000000,115.3,97.96,86.6,164.378664,73189.0,902.3
93.8,7.66,Amberlyst-15,0.0262,500000,87.8,51.6,45.67,0.588002,75267.0,689.8
242.6,6.71,Ti(OBu)4,0.0521,1000000,106.4,95.28,89.64,1468.052791,78083.0,1080.3
88.2,3.26,Amberlyst-15,0.0971,500000,162.9,93.13,87.94,1.450069,78186.0,688.5
138.8,10.19,p-TSA,0.0778,2000,174.9,97.39,92.18,32.438128,70380.0,736.6
76.2,14.6,p-TSA,0.083,2000,117.9,78.4,71.91,0.726387,75499.0,586.7
249.4,8.87,Ti(OBu)4,0.013,500,139.9,99.5,95.58,457.817786,68574.0,973.7
155.4,11.01,p-TSA,0.0521,500000,24.2,97.84,91.32,56.42377,76590.0,892.5
173.1,1.96,H2SO4,0.0682,500000,37.3,94.48,84.14,115.778181,77236.0,937.4
72.7,6.85,p-TSA,0.0847,1000000,134.6,65.76,63.11,0.525571,74920.0,607.0
202.5,2.63,H2SO4,0.0144,2000,83.3,99.16,96.71,88.516433,75168.0,871.6
99.9,9.58,p-TSA,0.0867,5000,85.8,98.43,87.21,3.744341,75147.0,580.8
230.6,14.14,Ti(OBu)4,0.0594,500,62.5,97.82,89.91,1170.183873,73431.0,926.8
99.0,10.26,Ti(OBu)4,0.0278,500000,113.3,79.54,73.87,0.935927,75863.0,669.6
96.2,2.08,H2SO4,0.0386,50000,41.5,46.08,41.22,0.985262,74537.0,670.1
66.9,5.97,Ti(OBu)4,0.0354,50000,116.6,19.77,19.11,0.113664,76861.0,618.7
149.7,8.71,p-TSA,0.0578,5000,39.5,95.31,86.58,44.357912,74773.0,725.6
167.3,6.64,p-TSA,0.0147,2000,20.9,96.3,92.28,26.4827,73278.0,812.2
72.5,12.67,Ti(OBu)4,0.0243,2000,66.2,14.81,14.02,0.128026,71928.0,561.5
207.4,12.41,p-TSA,0.0831,2000,49.3,98.28,92.36,821.705019,71272.0,894.9
146.1,9.57,Amberlyst-15,0.0219,1000000,161.1,93.57,84.14,9.642535,77625.0,886.3
159.6,6.23,Amberlyst-15,0.031,50000,19.3,98.89,89.2,26.514286,74084.0,823.3
143.7,4.57,p-TSA,0.0508,2000,40.0,99.5,88.03,24.850468,75677.0,729.0
136.1,2.48,Ti(OBu)4,0.0565,50000,103.3,98.31,88.88,15.289139,78566.0,775.6
166.3,5.97,H2SO4,0.0787,5000,91.8,98.25,89.85,113.229263,73874.0,800.4
89.5,6.78,Ti(OBu)4,0.0503,500,17.8,26.37,25.41,0.74534,73745.0,538.5
94.6,10.46,H2SO4,0.0811,1000000,11.2,30.87,28.3,2.227259,74736.0,699.1
223.7,10.21,Ti(OBu)4,0.0657,500000,178.0,98.12,93.75,957.311627,75059.0,1034.2
239.8,1.98,p-TSA,0.0202,5000,122.0,98.41,90.92,567.714799,78775.0,972.6
130.9,6.53,Amberlyst-15,0.0241,50000,72.1,94.16,90.25,4.454796,78132.0,740.2
111.4,3.54,Ti(OBu)4,0.0493,5000,90.0,98.49,96.28,3.460057,76242.0,689.1
182.4,3.2,H2SO4,0.0457,500000,55.3,95.97,86.76,127.533724,77899.0,905.7
137.7,12.58,Amberlyst-15,0.0769,1000000,68.6,93.47,90.32,24.460745,74644.0,839.0
64.8,1.59,H2SO4,0.0623,500,120.3,26.71,25.16,0.170945,75598.0,532.0
89.7,6.87,p-TSA,0.0449,500000,160.1,87.59,84.24,0.900741,74397.0,736.4
196.0,3.35,Amberlyst-15,0.0254,1000000,41.3,95.57,90.33,99.574532,72419.0,1026.6
185.2,13.31,H2SO4,0.0304,50000,152.9,93.29,86.05,113.258523,77408.0,880.2
65.1,8.8,Ti(OBu)4,0.0618,500000,30.7,10.03,9.06,0.17432,76063.0,671.3
102.2,4.24,p-TSA,0.0481,5000,46.5,79.72,70.71,2.34593,75036.0,608.5
103.9,8.03,p-TSA,0.0563,2000,16.3,54.0,50.41,3.011493,74995.0,616.5
187.7,11.24,p-TSA,0.0254,5000,33.9,99.5,97.41,115.302117,71988.0,848.6
63.7,14.41,Ti(OBu)4,0.0697,50000,165.9,41.23,39.32,0.221365,73045.0,577.0
79.8,4.09,Ti(OBu)4,0.0867,500,88.1,66.41,60.62,0.682018,75672.0,523.5
212.0,13.41,Amberlyst-15,0.0332,500000,23.2,96.16,92.57,301.870572,73942.0,1000.1
93.9,14.08,Ti(OBu)4,0.0542,500,173.2,98.25,94.02,1.476297,74565.0,540.3
184.0,13.83,Amberlyst-15,0.0978,50000,159.4,96.77,87.88,299.548923,74791.0,920.7
105.3,9.9,p-TSA,0.04,500000,138.3,95.88,84.51,2.402218,73635.0,742.6
78.9,9.82,Amberlyst-15,0.0636,1000000,168.7,69.82,62.27,0.468272,73064.0,703.3
106.2,6.64,H2SO4,0.0181,1000000,47.4,49.46,47.87,0.954482,71775.0,770.4
197.2,11.53,p-TSA,0.0645,5000,152.2,99.41,95.8,459.37004,74707.0,879.7
222.6,8.44,p-TSA,0.0181,5000,127.3,98.28,89.39,299.412616,76237.0,944.2
217.7,10.48,Amberlyst-15,0.0963,50000,157.9,97.05,88.17,1039.17404,71713.0,970.1
135.5,7.0,p-TSA,0.0744,1000000,145.5,96.68,92.75,24.660307,74952.0,881.2
186.9,11.24,Ti(OBu)4,0.0809,500000,68.9,95.33,92.83,297.684052,75562.0,975.1
98.9,12.54,H2SO4,0.0734,1000000,141.6,94.91,90.92,2.736989,73021.0,747.9
115.7,3.05,Amberlyst-15,0.0631,5000,54.6,96.33,90.61,4.543567,77844.0,660.8
230.3,12.66,Amberlyst-15,0.0505,50000,65.9,97.65,88.3,846.018768,74229.0,1007.1
62.5,8.56,p-TSA,0.0873,1000000,28.3,11.09,10.34,0.224539,74797.0,668.7
76.2,12.83,Ti(OBu)4,0.0961,50000,169.0,84.95,76.74,0.673552,74677.0,670.6
99.5,7.04,p-TSA,0.0549,1000000,59.5,83.54,80.27,2.297442,71458.0,707.6
65.0,6.31,p-TSA,0.0938,500,98.5,39.83,36.59,0.337369,77018.0,517.3
94.5,13.81,Amberlyst-15,0.0625,1000000,76.5,82.09,79.09,1.544913,73089.0,770.0
170.8,4.52,p-TSA,0.0585,5000,173.2,98.88,90.79,112.663241,74527.0,767.3
140.1,12.82,H2SO4,0.0509,500000,67.0,94.14,90.6,20.995461,76195.0,829.7
229.6,7.78,p-TSA,0.0288,5000,142.4,99.5,90.88,641.828238,77922.0,927.0
215.3,8.2,p-TSA,0.0103,5000,155.4,95.95,88.66,133.838186,72840.0,936.2
124.9,5.32,Amberlyst-15,0.0317,5000,84.1,99.44,93.63,4.689979,74107.0,686.6
109.3,9.02,p-TSA,0.0559,50000,74.3,94.64,83.95,4.30299,77765.0,704.3
132.1,5.55,Ti(OBu)4,0.0442,2000,137.1,99.5,96.99,10.730038,75927.0,683.1
172.2,1.55,Amberlyst-15,0.0504,2000,165.2,96.78,90.72,73.369011,76342.0,817.0
110.9,4.81,p-TSA,0.0983,500,138.3,99.5,92.61,8.097639,72898.0,619.1
178.6,1.09,H2SO4,0.0415,5000,48.6,98.38,94.83,81.104145,74242.0,838.3
137.8,14.7,H2SO4,0.0507,2000,161.0,98.55,95.25,20.089444,74664.0,714.3
164.9,14.52,Amberlyst-15,0.022,500,75.9,99.5,92.76,27.308632,73284.0,764.3
142.9,6.53,Amberlyst-15,0.0143,50000,108.0,97.94,95.27,5.146343,71651.0,784.2
115.9,11.2,p-TSA,0.0798,5000,151.3,97.14,86.12,8.875095,73979.0,725.8
240.2,5.84,Ti(OBu)4,0.0614,500000,42.0,94.28,84.03,1520.065743,77709.0,1048.4
205.1,10.4,p-TSA,0.0785,50000,143.4,97.97,92.06,701.532436,75118.0,895.9
86.6,12.28,H2SO4,0.0235,500,111.3,47.79,43.75,0.352704,77749.0,497.2
225.0,14.25,Ti(OBu)4,0.0615,50000,161.9,96.12,89.05,949.76047,75358.0,935.1
152.6,6.6,Ti(OBu)4,0.0328,500000,39.2,99.5,90.82,22.728,73471.0,886.7
230.0,11.97,Ti(OBu)4,0.0305,50000,81.5,95.55,87.95,612.537267,77555.0,1026.4
212.0,4.72,p-TSA,0.011,500,151.6,99.5,95.75,117.787973,75425.0,901.1
140.8,14.86,H2SO4,0.0217,500000,13.3,83.38,78.32,10.230834,76924.0,805.2
64.3,1.36,Amberlyst-15,0.0378,500000,29.1,4.44,4.35,0.080572,72863.0,668.0
111.0,9.45,p-TSA,0.0205,50000,178.4,97.5,93.47,1.776975,77078.0,714.3
162.9,10.23,Amberlyst-15,0.0987,500000,57.7,97.19,88.19,99.986826,77138.0,897.2
180.4,10.63,Ti(OBu)4,0.0378,50000,175.8,96.7,87.65,92.198234,75580.0,904.6
109.0,2.69,Ti(OBu)4,0.0217,5000,41.0,58.65,53.59,1.330847,73386.0,634.8
86.5,14.14,p-TSA,0.0279,500000,71.4,43.53,41.98,0.55558,74908.0,778.8
218.6,3.54,H2SO4,0.0629,50000,138.0,97.35,85.93,677.024591,76223.0,1021.5
247.0,9.72,Ti(OBu)4,0.0158,5000,121.8,98.87,89.28,530.251018,75469.0,986.6
159.9,4.12,Amberlyst-15,0.0876,500000,108.8,93.82,91.05,71.93834,76202.0,851.9
92.6,5.3,Amberlyst-15,0.0965,5000,100.1,92.89,87.69,1.741452,77024.0,613.9
111.7,8.65,p-TSA,0.0322,1000000,153.4,95.23,85.96,2.818912,73703.0,784.8
63.5,6.84,Amberlyst-15,0.0505,500000,49.9,7.88,7.11,0.114564,72690.0,675.7
233.7,3.24,H2SO4,0.012,1000000,85.2,98.71,95.38,247.898465,74925.0,1049.2
82.4,3.39,Ti(OBu)4,0.0677,500,36.4,31.6,30.63,0.669247,74341.0,549.4
169.5,6.85,Amberlyst-15,0.0473,500,111.3,99.5,90.11,64.140414,76572.0,712.9
112.1,11.6,Amberlyst-15,0.0343,50000,52.6,86.74,79.98,2.409097,72851.0,728.2
165.3,13.57,Ti(OBu)4,0.0286,2000,66.8,99.08,95.46,41.970022,77041.0,775.1
183.8,2.18,p-TSA,0.0689,1000000,90.1,93.75,89.73,225.374572,77707.0,1017.5
217.7,6.5,Amberlyst-15,0.0475,1000000,14.6,93.9,90.27,476.523123,75001.0,997.7
99.2,2.4,p-TSA,0.0262,500,25.6,32.58,30.36,0.948436,75121.0,624.1
62.1,1.23,p-TSA,0.072,1000000,126.6,26.63,25.86,0.177729,73465.0,604.1
86.0,10.26,Amberlyst-15,0.0609,2000,82.9,63.42,57.88,0.752331,73915.0,540.3
231.0,9.43,H2SO4,0.0873,5000,157.0,96.28,86.23,1830.382315,74183.0,912.1
226.0,3.28,p-TSA,0.0206,5000,128.1,99.5,94.61,338.363731,77886.0,957.6
173.5,4.27,Amberlyst-15,0.0807,2000,11.4,99.5,92.93,123.513978,74856.0,763.6
174.1,1.33,p-TSA,0.0706,1000000,114.8,96.23,92.9,149.430364,72356.0,894.8
186.4,12.69,Ti(OBu)4,0.0204,1000000,25.9,95.93,85.2,68.115279,75511.0,972.0
93.3,14.65,H2SO4,0.0725,1000000,142.8,94.3,90.94,1.76227,76653.0,746.9
233.7,2.9,H2SO4,0.0497,50000,178.6,99.19,90.2,985.197089,74949.0,1020.5
139.6,4.24,Ti(OBu)4,0.095,500000,100.3,94.58,89.43,28.837598,77938.0,829.0
132.8,13.16,Ti(OBu)4,0.0227,2000,126.1,99.26,87.74,5.701974,76555.0,751.9
158.6,13.97,p-TSA,0.0679,2000,50.3,99.5,93.63,87.33824,72902.0,765.9
68.9,6.87,Ti(OBu)4,0.0444,2000,84.4,18.99,18.07,0.167285,73897.0,561.5
91.6,1.71,H2SO4,0.0961,2000,155.5,99.5,91.23,1.920259,75452.0,598.3
200.2,1.55,Ti(OBu)4,0.0397,2000,38.5,99.14,89.38,193.470863,71668.0,832.7
75.7,9.04,Amberlyst-15,0.0966,1000000,55.1,39.05,36.47,0.56893,75673.0,705.8
174.6,6.5,Amberlyst-15,0.0911,50000,85.7,98.89,95.26,158.823033,71477.0,851.8
106.6,1.4,p-TSA,0.0343,500,131.1,99.5,90.78,1.84525,77047.0,598.8
134.0,9.17,H2SO4,0.0823,1000000,73.9,95.11,86.09,24.394637,76815.0,844.1
114.9,1.16,Amberlyst-15,0.0996,1000000,167.7,95.24,86.47,7.10188,76010.0,728.9
127.6,12.02,Ti(OBu)4,0.0327,500000,26.1,87.45,85.26,5.934591,73648.0,755.6
196.6,5.29,Amberlyst-15,0.0493,500,73.0,99.17,90.83,211.587698,75340.0,853.8
116.5,1.56,Amberlyst-15,0.0568,2000,130.5,99.5,87.6,4.465265,73973.0,636.3
167.6,9.24,p-TSA,0.0365,500,48.4,99.5,95.34,62.469325,72938.0,735.5
150.4,6.57,Ti(OBu)4,0.0114,50000,121.6,98.83,93.88,6.384932,74323.0,816.1
186.1,14.63,Ti(OBu)4,0.0298,5000,37.9,98.32,87.79,109.350348,76397.0,838.6
238.0,8.62,Ti(OBu)4,0.0354,1000000,19.5,92.97,90.97,947.167536,75088.0,1107.5
199.2,4.85,p-TSA,0.0499,500,30.6,99.5,93.61,313.625118,77901.0,831.4
100.8,10.93,Ti(OBu)4,0.0254,500000,168.1,91.59,85.18,1.060886,76532.0,743.0
65.9,4.8,Ti(OBu)4,0.0886,50000,103.8,36.21,33.25,0.247791,76317.0,578.7
109.8,13.66,Amberlyst-15,0.0734,5000,145.4,98.25,95.29,4.734749,71782.0,665.3
173.1,6.25,Amberlyst-15,0.0177,50000,66.6,98.57,89.14,29.122429,74430.0,900.8
69.8,8.7,Ti(OBu)4,0.0685,2000,110.8,45.94,41.74,0.287292,72871.0,522.4
154.3,1.71,H2SO4,0.0688,5000,94.1,98.67,88.04,47.93765,74634.0,798.2
173.4,6.97,H2SO4,0.0961,500000,170.8,93.53,89.41,191.128919,73613.0,916.9
123.5,12.65,Ti(OBu)4,0.0103,5000,137.1,95.21,89.45,1.776967,74245.0,715.7
206.5,12.28,H2SO4,0.0323,500000,134.2,96.44,90.74,277.250943,77122.0,1005.0
80.3,4.14,p-TSA,0.0935,2000,17.9,22.15,19.98,0.931062,75950.0,564.7
74.3,4.17,Amberlyst-15,0.0939,500000,103.4,52.35,49.48,0.453097,77014.0,681.1
198.4,12.44,p-TSA,0.0749,50000,89.4,97.57,93.33,594.227861,71799.0,967.2
154.1,14.03,Amberlyst-15,0.0789,500,167.7,99.5,91.12,58.636357,75116.0,727.4
190.8,2.34,H2SO4,0.0182,50000,53.7,98.97,95.02,66.559512,76933.0,926.3
142.6,7.3,H2SO4,0.0562,1000000,55.9,96.35,88.14,22.950012,78013.0,845.5
106.8,5.72,Ti(OBu)4,0.0308,50000,79.9,82.19,78.56,1.450835,71904.0,749.1
215.6,13.19,H2SO4,0.0263,5000,51.4,99.5,87.9,326.785115,74297.0,943.2
211.9,2.17,H2SO4,0.0829,2000,32.0,99.5,93.04,748.112647,77068.0,897.1
192.0,3.96,Ti(OBu)4,0.0222,1000000,155.8,95.43,93.23,84.113086,74615.0,976.3
111.7,11.53,Ti(OBu)4,0.0522,1000000,104.9,92.37,90.35,4.030211,73179.0,808.6
172.1,1.72,Amberlyst-15,0.0945,1000000,156.4,93.88,85.26,124.481512,71900.0,912.2
128.6,7.9,H2SO4,0.0267,500,151.3,98.25,90.8,5.513398,73103.0,602.9
77.4,7.19,Amberlyst-15,0.098,500000,57.9,40.78,36.15,0.650802,71622.0,680.6
234.3,5.68,Amberlyst-15,0.0995,5000,103.1,98.5,95.28,1743.974814,75117.0,1006.4
86.0,6.52,p-TSA,0.06,2000,24.1,30.64,28.71,1.044455,76793.0,627.8
240.5,8.42,H2SO4,0.0253,500,165.6,99.5,91.39,669.533199,72478.0,933.1
144.7,3.26,H2SO4,0.0384,50000,78.7,96.75,86.23,17.514654,75515.0,798.1
95.2,9.01,p-TSA,0.0482,2000,76.9,86.75,84.55,1.574474,76691.0,618.6
163.0,12.28,Amberlyst-15,0.0378,1000000,61.5,92.69,86.49,41.464827,74995.0,899.5
225.9,11.64,H2SO4,0.0353,2000,88.3,98.3,89.29,606.758156,71779.0,945.2
199.1,3.15,Amberlyst-15,0.0975,2000,52.8,99.24,90.81,414.289124,75772.0,860.3
213.2,3.09,p-TSA,0.0238,50000,73.7,95.64,86.75,273.692677,74891.0,998.4
185.2,4.75,Ti(OBu)4,0.076,500000,146.0,94.87,89.19,221.928585,74687.0,969.6
191.5,6.06,Amberlyst-15,0.01,5000,151.8,98.17,95.52,36.406345,73906.0,888.1
221.3,6.72,H2SO4,0.0637,1000000,61.7,94.7,91.45,891.847527,75174.0,1047.2
107.4,10.52,Ti(OBu)4,0.0924,500000,89.7,98.25,90.99,5.231838,76020.0,811.3
153.0,1.79,Amberlyst-15,0.0359,500,158.5,99.5,95.78,20.051377,79781.0,731.9
102.0,1.49,Amberlyst-15,0.0267,1000000,19.0,22.96,21.18,0.900232,75225.0,762.5
247.7,6.49,Ti(OBu)4,0.0687,5000,161.2,99.31,89.9,2089.023598,78022.0,981.3
239.4,10.76,Ti(OBu)4,0.0741,500,47.3,99.5,97.34,2149.066026,75716.0,930.5
67.5,3.71,Ti(OBu)4,0.0719,50000,125.4,37.07,33.75,0.222894,74801.0,607.1
194.1,9.98,H2SO4,0.0387,500000,109.0,95.02,86.69,180.045384,75297.0,946.5
235.8,4.64,H2SO4,0.0327,1000000,104.0,95.3,93.29,721.400168,72557.0,1080.7
94.3,13.41,Amberlyst-15,0.096,2000,156.1,99.5,88.89,2.504859,75612.0,595.9
167.9,13.54,Amberlyst-15,0.0931,5000,27.3,99.5,95.13,119.193335,71016.0,806.4
233.9,5.16,p-TSA,0.0512,1000000,69.0,94.69,92.19,1211.517629,73275.0,1032.0
66.4,4.22,H2SO4,0.0862,2000,101.5,37.67,35.08,0.278201,75220.0,527.1
192.5,6.76,Amberlyst-15,0.0507,1000000,147.9,94.76,83.41,189.228527,77388.0,970.0
116.5,4.37,Ti(OBu)4,0.0482,500,46.8,96.79,88.81,4.474097,77861.0,625.6
235.6,10.41,Ti(OBu)4,0.0241,2000,146.5,98.39,87.68,532.106648,74527.0,985.2
244.5,12.56,H2SO4,0.0484,2000,77.9,98.82,91.08,1586.615933,75311.0,1037.9
239.4,10.42,Ti(OBu)4,0.0584,1000000,42.1,97.06,93.08,1511.571899,76969.0,1118.9
150.1,12.54,p-TSA,0.012,50000,139.0,97.14,89.74,9.045366,72341.0,773.2
223.8,6.56,Amberlyst-15,0.05,50000,25.5,97.2,89.74,626.504267,75809.0,984.1
220.5,3.19,Amberlyst-15,0.0803,500000,97.5,93.33,87.33,823.633806,73344.0,1054.0
120.6,11.33,Amberlyst-15,0.0712,500,20.9,94.04,88.23,8.151324,74656.0,651.0
217.5,6.05,H2SO4,0.0672,50000,70.6,96.64,93.32,792.005604,74082.0,1008.3
67.0,10.4,Ti(OBu)4,0.0919,1000000,112.2,41.63,37.92,0.29163,75871.0,664.7
173.3,4.79,p-TSA,0.0116,50000,104.5,97.03,93.36,24.279798,76101.0,857.3
103.7,2.14,H2SO4,0.0601,500000,78.8,91.36,85.57,2.811517,76782.0,796.8
82.9,14.9,Amberlyst-15,0.0809,5000,82.9,69.67,63.4,0.83764,75696.0,594.0
74.6,3.19,p-TSA,0.0587,500000,48.6,26.03,23.67,0.415041,75343.0,641.0
192.3,14.84,Amberlyst-15,0.0392,2000,87.5,97.66,89.47,165.580049,78708.0,890.0
124.6,14.68,Amberlyst-15,0.0223,2000,172.1,98.49,92.81,3.350968,71951.0,631.6
197.7,12.11,H2SO4,0.0899,50000,154.6,97.12,87.7,498.593193,78391.0,824.4
72.4,10.23,Amberlyst-15,0.0524,50000,34.7,14.67,14.26,0.248461,74420.0,639.1
119.9,9.09,p-TSA,0.089,500000,15.1,92.27,86.5,13.990629,76142.0,812.0
162.5,13.13,Amberlyst-15,0.0627,500000,168.7,94.51,91.86,67.108826,74349.0,903.6
210.2,5.05,Ti(OBu)4,0.0707,1000000,99.5,95.65,84.61,578.475409,73595.0,986.5
120.6,7.55,Amberlyst-15,0.0824,500,101.4,99.5,90.97,9.483516,75969.0,634.6
178.9,9.67,H2SO4,0.0693,1000000,142.7,96.42,85.07,181.461474,77084.0,939.0
228.3,6.76,p-TSA,0.0458,2000,63.5,99.5,90.27,849.227002,75946.0,919.8
177.0,6.98,H2SO4,0.0562,1000000,91.9,96.14,92.89,127.632168,73916.0,984.9
104.3,5.62,Ti(OBu)4,0.0823,500000,174.7,97.66,86.3,3.894081,82223.0,714.2
64.6,8.9,Amberlyst-15,0.0436,1000000,124.3,21.0,19.4,0.109962,77397.0,671.1
225.3,12.91,H2SO4,0.0449,5000,36.1,99.35,88.6,674.072522,76867.0,984.1
64.0,3.82,H2SO4,0.0186,500,32.6,4.19,3.86,0.049134,74294.0,506.5
226.2,14.08,H2SO4,0.0923,500000,44.7,93.88,90.49,1670.756457,73750.0,1087.7
160.5,10.65,H2SO4,0.0182,50000,140.3,94.75,89.28,18.523475,74440.0,853.1
238.4,12.53,Ti(OBu)4,0.0683,1000000,60.2,95.28,90.87,1633.694896,77163.0,1108.9
211.8,8.79,Ti(OBu)4,0.0472,500000,13.6,95.6,87.47,460.646602,73019.0,1025.4
249.6,11.91,Amberlyst-15,0.0465,50000,170.5,96.18,93.73,1510.651004,72864.0,1077.4
126.6,1.23,Amberlyst-15,0.0712,50000,38.9,98.07,93.26,9.384323,76079.0,740.0
205.8,12.46,p-TSA,0.016,2000,11.6,96.3,88.81,151.797075,75638.0,840.4
136.4,1.56,Ti(OBu)4,0.0634,2000,50.3,98.29,90.69,16.309759,73459.0,734.6
151.2,13.46,H2SO4,0.0795,500000,50.0,94.77,92.11,59.308587,72818.0,897.7
179.2,14.89,H2SO4,0.0845,500000,81.7,93.05,87.24,237.390843,77876.0,940.6
226.0,5.12,p-TSA,0.0253,5000,166.5,99.5,94.59,427.796178,75714.0,933.5
247.0,3.94,H2SO4,0.0908,500,159.5,97.96,90.29,2801.380357,72273.0,905.7
206.0,11.72,p-TSA,0.0691,500,87.7,99.12,89.44,666.648592,72413.0,852.5
139.4,4.54,Amberlyst-15,0.0894,500000,79.9,96.86,92.25,26.442968,74277.0,792.9
140.1,13.12,Ti(OBu)4,0.0537,2000,104.4,99.5,93.61,21.164903,76466.0,670.5
200.1,2.44,p-TSA,0.0588,1000000,51.4,93.39,86.86,410.331013,76190.0,999.7
105.4,2.76,H2SO4,0.0927,5000,18.9,74.59,70.29,4.527728,77263.0,625.5
81.0,14.71,p-TSA,0.091,500,169.7,96.8,87.2,1.222174,72019.0,547.8
127.4,10.43,Amberlyst-15,0.0503,500000,41.7,98.75,94.74,8.482872,75448.0,798.6
114.6,12.86,H2SO4,0.0347,2000,43.7,91.56,89.26,3.467447,77852.0,633.3
116.3,5.54,Amberlyst-15,0.0454,2000,90.3,98.53,95.48,3.654276,77666.0,604.7
104.4,10.47,Amberlyst-15,0.0449,2000,93.6,92.98,84.81,2.012105,75718.0,600.4
68.0,9.32,p-TSA,0.0358,1000000,13.1,2.16,1.99,0.15945,79696.0,645.5
63.4,9.44,Amberlyst-15,0.0342,50000,35.2,3.14,3.02,0.079802,76219.0,556.7
247.7,10.56,H2SO4,0.0875,1000000,74.3,97.11,91.23,3208.86496,77085.0,1109.3
141.3,9.06,Amberlyst-15,0.0163,2000,126.2,99.12,92.66,5.751439,75089.0,683.8
133.0,7.01,Amberlyst-15,0.071,500000,48.8,96.35,93.71,17.84658,73438.0,812.6
189.1,4.86,p-TSA,0.0256,5000,81.9,99.5,92.89,104.466118,73250.0,865.0
101.5,11.76,Amberlyst-15,0.041,1000000,104.7,84.58,78.79,1.449177,75363.0,728.9
240.5,4.17,Ti(OBu)4,0.0155,500000,161.1,97.42,86.14,390.271168,74577.0,1098.9
209.4,10.69,p-TSA,0.0343,2000,65.4,99.18,87.97,353.408924,71463.0,847.7
77.0,4.27,p-TSA,0.0792,5000,32.7,29.63,26.1,0.629874,72948.0,544.1
139.3,9.75,H2SO4,0.0897,500,93.2,98.76,95.93,32.205489,74363.0,679.9
227.0,11.46,H2SO4,0.0299,500,136.9,98.87,91.04,554.313481,76455.0,923.1
239.5,4.06,H2SO4,0.0517,500000,28.7,96.23,89.19,1306.89928,74968.0,1109.7
148.8,1.84,H2SO4,0.0523,5000,82.2,99.5,95.97,27.722264,74856.0,805.3
176.5,2.83,Ti(OBu)4,0.0886,500000,13.0,97.0,91.27,178.864587,73026.0,915.0
91.7,9.48,p-TSA,0.0787,5000,15.7,41.62,39.16,1.789024,75046.0,610.5
248.3,12.89,Amberlyst-15,0.0562,5000,92.1,98.21,89.34,1778.814098,77638.0,974.8
104.0,1.63,H2SO4,0.0704,500000,60.7,89.91,86.62,2.953466,75311.0,707.4
239.1,11.28,H2SO4,0.0863,5000,153.7,97.33,87.26,2239.268049,71985.0,989.6
183.4,5.78,H2SO4,0.0109,1000000,112.4,94.32,83.5,29.037811,72497.0,935.3
175.5,7.7,Amberlyst-15,0.0463,2000,87.2,96.02,86.34,82.645685,76178.0,840.7
157.4,14.0,H2SO4,0.0917,5000,79.3,97.41,88.33,96.613739,74551.0,734.6
103.8,5.65,Amberlyst-15,0.0766,1000000,94.5,93.28,84.72,3.124351,74851.0,774.2
93.5,7.51,p-TSA,0.0589,5000,16.9,35.63,33.75,1.56744,73775.0,588.6
101.9,1.19,p-TSA,0.0577,1000000,161.8,95.11,85.77,2.51984,76007.0,730.1
95.4,2.14,p-TSA,0.0413,500000,179.7,93.11,88.23,1.199488,74398.0,739.7
208.1,4.62,Ti(OBu)4,0.0568,500,40.9,99.5,88.47,453.001358,74627.0,835.0
126.5,1.39,Amberlyst-15,0.069,50000,30.5,95.35,85.31,9.333922,73298.0,735.8
71.0,9.84,H2SO4,0.0477,5000,34.4,9.5,8.84,0.214309,76843.0,538.1
244.1,6.97,H2SO4,0.0743,50000,122.4,96.14,93.46,2266.166224,74558.0,1098.8
227.9,8.67,H2SO4,0.0875,5000,122.4,97.04,93.74,1479.751469,76216.0,936.2
236.3,3.45,H2SO4,0.0239,500000,154.1,96.2,93.97,502.553745,72613.0,1077.2
249.0,5.14,Ti(OBu)4,0.0506,500000,137.8,96.86,91.54,1642.538709,78468.0,1101.5
93.0,10.29,H2SO4,0.0467,1000000,86.4,77.73,73.66,1.108532,77555.0,739.2
135.3,14.51,Ti(OBu)4,0.0719,5000,114.2,99.5,93.78,22.697512,71180.0,704.7
204.1,1.71,Amberlyst-15,0.0325,500000,127.0,95.3,89.8,182.445987,73396.0,989.1
192.2,13.47,p-TSA,0.0676,500000,97.2,94.72,84.74,369.983134,75955.0,977.4
89.2,9.08,H2SO4,0.089,5000,90.9,88.97,83.13,1.657236,72361.0,582.2
215.0,8.89,p-TSA,0.0476,1000000,119.7,92.79,85.23,608.79756,74737.0,1070.2
102.6,8.0,Amberlyst-15,0.092,1000000,104.8,96.29,89.0,3.566703,75853.0,792.2
102.5,1.97,Amberlyst-15,0.0994,1000000,119.5,94.65,88.24,3.242612,74631.0,774.5
162.0,2.26,H2SO4,0.0195,1000000,114.2,93.18,83.19,20.225695,76078.0,907.2
172.7,9.41,Amberlyst-15,0.031,500,132.3,98.76,90.46,50.025235,73613.0,676.9
170.2,5.77,p-TSA,0.0955,5000,119.3,97.2,86.15,177.18568,70512.0,823.2
77.4,13.84,H2SO4,0.0962,500,98.4,73.92,72.29,0.786395,76964.0,516.7
226.7,6.69,Ti(OBu)4,0.0188,500000,125.9,97.1,86.6,281.27597,76952.0,1044.4
110.5,3.01,H2SO4,0.0113,500,86.4,64.9,58.79,0.765879,80007.0,554.2
84.6,11.01,p-TSA,0.0245,1000000,51.1,23.18,22.47,0.364127,70586.0,726.3
228.9,5.11,H2SO4,0.0996,500000,10.2,95.22,88.39,1696.744158,76502.0,1013.6
241.6,8.36,H2SO4,0.0262,500,105.2,99.5,88.91,786.291606,71063.0,942.4
223.8,10.77,p-TSA,0.0552,500,110.4,99.5,91.38,991.643431,78513.0,921.6
213.8,13.6,H2SO4,0.0864,5000,175.2,97.56,86.98,1030.655072,75976.0,905.4
184.5,12.09,H2SO4,0.0118,500,71.5,99.5,89.55,39.228822,73096.0,832.7
164.7,10.47,p-TSA,0.0644,500000,77.0,95.6,84.62,95.563768,76560.0,874.2
76.5,10.51,Amberlyst-15,0.0349,1000000,44.3,14.5,13.39,0.206815,73894.0,709.3
137.6,14.24,p-TSA,0.0876,5000,22.0,99.12,95.22,39.980105,75601.0,689.8
130.8,5.14,H2SO4,0.0355,500,141.4,99.36,93.25,7.398541,75412.0,692.9
109.4,1.02,Ti(OBu)4,0.0718,5000,52.4,94.74,89.12,4.132268,78488.0,684.6
197.4,4.81,Ti(OBu)4,0.0707,50000,113.5,99.07,89.17,330.842265,78630.0,942.6
154.2,4.05,p-TSA,0.0299,5000,126.9,99.34,90.83,26.991942,73805.0,758.7
75.4,10.27,Ti(OBu)4,0.0131,1000000,90.1,12.82,12.36,0.096042,77116.0,646.4
101.8,9.87,H2SO4,0.0468,50000,159.0,98.35,87.42,1.831524,75710.0,677.8
189.8,9.31,H2SO4,0.036,50000,85.4,97.79,94.44,139.430365,72175.0,942.8
74.5,1.23,p-TSA,0.0828,5000,58.4,40.74,37.82,0.543788,73608.0,575.0
221.7,11.2,H2SO4,0.082,500000,162.3,93.13,89.75,1248.056,79672.0,992.7
154.1,5.53,Amberlyst-15,0.0511,1000000,156.5,95.35,86.94,33.890386,75716.0,851.5
151.3,10.31,H2SO4,0.0646,500000,37.9,95.23,87.03,44.567306,77000.0,900.8
172.6,8.79,p-TSA,0.0644,1000000,14.4,97.56,93.19,155.250341,74576.0,946.0
216.7,5.8,Amberlyst-15,0.0844,1000000,25.3,96.44,92.44,809.444103,73920.0,1004.7
126.1,2.88,Amberlyst-15,0.0483,500000,58.7,94.41,85.25,6.264145,75055.0,747.2
188.8,2.32,Ti(OBu)4,0.0348,2000,175.3,99.5,97.24,112.956613,74468.0,818.4
167.5,12.64,H2SO4,0.0339,50000,104.9,97.25,86.4,51.22656,72013.0,798.1
110.7,13.86,p-TSA,0.0583,5000,73.5,99.04,87.83,5.754918,72993.0,657.1
226.9,10.1,Ti(OBu)4,0.0504,500000,161.1,93.97,88.29,815.799935,76416.0,1125.8
211.5,2.45,Ti(OBu)4,0.0496,500000,87.0,96.04,91.46,417.984523,74239.0,965.8
185.1,6.63,H2SO4,0.0182,5000,63.6,98.16,95.81,56.834044,75051.0,842.1
221.6,11.21,H2SO4,0.0747,50000,170.0,97.42,89.68,1068.957467,75470.0,1028.3
224.8,11.92,p-TSA,0.0292,5000,154.4,97.41,85.97,510.395196,75626.0,969.4
194.6,2.66,Ti(OBu)4,0.0277,1000000,153.4,94.17,88.55,120.21729,77293.0,982.0
219.0,1.0,p-TSA,0.0471,2000,97.1,99.5,90.44,645.904259,72803.0,908.2
192.5,10.97,Ti(OBu)4,0.0305,1000000,144.2,93.47,86.3,130.220157,76141.0,946.6
189.2,5.99,Ti(OBu)4,0.0625,2000,40.5,97.63,90.68,206.596521,76510.0,830.1
177.5,4.56,Ti(OBu)4,0.0434,5000,107.4,98.42,87.25,95.000584,76972.0,836.1
203.0,1.18,H2SO4,0.0504,1000000,177.3,93.89,87.19,280.288505,72174.0,1040.7
90.1,8.56,Ti(OBu)4,0.0583,50000,59.5,61.98,57.19,1.132119,75510.0,641.7
227.4,12.92,Ti(OBu)4,0.0283,1000000,145.0,95.21,90.57,480.922051,78432.0,1062.7
225.7,14.41,Ti(OBu)4,0.024,500000,93.4,93.24,88.07,388.37125,74802.0,1020.6
65.6,8.92,Amberlyst-15,0.0892,2000,16.8,4.98,4.47,0.2454,75967.0,535.7
216.9,8.2,H2SO4,0.049,2000,139.7,99.5,89.61,548.079101,76561.0,930.8
84.5,2.19,Amberlyst-15,0.0471,50000,38.7,25.75,23.3,0.447463,72949.0,665.1
123.7,8.68,H2SO4,0.0132,2000,117.4,96.27,86.44,2.114164,78668.0,639.1
201.3,6.32,p-TSA,0.0548,2000,24.6,99.5,94.1,344.396177,75999.0,872.6
90.5,9.5,Amberlyst-15,0.0599,50000,171.0,92.6,90.7,1.107703,76039.0,641.0
215.4,6.44,p-TSA,0.0603,1000000,59.6,96.54,91.25,751.057162,71676.0,1068.9
218.1,4.36,Ti(OBu)4,0.0736,5000,48.5,98.31,92.48,753.632732,76589.0,925.4
156.4,2.33,p-TSA,0.026,1000000,32.0,96.51,88.89,22.499133,76013.0,845.5
61.2,5.41,p-TSA,0.0327,500000,170.8,16.38,14.93,0.083919,78248.0,631.4
114.5,2.35,p-TSA,0.083,500000,131.0,93.92,91.2,8.072638,74377.0,785.0
177.2,3.48,p-TSA,0.0952,2000,136.1,99.34,97.05,250.5187,73025.0,815.4
246.4,14.82,H2SO4,0.0222,500000,94.9,95.99,89.24,802.449073,73636.0,1085.7
180.0,7.22,Amberlyst-15,0.0548,5000,90.7,97.13,88.3,122.557797,73990.0,817.5
109.4,8.45,H2SO4,0.0293,2000,28.7,60.68,58.07,2.00145,72762.0,608.8
180.5,13.23,H2SO4,0.0154,500000,105.2,94.56,84.47,46.529068,77580.0,924.3
162.6,14.94,H2SO4,0.0393,500,52.0,99.5,95.18,55.05912,77655.0,715.8
208.2,9.16,p-TSA,0.0229,500,176.1,99.5,95.71,218.150844,74608.0,884.5
80.3,12.37,H2SO4,0.0739,500,145.4,85.54,76.34,0.756317,74214.0,508.7
204.6,5.58,Amberlyst-15,0.058,500,80.2,98.5,96.31,335.0462,71369.0,850.1
162.8,5.28,H2SO4,0.0229,1000000,35.7,93.46,91.46,26.140482,76392.0,908.7
243.0,6.64,Ti(OBu)4,0.0108,500,143.5,99.38,96.77,309.521441,78307.0,970.7
125.0,10.42,p-TSA,0.0827,2000,30.7,99.04,92.06,15.209533,73726.0,710.1
180.2,10.55,Ti(OBu)4,0.0259,50000,42.2,96.01,86.85,71.63325,74766.0,906.3
237.1,5.41,Amberlyst-15,0.0646,1000000,46.0,96.61,90.64,1202.970645,75869.0,1103.3
79.5,2.86,Amberlyst-15,0.0403,50000,104.7,38.13,35.16,0.276877,78449.0,602.2
238.1,9.85,Amberlyst-15,0.0627,2000,143.8,99.5,89.61,1470.650243,75400.0,928.2
190.7,2.8,Amberlyst-15,0.0384,2000,63.4,97.2,89.65,125.42519,75391.0,816.4
72.9,9.1,H2SO4,0.0178,5000,24.4,5.69,5.39,0.102157,75359.0,589.7
117.2,10.71,p-TSA,0.0301,1000000,89.0,90.51,80.29,3.628297,72150.0,795.2
194.6,10.81,Amberlyst-15,0.0269,50000,137.2,98.25,89.74,110.848268,72106.0,947.4
72.8,11.55,Ti(OBu)4,0.0485,500,47.7,20.63,18.19,0.281311,73384.0,547.0
170.6,13.22,Amberlyst-15,0.0692,2000,47.4,98.45,94.01,107.213106,77026.0,769.8
125.7,8.0,p-TSA,0.0337,500,171.0,99.5,93.93,6.611447,74329.0,650.2
178.0,11.22,Ti(OBu)4,0.0111,50000,172.2,96.91,85.88,27.957875,73941.0,879.5
68.7,9.67,Ti(OBu)4,0.0567,1000000,178.4,46.1,45.01,0.210857,73906.0,661.9
225.6,3.61,Ti(OBu)4,0.0645,500000,147.3,96.01,84.71,929.546543,74725.0,1032.9
245.0,1.36,H2SO4,0.0967,500000,42.0,99.5,93.43,2730.65381,78404.0,1132.9
244.1,4.98,Amberlyst-15,0.0631,2000,46.0,99.5,95.28,1570.223659,74698.0,976.8
202.4,7.2,H2SO4,0.0524,5000,67.8,99.5,95.4,337.806954,73427.0,891.4
84.7,9.64,Ti(OBu)4,0.0616,500,64.1,55.52,49.05,0.764965,75050.0,522.7
204.1,12.9,H2SO4,0.0935,2000,172.6,99.31,96.4,687.012273,78510.0,895.5
64.7,3.75,H2SO4,0.0846,5000,144.1,40.58,39.43,0.235402,73994.0,516.5
64.2,2.76,H2SO4,0.0391,500,133.1,21.21,19.85,0.097101,72638.0,509.1
121.5,14.49,Amberlyst-15,0.0314,50000,41.6,91.41,84.85,4.258681,73998.0,753.1
152.8,2.51,Ti(OBu)4,0.0336,500000,164.6,93.81,82.98,21.095573,75258.0,854.7
206.4,7.7,Ti(OBu)4,0.0554,5000,150.7,98.62,92.33,388.864719,76376.0,910.4
189.8,9.2,Amberlyst-15,0.077,500,37.8,98.73,90.92,264.103123,77014.0,815.1
144.7,8.58,H2SO4,0.0553,2000,158.1,99.32,95.08,26.726326,72909.0,725.7
112.0,2.2,H2SO4,0.0161,500,56.3,64.09,58.98,1.187719,73098.0,615.3
249.5,1.8,p-TSA,0.0751,2000,23.7,99.14,94.02,2799.924043,74353.0,990.5
141.0,2.48,p-TSA,0.0825,500000,121.7,96.63,86.01,34.04164,76369.0,841.3
145.8,9.2,p-TSA,0.0361,500000,121.1,95.42,85.24,23.360077,72480.0,851.2
91.1,8.62,Amberlyst-15,0.0698,500,26.1,40.63,36.32,1.25056,73785.0,529.6
211.0,4.27,Ti(OBu)4,0.0484,500,64.2,99.5,88.01,437.558106,73815.0,857.9
191.8,9.93,p-TSA,0.09,2000,178.8,99.5,92.95,494.380058,76883.0,852.5
101.9,12.48,Ti(OBu)4,0.0861,2000,125.3,97.39,93.44,3.507717,76057.0,622.8
75.7,1.58,Ti(OBu)4,0.0573,5000,134.1,51.69,48.64,0.345406,76807.0,602.7
189.3,7.97,Ti(OBu)4,0.0722,5000,46.2,99.5,93.28,288.973153,77677.0,876.8
184.4,10.65,Amberlyst-15,0.0895,5000,23.4,99.36,94.2,271.613667,74389.0,819.7
111.9,4.53,Amberlyst-15,0.0546,500,57.1,96.11,87.84,3.558274,72625.0,609.7
240.7,5.31,Amberlyst-15,0.0382,1000000,52.3,96.01,87.96,893.140475,72638.0,1092.3
88.7,9.59,Amberlyst-15,0.0778,1000000,49.9,59.92,54.61,1.156677,71324.0,721.6
142.1,13.57,p-TSA,0.0298,1000000,42.8,96.18,91.49,15.383449,74082.0,855.3
239.3,12.34,H2SO4,0.045,1000000,107.7,92.01,82.46,1246.423016,74232.0,1116.6
139.7,9.16,H2SO4,0.0879,5000,65.8,96.17,84.75,30.975356,76575.0,739.6
181.3,11.22,H2SO4,0.0752,500,149.5,99.5,93.49,235.458183,75034.0,825.2
135.5,6.11,p-TSA,0.0463,1000000,41.3,92.79,90.4,15.293795,74019.0,846.1
112.1,9.97,H2SO4,0.0293,500000,89.0,93.31,87.8,2.535772,74768.0,740.3
247.0,7.53,p-TSA,0.042,50000,12.3,96.47,92.45,1531.251426,72922.0,1038.3
137.8,3.66,p-TSA,0.0356,500000,91.9,94.01,89.05,13.531745,77051.0,847.5
229.9,10.82,p-TSA,0.0258,500,19.5,99.5,92.51,574.184618,73428.0,861.2
103.7,8.79,H2SO4,0.0769,500,176.2,99.5,94.71,3.397673,72720.0,553.8
100.5,6.02,Ti(OBu)4,0.0327,50000,144.4,93.89,90.36,1.230556,76636.0,686.5
65.9,13.76,H2SO4,0.0509,2000,93.3,23.37,21.09,0.190966,76148.0,558.4
183.8,1.29,H2SO4,0.0447,2000,24.7,99.5,90.9,123.844826,71553.0,863.8
130.0,5.42,Amberlyst-15,0.0984,2000,110.7,99.5,89.79,17.80152,76710.0,683.6
224.2,1.8,p-TSA,0.0452,5000,139.0,97.51,90.22,730.812106,73517.0,977.3
149.9,11.73,Ti(OBu)4,0.0172,2000,42.4,99.5,96.37,11.180715,74252.0,742.0
244.0,10.83,Amberlyst-15,0.0181,5000,106.6,99.35,90.86,476.478084,75374.0,948.9
95.2,5.64,Ti(OBu)4,0.0632,5000,148.4,96.42,88.46,1.517438,76173.0,622.8
225.0,10.46,Ti(OBu)4,0.0639,2000,140.6,99.5,96.12,1103.195595,75891.0,909.1
207.6,6.54,p-TSA,0.0477,2000,146.5,98.2,91.48,497.700758,74900.0,911.5
206.5,11.59,H2SO4,0.0489,50000,159.5,95.76,89.4,440.418361,74151.0,950.4
220.5,7.36,p-TSA,0.0149,1000000,169.4,96.19,92.92,232.435241,75824.0,1012.9
204.6,6.77,p-TSA,0.0565,50000,78.9,96.66,89.81,457.024942,74763.0,901.4
179.0,14.09,Amberlyst-15,0.0554,5000,106.7,98.38,93.28,125.373656,78611.0,831.8
84.9,4.51,p-TSA,0.0235,50000,144.4,54.33,48.27,0.324772,76173.0,574.7
66.2,2.69,H2SO4,0.0193,5000,128.5,11.91,10.7,0.056443,73153.0,534.9
235.0,9.18,Ti(OBu)4,0.0211,500,179.2,97.86,90.07,512.445091,74045.0,929.3
177.2,14.57,p-TSA,0.0191,5000,12.3,99.5,92.48,61.68106,75096.0,796.1
211.3,6.29,Ti(OBu)4,0.0649,5000,70.4,98.68,96.37,590.038457,77599.0,943.1
151.5,1.87,p-TSA,0.0277,50000,57.8,96.7,94.48,18.682402,77822.0,849.4
82.3,5.75,Ti(OBu)4,0.0326,1000000,54.6,25.19,24.31,0.343007,74208.0,675.2
83.8,8.08,p-TSA,0.0256,500,47.8,25.4,23.16,0.357371,73133.0,535.5
190.3,3.27,Amberlyst-15,0.0962,500000,130.6,96.65,94.37,273.173549,72877.0,990.4
141.8,10.21,Ti(OBu)4,0.0869,500000,24.4,96.31,91.39,36.417313,75505.0,839.3
98.1,14.97,p-TSA,0.0307,1000000,136.1,90.98,83.64,1.232192,79608.0,703.4
153.4,7.32,p-TSA,0.0395,500000,127.9,97.53,92.67,32.650831,76078.0,864.2
72.2,5.97,Amberlyst-15,0.0289,500,52.6,11.67,10.28,0.122854,71812.0,489.9
170.6,6.61,Amberlyst-15,0.0543,2000,53.0,98.86,88.44,75.46033,73548.0,824.7
111.1,2.61,Amberlyst-15,0.0118,500,116.9,71.25,68.61,0.669581,73752.0,630.9
211.5,13.37,Ti(OBu)4,0.0704,50000,139.6,99.5,93.98,697.412633,73356.0,954.4
119.0,6.81,Ti(OBu)4,0.0571,5000,159.0,98.14,89.94,5.697684,74224.0,686.6
146.5,6.42,Amberlyst-15,0.0909,5000,154.9,97.79,90.95,43.277056,75739.0,711.9
62.2,10.24,H2SO4,0.0248,50000,174.0,13.38,12.99,0.059033,76364.0,567.9
73.8,7.19,H2SO4,0.0824,50000,108.8,56.88,53.65,0.456912,77184.0,666.0
134.6,10.08,p-TSA,0.0813,5000,164.5,98.72,90.81,27.188595,76048.0,723.0
151.2,1.86,H2SO4,0.0214,1000000,147.4,92.78,82.76,12.95015,71092.0,905.9
174.0,12.39,p-TSA,0.0459,2000,162.1,99.5,90.48,122.311506,72885.0,807.0
115.4,14.17,Ti(OBu)4,0.0253,2000,12.0,38.81,37.95,2.586258,74684.0,693.0
192.0,10.08,Ti(OBu)4,0.0329,2000,174.2,99.5,91.91,146.376122,75295.0,785.2
223.4,14.36,H2SO4,0.0337,50000,90.5,96.15,89.14,566.985959,76723.0,987.9
208.2,3.12,Ti(OBu)4,0.0601,5000,145.7,97.85,90.98,444.691679,75086.0,954.7
67.5,7.68,Amberlyst-15,0.047,1000000,31.6,5.72,5.54,0.148142,75101.0,697.5
151.3,9.43,Amberlyst-15,0.0953,5000,77.3,99.5,93.57,51.182518,75476.0,803.0
79.9,9.14,H2SO4,0.0214,5000,56.1,16.47,15.64,0.200294,74490.0,584.6
106.0,6.62,H2SO4,0.0976,1000000,59.6,93.38,85.81,5.430791,75174.0,748.9
247.5,5.73,p-TSA,0.0308,500,31.0,99.5,87.85,1408.404269,77252.0,922.8
87.1,2.78,Ti(OBu)4,0.0796,1000000,147.0,85.93,83.61,0.997847,74832.0,684.8
154.8,6.48,p-TSA,0.0405,500,11.6,99.5,97.0,37.616093,74940.0,746.1
177.4,3.28,p-TSA,0.0229,500000,63.1,98.17,95.71,55.028958,74933.0,944.0
193.5,11.28,Amberlyst-15,0.0872,500,39.6,99.5,96.95,402.391626,77596.0,816.6
166.3,3.92,Amberlyst-15,0.0378,2000,110.1,99.5,95.67,39.339505,72784.0,796.1
61.9,1.82,Amberlyst-15,0.0693,2000,53.2,11.58,10.98,0.127205,78552.0,524.0
122.0,8.73,Amberlyst-15,0.061,1000000,54.0,97.49,94.03,6.901832,72647.0,833.9
158.4,9.33,p-TSA,0.0525,2000,93.0,99.5,93.54,58.726605,73692.0,789.5
76.7,13.21,Amberlyst-15,0.0546,2000,121.0,52.91,47.27,0.370968,76489.0,524.8
126.6,9.08,Ti(OBu)4,0.0759,500000,30.6,96.76,88.93,14.224931,77061.0,809.7
66.3,5.84,Amberlyst-15,0.0179,2000,39.8,1.84,1.79,0.046241,72193.0,480.8
74.9,12.24,Amberlyst-15,0.0701,50000,52.0,30.32,27.74,0.425952,72815.0,626.3
135.4,8.56,Amberlyst-15,0.0906,50000,175.5,95.49,92.32,23.265454,75556.0,791.6
85.2,2.11,H2SO4,0.0152,50000,77.5,20.09,17.87,0.187704,79689.0,608.6
167.8,8.92,Ti(OBu)4,0.0227,500,111.8,95.38,87.12,34.712329,77493.0,742.0
191.0,13.71,Ti(OBu)4,0.0745,1000000,51.1,95.65,87.53,305.932536,74504.0,977.8
212.1,6.55,p-TSA,0.0494,1000000,93.4,94.08,83.28,563.995803,70162.0,1037.3
98.0,5.15,p-TSA,0.0463,5000,22.6,47.01,41.93,1.590841,75163.0,621.7
91.8,3.01,Amberlyst-15,0.0223,500000,15.9,9.53,8.57,0.391226,75725.0,679.3
79.9,3.12,H2SO4,0.0556,50000,89.7,50.75,48.92,0.479504,74235.0,633.0
180.9,7.06,p-TSA,0.0214,50000,77.8,95.37,84.53,65.410891,73299.0,837.7
194.2,9.34,p-TSA,0.0529,2000,33.3,99.5,90.53,290.504087,75318.0,843.6
66.0,2.13,Amberlyst-15,0.0787,50000,126.9,36.06,31.77,0.203969,73115.0,586.7
237.9,14.15,Amberlyst-15,0.0332,2000,178.8,99.5,94.48,830.962557,78745.0,955.7
69.9,11.57,p-TSA,0.0533,2000,77.3,31.72,29.88,0.278425,78033.0,523.0
162.8,9.21,p-TSA,0.0993,5000,116.2,98.75,93.27,131.815505,76316.0,746.8
194.7,12.6,Ti(OBu)4,0.0718,500,173.7,99.21,91.02,373.862684,75179.0,810.8
225.5,2.12,H2SO4,0.0857,2000,151.4,99.5,89.63,1152.272761,73680.0,956.7
195.7,7.68,Ti(OBu)4,0.0473,2000,88.8,96.84,92.19,213.375414,74958.0,892.1
212.3,9.82,p-TSA,0.0791,1000000,135.4,94.42,90.75,877.475333,78279.0,1104.0
124.5,12.6,Ti(OBu)4,0.0136,5000,31.8,66.41,59.36,2.232945,76737.0,746.9
214.8,11.97,Ti(OBu)4,0.0211,2000,97.1,98.04,91.05,216.615969,75407.0,866.2
75.2,4.88,p-TSA,0.0283,500000,57.4,17.8,16.11,0.182986,76848.0,660.7
230.0,14.17,Amberlyst-15,0.0462,500,37.4,99.5,89.23,777.385905,76091.0,909.3
164.0,2.74,p-TSA,0.0861,500000,82.5,95.58,91.13,117.913974,75793.0,892.5
215.3,13.25,Amberlyst-15,0.0412,50000,32.3,97.26,90.82,394.941086,76961.0,975.3
145.9,14.59,p-TSA,0.0689,500,128.8,97.17,87.61,45.142581,76034.0,772.0
182.3,3.48,p-TSA,0.0738,50000,87.6,96.44,87.86,249.029003,76717.0,858.2
160.0,11.11,p-TSA,0.0628,1000000,100.3,94.03,91.83,79.433224,75323.0,878.6
199.0,1.56,H2SO4,0.0422,2000,34.9,98.11,94.66,222.814881,74492.0,911.9
75.5,6.68,Amberlyst-15,0.0619,5000,33.8,18.33,17.74,0.329736,73904.0,555.2
71.5,8.23,H2SO4,0.0408,500000,109.2,28.26,26.17,0.225466,73665.0,675.4
106.9,9.13,p-TSA,0.0175,50000,177.5,93.1,87.74,1.144767,71790.0,733.4
90.3,14.1,Ti(OBu)4,0.0994,2000,26.4,55.05,50.52,1.990313,73176.0,605.4
225.6,10.41,H2SO4,0.0214,500000,58.6,95.06,84.39,386.097754,73118.0,1054.8
101.7,7.74,Amberlyst-15,0.0165,500000,157.8,72.61,66.81,0.566065,73985.0,767.2
245.4,12.34,p-TSA,0.0891,1000000,22.3,95.17,89.4,3566.565384,78124.0,1086.7
124.0,14.31,H2SO4,0.0372,1000000,158.9,93.62,85.08,6.439998,74685.0,795.1
94.6,1.31,Ti(OBu)4,0.0685,50000,99.1,88.81,85.68,1.464193,75484.0,687.5
210.0,14.76,H2SO4,0.0396,2000,79.4,98.88,88.51,407.437253,75547.0,828.1
185.2,2.21,Amberlyst-15,0.0452,5000,62.6,99.5,91.21,116.711527,78175.0,890.3
154.7,12.4,H2SO4,0.0336,50000,60.5,97.75,87.24,28.217373,73849.0,830.7
165.5,4.92,Ti(OBu)4,0.0409,500000,62.0,92.74,85.37,48.088104,74555.0,903.3
196.6,2.85,Ti(OBu)4,0.047,500000,160.4,93.6,82.74,209.378521,74788.0,927.7
103.4,7.16,Amberlyst-15,0.0748,500,133.0,99.5,90.27,2.666701,77273.0,554.9
249.3,10.02,Ti(OBu)4,0.056,2000,123.9,97.7,89.89,1865.435962,77688.0,976.4
245.2,6.33,p-TSA,0.0949,500,145.8,95.55,88.65,3453.977966,75949.0,972.2
183.6,1.76,Ti(OBu)4,0.0138,1000000,53.7,97.07,90.7,37.451207,77466.0,896.6
97.9,9.39,p-TSA,0.0553,5000,115.1,97.79,88.74,2.179521,75355.0,653.4
189.2,13.63,H2SO4,0.0626,50000,88.2,97.78,91.16,236.23227,74655.0,897.3
73.7,6.37,p-TSA,0.0928,500000,143.0,72.31,67.31,0.603104,77357.0,662.5
65.8,4.03,p-TSA,0.0144,2000,62.6,5.64,5.14,0.046902,75975.0,537.2
109.0,7.2,H2SO4,0.0616,500000,119.3,94.41,90.91,3.965296,73529.0,765.4
147.9,1.68,Ti(OBu)4,0.0868,1000000,160.0,95.36,89.12,41.381871,76995.0,848.4
225.0,12.49,p-TSA,0.0318,500,78.4,98.62,90.06,641.541031,74583.0,916.1
198.2,12.57,Ti(OBu)4,0.0889,500,21.3,99.5,96.99,514.070307,74338.0,760.8
201.1,9.23,H2SO4,0.0117,50000,97.7,94.64,91.29,68.923061,76786.0,924.2
140.8,5.94,Amberlyst-15,0.0759,2000,68.8,99.5,97.34,23.645729,74822.0,721.8
125.7,12.2,Ti(OBu)4,0.094,1000000,124.3,95.11,90.28,16.740827,75778.0,804.0
130.5,8.77,Ti(OBu)4,0.0691,2000,171.7,98.36,90.28,15.267247,76324.0,636.5
247.7,12.56,Amberlyst-15,0.0495,50000,92.6,97.25,88.31,1470.081225,73434.0,1076.8
67.6,9.84,Amberlyst-15,0.014,1000000,89.3,7.32,6.93,0.042012,75770.0,631.6
224.7,11.98,H2SO4,0.0928,1000000,121.3,97.1,94.97,1560.847823,77699.0,1059.8
169.9,9.38,Ti(OBu)4,0.0523,500,27.6,99.5,93.8,79.0351,73087.0,764.4
143.3,6.8,Ti(OBu)4,0.0126,500,53.1,97.77,94.66,4.890169,75900.0,693.9
197.8,14.41,H2SO4,0.0721,500,166.2,99.5,90.83,435.747429,73341.0,864.5
152.5,8.58,Ti(OBu)4,0.0534,500000,123.9,98.23,90.44,36.15317,77043.0,864.5
226.0,9.47,p-TSA,0.0212,5000,12.3,99.5,96.58,391.814461,77024.0,962.6
231.1,4.09,p-TSA,0.0293,500,44.8,99.5,95.09,598.377073,74291.0,911.1
140.1,9.76,p-TSA,0.0158,5000,126.1,99.5,97.33,7.20293,79419.0,753.7
112.6,9.0,Ti(OBu)4,0.0617,5000,139.9,99.5,95.27,4.652147,77213.0,708.2
172.5,3.59,p-TSA,0.066,2000,152.8,99.5,92.02,132.314006,76414.0,800.5
233.3,1.83,p-TSA,0.0555,50000,59.7,96.32,89.87,1195.330017,76301.0,1041.8
100.0,9.46,H2SO4,0.0835,500000,168.3,93.45,90.65,3.179827,76968.0,778.7
178.4,11.69,H2SO4,0.0875,5000,104.0,98.6,92.21,237.126814,73009.0,871.6
180.0,8.33,Amberlyst-15,0.0654,500000,128.4,94.27,85.37,152.811992,75389.0,923.4
199.3,4.17,Amberlyst-15,0.0111,2000,111.4,97.51,90.06,55.720683,75766.0,894.4
85.0,10.33,Amberlyst-15,0.0726,500,30.9,34.56,32.2,0.892675,74200.0,554.9
196.0,2.12,Amberlyst-15,0.0476,1000000,173.7,98.78,87.88,190.460839,75930.0,1023.5
232.7,7.19,H2SO4,0.0609,5000,30.9,98.7,94.2,1226.885539,77463.0,983.8
94.1,3.29,H2SO4,0.0684,50000,53.3,73.54,65.52,1.54063,74156.0,678.6
105.1,3.58,H2SO4,0.0415,1000000,148.3,92.46,85.11,1.871551,74891.0,775.9
244.6,3.83,p-TSA,0.0925,2000,115.2,96.33,92.52,3103.31327,73359.0,984.1
94.4,6.41,p-TSA,0.0221,500000,152.5,74.86,69.38,0.648751,71426.0,729.7
222.3,1.72,Amberlyst-15,0.0704,500,97.7,99.5,95.94,739.455082,76558.0,886.0
153.5,6.57,p-TSA,0.0104,500000,74.1,96.0,87.76,8.878868,74949.0,861.2
107.0,8.16,Ti(OBu)4,0.0932,50000,166.7,97.9,95.53,4.914348,75095.0,755.3
225.4,7.77,H2SO4,0.0201,5000,16.2,99.5,89.64,326.115269,73026.0,962.9
144.6,6.36,Amberlyst-15,0.0185,50000,155.5,96.11,84.95,7.234414,74629.0,779.3
157.8,12.75,Amberlyst-15,0.04,500000,49.2,97.58,94.39,33.328314,77193.0,871.2
128.3,3.03,Ti(OBu)4,0.0436,500000,154.3,94.55,90.32,7.377399,75002.0,837.3
172.7,8.08,p-TSA,0.0293,1000000,33.7,97.16,87.75,65.361501,75058.0,909.6
91.1,1.87,Amberlyst-15,0.0627,50000,108.6,80.85,79.11,0.963188,75415.0,618.2
134.3,2.0,p-TSA,0.0499,50000,161.0,94.32,87.74,14.155732,72527.0,728.5
244.2,9.03,p-TSA,0.0131,50000,90.5,95.88,93.49,480.908132,76250.0,993.6
109.0,8.92,Ti(OBu)4,0.0388,500,136.9,96.94,90.2,2.386781,72490.0,568.6
184.8,13.29,Amberlyst-15,0.0829,500000,146.8,97.24,90.16,262.441742,73121.0,911.5
121.8,8.81,p-TSA,0.0721,2000,135.2,99.06,91.62,11.151734,72902.0,711.1
207.0,14.44,p-TSA,0.0752,500,167.3,96.66,88.3,764.073038,74650.0,851.0
84.9,1.68,Ti(OBu)4,0.0728,500,86.0,69.48,64.85,0.75833,74295.0,536.2
244.3,2.37,Ti(OBu)4,0.038,500,39.4,99.19,91.78,995.764565,74998.0,902.3
146.2,1.62,p-TSA,0.019,1000000,18.1,88.52,78.23,9.386894,73189.0,861.3
104.8,3.59,Ti(OBu)4,0.0345,2000,51.9,74.98,67.93,1.575705,77011.0,575.1
74.0,8.58,p-TSA,0.0849,50000,34.3,28.0,25.24,0.613628,76668.0,608.8
92.3,10.04,Amberlyst-15,0.0982,1000000,104.9,91.19,88.16,1.977931,74652.0,792.6
158.8,1.64,H2SO4,0.0544,500000,41.4,94.9,89.2,47.841221,74043.0,901.8
124.0,14.24,Ti(OBu)4,0.0109,5000,16.6,36.66,35.06,1.735884,73841.0,688.7
217.5,12.79,H2SO4,0.0226,1000000,16.1,93.09,90.83,282.084727,74380.0,1064.7
141.9,5.15,p-TSA,0.039,5000,151.4,99.5,93.97,19.333986,72200.0,724.0
107.3,2.08,p-TSA,0.0621,500000,110.5,94.69,92.63,4.004669,73081.0,729.1
177.3,3.38,p-TSA,0.0168,2000,70.9,99.13,90.32,41.473417,76720.0,859.3
194.3,2.78,H2SO4,0.0949,5000,162.0,95.43,85.76,405.601947,75604.0,836.4
91.7,2.73,p-TSA,0.0429,500,21.9,27.43,25.25,1.017882,78269.0,553.7
91.8,8.26,Ti(OBu)4,0.0921,1000000,176.7,95.59,88.62,1.817964,74402.0,738.8
67.0,4.44,Amberlyst-15,0.0802,5000,114.8,35.01,33.94,0.227495,74277.0,524.3
199.9,6.01,Amberlyst-15,0.078,500000,41.2,98.13,91.85,414.575012,74184.0,1004.3
186.1,14.85,Ti(OBu)4,0.0646,500,125.4,99.5,90.47,224.951051,74362.0,791.1
150.2,10.58,Amberlyst-15,0.0664,5000,139.8,98.15,93.66,39.635345,73680.0,780.3
220.4,14.29,H2SO4,0.0674,500000,83.0,96.21,89.53,1025.874765,75542.0,1053.5
213.1,3.0,p-TSA,0.0666,2000,156.5,98.62,88.39,709.68026,75058.0,890.5
171.2,6.35,p-TSA,0.0598,500000,35.6,98.58,92.44,112.463266,73980.0,964.3
225.0,8.77,p-TSA,0.0988,2000,57.4,99.5,96.63,1755.749542,77502.0,907.5
99.1,2.07,H2SO4,0.0759,500,25.9,64.21,61.91,2.398647,78793.0,623.2
81.3,1.06,H2SO4,0.0799,500000,45.8,40.74,38.24,0.669283,77333.0,723.4
111.3,10.39,H2SO4,0.0885,50000,50.6,98.87,90.74,6.919591,76116.0,766.2
70.8,9.99,Ti(OBu)4,0.0294,1000000,166.0,30.83,27.4,0.140591,76524.0,682.3
160.9,6.75,H2SO4,0.0175,50000,23.3,99.27,92.02,19.698263,78713.0,813.6
238.0,7.86,Amberlyst-15,0.0535,50000,82.7,93.71,89.51,1057.088512,76521.0,1092.1
67.5,6.82,Ti(OBu)4,0.0563,50000,100.5,27.3,25.0,0.203963,73830.0,593.6
83.2,1.34,Ti(OBu)4,0.0846,1000000,162.8,84.46,76.31,0.907755,75785.0,683.6
145.9,5.7,Ti(OBu)4,0.0499,50000,179.6,99.5,96.83,24.162408,76252.0,794.0
237.4,3.48,H2SO4,0.0614,2000,138.1,99.5,95.73,1321.446867,73011.0,929.2
120.1,2.38,Ti(OBu)4,0.0574,500000,175.0,95.55,90.18,6.118869,74430.0,800.9
156.4,14.39,H2SO4,0.0134,500,143.8,99.5,88.92,13.064055,77201.0,707.7
67.9,9.39,H2SO4,0.0654,50000,173.7,53.03,47.43,0.256231,71353.0,596.1
88.2,11.2,Ti(OBu)4,0.0845,50000,130.2,92.59,82.44,1.414405,72499.0,684.4
247.5,5.42,p-TSA,0.0242,500,23.6,99.5,93.69,932.170821,74647.0,972.3
243.4,6.5,p-TSA,0.0635,500,78.3,99.5,88.71,2136.483591,75707.0,943.8
60.9,4.32,Ti(OBu)4,0.0634,50000,119.9,20.79,20.05,0.124457,72285.0,592.4
240.8,2.36,p-TSA,0.0248,2000,69.6,99.5,97.44,695.801981,74746.0,967.5
181.4,3.51,Amberlyst-15,0.0211,500,56.5,99.47,91.18,45.462488,77308.0,775.6
224.9,12.17,Amberlyst-15,0.0982,500000,108.2,95.63,88.49,1371.987645,75137.0,1047.1
146.4,10.49,H2SO4,0.0454,500000,168.7,97.61,92.85,27.661967,76878.0,865.7
158.0,8.66,p-TSA,0.0305,2000,15.9,99.11,96.51,36.06406,73816.0,756.2
152.9,7.65,Amberlyst-15,0.0254,1000000,140.8,92.51,89.68,16.308267,73380.0,894.8
186.7,13.91,Ti(OBu)4,0.0701,5000,132.9,99.05,87.74,274.353294,76698.0,826.6
86.5,2.02,p-TSA,0.0649,2000,173.9,92.5,82.96,1.03423,75739.0,563.3
65.7,4.93,Amberlyst-15,0.0679,50000,168.2,38.72,37.0,0.175436,72629.0,577.2
118.5,5.9,Amberlyst-15,0.0179,5000,139.6,97.62,92.63,1.563947,73398.0,664.3
193.9,11.95,Ti(OBu)4,0.0904,50000,98.5,99.21,88.62,429.428234,78129.0,958.3
98.4,14.9,H2SO4,0.045,500000,44.7,69.23,64.4,1.635969,73151.0,752.6
188.0,4.37,Ti(OBu)4,0.0382,500,102.7,99.5,95.33,118.689426,76869.0,772.5
244.3,13.24,H2SO4,0.0516,50000,140.1,96.0,86.58,1620.908132,74044.0,1058.8
77.8,12.63,Amberlyst-15,0.0451,500000,162.3,57.67,55.77,0.338917,74994.0,667.8
187.8,4.15,H2SO4,0.0877,2000,144.3,99.5,88.09,305.712208,75589.0,814.1
144.3,6.59,Amberlyst-15,0.0936,50000,43.2,95.97,91.96,34.982919,70798.0,751.2
224.9,6.74,Amberlyst-15,0.0373,500000,111.9,98.2,92.46,472.299016,72075.0,1076.5
93.7,14.7,p-TSA,0.0878,500,66.5,94.29,85.94,2.882466,75173.0,528.2
191.6,3.53,H2SO4,0.0803,50000,11.6,95.72,91.14,305.686264,73551.0,912.4
219.2,12.19,H2SO4,0.0938,1000000,44.0,95.49,91.5,1300.050502,76993.0,1019.7
239.5,5.68,H2SO4,0.0321,500000,29.2,96.57,94.0,806.938011,71788.0,1106.9
189.8,11.23,Ti(OBu)4,0.0619,50000,153.3,98.37,90.18,254.815644,76131.0,899.5
154.5,6.88,p-TSA,0.0347,500,53.9,98.56,93.49,29.940175,72248.0,717.1
177.4,9.1,p-TSA,0.0842,50000,58.4,97.65,91.82,231.611835,74296.0,875.4
225.1,12.66,p-TSA,0.0105,50000,173.2,95.97,89.5,208.71008,72871.0,1006.8
168.4,12.26,Ti(OBu)4,0.0608,1000000,74.4,92.82,89.94,97.653178,78805.0,921.4
65.8,13.13,H2SO4,0.0405,500000,11.6,1.18,1.04,0.141702,72321.0,648.1
236.9,1.83,H2SO4,0.039,5000,58.3,97.37,88.44,857.452031,74756.0,961.6
191.0,10.69,H2SO4,0.068,50000,30.3,97.78,91.31,332.339605,71546.0,865.2
188.5,2.96,p-TSA,0.0866,5000,27.5,99.5,89.33,389.045333,78199.0,822.7
101.0,6.82,p-TSA,0.0648,2000,23.2,64.05,62.18,2.768506,75803.0,639.1
185.2,8.68,Amberlyst-15,0.0868,50000,110.9,97.53,92.14,216.860252,75274.0,888.7
134.8,6.64,Ti(OBu)4,0.0338,5000,42.2,96.57,89.6,9.354617,77949.0,702.1
183.7,8.27,Ti(OBu)4,0.0568,2000,71.4,99.5,95.67,168.794403,75295.0,782.2
80.3,14.95,p-TSA,0.0505,1000000,156.5,75.25,69.61,0.652689,75439.0,649.0
185.0,2.89,Amberlyst-15,0.011,500000,82.1,93.92,87.9,28.306376,75263.0,926.3
249.9,10.46,H2SO4,0.0601,50000,165.7,98.2,86.44,2357.041315,76127.0,1086.3
69.2,6.54,p-TSA,0.0695,500000,94.6,37.39,34.27,0.342913,74015.0,641.1
245.7,2.86,Ti(OBu)4,0.0633,2000,77.8,98.62,88.16,1898.777477,74571.0,991.2
137.3,3.22,Ti(OBu)4,0.0763,500000,137.6,92.17,87.47,20.477426,76621.0,810.1
225.4,14.29,Ti(OBu)4,0.0614,500000,22.4,96.92,89.93,998.889028,75555.0,1067.7
208.7,13.31,H2SO4,0.016,500,25.2,99.5,90.56,148.98694,74772.0,846.0
167.7,13.7,Ti(OBu)4,0.0205,2000,120.8,99.11,91.85,32.37643,72199.0,747.4
200.3,14.88,H2SO4,0.0637,500000,92.8,93.21,83.98,433.966012,77996.0,977.6
226.9,3.92,H2SO4,0.0347,5000,144.4,99.5,96.76,560.526336,73677.0,1007.3
136.8,5.98,H2SO4,0.0172,2000,165.8,98.1,86.86,5.596602,76974.0,760.7
122.1,10.37,p-TSA,0.0487,500,76.0,99.32,95.99,9.005176,75352.0,654.9
186.8,7.77,H2SO4,0.0599,50000,111.4,99.5,92.65,216.539478,72413.0,897.9
213.5,6.86,Amberlyst-15,0.0396,1000000,95.1,93.99,88.53,326.060046,77505.0,1042.8
204.8,6.01,Ti(OBu)4,0.0748,500000,176.9,96.61,87.94,502.980568,75509.0,1006.5
211.6,9.31,p-TSA,0.0679,5000,151.3,99.34,97.03,764.052231,77671.0,912.7
142.8,9.06,Ti(OBu)4,0.04,500,165.0,99.5,90.36,17.496971,74635.0,705.1
215.4,3.26,H2SO4,0.0779,2000,53.2,99.5,93.42,809.523379,76408.0,909.8
82.8,7.6,p-TSA,0.0684,1000000,141.3,84.07,82.34,0.986986,71475.0,697.6
163.5,8.75,Amberlyst-15,0.0674,1000000,55.1,95.46,92.41,69.91047,74000.0,872.8
61.1,8.98,H2SO4,0.0598,500000,45.5,9.15,8.54,0.136651,72454.0,623.9
121.7,3.94,Ti(OBu)4,0.011,500,170.5,99.5,97.41,1.508621,74250.0,663.1
129.6,11.39,Amberlyst-15,0.0727,500,13.3,93.75,89.07,13.813608,75944.0,658.1
135.3,1.35,H2SO4,0.0438,5000,174.1,99.5,89.64,11.595253,73791.0,732.1
192.1,5.97,Amberlyst-15,0.0948,50000,35.4,98.23,90.43,326.827357,76728.0,906.8
133.8,11.92,H2SO4,0.0836,50000,149.3,98.05,89.56,24.575447,73287.0,737.7
145.3,8.89,p-TSA,0.0629,50000,56.9,98.68,90.23,35.443601,76770.0,790.9
105.1,4.66,H2SO4,0.0327,1000000,69.6,79.58,76.08,1.654626,77620.0,732.2
130.9,10.73,p-TSA,0.0283,1000000,46.8,92.06,86.39,8.033104,77027.0,794.7
103.2,8.94,H2SO4,0.0406,2000,109.5,95.68,84.56,1.77505,74312.0,659.2
73.9,12.15,H2SO4,0.0529,1000000,69.2,29.22,28.27,0.352583,70749.0,672.2
174.7,11.29,Ti(OBu)4,0.0366,1000000,121.8,93.95,85.47,76.788699,76164.0,914.4
187.0,9.54,Amberlyst-15,0.0563,500,12.7,98.14,96.14,182.618763,74750.0,850.9
177.7,7.83,Amberlyst-15,0.0249,2000,20.9,98.38,95.96,47.126669,73043.0,833.8
148.1,2.86,Amberlyst-15,0.098,500,26.9,99.11,96.53,44.841489,73887.0,694.0
132.2,4.66,H2SO4,0.0197,5000,81.2,94.75,91.07,4.829185,77869.0,728.2
224.0,6.87,H2SO4,0.0939,5000,148.5,99.5,89.76,1378.107018,72725.0,938.0
158.6,9.39,H2SO4,0.0922,2000,161.0,99.5,92.86,86.653507,75937.0,740.8
151.0,8.19,p-TSA,0.0573,2000,51.6,99.5,89.79,44.462493,75436.0,756.9
64.9,5.03,p-TSA,0.0752,1000000,107.6,33.47,30.32,0.259725,74285.0,652.5
124.8,1.09,Ti(OBu)4,0.0492,5000,140.6,98.42,92.62,7.233526,76289.0,699.3
132.2,7.95,H2SO4,0.0667,500000,59.1,94.87,83.87,16.391292,78264.0,846.2
135.8,5.0,Amberlyst-15,0.0407,50000,79.5,97.13,94.9,9.344055,74408.0,801.7
170.2,11.28,Amberlyst-15,0.0371,1000000,99.1,94.99,92.32,55.174354,74514.0,909.1
161.4,1.34,Ti(OBu)4,0.062,50000,32.9,95.74,87.9,56.964698,76244.0,853.0
175.5,9.19,Amberlyst-15,0.0548,5000,14.4,99.5,92.69,104.484672,76836.0,789.9
205.3,14.18,Ti(OBu)4,0.0622,50000,36.0,94.77,87.81,489.156248,74745.0,961.8
214.5,3.44,H2SO4,0.0358,500000,116.6,96.58,93.51,340.140484,74389.0,1025.6
196.4,7.6,Amberlyst-15,0.043,500000,22.5,95.35,90.47,201.899064,70565.0,987.4
241.5,2.28,H2SO4,0.0176,500,42.2,99.5,90.33,451.854153,73444.0,929.9
63.5,9.76,p-TSA,0.0147,2000,67.4,5.55,5.13,0.047455,72721.0,586.2
97.2,8.71,Amberlyst-15,0.0328,50000,23.2,27.05,24.97,0.789679,76369.0,650.9
61.4,6.7,p-TSA,0.0167,500000,42.6,2.47,2.41,0.03735,74512.0,667.7
183.0,8.3,Amberlyst-15,0.0193,2000,164.9,99.16,89.0,45.902809,74434.0,791.7
230.6,13.55,H2SO4,0.0832,2000,13.3,97.38,86.57,1724.957144,74982.0,956.7
106.3,3.75,Ti(OBu)4,0.0135,500,121.1,71.97,69.67,0.669756,73260.0,617.9
236.1,1.32,H2SO4,0.0693,2000,75.3,96.42,93.49,1274.523264,78106.0,957.0
71.5,13.06,H2SO4,0.0345,2000,124.4,30.35,29.35,0.201078,77596.0,528.8
237.5,9.08,H2SO4,0.0884,1000000,110.1,95.19,88.63,2245.845742,78236.0,1098.1
126.8,13.47,Amberlyst-15,0.0536,5000,48.0,98.89,93.55,9.903388,76367.0,710.0
79.3,9.36,Ti(OBu)4,0.0375,500,154.0,53.42,50.02,0.308975,74941.0,586.8
152.3,12.34,p-TSA,0.0566,500,93.6,99.5,88.25,51.512717,78229.0,689.6
108.8,7.02,H2SO4,0.0444,50000,149.8,97.76,91.85,2.808531,73638.0,690.2
114.1,11.5,Amberlyst-15,0.0608,2000,79.0,98.69,86.98,5.062639,73258.0,658.9
118.4,13.78,p-TSA,0.0203,50000,177.4,96.03,87.63,2.903281,73797.0,723.2
212.6,9.01,H2SO4,0.0997,1000000,141.0,94.43,91.9,1035.557137,76046.0,1028.4
162.4,3.53,p-TSA,0.0483,500000,174.2,94.69,86.21,63.605202,73476.0,923.2
119.1,4.76,H2SO4,0.0413,2000,97.4,98.09,95.54,4.517434,74689.0,578.3
176.0,3.78,p-TSA,0.0739,500000,90.5,95.76,86.66,175.011585,71796.0,906.9
196.1,4.46,p-TSA,0.0428,5000,138.4,99.5,90.69,216.851329,75962.0,822.8
111.8,5.29,Ti(OBu)4,0.085,1000000,159.6,93.93,88.56,6.144363,71966.0,743.6
138.6,8.77,Ti(OBu)4,0.0509,2000,173.9,98.62,94.3,19.035356,73136.0,783.6
83.2,9.23,H2SO4,0.0748,50000,65.2,60.24,56.03,0.839449,77434.0,660.8
94.4,6.97,Amberlyst-15,0.0197,50000,145.8,60.85,58.92,0.416297,77361.0,699.5
189.4,9.62,Ti(OBu)4,0.0862,2000,45.8,99.5,87.96,345.493257,75749.0,836.2
94.5,2.14,p-TSA,0.0762,50000,102.7,90.36,87.85,2.016951,75551.0,693.9
159.8,2.23,Ti(OBu)4,0.0291,2000,40.6,98.3,88.43,25.948436,73938.0,711.5
194.7,3.41,Ti(OBu)4,0.0231,500,69.1,99.5,96.36,97.126052,73454.0,852.9
80.3,8.25,H2SO4,0.0385,50000,168.3,62.14,57.17,0.361374,74276.0,611.1
167.8,4.0,Ti(OBu)4,0.0978,2000,34.8,97.87,94.27,130.252801,71973.0,768.6
108.7,4.97,Ti(OBu)4,0.0331,2000,117.5,97.39,92.24,1.910485,75505.0,652.1
243.0,6.6,p-TSA,0.0511,50000,110.8,98.36,88.29,1603.927952,75098.0,1051.8
151.9,12.37,Ti(OBu)4,0.0127,500,30.5,99.35,96.55,9.087306,73133.0,717.2
213.1,1.19,p-TSA,0.0458,50000,65.4,95.8,86.65,510.182128,78137.0,926.9
164.5,10.09,Ti(OBu)4,0.0614,2000,105.7,99.5,89.99,76.874949,76214.0,779.4
68.2,10.36,Ti(OBu)4,0.0958,500,41.8,21.99,21.15,0.344758,76384.0,534.4
180.3,12.18,Amberlyst-15,0.0565,500000,146.1,96.62,86.05,135.841147,74025.0,919.7
240.8,14.06,Ti(OBu)4,0.0837,5000,175.3,99.5,89.77,2339.153822,74997.0,1026.3
174.3,1.28,p-TSA,0.0592,50000,46.5,93.09,86.61,114.460909,76255.0,844.5
215.6,3.15,p-TSA,0.0137,1000000,41.8,95.22,91.7,162.544881,75306.0,1039.3
228.0,13.41,H2SO4,0.0384,2000,87.3,96.49,86.34,714.039082,78204.0,981.1
103.3,7.42,H2SO4,0.0618,500,137.1,99.5,93.01,2.698967,74592.0,572.8
100.3,8.9,Amberlyst-15,0.0956,500,57.9,94.22,89.61,3.112947,73991.0,617.3
176.1,10.28,p-TSA,0.0873,500000,13.4,96.62,93.34,212.577087,76269.0,984.4
138.1,10.51,p-TSA,0.0306,50000,102.0,96.95,94.38,11.54733,72471.0,785.3
219.6,14.04,p-TSA,0.0298,1000000,172.6,93.84,89.95,507.817374,76849.0,1033.1
231.0,14.96,Amberlyst-15,0.0281,500,76.5,98.62,93.22,475.18768,72399.0,889.3
127.2,11.08,p-TSA,0.093,500000,81.4,97.88,90.38,20.299772,76277.0,842.0
105.0,5.02,H2SO4,0.0867,2000,174.7,99.5,88.68,3.790468,73703.0,665.9
208.3,13.32,Amberlyst-15,0.0797,500000,128.1,98.42,93.59,610.344007,75953.0,1049.2
112.2,1.69,H2SO4,0.0453,50000,132.3,97.0,94.99,3.264443,76815.0,714.5
216.3,4.24,H2SO4,0.0554,500000,105.7,95.93,91.49,598.112942,75307.0,1056.8
140.5,13.56,Amberlyst-15,0.0518,500,175.7,99.5,87.73,21.18607,72601.0,684.8
186.8,4.59,Ti(OBu)4,0.0328,500,127.1,99.5,92.5,109.059136,73206.0,775.5
78.2,4.09,Ti(OBu)4,0.0555,5000,162.2,63.66,59.93,0.382837,73543.0,614.1
178.5,2.93,H2SO4,0.0127,500000,128.9,95.63,90.75,26.893339,71210.0,980.3
145.8,13.03,Ti(OBu)4,0.0219,2000,135.0,97.91,93.21,13.261333,77255.0,699.0
171.5,8.0,p-TSA,0.0898,1000000,59.4,95.71,89.57,194.61108,75220.0,897.5
91.9,10.45,Amberlyst-15,0.0777,1000000,61.6,74.52,67.25,1.524755,72729.0,731.0
200.0,4.35,H2SO4,0.0481,50000,143.1,97.43,94.92,275.155475,77911.0,963.6
223.9,11.61,p-TSA,0.0565,5000,60.4,99.5,94.49,1067.075597,73597.0,910.8
101.2,11.64,Ti(OBu)4,0.0433,500000,105.7,90.94,82.18,1.605747,75501.0,744.7
78.2,5.38,p-TSA,0.0767,2000,52.4,45.97,41.94,0.695171,73349.0,542.8
64.5,6.75,Ti(OBu)4,0.0806,5000,148.9,44.03,42.81,0.217376,70963.0,567.2
182.0,3.94,H2SO4,0.0787,500,28.8,99.5,96.39,199.851141,72271.0,765.9
175.3,14.67,p-TSA,0.075,50000,151.0,98.73,90.88,199.805032,74103.0,896.5
163.9,10.04,Amberlyst-15,0.0284,500000,112.5,95.04,84.0,33.835826,76797.0,889.9
104.1,14.08,H2SO4,0.0404,1000000,41.8,73.83,65.33,2.117361,75693.0,732.1
134.3,5.25,p-TSA,0.0523,2000,102.1,97.12,88.22,17.754124,75280.0,702.6
173.0,11.95,p-TSA,0.0398,500,58.0,99.5,93.82,85.423888,70980.0,709.2
154.4,11.72,Ti(OBu)4,0.0779,5000,65.0,98.91,92.82,61.087694,77540.0,754.1
247.7,10.68,H2SO4,0.0396,50000,69.8,97.04,91.54,1334.023527,75447.0,1064.3
85.9,14.52,H2SO4,0.0224,5000,20.8,12.95,12.32,0.334179,74761.0,546.6
192.1,6.51,H2SO4,0.0459,1000000,177.6,93.24,82.23,188.625859,77265.0,903.1
136.8,2.83,H2SO4,0.0982,5000,15.4,99.5,88.61,29.284217,77495.0,656.8
141.4,10.4,Ti(OBu)4,0.0303,2000,122.6,99.5,91.14,12.470799,77309.0,758.3
196.3,11.21,Amberlyst-15,0.0651,500,73.1,99.5,89.1,295.939099,74506.0,823.5
191.6,9.05,H2SO4,0.049,500000,119.8,95.28,84.56,190.732202,72993.0,947.9
248.3,3.9,Ti(OBu)4,0.0164,2000,70.6,99.5,93.94,553.723956,76978.0,1014.3
84.4,8.06,Amberlyst-15,0.0539,1000000,124.5,69.23,66.56,0.578654,72270.0,698.9
79.8,5.37,Amberlyst-15,0.0732,50000,134.0,68.52,65.46,0.516035,78895.0,642.5
197.6,6.98,Ti(OBu)4,0.0562,1000000,127.4,95.26,91.62,293.895355,75056.0,994.8
169.9,10.03,H2SO4,0.0885,1000000,29.4,95.08,90.0,154.149539,72878.0,910.6
112.1,11.43,Amberlyst-15,0.036,5000,121.7,99.5,94.88,2.503503,72536.0,674.0
75.1,4.25,H2SO4,0.0178,50000,57.6,9.03,8.19,0.109152,72445.0,645.9
76.3,6.67,H2SO4,0.0943,2000,14.9,14.85,14.54,0.618151,75281.0,550.2
229.9,4.77,p-TSA,0.044,1000000,80.5,97.24,87.36,938.094334,74987.0,1060.9
96.5,3.78,H2SO4,0.0619,2000,83.7,89.71,80.87,1.589174,72528.0,595.9
121.4,11.97,p-TSA,0.0813,500000,89.4,97.21,88.35,13.240519,74287.0,719.6
103.1,13.73,Amberlyst-15,0.0392,5000,129.8,94.29,92.17,1.691364,72264.0,651.1
127.4,6.18,Ti(OBu)4,0.0745,2000,62.5,98.79,96.7,13.994063,76179.0,647.4
73.2,11.52,p-TSA,0.0222,50000,63.6,16.76,16.08,0.165259,74891.0,636.8
158.6,13.56,Ti(OBu)4,0.0362,1000000,20.3,94.03,88.66,38.862174,74243.0,893.8
72.8,12.85,Amberlyst-15,0.023,500000,126.8,20.67,19.27,0.115013,72424.0,670.2
212.1,3.56,H2SO4,0.083,50000,106.5,97.39,95.15,691.813099,74400.0,986.1
104.4,14.39,Amberlyst-15,0.03,5000,69.4,77.09,73.2,1.478496,74171.0,618.2
162.6,6.27,Ti(OBu)4,0.0746,500000,129.9,94.88,92.46,87.024007,75635.0,902.5
227.2,5.75,Amberlyst-15,0.0949,500000,101.4,95.67,87.22,1286.279411,75334.0,1061.0
183.7,1.87,H2SO4,0.0575,500000,89.8,95.57,87.29,165.587105,76584.0,938.6
161.3,7.81,Amberlyst-15,0.0586,1000000,96.9,96.97,93.62,54.2725,74031.0,875.3
121.6,2.53,H2SO4,0.0515,500,118.2,99.5,89.05,6.927362,71279.0,656.9
123.3,4.48,p-TSA,0.0393,500000,122.2,94.22,91.82,6.288822,76982.0,814.2
187.2,5.44,Ti(OBu)4,0.0528,50000,59.1,97.17,90.44,188.768861,73128.0,906.4
248.9,12.32,H2SO4,0.0643,50000,33.9,98.01,95.33,2603.714518,72786.0,1025.1
185.7,13.26,H2SO4,0.0987,5000,36.6,99.5,90.91,395.143132,74914.0,833.5
166.0,5.23,Amberlyst-15,0.0944,2000,118.7,99.5,94.68,103.709623,75605.0,778.2
198.8,13.02,p-TSA,0.0876,2000,158.4,99.5,92.36,648.095525,73938.0,882.8
148.4,13.0,H2SO4,0.09,500,79.6,99.5,93.8,54.860215,73923.0,658.4
71.4,11.71,p-TSA,0.0521,1000000,38.8,18.57,17.28,0.328992,74218.0,661.7
166.8,3.05,p-TSA,0.0692,1000000,138.6,93.66,91.48,109.958584,77833.0,905.0
241.9,10.66,Amberlyst-15,0.0906,500000,151.5,95.79,90.92,2592.145054,74995.0,1087.3
93.3,14.23,H2SO4,0.0454,500,159.7,97.95,88.66,1.216183,73064.0,529.2
191.1,10.56,Amberlyst-15,0.0966,5000,113.2,98.19,95.34,374.972338,73084.0,856.2
98.2,5.64,Ti(OBu)4,0.0474,5000,156.3,96.2,87.48,1.377684,74498.0,621.1
161.8,8.01,Ti(OBu)4,0.0641,2000,12.6,98.73,90.55,71.367412,75476.0,738.4
78.4,10.04,H2SO4,0.0739,5000,28.2,21.97,19.56,0.623014,75968.0,577.3
145.6,8.15,p-TSA,0.0956,500000,25.7,95.53,92.66,56.56676,75248.0,832.6
203.7,2.68,H2SO4,0.032,50000,131.1,97.45,88.55,206.742702,73316.0,959.0
126.0,5.37,H2SO4,0.0772,5000,21.8,96.89,87.78,12.8726,74152.0,673.5
186.3,12.23,Ti(OBu)4,0.0569,500,94.4,98.27,95.52,200.746665,76468.0,803.5
211.1,13.06,Ti(OBu)4,0.0342,500000,90.4,94.18,90.46,326.734664,72708.0,988.5
236.2,2.92,p-TSA,0.0799,5000,62.8,99.5,88.96,1938.054887,74068.0,957.4
104.6,14.33,p-TSA,0.0597,1000000,158.0,98.0,93.78,3.955186,76195.0,770.4
135.9,5.6,H2SO4,0.0695,5000,39.0,99.5,96.64,20.581455,76751.0,731.7
89.0,10.27,Amberlyst-15,0.0391,1000000,69.9,46.17,40.99,0.617387,74614.0,709.9
248.6,11.53,H2SO4,0.0533,500000,141.6,96.78,93.15,1882.893702,74178.0,1098.3
236.1,12.37,p-TSA,0.0656,5000,15.2,97.51,91.14,1948.657284,72356.0,931.7
162.6,14.24,Amberlyst-15,0.0464,1000000,124.4,94.18,89.18,53.158413,76051.0,948.6
220.0,5.38,Ti(OBu)4,0.0279,50000,148.8,96.31,89.5,326.377423,77638.0,1005.5
159.0,13.02,p-TSA,0.0965,2000,168.5,99.5,94.5,132.720723,80130.0,782.0
178.5,2.84,p-TSA,0.056,500000,159.0,96.94,85.64,127.562501,75773.0,883.3
76.9,10.87,Amberlyst-15,0.0761,1000000,64.3,39.7,37.96,0.527001,74898.0,674.5
203.5,11.39,p-TSA,0.047,500,109.7,99.5,87.89,414.729794,73160.0,833.7
84.3,10.49,p-TSA,0.042,5000,23.1,22.19,20.53,0.655474,71242.0,537.7
217.0,4.53,p-TSA,0.0466,1000000,53.8,95.9,85.84,598.806357,75354.0,1069.1
208.6,13.22,p-TSA,0.0468,1000000,26.0,96.81,93.17,515.636247,79701.0,1065.1
194.7,3.36,p-TSA,0.059,1000000,63.6,93.12,84.87,318.783795,77542.0,1048.5
66.9,1.75,p-TSA,0.0589,2000,158.8,42.39,39.23,0.203108,77233.0,500.9
117.6,11.04,p-TSA,0.0547,500,69.0,98.37,90.79,7.341923,75491.0,632.5
110.0,7.66,p-TSA,0.0221,500,105.5,95.29,91.22,1.730867,75719.0,649.6
128.4,12.89,Ti(OBu)4,0.0546,50000,83.7,96.66,89.71,10.827901,70153.0,748.4
76.7,6.37,p-TSA,0.0252,2000,88.0,25.81,24.75,0.213756,76525.0,539.7
238.0,3.36,Ti(OBu)4,0.0214,1000000,174.8,93.85,83.28,455.741207,73841.0,1039.1
165.2,12.71,Ti(OBu)4,0.0939,500000,60.3,93.27,83.86,119.705436,73597.0,932.0
118.0,8.68,H2SO4,0.0644,2000,116.6,95.96,89.73,7.115398,74353.0,659.6
135.4,3.65,H2SO4,0.0694,2000,81.4,98.9,96.4,18.416356,74286.0,681.7
145.0,11.09,Ti(OBu)4,0.0462,500,20.4,99.31,88.14,24.033741,73565.0,705.9
174.1,8.16,Ti(OBu)4,0.0918,50000,93.2,95.99,84.88,177.899667,75028.0,874.8
158.0,9.46,p-TSA,0.0674,50000,148.3,98.98,88.66,80.643434,73883.0,834.9
234.7,7.45,H2SO4,0.0792,2000,26.8,97.81,92.34,1697.787154,75201.0,945.2
154.4,12.6,Amberlyst-15,0.0432,2000,21.8,99.5,91.53,32.966071,72026.0,799.8
248.5,12.61,H2SO4,0.0964,5000,36.1,99.5,95.77,4258.944489,74572.0,1002.2
221.8,10.93,Ti(OBu)4,0.0838,1000000,139.9,92.12,81.73,1199.015015,72807.0,1103.0
99.6,2.48,Ti(OBu)4,0.0869,500,133.1,99.5,89.51,2.792146,73717.0,600.9
236.8,12.74,p-TSA,0.0255,1000000,106.1,94.45,85.95,791.048753,75287.0,1102.6
82.1,10.39,p-TSA,0.0344,500000,89.6,42.22,39.8,0.416159,71792.0,686.8
215.3,10.76,H2SO4,0.0357,500000,161.0,93.33,88.53,426.005389,73355.0,1052.5
132.3,6.08,p-TSA,0.0344,50000,140.3,98.16,87.6,9.800025,76138.0,769.1
226.8,13.31,Amberlyst-15,0.087,500,148.0,99.5,96.95,1347.940646,72174.0,874.0
224.9,11.16,Amberlyst-15,0.0129,1000000,148.3,96.4,88.12,174.238295,78556.0,1033.4
213.1,2.58,p-TSA,0.0168,50000,119.3,97.49,92.74,185.048637,77409.0,980.4
210.1,6.71,Amberlyst-15,0.0347,500000,87.9,95.47,89.02,248.437925,74011.0,983.0
117.9,13.41,Amberlyst-15,0.028,2000,157.0,99.5,89.78,3.197509,73426.0,657.9
75.4,1.66,H2SO4,0.0309,500,167.4,43.23,41.7,0.184178,75404.0,555.1
136.6,14.46,Amberlyst-15,0.0818,500,14.0,98.8,95.03,23.071686,72105.0,685.5
93.0,10.51,Ti(OBu)4,0.0607,1000000,18.8,30.5,28.05,1.353969,70996.0,710.8
192.0,9.84,Ti(OBu)4,0.0105,5000,173.0,95.35,89.52,44.653436,74081.0,907.3
125.8,4.79,H2SO4,0.0486,1000000,57.1,96.99,87.85,9.016125,74732.0,830.8
245.4,4.48,p-TSA,0.0467,2000,158.5,99.03,93.97,1556.222443,75189.0,1009.0
181.8,14.19,H2SO4,0.0203,2000,76.1,99.37,90.52,63.217851,73771.0,751.5
216.3,5.18,p-TSA,0.0709,50000,30.2,94.31,90.96,865.275057,77548.0,985.6
85.2,11.86,p-TSA,0.0732,500,23.7,36.93,33.3,1.24432,72010.0,573.2
223.8,6.5,p-TSA,0.0749,50000,36.6,96.56,85.11,1238.361477,72723.0,1045.4
235.3,2.95,p-TSA,0.0756,2000,52.5,99.41,90.15,1712.106636,75973.0,909.4
152.5,1.15,p-TSA,0.01,5000,93.0,97.9,88.02,7.29941,72677.0,802.5
175.2,8.62,H2SO4,0.0959,500,129.3,98.44,91.63,202.193543,72599.0,822.3
205.3,14.66,p-TSA,0.0833,2000,177.7,97.92,88.16,779.269323,75247.0,817.8
93.2,6.17,Amberlyst-15,0.0914,5000,85.1,92.27,88.24,1.719529,72893.0,632.4
155.5,6.0,Amberlyst-15,0.0114,1000000,98.1,95.42,86.27,8.334091,74734.0,907.2
135.7,5.82,p-TSA,0.094,500000,98.7,96.42,91.66,31.158862,73600.0,814.5
87.8,8.29,Amberlyst-15,0.0829,2000,101.7,83.65,78.45,1.085156,73277.0,569.9
129.8,7.17,Ti(OBu)4,0.0853,500000,98.0,91.07,89.12,17.182364,70795.0,829.6
73.0,13.32,H2SO4,0.0184,50000,11.5,1.27,1.24,0.111912,75279.0,598.9
64.9,8.08,H2SO4,0.0765,500000,10.3,2.38,2.3,0.213562,72506.0,640.7
85.7,8.11,p-TSA,0.0964,2000,26.6,49.91,47.71,1.682335,74664.0,603.6
243.0,2.94,p-TSA,0.0711,500000,27.3,99.5,91.41,2318.361992,73976.0,1145.0
164.4,14.76,Ti(OBu)4,0.0614,500,129.8,99.5,95.06,90.005839,74587.0,762.1
243.5,4.5,p-TSA,0.0951,2000,44.8,99.5,97.08,3176.068002,74701.0,977.8
142.2,2.03,Amberlyst-15,0.0499,5000,162.1,99.35,87.66,14.570904,75387.0,724.9
119.2,10.28,Ti(OBu)4,0.0639,500000,167.9,94.56,88.29,8.178145,73544.0,752.7
156.2,9.34,Amberlyst-15,0.0529,500,175.9,99.5,89.73,38.219674,77485.0,758.7
143.5,6.81,H2SO4,0.094,50000,169.6,99.5,93.11,40.577161,71305.0,789.1
80.1,6.91,Amberlyst-15,0.0168,50000,56.2,14.04,13.01,0.133125,74547.0,669.7
181.8,11.99,H2SO4,0.0551,500000,96.7,94.64,88.73,178.353065,76672.0,929.5
101.0,3.74,Amberlyst-15,0.0718,50000,39.8,75.23,70.35,2.342065,75954.0,668.1
177.7,12.48,H2SO4,0.0813,5000,147.1,96.36,94.04,217.132943,73050.0,841.9
183.5,10.08,p-TSA,0.0625,2000,161.0,99.5,93.05,224.257612,73384.0,821.6
88.9,6.87,Amberlyst-15,0.0918,500,154.7,99.16,95.65,1.316842,72986.0,521.0
71.7,7.41,H2SO4,0.0948,1000000,83.7,45.94,41.9,0.4809,76198.0,733.7
208.3,4.59,Amberlyst-15,0.0158,500000,139.0,94.5,87.3,106.286898,73520.0,987.0
147.4,11.53,Ti(OBu)4,0.0462,50000,26.6,97.54,90.42,27.221207,75510.0,831.2
71.1,8.18,p-TSA,0.0121,2000,16.8,2.48,2.25,0.070022,75529.0,567.9
249.0,5.49,H2SO4,0.0396,1000000,138.1,95.17,87.36,1423.613176,79737.0,1084.8
71.0,9.34,Ti(OBu)4,0.0583,5000,82.3,30.88,29.02,0.237012,75627.0,532.3
192.1,14.94,Amberlyst-15,0.092,50000,179.2,96.74,90.74,387.154313,73378.0,906.0
246.9,7.09,Ti(OBu)4,0.0862,50000,26.5,98.49,92.94,2722.846245,72080.0,1026.2
105.4,13.89,Amberlyst-15,0.0215,500,155.5,94.46,86.45,1.055171,74448.0,650.4
87.0,5.83,p-TSA,0.0184,5000,91.6,35.94,32.76,0.301179,74762.0,596.5
83.1,1.77,Ti(OBu)4,0.063,5000,150.6,76.34,71.84,0.581179,70579.0,619.3
117.6,3.86,p-TSA,0.0579,500000,148.9,95.12,84.97,6.916822,73572.0,794.4
79.2,6.86,H2SO4,0.034,1000000,165.7,53.93,48.83,0.288578,75595.0,705.9
191.5,4.07,Amberlyst-15,0.091,500,60.6,99.5,87.98,318.533492,73935.0,814.9
71.8,1.0,Amberlyst-15,0.0935,500000,171.5,60.09,53.31,0.344843,76937.0,701.7
156.8,13.81,p-TSA,0.0462,500,35.8,99.5,89.98,56.105468,71883.0,702.2
249.4,12.81,p-TSA,0.0901,5000,23.9,98.0,86.43,4346.195299,76354.0,1060.2
214.7,11.39,H2SO4,0.0446,500,83.4,99.5,90.0,516.495209,76828.0,833.0
176.9,3.35,Ti(OBu)4,0.0763,500,150.8,99.5,94.08,150.850606,76913.0,800.6
118.2,2.69,Amberlyst-15,0.0528,500,90.5,99.43,88.11,4.808923,71868.0,588.3
178.5,1.95,Amberlyst-15,0.021,2000,151.0,99.44,91.85,40.163089,75629.0,801.9
160.1,11.14,H2SO4,0.0935,2000,134.0,99.5,96.65,105.0682,73662.0,768.2
141.0,14.0,H2SO4,0.0509,1000000,45.6,94.19,90.34,23.715799,72188.0,837.8
84.8,7.03,p-TSA,0.0761,1000000,171.3,91.94,83.72,1.216956,74172.0,706.6
228.5,2.67,p-TSA,0.043,5000,20.3,98.39,95.69,756.324832,73190.0,914.5
145.5,8.17,Ti(OBu)4,0.0117,500,162.7,99.5,90.84,5.361213,76842.0,669.0
97.0,5.88,H2SO4,0.019,5000,61.8,41.81,37.1,0.532182,76026.0,642.3
129.9,6.25,Ti(OBu)4,0.0547,2000,95.0,99.26,97.22,10.27442,72695.0,690.6
138.7,9.7,H2SO4,0.0721,500,81.8,99.5,96.22,26.342158,73552.0,660.9
217.2,11.06,Amberlyst-15,0.0401,500000,39.2,94.09,87.19,439.878405,74239.0,1067.8
199.4,2.55,H2SO4,0.0726,2000,70.9,97.1,91.92,390.083377,74855.0,826.9
206.2,1.5,H2SO4,0.0729,2000,42.8,97.16,92.02,489.876413,77013.0,869.6
62.1,14.92,Amberlyst-15,0.0734,2000,44.7,9.81,8.83,0.176152,76382.0,505.1
139.1,4.26,H2SO4,0.0543,500,41.8,99.5,89.55,18.60089,75103.0,701.1
151.5,1.75,Ti(OBu)4,0.0923,1000000,93.1,92.94,86.15,54.788592,74479.0,880.1
63.6,3.66,p-TSA,0.054,50000,145.6,30.04,29.18,0.164432,71453.0,590.8
109.4,1.55,p-TSA,0.0505,500000,106.7,96.21,84.76,3.409277,77584.0,703.0
204.5,6.49,Ti(OBu)4,0.0279,500000,161.8,96.12,92.11,207.337032,74106.0,1022.0
86.1,12.23,Amberlyst-15,0.0377,5000,118.2,60.72,53.78,0.483094,78110.0,593.5
161.7,5.78,H2SO4,0.0138,500,127.2,99.5,92.32,16.58892,75392.0,742.7
100.9,7.22,Ti(OBu)4,0.067,1000000,123.5,94.59,89.27,2.326049,79051.0,729.8
62.3,10.46,p-TSA,0.0324,2000,86.4,12.24,11.61,0.096704,76213.0,493.6
105.8,8.12,p-TSA,0.0374,50000,127.2,95.94,84.99,2.222486,72136.0,744.5
245.4,13.06,Ti(OBu)4,0.0794,500,21.9,99.5,91.73,2798.27409,73771.0,895.3
212.3,13.12,p-TSA,0.0394,500,156.2,99.5,93.37,475.338835,74662.0,834.1
242.3,1.14,Ti(OBu)4,0.0318,1000000,142.2,98.77,87.57,786.751857,73252.0,1150.2
152.7,11.89,p-TSA,0.0252,50000,51.7,96.25,86.0,21.912408,74246.0,835.9
80.8,7.45,Ti(OBu)4,0.0797,2000,140.6,81.7,77.32,0.780785,72266.0,557.4
164.1,14.84,H2SO4,0.0217,500,12.1,97.81,91.17,29.829737,75011.0,782.6
146.3,7.77,H2SO4,0.0508,500000,46.9,94.29,84.5,29.141019,75475.0,864.2
220.4,14.82,H2SO4,0.0556,500000,21.1,98.35,91.81,791.33637,72992.0,1043.0
78.6,11.56,H2SO4,0.0719,50000,142.6,75.33,73.16,0.602425,78881.0,638.3
152.8,4.48,p-TSA,0.067,2000,138.5,99.5,87.72,55.694367,75127.0,760.9
88.5,8.54,Amberlyst-15,0.083,50000,148.3,90.31,85.27,1.177754,73367.0,671.4
121.7,14.89,Ti(OBu)4,0.014,500,10.8,29.41,26.1,2.067146,71741.0,705.0
200.1,13.01,Amberlyst-15,0.0367,500000,95.2,94.99,83.65,203.604939,75120.0,979.3
150.4,2.36,p-TSA,0.0352,5000,129.8,98.4,88.08,22.34312,74479.0,756.1
131.4,10.89,p-TSA,0.0231,50000,36.4,96.74,89.22,6.687184,76566.0,726.4
135.0,5.84,Amberlyst-15,0.036,5000,120.5,99.18,95.23,9.134646,74713.0,720.8
147.3,1.1,Amberlyst-15,0.0379,5000,24.3,97.71,88.74,16.611965,72613.0,809.1
209.2,6.65,p-TSA,0.057,1000000,40.8,94.85,89.4,565.697335,78341.0,1052.4
229.5,4.29,p-TSA,0.0697,500000,90.9,95.02,87.53,1476.1668,75871.0,1042.4
241.5,12.46,Ti(OBu)4,0.0443,50000,121.1,95.63,86.39,1215.923728,74492.0,1039.6
209.5,5.72,H2SO4,0.0748,5000,34.8,97.17,90.5,626.055625,75329.0,869.8
119.9,12.59,H2SO4,0.0403,500,41.5,99.21,95.22,5.546127,75948.0,605.7
190.7,1.01,Ti(OBu)4,0.0361,1000000,44.8,92.31,88.91,124.756655,72142.0,981.3
143.1,5.31,Amberlyst-15,0.0587,2000,50.6,99.5,95.98,21.162459,75315.0,708.1
108.4,4.38,p-TSA,0.0121,1000000,48.5,45.49,41.57,0.769085,74100.0,739.6
219.8,4.27,Amberlyst-15,0.0172,2000,77.2,97.94,93.96,160.043788,76015.0,929.2
67.3,1.95,H2SO4,0.0476,500000,121.1,26.6,23.97,0.160076,73520.0,650.7
231.3,3.62,H2SO4,0.0949,50000,84.5,99.23,94.65,1765.526634,73791.0,966.3
147.7,8.78,Amberlyst-15,0.0749,50000,141.9,98.68,96.19,38.368278,78326.0,741.9
181.1,5.08,H2SO4,0.0179,2000,132.3,99.5,87.7,45.792621,77462.0,800.6
185.3,6.84,p-TSA,0.0862,500,31.5,99.5,91.94,308.996456,68409.0,750.5
230.1,6.28,Ti(OBu)4,0.0759,2000,18.3,96.52,91.19,1331.059756,77314.0,884.2
181.0,13.26,Amberlyst-15,0.065,2000,159.3,98.31,93.42,171.957074,74853.0,851.3
176.6,13.67,p-TSA,0.0838,50000,23.6,95.63,85.84,236.595828,73584.0,873.6
72.7,7.9,p-TSA,0.0464,5000,35.2,17.23,16.84,0.301081,72986.0,558.6
158.5,5.62,H2SO4,0.0299,500,13.8,99.26,93.46,26.533295,73102.0,725.5
88.5,2.5,p-TSA,0.0561,50000,116.8,84.34,75.61,0.988906,73640.0,622.1
200.1,14.35,Amberlyst-15,0.0594,1000000,109.0,95.85,84.55,341.237769,72746.0,1012.6
157.3,1.84,p-TSA,0.0584,2000,177.8,97.8,93.73,58.616088,72291.0,754.4
189.2,5.17,Ti(OBu)4,0.0609,5000,160.8,97.62,86.68,217.012083,72919.0,835.3
67.9,5.17,p-TSA,0.0954,500,79.8,42.8,38.27,0.429132,75647.0,486.5
76.1,5.49,p-TSA,0.0912,500000,73.2,53.95,50.58,0.658224,75100.0,638.4
196.1,3.3,Ti(OBu)4,0.0888,500,60.5,99.5,93.56,405.381548,76112.0,813.0
73.7,11.96,p-TSA,0.0821,500,35.9,28.7,27.23,0.598285,74867.0,512.0
73.5,2.71,p-TSA,0.0949,2000,33.5,26.77,24.61,0.593987,72387.0,535.9
62.3,9.89,H2SO4,0.0189,2000,32.5,2.44,2.33,0.045389,75989.0,522.5
241.7,2.73,Amberlyst-15,0.0339,500000,29.4,94.33,92.2,809.843989,72991.0,1086.9
200.1,1.99,H2SO4,0.0546,500000,50.9,94.06,85.32,299.321814,76293.0,992.2
127.1,13.73,Amberlyst-15,0.0862,500000,62.1,95.93,91.16,14.394155,72668.0,831.0
116.3,3.66,Ti(OBu)4,0.0555,50000,173.5,95.73,93.13,4.937363,73625.0,743.6
126.4,12.5,Ti(OBu)4,0.0773,50000,108.3,95.78,90.86,14.182803,74277.0,779.7
207.2,8.62,Ti(OBu)4,0.0225,2000,177.9,97.69,92.62,199.272568,76349.0,857.6
185.7,2.09,Amberlyst-15,0.0327,2000,73.3,98.98,89.32,88.164512,75352.0,813.9
95.2,14.38,Amberlyst-15,0.0759,500000,87.8,91.15,85.09,1.922992,75040.0,742.5
93.1,4.46,Amberlyst-15,0.0248,50000,65.2,40.49,37.91,0.458686,78771.0,687.8
78.7,13.04,Ti(OBu)4,0.0416,5000,41.1,20.72,19.68,0.382821,71326.0,561.3
185.5,3.36,Amberlyst-15,0.0338,50000,34.3,99.5,97.48,92.379805,72923.0,916.9
205.2,12.96,p-TSA,0.0415,2000,170.7,97.59,86.21,331.716113,72838.0,849.8
110.4,1.19,H2SO4,0.0737,50000,177.8,98.63,87.43,4.744176,71459.0,725.3
64.0,8.16,Ti(OBu)4,0.0431,2000,17.6,2.18,1.94,0.114206,73561.0,524.2
75.6,11.77,H2SO4,0.06,500000,35.6,20.31,19.38,0.404652,76376.0,632.4
243.9,14.09,p-TSA,0.019,500000,82.0,94.38,84.34,773.785513,73817.0,1081.7
116.1,13.73,Amberlyst-15,0.0825,500000,41.7,94.97,89.49,8.575518,74334.0,840.8
206.2,12.47,H2SO4,0.0433,5000,71.9,99.37,90.67,372.572391,71555.0,906.4
178.7,13.43,p-TSA,0.0684,5000,31.9,99.5,92.11,224.625701,73407.0,900.7
132.6,3.79,p-TSA,0.0753,2000,87.6,97.68,88.07,22.404754,74077.0,653.2
99.1,4.98,H2SO4,0.0289,500,56.2,57.34,55.43,0.90827,76285.0,605.2
83.1,5.05,Ti(OBu)4,0.0896,1000000,69.8,61.88,58.08,0.853605,71650.0,631.6
176.9,6.28,H2SO4,0.0655,5000,26.0,98.33,95.82,149.74283,74090.0,827.1
207.2,6.51,Ti(OBu)4,0.0486,2000,82.8,98.78,92.6,359.420979,77174.0,901.9
182.3,8.62,Amberlyst-15,0.0264,50000,177.2,95.57,85.29,61.412935,74110.0,915.9
160.8,3.24,Ti(OBu)4,0.0948,500000,65.9,95.9,86.03,89.359776,70769.0,862.9
68.0,10.68,Amberlyst-15,0.078,500000,159.0,51.36,50.28,0.272859,77558.0,686.0
244.0,3.35,H2SO4,0.0287,500000,153.3,94.74,90.25,808.45519,76470.0,1079.0
211.8,5.34,Amberlyst-15,0.0404,2000,171.8,98.45,87.12,304.104776,76739.0,889.5
115.6,8.05,p-TSA,0.0829,500000,144.3,96.34,91.56,9.165963,71512.0,761.0
246.2,12.15,Amberlyst-15,0.0726,5000,122.1,97.66,89.97,2192.02109,78025.0,966.3
174.4,11.35,Ti(OBu)4,0.0789,50000,155.6,98.0,89.25,146.264489,73453.0,917.9
170.7,10.04,Ti(OBu)4,0.0497,500000,22.9,94.42,84.55,83.749594,73981.0,913.0
202.1,3.18,Ti(OBu)4,0.0745,2000,88.7,99.5,95.92,401.235903,73594.0,903.0
214.2,8.66,Amberlyst-15,0.0448,50000,178.2,97.52,86.44,422.399778,76894.0,1001.9
184.7,2.22,Ti(OBu)4,0.029,500000,140.8,94.57,85.96,73.738457,74640.0,917.7
84.3,6.28,Ti(OBu)4,0.0669,500,173.6,88.84,80.9,0.826421,75963.0,582.3
124.3,6.79,p-TSA,0.0978,500000,142.5,94.73,84.89,17.363085,75152.0,810.7
236.3,1.56,Amberlyst-15,0.038,1000000,158.7,97.11,90.39,661.379748,74810.0,1059.6
102.7,4.84,p-TSA,0.0515,5000,130.1,96.11,84.69,2.480403,73106.0,655.1
130.7,14.38,Ti(OBu)4,0.0707,50000,139.3,96.0,87.37,16.472248,78624.0,731.0
142.1,14.35,Ti(OBu)4,0.0587,5000,98.9,97.66,95.06,26.757471,72073.0,788.4
143.5,5.93,Ti(OBu)4,0.0859,500,167.1,99.5,90.65,34.754681,75825.0,718.1
176.5,1.6,Amberlyst-15,0.0786,500,150.3,99.5,91.15,129.53354,75753.0,774.0
239.2,3.51,H2SO4,0.0152,1000000,153.5,92.81,86.07,375.39992,77309.0,1135.9
105.7,6.49,Ti(OBu)4,0.0999,5000,124.4,97.9,91.65,4.617285,77776.0,601.8
83.1,14.27,Ti(OBu)4,0.0777,50000,61.8,60.54,58.17,0.893896,74725.0,620.2
97.5,2.98,Ti(OBu)4,0.0878,500,16.1,46.18,41.52,2.410385,76061.0,571.2
228.5,11.69,Ti(OBu)4,0.0686,500,169.1,99.5,96.23,1245.345265,78530.0,973.3
182.7,2.52,Amberlyst-15,0.0871,500000,109.6,96.88,92.59,199.524638,74870.0,909.6
114.3,14.74,H2SO4,0.0201,1000000,60.7,82.57,78.63,2.049904,72867.0,734.6
215.0,6.34,H2SO4,0.0413,2000,35.4,99.44,88.37,440.379963,74231.0,859.3
223.7,11.85,H2SO4,0.0889,500,151.0,96.76,85.36,1473.698669,72391.0,921.3
220.8,5.8,Ti(OBu)4,0.0281,50000,152.2,96.37,90.53,351.631799,75744.0,969.2
234.6,9.79,Ti(OBu)4,0.017,50000,148.5,98.51,95.19,334.966581,77129.0,1016.7
107.9,3.69,H2SO4,0.0809,500000,119.7,94.85,89.02,4.15499,74758.0,777.6
203.5,3.04,H2SO4,0.0852,50000,72.2,95.89,86.43,597.032908,71758.0,938.9
147.5,14.13,Ti(OBu)4,0.0246,500000,61.7,98.92,87.94,14.587199,77043.0,859.8
220.0,13.85,Ti(OBu)4,0.0869,500,11.5,99.5,94.52,1254.256327,71447.0,901.0
198.4,13.42,p-TSA,0.0718,500,151.7,99.5,94.74,506.534337,71908.0,818.1
207.5,9.76,p-TSA,0.0568,500,24.9,99.5,89.28,550.500956,74643.0,848.8
184.7,12.32,p-TSA,0.0847,500,117.2,96.66,85.33,328.852422,75504.0,803.9
93.7,1.97,H2SO4,0.0477,2000,95.7,79.01,72.75,1.166785,75844.0,625.4
163.6,5.69,Amberlyst-15,0.0275,1000000,99.5,94.34,88.52,28.133709,74868.0,885.1
247.1,5.39,Ti(OBu)4,0.0356,1000000,167.5,94.69,90.02,1075.589254,78520.0,1027.1
238.1,9.9,p-TSA,0.0555,2000,15.4,98.36,94.53,1523.106441,75130.0,980.7
68.2,5.98,Amberlyst-15,0.0578,500,141.5,31.29,29.44,0.201543,77069.0,533.3
91.3,3.08,Ti(OBu)4,0.0825,50000,18.8,36.68,32.69,1.469903,76574.0,669.2
85.0,9.35,Amberlyst-15,0.0812,500000,16.5,22.66,21.49,0.980527,72414.0,705.6
197.9,12.4,H2SO4,0.0623,1000000,83.1,97.45,95.35,391.450526,74661.0,977.9
215.4,6.35,H2SO4,0.0803,5000,20.7,97.32,94.45,844.991832,79247.0,938.4
100.6,2.85,H2SO4,0.0273,500000,144.2,84.38,81.61,0.979048,73991.0,762.0
156.1,3.75,p-TSA,0.0145,5000,100.0,94.48,86.0,12.991847,73651.0,776.9
219.7,4.32,Ti(OBu)4,0.0886,5000,14.9,98.06,93.65,978.700372,75341.0,1009.0
199.2,5.2,H2SO4,0.0168,500,16.9,99.5,96.03,99.830603,74063.0,786.1
163.0,10.0,p-TSA,0.0322,5000,114.2,97.58,92.49,45.948564,73413.0,797.4
172.2,9.41,p-TSA,0.0726,500,147.0,99.5,90.05,162.134604,74033.0,730.1
156.6,10.75,p-TSA,0.0469,2000,84.4,98.71,96.28,51.076155,77864.0,782.9
116.5,6.08,p-TSA,0.0889,50000,104.3,97.22,89.94,10.453304,74727.0,678.8
167.4,12.54,H2SO4,0.0368,5000,146.0,96.46,86.13,54.234082,72344.0,763.3
190.9,3.86,p-TSA,0.0111,50000,113.8,97.43,86.81,48.023027,71977.0,893.2
225.9,7.57,H2SO4,0.0371,500,48.2,97.03,91.67,593.046739,79414.0,907.8
180.9,12.21,H2SO4,0.062,5000,114.2,99.5,91.92,173.992169,74553.0,819.3
204.6,3.52,p-TSA,0.0438,500000,116.8,96.59,85.91,347.634523,75869.0,978.9
90.4,2.54,H2SO4,0.0581,2000,134.8,91.19,87.0,1.084092,73457.0,585.7
147.7,13.37,Ti(OBu)4,0.0889,1000000,115.5,93.52,89.77,56.051611,75642.0,862.0
61.8,5.8,Ti(OBu)4,0.0921,2000,174.8,43.35,41.3,0.19271,77919.0,564.1
106.9,10.57,Amberlyst-15,0.0339,5000,43.5,70.96,63.88,1.739349,73695.0,672.7
198.0,1.35,Ti(OBu)4,0.0516,2000,171.7,99.5,94.42,249.294742,75917.0,850.4
248.4,10.66,H2SO4,0.0594,1000000,101.5,93.75,82.6,2291.315591,72189.0,1184.0
78.8,5.43,H2SO4,0.0954,500000,124.2,73.07,66.53,0.74945,79046.0,696.8
136.3,1.78,Ti(OBu)4,0.0999,50000,26.9,97.52,89.71,28.942818,75537.0,746.6
212.0,9.54,p-TSA,0.0312,500000,74.7,95.27,91.8,375.890972,74174.0,1022.7
98.8,4.37,p-TSA,0.0754,2000,140.8,98.09,90.15,2.890182,74404.0,628.0
165.5,6.42,H2SO4,0.044,1000000,130.2,96.19,84.76,61.57939,73980.0,893.0
199.3,2.13,p-TSA,0.0107,50000,16.8,96.93,88.72,67.32201,74082.0,901.6
177.0,3.06,Amberlyst-15,0.0108,1000000,102.9,93.07,86.54,18.390278,70105.0,945.2
95.7,5.17,Amberlyst-15,0.0515,500000,25.0,33.6,32.76,1.147476,74804.0,713.5
127.5,2.26,Ti(OBu)4,0.054,500,179.3,98.31,95.76,8.195454,74720.0,698.1
208.9,13.75,Ti(OBu)4,0.012,500,162.5,99.5,89.36,111.064277,75977.0,879.5
165.3,1.08,p-TSA,0.0718,50000,13.6,98.08,88.13,97.101529,73954.0,829.0
61.0,7.77,H2SO4,0.0365,50000,156.0,18.37,16.47,0.079247,73458.0,600.2
204.6,2.73,Ti(OBu)4,0.0604,50000,166.3,96.73,92.75,404.139382,74984.0,984.4
66.7,5.31,Amberlyst-15,0.0371,500,70.1,11.02,9.7,0.101118,71775.0,459.9
201.7,13.96,Ti(OBu)4,0.025,500000,132.3,97.25,86.82,168.730639,75287.0,958.5
98.5,3.26,Ti(OBu)4,0.0466,50000,85.2,82.07,76.64,1.355761,71276.0,680.8
242.0,14.52,Amberlyst-15,0.0309,500,121.4,99.5,90.02,765.10113,77242.0,941.1
129.9,3.88,H2SO4,0.0581,50000,67.9,96.48,85.79,11.777284,76369.0,758.2
122.1,11.38,Ti(OBu)4,0.0279,50000,64.8,98.61,90.32,3.491775,73148.0,730.9
88.3,8.65,Ti(OBu)4,0.0558,1000000,82.2,68.43,62.09,0.873269,76322.0,710.9
118.1,13.38,Ti(OBu)4,0.0242,50000,34.7,79.88,74.37,2.936202,75223.0,741.6
226.6,8.76,p-TSA,0.0704,500,151.3,99.12,96.94,1405.764354,72982.0,935.4
249.3,8.48,Ti(OBu)4,0.0779,500000,69.3,97.09,86.64,2662.117183,70954.0,1093.8
130.0,3.74,Amberlyst-15,0.0199,500,78.0,98.45,90.31,3.49058,75633.0,733.0
145.2,3.33,H2SO4,0.0521,500,162.0,99.5,96.83,22.746061,73411.0,756.9
197.2,13.83,H2SO4,0.0164,50000,94.4,99.45,96.24,97.893514,77190.0,967.8
228.4,5.59,Amberlyst-15,0.0638,1000000,102.5,93.48,85.95,1067.266727,75028.0,1089.6
172.7,6.21,p-TSA,0.0338,5000,172.6,98.8,93.85,77.838289,73601.0,876.9
134.4,11.64,Amberlyst-15,0.0575,5000,160.7,99.16,88.13,14.718215,78596.0,712.2
138.4,5.74,H2SO4,0.0566,5000,38.8,99.28,94.44,19.220691,76153.0,706.0
192.2,14.33,Amberlyst-15,0.0932,500,90.4,99.32,97.07,368.913945,67690.0,799.6
60.6,11.33,p-TSA,0.0594,50000,175.1,38.1,35.57,0.147032,74027.0,556.4
177.7,9.36,H2SO4,0.0625,5000,73.3,96.56,89.78,154.442819,72232.0,832.9
127.5,13.33,p-TSA,0.0461,2000,73.2,99.5,89.42,10.928783,73400.0,692.9
210.9,1.69,Amberlyst-15,0.0954,2000,43.2,99.5,93.87,706.339101,74711.0,898.3
77.7,4.6,Ti(OBu)4,0.0799,2000,29.4,26.81,25.17,0.608299,75708.0,558.8
171.8,7.51,Amberlyst-15,0.0357,500000,135.9,93.12,88.01,55.480735,75523.0,918.3
151.4,4.18,p-TSA,0.086,50000,140.9,95.7,84.46,63.655067,77156.0,865.5
182.0,11.41,Amberlyst-15,0.0489,500,174.7,99.5,93.02,115.680099,76273.0,808.7
72.3,13.87,Ti(OBu)4,0.0846,500,141.5,64.08,60.21,0.486411,76149.0,543.4
170.2,6.93,p-TSA,0.0841,50000,51.4,94.59,85.2,151.137008,75403.0,866.2
166.7,5.79,Amberlyst-15,0.027,1000000,16.8,94.3,84.95,31.032358,77574.0,868.2
166.5,14.46,p-TSA,0.0731,1000000,177.5,95.34,86.53,139.569016,74367.0,861.9
174.7,7.23,p-TSA,0.0362,500000,67.9,97.89,93.11,89.27509,74419.0,984.1
188.5,7.85,H2SO4,0.0368,50000,63.0,96.72,90.98,135.753144,71189.0,890.3
212.9,5.92,H2SO4,0.0367,1000000,164.0,94.14,90.8,350.273789,77112.0,1013.9
111.3,13.73,p-TSA,0.0753,500000,109.5,95.97,87.29,6.85541,74846.0,770.5
216.8,8.97,Amberlyst-15,0.0307,5000,46.5,99.2,96.35,291.255911,80867.0,943.4
154.7,11.67,Amberlyst-15,0.0101,5000,161.1,99.16,94.64,7.121406,74189.0,791.9
74.6,12.37,Amberlyst-15,0.0744,500000,178.9,68.63,63.1,0.394131,75177.0,724.8
71.1,5.79,Ti(OBu)4,0.0254,50000,24.7,1.46,1.3,0.116177,76093.0,657.8
123.5,7.07,p-TSA,0.0194,5000,156.6,97.11,87.95,3.448044,72796.0,669.4
209.1,12.88,p-TSA,0.0314,50000,76.4,99.13,96.72,351.13551,75717.0,986.8
194.5,6.09,Ti(OBu)4,0.0442,1000000,99.1,95.33,86.85,187.703515,75069.0,974.6
209.8,12.12,p-TSA,0.0528,5000,165.5,98.02,89.49,549.006327,74393.0,905.4
158.3,14.17,p-TSA,0.014,1000000,175.5,96.73,86.95,17.215744,77345.0,862.9
143.6,9.72,Ti(OBu)4,0.0974,50000,54.6,95.3,91.56,44.13675,73193.0,743.3
88.0,11.38,H2SO4,0.0744,50000,46.2,60.96,55.33,1.288931,75550.0,654.0
122.4,12.27,p-TSA,0.0391,2000,23.7,92.95,84.86,6.856441,77909.0,642.3
142.5,12.83,Ti(OBu)4,0.0387,500000,105.5,94.84,87.39,18.779773,73587.0,868.9
76.8,6.53,Amberlyst-15,0.0504,500,12.3,6.31,5.82,0.316227,74406.0,518.6
101.9,1.72,H2SO4,0.0664,500000,80.0,91.63,84.41,2.703603,79691.0,749.0
173.7,6.63,Amberlyst-15,0.0232,50000,22.5,94.9,88.29,40.456328,75949.0,910.1
199.8,10.43,p-TSA,0.027,50000,78.9,97.27,93.52,211.774524,73988.0,889.8
249.7,7.3,H2SO4,0.0873,500000,16.8,93.51,89.95,3042.646594,76605.0,1087.4
237.3,11.49,Ti(OBu)4,0.0331,50000,152.0,97.25,93.34,840.163102,73864.0,1033.6
182.1,6.0,p-TSA,0.0442,1000000,45.7,97.11,86.44,138.06649,71870.0,964.6
140.0,9.89,Ti(OBu)4,0.0884,5000,65.8,98.08,94.15,30.418552,77745.0,768.1
180.9,3.61,H2SO4,0.0697,50000,157.9,95.24,84.96,188.712021,72794.0,913.1
209.3,11.49,Amberlyst-15,0.0408,500000,136.9,95.31,85.06,317.729977,79903.0,1011.0
82.5,8.64,p-TSA,0.0715,500000,47.2,48.31,47.09,0.880385,74021.0,700.3
137.9,3.86,p-TSA,0.0118,500000,22.2,76.89,73.96,4.199827,79267.0,839.6
219.6,5.09,Ti(OBu)4,0.0762,2000,131.7,98.87,92.47,856.615281,72263.0,869.9
132.9,11.48,H2SO4,0.0538,1000000,76.4,97.61,94.44,14.378968,77051.0,827.6
168.7,7.76,Ti(OBu)4,0.0832,1000000,140.2,96.79,94.75,122.463237,75999.0,929.1
171.7,4.02,H2SO4,0.0959,2000,85.7,98.87,93.04,175.474668,76675.0,808.0
95.1,14.54,p-TSA,0.0933,1000000,68.8,93.62,88.13,3.066185,76936.0,709.9
128.8,11.01,H2SO4,0.0918,2000,86.7,98.51,94.12,21.768421,74005.0,649.0
123.6,14.4,p-TSA,0.0561,1000000,137.3,95.1,85.9,11.533067,72382.0,801.9
65.0,6.98,H2SO4,0.0424,2000,163.4,28.09,25.19,0.127699,74898.0,586.5
64.6,7.65,Amberlyst-15,0.0519,2000,18.5,4.97,4.75,0.132537,75446.0,502.0
218.0,13.57,H2SO4,0.0721,1000000,99.1,97.2,88.89,968.646523,74056.0,1080.3
111.9,8.35,Amberlyst-15,0.0896,2000,15.6,79.09,70.67,6.31845,75555.0,692.3
158.4,10.9,H2SO4,0.0286,1000000,89.6,96.43,87.9,29.994496,75659.0,897.5
116.8,4.53,H2SO4,0.0926,2000,160.5,99.5,91.13,8.295722,73180.0,636.6
238.7,7.25,Ti(OBu)4,0.0834,500000,71.5,96.33,94.07,2043.119742,75790.0,1097.2
109.3,2.73,Ti(OBu)4,0.0981,500,168.5,98.29,93.36,5.813747,74466.0,614.0
141.6,3.88,p-TSA,0.0892,1000000,117.2,97.6,91.07,39.093548,73600.0,828.3
225.8,1.01,Ti(OBu)4,0.0352,2000,168.8,99.5,97.2,483.024542,76575.0,909.8
220.0,1.55,H2SO4,0.0195,500000,138.7,95.15,92.32,221.684183,73446.0,1048.5
95.4,14.68,Ti(OBu)4,0.0201,500,27.6,22.76,21.19,0.537596,74087.0,601.3
212.5,4.39,H2SO4,0.0362,2000,49.3,99.5,96.57,311.45472,75144.0,886.6
147.1,10.29,Amberlyst-15,0.0653,500,77.0,99.5,91.58,29.329624,77749.0,700.5
151.8,12.75,H2SO4,0.0824,1000000,38.9,94.75,85.56,64.37393,75386.0,899.5
85.4,8.71,p-TSA,0.0909,500,94.1,87.84,79.35,1.269405,76057.0,543.2
75.3,3.14,Amberlyst-15,0.0661,5000,90.1,39.99,37.84,0.330188,74405.0,564.3
198.3,11.19,p-TSA,0.0105,50000,172.6,97.83,90.99,69.682417,74843.0,908.1
154.3,9.4,p-TSA,0.0268,5000,83.7,99.5,94.12,24.672369,74902.0,747.6
143.0,11.24,p-TSA,0.019,1000000,143.6,95.57,90.66,9.341498,75587.0,937.6
198.6,11.78,Ti(OBu)4,0.0427,1000000,170.1,94.64,83.5,253.571597,74408.0,990.6
205.4,14.66,p-TSA,0.0551,500,159.1,99.5,88.1,500.282071,77680.0,889.5
90.2,9.03,Amberlyst-15,0.0139,500000,45.5,15.39,14.36,0.243298,74254.0,760.9
175.9,5.78,H2SO4,0.0414,2000,94.3,98.4,88.47,84.479821,71586.0,799.4
85.7,10.08,p-TSA,0.0261,50000,69.1,38.1,35.94,0.434993,80486.0,660.3
202.8,1.96,Amberlyst-15,0.0682,2000,78.0,96.48,90.23,353.281207,74345.0,875.0
184.8,13.56,p-TSA,0.0518,500000,71.3,95.23,89.38,213.726515,77626.0,898.6
241.8,2.67,H2SO4,0.0546,1000000,150.5,96.08,87.46,1418.37546,77810.0,1057.8
73.1,5.59,Amberlyst-15,0.0485,50000,86.9,27.17,25.65,0.217288,76890.0,619.2
70.8,12.42,Amberlyst-15,0.096,5000,99.0,51.21,49.31,0.423181,74604.0,549.3
113.6,9.36,H2SO4,0.0293,1000000,177.0,94.61,92.7,2.644283,75573.0,840.8
109.7,6.51,Amberlyst-15,0.0565,1000000,20.2,63.17,60.89,3.056596,72451.0,767.2
106.9,7.63,H2SO4,0.0762,500,93.0,99.5,93.11,4.418117,78980.0,660.8
232.2,12.96,Amberlyst-15,0.0601,500000,141.6,99.01,89.05,1204.924465,73296.0,1051.1
107.4,5.76,Amberlyst-15,0.0936,500,35.7,93.36,88.52,4.662294,74492.0,660.8
111.7,13.18,H2SO4,0.044,500,114.0,98.34,95.76,3.83965,75198.0,629.3
204.3,2.23,H2SO4,0.0517,2000,50.7,99.5,89.67,339.354332,74785.0,892.7
145.5,11.88,Amberlyst-15,0.018,1000000,157.5,97.85,88.61,7.879273,73686.0,848.3
207.6,12.87,Amberlyst-15,0.0648,500000,65.6,95.02,85.03,470.878808,77789.0,1021.2
72.4,3.55,H2SO4,0.0359,500,65.9,18.95,18.07,0.179954,76901.0,566.8
152.6,7.02,Ti(OBu)4,0.0244,5000,111.7,99.5,91.61,17.440831,75644.0,762.2
66.4,3.32,H2SO4,0.059,50000,41.2,12.93,11.46,0.207468,74201.0,590.7
71.9,10.89,Amberlyst-15,0.0579,500000,58.4,21.93,21.22,0.278341,77129.0,657.3
232.2,8.49,Amberlyst-15,0.0168,2000,80.8,98.05,91.75,278.7717,74071.0,994.2
86.5,9.89,Amberlyst-15,0.0728,500000,70.1,63.75,58.21,0.909283,78141.0,726.8
161.2,3.75,H2SO4,0.0661,1000000,99.2,95.74,87.54,75.530882,75222.0,946.3
138.1,3.96,Amberlyst-15,0.027,2000,111.9,99.5,90.45,7.297878,77460.0,719.7
126.0,1.58,Ti(OBu)4,0.0522,50000,106.3,97.5,90.24,7.852888,74772.0,751.1
231.0,5.51,p-TSA,0.0748,5000,121.2,97.93,89.48,1539.290531,75143.0,975.1
64.1,8.84,Ti(OBu)4,0.0576,500,62.3,15.82,14.79,0.168575,77451.0,527.4
186.1,13.01,H2SO4,0.0456,500000,31.5,96.79,92.66,173.669763,79388.0,942.8
243.0,10.34,Amberlyst-15,0.039,2000,139.3,99.5,94.27,989.482013,78121.0,1013.7
166.4,7.1,H2SO4,0.0649,50000,154.6,95.75,87.08,86.210011,76754.0,862.0
238.0,14.34,p-TSA,0.0945,500,53.7,99.5,92.82,3074.406686,76179.0,857.8
69.9,11.07,H2SO4,0.0705,50000,79.2,35.48,34.21,0.328387,73986.0,636.3
139.6,14.02,Amberlyst-15,0.0167,5000,94.8,96.42,85.5,6.101466,75590.0,695.7
109.4,8.39,p-TSA,0.0515,500,100.7,96.73,85.88,4.082487,73174.0,634.3
198.9,4.62,p-TSA,0.0902,500,122.1,99.5,93.09,560.050252,75752.0,859.1
246.4,1.74,Amberlyst-15,0.0185,500,17.1,99.5,93.92,456.608063,75880.0,961.0
108.7,11.17,Amberlyst-15,0.099,2000,132.7,99.5,89.66,5.627281,71078.0,653.2
184.3,2.7,Amberlyst-15,0.0954,500,20.5,98.38,93.91,226.627698,75077.0,828.6
97.6,5.24,H2SO4,0.017,50000,89.6,52.92,49.99,0.508231,75830.0,664.2
167.4,8.45,Ti(OBu)4,0.094,2000,150.7,99.5,96.75,133.816664,74833.0,807.4
148.1,8.9,H2SO4,0.0427,500,86.7,97.62,87.56,24.111424,75716.0,740.2
244.7,9.41,H2SO4,0.086,50000,35.3,99.14,94.69,2866.200842,72317.0,1099.5
175.6,3.33,Ti(OBu)4,0.0477,50000,177.5,97.24,86.38,88.255973,73448.0,840.8
126.4,6.32,Amberlyst-15,0.0497,500000,161.2,94.91,88.88,7.134009,77070.0,813.2
81.7,9.64,Amberlyst-15,0.0671,50000,141.1,73.79,69.01,0.607666,75001.0,610.3
88.7,14.58,Ti(OBu)4,0.0797,1000000,80.0,78.45,72.08,1.477988,75680.0,691.7
102.8,11.19,Ti(OBu)4,0.013,5000,41.3,33.08,31.91,0.577963,73907.0,652.7
107.7,13.92,H2SO4,0.0634,500,170.0,99.5,87.6,4.269936,75039.0,606.5
221.6,11.67,p-TSA,0.0268,500,100.5,99.5,92.74,479.479895,70396.0,923.3
166.6,9.28,Ti(OBu)4,0.0411,500,154.9,99.5,89.72,60.953355,76692.0,741.1
159.4,3.69,H2SO4,0.0413,50000,68.2,94.92,90.59,39.519624,78616.0,829.5
81.8,10.33,p-TSA,0.0522,50000,67.0,49.94,44.17,0.629461,72870.0,645.8
223.4,9.73,Amberlyst-15,0.0401,500,177.5,98.72,95.09,517.707994,73119.0,867.7
197.3,9.43,Amberlyst-15,0.0197,1000000,98.7,94.63,91.21,88.86352,75882.0,971.6
72.9,7.86,H2SO4,0.0231,2000,33.9,6.98,6.72,0.137966,77948.0,580.7
194.5,8.4,H2SO4,0.013,2000,47.3,99.5,89.08,70.007899,74996.0,834.8
163.3,5.68,Ti(OBu)4,0.0523,5000,91.9,97.98,92.4,60.270861,72541.0,828.6
75.5,8.27,Amberlyst-15,0.0959,500000,17.2,12.67,11.17,0.575416,74583.0,692.0
147.1,3.77,H2SO4,0.0204,5000,88.6,99.5,96.0,10.565765,72940.0,706.2
152.1,12.27,Amberlyst-15,0.0952,500,81.2,99.5,94.75,62.825409,73662.0,731.1
91.5,3.6,Amberlyst-15,0.076,500,142.5,95.06,88.71,1.149154,74392.0,579.4
239.7,2.19,Ti(OBu)4,0.0674,500,70.3,98.86,94.22,1526.916973,73141.0,946.8
221.5,7.11,p-TSA,0.0681,500000,177.0,97.71,86.91,1026.927007,73444.0,1034.4
187.1,10.22,Ti(OBu)4,0.0844,50000,40.7,94.83,88.46,301.279812,75149.0,874.5
147.8,7.13,H2SO4,0.0196,500000,110.5,95.0,86.37,11.046969,75430.0,894.9
138.2,4.87,Ti(OBu)4,0.0554,5000,25.2,97.39,95.17,19.006978,72152.0,727.5
183.7,8.81,Ti(OBu)4,0.0727,50000,134.8,95.26,91.99,225.751311,75793.0,867.7
163.6,5.86,Amberlyst-15,0.0628,50000,179.1,96.58,92.07,64.889161,74236.0,857.8
71.8,14.06,Ti(OBu)4,0.085,5000,149.3,65.45,63.71,0.449063,76441.0,542.2
157.4,13.92,H2SO4,0.0165,50000,104.5,97.02,88.74,18.167545,76561.0,799.9
213.2,8.03,p-TSA,0.0722,2000,92.4,99.14,96.17,847.137312,73911.0,886.8
147.3,5.59,Ti(OBu)4,0.0581,5000,152.0,97.57,89.03,29.911611,76228.0,733.1
69.9,11.32,Ti(OBu)4,0.0441,5000,169.1,41.07,39.16,0.195296,73326.0,532.3
209.4,1.51,p-TSA,0.0406,2000,178.2,98.75,94.17,358.617501,77648.0,912.7
98.3,7.65,H2SO4,0.0659,500000,77.4,90.75,80.02,2.152804,73402.0,727.2
109.1,5.71,H2SO4,0.0902,500000,178.5,95.28,87.28,5.118349,75705.0,795.4
91.3,13.89,Ti(OBu)4,0.0547,500000,36.5,50.16,44.24,1.088741,74625.0,687.5
122.7,1.17,Amberlyst-15,0.0842,50000,53.1,97.85,95.87,9.47124,72966.0,690.0
203.8,8.74,Ti(OBu)4,0.0462,2000,25.1,99.5,88.78,339.316908,76802.0,879.0
158.7,11.37,p-TSA,0.0192,5000,56.2,99.5,92.96,23.360662,73772.0,837.3
98.9,7.79,p-TSA,0.0155,5000,140.5,73.24,70.24,0.588317,71600.0,648.2
226.8,2.2,p-TSA,0.0146,5000,155.0,97.79,88.02,237.322137,69236.0,1048.4
227.1,14.61,Ti(OBu)4,0.0442,50000,142.4,99.5,92.39,831.968782,73250.0,1012.7
225.4,8.25,Ti(OBu)4,0.0404,50000,117.3,96.61,90.89,601.613673,77752.0,1005.5
105.4,9.6,H2SO4,0.0746,1000000,97.4,90.67,81.25,4.09939,77515.0,698.8
145.7,4.31,Amberlyst-15,0.0769,500000,130.5,95.2,91.18,32.109202,73563.0,862.1
247.1,7.77,Ti(OBu)4,0.0146,1000000,76.4,95.25,86.67,483.70136,74251.0,1122.9
206.7,7.01,H2SO4,0.0299,1000000,153.0,91.12,82.11,233.6544,74070.0,1004.5
65.2,2.05,Ti(OBu)4,0.0347,50000,125.1,18.63,17.43,0.091892,72333.0,593.7
72.4,2.49,H2SO4,0.0593,500000,128.6,42.67,39.3,0.284029,73102.0,663.9
148.1,12.72,H2SO4,0.023,500000,101.1,95.99,93.31,14.030128,76962.0,849.9
232.8,4.36,Amberlyst-15,0.0221,5000,160.5,98.16,95.02,349.700487,76008.0,1029.5
162.4,3.73,Ti(OBu)4,0.0949,50000,52.8,95.07,88.25,86.175434,75546.0,829.7
154.6,8.07,H2SO4,0.0824,500000,74.8,93.89,86.0,65.698155,72330.0,876.5
80.0,11.76,p-TSA,0.0263,1000000,142.2,47.13,43.01,0.324405,75201.0,688.0
184.8,1.87,p-TSA,0.0466,2000,93.8,99.5,90.22,160.444438,70392.0,850.5
216.2,9.08,p-TSA,0.042,2000,161.2,98.88,92.39,569.309207,76686.0,910.9
132.3,2.67,Amberlyst-15,0.0812,50000,68.9,96.22,92.42,15.208752,75517.0,757.3
207.4,1.51,H2SO4,0.0559,5000,72.8,97.1,88.46,425.042133,72310.0,845.6
243.3,1.74,Amberlyst-15,0.0215,5000,161.1,99.5,89.45,487.083911,78233.0,1000.4
98.7,12.68,Ti(OBu)4,0.0765,500000,88.9,95.83,88.89,2.865109,71408.0,722.5
159.4,2.65,Ti(OBu)4,0.0457,50000,97.7,98.78,87.61,38.176799,76061.0,831.7
114.6,1.63,H2SO4,0.0337,2000,66.6,95.04,90.3,2.627777,76110.0,616.0
210.6,7.13,p-TSA,0.0438,1000000,57.0,95.48,88.97,439.787699,72521.0,1069.6
169.7,12.82,H2SO4,0.0548,500000,121.5,93.68,87.08,90.913602,74924.0,935.0
180.6,4.67,H2SO4,0.0409,1000000,30.4,94.68,86.16,98.807285,71726.0,994.3
211.6,6.9,H2SO4,0.0318,500000,159.5,94.47,91.68,300.973542,69307.0,1048.4
135.2,1.56,Amberlyst-15,0.0459,500,142.5,97.26,86.47,9.89063,72864.0,690.8
233.9,7.29,Ti(OBu)4,0.0117,1000000,42.4,96.63,93.44,193.143074,73767.0,1050.4
161.3,9.09,H2SO4,0.0795,50000,128.0,95.96,88.06,94.958938,76289.0,893.4
90.0,8.99,H2SO4,0.0254,1000000,112.4,58.77,56.89,0.447024,75135.0,697.2
192.2,5.65,H2SO4,0.014,1000000,41.4,96.37,91.83,60.984853,75187.0,972.5
210.7,5.42,Amberlyst-15,0.0688,500000,56.4,96.34,85.78,519.858631,72971.0,1033.0
120.2,2.49,Amberlyst-15,0.0797,2000,79.5,99.5,95.83,8.612734,73940.0,688.2
222.9,6.14,Amberlyst-15,0.0832,500,128.9,99.08,93.95,1053.712462,73140.0,909.3
232.2,2.39,H2SO4,0.0544,1000000,118.6,97.84,86.41,981.522018,72550.0,1068.4
112.6,11.73,p-TSA,0.0285,2000,100.5,98.29,87.81,2.725583,73813.0,628.4
246.9,14.53,p-TSA,0.0764,5000,140.6,98.95,93.37,3563.79226,75149.0,1078.2
86.7,14.58,p-TSA,0.073,500,138.8,95.19,90.07,1.305054,73855.0,550.6
98.4,13.11,Ti(OBu)4,0.0322,500,115.0,86.47,82.55,1.110613,74353.0,576.1
95.0,9.41,H2SO4,0.0913,500000,143.8,95.96,91.36,2.459963,76390.0,701.0
229.9,10.81,p-TSA,0.0194,1000000,66.8,95.37,90.22,433.743464,73998.0,1082.0
184.3,4.99,p-TSA,0.0984,5000,159.8,97.32,93.09,345.79177,72332.0,851.7
88.9,9.83,p-TSA,0.0874,500000,114.5,90.36,84.72,1.833901,76127.0,706.7
143.7,7.38,H2SO4,0.0719,50000,149.8,95.1,86.16,33.658132,75532.0,805.6
176.9,7.75,p-TSA,0.0945,2000,102.9,99.5,96.64,249.261908,75657.0,860.2
75.9,11.61,p-TSA,0.075,2000,47.1,37.89,33.41,0.645808,76252.0,536.8
227.7,4.95,H2SO4,0.0271,500000,102.2,94.99,87.07,450.612787,75913.0,1055.4
212.7,5.45,Ti(OBu)4,0.0498,2000,73.1,99.5,94.81,437.881301,75057.0,877.3
156.0,13.94,Amberlyst-15,0.0164,1000000,128.6,93.37,86.15,13.268548,79783.0,898.8
243.8,1.79,p-TSA,0.0451,2000,90.9,98.01,86.49,1363.934652,72430.0,957.4
139.4,7.8,Amberlyst-15,0.0767,1000000,152.1,93.9,83.25,23.075172,73827.0,832.7
247.0,13.78,Ti(OBu)4,0.0448,50000,125.3,99.43,93.95,1566.523796,76935.0,1008.6
186.9,9.55,Ti(OBu)4,0.0397,5000,126.4,99.5,97.16,136.228517,75285.0,855.1
180.6,8.65,p-TSA,0.0636,500,46.9,99.5,93.05,199.396926,76516.0,799.3
91.5,4.5,H2SO4,0.0885,500000,177.3,96.12,89.46,1.823395,75340.0,769.6
227.6,5.81,Ti(OBu)4,0.0143,500000,153.1,94.63,86.29,221.31238,77748.0,1067.9
141.2,12.93,Amberlyst-15,0.0447,1000000,144.1,97.97,88.73,16.949803,72985.0,839.6
90.8,8.83,Amberlyst-15,0.0242,50000,66.1,36.19,31.92,0.420126,77685.0,621.2
62.4,8.21,Amberlyst-15,0.0726,50000,101.1,23.13,20.99,0.146924,77342.0,554.3
166.4,2.39,Amberlyst-15,0.0195,500,33.3,99.5,92.03,21.266331,72579.0,712.0
160.2,1.22,Ti(OBu)4,0.0698,5000,101.5,98.1,88.27,65.023288,76261.0,841.8
196.7,14.49,p-TSA,0.0358,500000,34.8,97.99,87.09,245.432723,74914.0,985.3
229.1,6.28,p-TSA,0.0279,1000000,104.0,95.86,91.24,579.40866,73787.0,1055.4
75.1,9.44,Amberlyst-15,0.0943,50000,120.3,66.02,64.0,0.516596,71223.0,593.9
199.0,2.12,p-TSA,0.0117,500000,76.3,95.88,93.36,77.358793,72978.0,956.7
95.6,10.56,Amberlyst-15,0.0494,1000000,94.8,79.68,75.04,1.169324,76416.0,720.7
223.1,14.06,Amberlyst-15,0.0119,2000,158.9,98.22,86.95,151.706658,76628.0,962.2
215.6,9.06,H2SO4,0.0535,500000,28.5,95.65,91.26,636.321571,74579.0,1023.1
162.8,2.77,Ti(OBu)4,0.0551,5000,144.6,97.56,86.93,56.496939,76634.0,748.4
194.9,9.14,Ti(OBu)4,0.0389,1000000,39.0,93.39,88.44,184.085002,76891.0,1056.7
119.7,11.73,Amberlyst-15,0.0219,5000,16.2,49.57,47.48,2.38411,75309.0,650.1
149.5,6.69,Ti(OBu)4,0.0439,500000,41.5,94.68,90.19,27.819067,73555.0,841.0
216.1,13.32,p-TSA,0.0705,2000,140.1,99.3,96.84,1027.150574,75882.0,944.6
147.3,10.08,Amberlyst-15,0.0804,5000,78.9,98.94,94.37,40.500606,75974.0,765.6
128.0,13.59,H2SO4,0.0578,50000,158.3,96.12,91.25,12.673576,76348.0,740.8
153.9,9.73,p-TSA,0.0631,1000000,99.2,97.22,88.1,58.845511,76731.0,847.8
217.4,2.84,H2SO4,0.0281,500000,13.8,93.82,91.24,326.885953,72276.0,999.4
123.7,5.34,H2SO4,0.0359,2000,131.8,99.49,89.34,5.257856,73980.0,647.1
93.0,3.83,Ti(OBu)4,0.0246,50000,28.7,21.1,20.48,0.465494,71203.0,667.7
195.3,13.72,Ti(OBu)4,0.0324,500000,144.2,95.42,86.95,177.433061,76494.0,978.9
216.9,11.65,Amberlyst-15,0.0302,2000,38.6,97.15,86.76,329.304818,74575.0,902.9
79.1,10.47,Ti(OBu)4,0.0568,50000,68.7,43.16,41.55,0.495704,75862.0,631.6
105.6,5.21,H2SO4,0.0606,5000,139.4,99.5,87.58,3.100508,72049.0,617.4
87.0,3.58,H2SO4,0.095,500000,172.2,92.48,89.08,1.321197,77802.0,711.2
126.1,11.59,p-TSA,0.0276,500000,73.1,96.5,87.45,6.026847,72611.0,838.6
145.6,7.64,H2SO4,0.0678,5000,151.0,99.06,95.94,34.138587,76549.0,744.0
202.3,4.16,Amberlyst-15,0.0836,500,42.4,98.08,93.09,429.138272,75236.0,835.2
183.7,9.63,Amberlyst-15,0.0604,50000,147.2,95.72,90.61,172.583953,74621.0,896.7
178.0,1.56,Ti(OBu)4,0.033,5000,121.8,99.5,91.19,62.060164,74460.0,863.4
127.0,5.57,Ti(OBu)4,0.0336,500000,42.8,94.36,83.6,6.41025,73724.0,775.5
219.9,7.56,Ti(OBu)4,0.0135,50000,61.4,96.15,92.6,174.813762,77590.0,1028.2
149.5,3.07,Amberlyst-15,0.0375,50000,32.4,95.71,85.86,16.607467,75025.0,821.4
246.0,14.79,H2SO4,0.077,500,75.1,99.23,91.01,2806.513345,72462.0,950.9
180.5,3.93,Ti(OBu)4,0.0143,500000,44.6,94.83,89.15,33.51389,74232.0,972.6
84.0,2.82,p-TSA,0.0297,2000,119.5,52.01,48.27,0.394945,75257.0,539.6
188.5,3.85,Ti(OBu)4,0.0736,500,179.1,97.39,87.64,233.174567,76796.0,821.8
121.8,11.77,Amberlyst-15,0.0804,500,12.0,88.66,79.27,10.162979,73791.0,652.3
190.4,6.96,Ti(OBu)4,0.051,2000,102.0,99.5,88.79,193.86101,73924.0,813.0
73.2,8.92,H2SO4,0.0728,2000,107.5,50.49,48.79,0.404359,75047.0,562.0
93.2,1.29,Ti(OBu)4,0.0449,500,165.4,91.54,80.84,0.848346,76747.0,576.5
222.6,1.48,Amberlyst-15,0.0244,50000,96.0,95.65,93.51,279.288261,72262.0,986.1
103.2,7.24,Amberlyst-15,0.0458,5000,102.4,92.99,83.67,1.584976,76011.0,668.7
219.0,12.43,p-TSA,0.0622,5000,90.2,97.98,87.31,1003.048173,74072.0,915.4
113.1,13.39,Amberlyst-15,0.0953,500,55.7,99.25,93.07,7.667945,74351.0,625.7
182.1,2.21,p-TSA,0.0162,50000,19.5,99.5,88.36,47.767758,79003.0,886.4
191.9,8.54,H2SO4,0.0557,2000,79.5,98.44,92.55,245.830627,74607.0,826.3
157.4,13.79,Amberlyst-15,0.0396,1000000,18.9,93.83,90.56,36.154449,76509.0,908.6
118.0,6.43,Ti(OBu)4,0.0557,500,103.6,98.85,87.46,5.561647,76438.0,623.7
100.4,12.61,H2SO4,0.0122,500000,62.2,39.93,38.33,0.480286,72640.0,691.8
66.3,2.87,Ti(OBu)4,0.0382,50000,100.7,13.91,12.79,0.107548,71309.0,546.7
117.7,14.1,Ti(OBu)4,0.0838,500000,32.8,93.88,84.11,10.256441,76642.0,803.0
184.1,11.52,Ti(OBu)4,0.0599,500000,168.5,97.67,87.67,201.386778,72833.0,908.6
238.3,14.18,H2SO4,0.0506,500,162.1,99.5,96.7,1319.311549,71672.0,939.0
225.5,10.47,H2SO4,0.0357,50000,42.3,97.29,86.69,631.400061,77052.0,1000.4
205.6,6.09,Amberlyst-15,0.0368,500000,68.4,98.7,95.41,239.215836,72961.0,987.8
209.8,14.13,Ti(OBu)4,0.0445,50000,114.3,97.37,90.98,451.308804,73455.0,1018.2
186.3,4.86,p-TSA,0.0852,5000,26.3,97.44,86.13,326.250481,78949.0,856.2
109.5,5.65,Amberlyst-15,0.097,1000000,70.3,94.43,87.49,5.275802,71681.0,796.3
232.4,10.81,H2SO4,0.0495,500000,52.7,93.8,90.21,1131.494182,72487.0,1074.4
187.4,11.71,p-TSA,0.0454,500000,165.6,97.38,92.77,208.052732,74081.0,946.6
166.5,14.01,H2SO4,0.0862,50000,154.9,97.86,90.9,150.512457,74519.0,850.6
81.1,3.87,p-TSA,0.0484,1000000,108.6,59.84,57.81,0.548024,73213.0,746.5
144.9,12.17,Amberlyst-15,0.0597,5000,98.5,99.5,88.76,27.080287,72683.0,779.9
147.5,11.34,p-TSA,0.0308,500000,168.2,94.88,92.13,19.828325,78020.0,912.2
224.3,1.89,Amberlyst-15,0.0769,500,168.5,98.58,95.1,876.201274,75526.0,902.3
163.9,6.42,H2SO4,0.0579,50000,174.8,96.92,92.16,65.739449,76170.0,818.3
132.3,4.96,p-TSA,0.0828,50000,31.3,95.69,92.03,22.485584,74726.0,752.4
245.6,5.26,Ti(OBu)4,0.0803,500000,37.3,95.75,89.46,2471.675748,75579.0,1063.3
81.0,14.76,Ti(OBu)4,0.0294,5000,125.0,48.97,46.4,0.313605,76866.0,610.6
140.3,10.0,H2SO4,0.0744,500000,102.0,95.25,89.16,31.357179,73007.0,818.1
68.0,11.05,p-TSA,0.082,2000,13.1,8.09,7.4,0.383768,75530.0,443.4
200.6,14.67,Ti(OBu)4,0.0411,500000,20.5,95.36,89.34,266.10016,76392.0,1060.3
234.4,6.28,Amberlyst-15,0.0255,1000000,161.0,96.25,87.18,469.291691,78090.0,1069.0
113.2,12.23,p-TSA,0.0102,1000000,157.7,88.2,81.5,1.085913,78896.0,765.7
223.1,7.08,p-TSA,0.0506,2000,70.7,95.8,87.0,851.749318,75140.0,972.9
115.5,13.17,Ti(OBu)4,0.0417,1000000,161.5,95.75,85.44,4.198157,77277.0,752.6
233.0,3.53,Amberlyst-15,0.0599,1000000,110.9,96.53,88.05,955.37898,69660.0,1116.7
203.3,14.27,Amberlyst-15,0.0269,500,147.0,99.5,96.04,171.982269,78105.0,825.5
212.9,4.06,Amberlyst-15,0.0874,50000,82.7,96.04,88.17,778.657986,73548.0,927.6
63.4,5.57,p-TSA,0.0332,1000000,29.3,2.7,2.58,0.103133,74518.0,709.7
242.9,11.59,H2SO4,0.0304,50000,83.7,97.74,87.73,888.296312,75882.0,1070.0
198.1,6.51,p-TSA,0.0533,5000,87.7,98.71,91.06,296.160191,74693.0,907.7
117.9,9.51,p-TSA,0.0549,500000,103.7,95.31,84.97,7.229481,75393.0,790.7
217.6,7.22,Ti(OBu)4,0.0294,500,27.9,99.5,88.94,346.435541,78175.0,896.9
113.5,11.39,H2SO4,0.0345,2000,178.5,97.67,91.98,3.036061,74232.0,611.8
225.8,4.2,Amberlyst-15,0.0253,5000,51.5,99.5,93.6,344.445549,72826.0,952.9
81.4,1.82,Ti(OBu)4,0.0747,500,43.8,38.02,34.27,0.656797,78627.0,510.6
193.7,5.2,p-TSA,0.0793,500,99.6,97.25,90.19,405.105036,76054.0,777.5
162.7,7.64,H2SO4,0.0516,2000,101.3,98.83,95.5,63.466379,78844.0,784.2
78.3,3.35,Amberlyst-15,0.0743,2000,84.8,50.33,45.16,0.468441,76727.0,595.6
106.0,5.97,Amberlyst-15,0.0762,50000,141.2,96.42,85.03,3.31293,72353.0,688.3
62.4,6.6,p-TSA,0.0224,500000,97.8,6.89,6.52,0.063517,76291.0,634.5
149.1,1.8,Amberlyst-15,0.097,5000,113.6,98.25,86.99,44.844075,73032.0,723.5
117.2,9.17,Amberlyst-15,0.0839,500000,133.0,94.21,92.14,8.519152,75015.0,778.3
173.7,13.38,H2SO4,0.0284,5000,14.3,99.24,93.38,63.602417,74849.0,842.0
116.5,3.12,Ti(OBu)4,0.0268,500,107.0,99.5,92.24,2.453268,71765.0,649.9
117.0,9.37,H2SO4,0.0213,1000000,160.3,93.26,86.08,2.291236,73374.0,808.8
201.2,10.31,Ti(OBu)4,0.0225,1000000,13.0,93.99,88.1,147.892194,79410.0,984.5
69.1,6.87,Ti(OBu)4,0.0773,2000,78.9,33.4,29.69,0.294794,75477.0,518.4
231.6,10.82,Ti(OBu)4,0.0523,2000,167.5,97.81,95.17,1058.250288,74649.0,967.8
221.9,6.75,Amberlyst-15,0.0805,500,70.0,98.38,92.73,904.289042,78626.0,914.1
186.9,8.06,H2SO4,0.0772,500,88.0,98.23,88.25,287.171107,74208.0,797.0
172.7,1.1,Amberlyst-15,0.0644,5000,176.9,99.03,92.72,92.738841,74817.0,803.9
229.5,10.68,p-TSA,0.0718,500,43.9,99.5,88.89,1771.014798,76982.0,943.8
95.2,10.26,H2SO4,0.0117,5000,21.1,9.61,8.47,0.363892,74199.0,612.2
75.0,1.54,Ti(OBu)4,0.0381,500000,156.1,39.95,37.67,0.216135,73507.0,694.8
105.5,6.16,Amberlyst-15,0.0674,2000,157.6,99.5,94.01,2.908045,70492.0,624.7
211.0,14.71,Amberlyst-15,0.0108,2000,90.3,97.64,91.62,91.817093,73127.0,861.1
66.6,6.89,H2SO4,0.013,1000000,97.4,3.54,3.18,0.04534,73108.0,714.8
170.7,8.03,H2SO4,0.0867,1000000,152.1,95.73,90.02,151.710365,75317.0,930.4
249.1,13.74,Ti(OBu)4,0.0716,2000,135.6,98.93,87.62,2806.676131,73779.0,966.6
222.6,11.04,Ti(OBu)4,0.0339,500000,55.1,94.43,88.86,533.895792,79316.0,999.7
159.1,9.15,p-TSA,0.0719,500000,12.9,96.48,90.25,80.927443,72885.0,843.9
72.1,12.17,Ti(OBu)4,0.0813,50000,91.5,48.02,45.41,0.41131,77801.0,604.0
218.0,13.1,Amberlyst-15,0.0376,5000,156.0,95.19,92.29,420.089745,75440.0,987.6
173.8,7.4,p-TSA,0.0132,1000000,162.3,94.07,90.78,31.239531,76614.0,917.0
81.8,7.65,p-TSA,0.094,5000,172.6,98.33,96.17,1.177712,76492.0,633.0
77.8,6.4,p-TSA,0.0411,1000000,159.5,60.07,58.73,0.350295,70564.0,690.7
232.8,14.53,H2SO4,0.0196,50000,108.6,98.01,93.82,474.178849,74977.0,981.6
187.1,10.76,Ti(OBu)4,0.0543,2000,85.6,99.5,97.08,181.426237,74476.0,818.7
217.6,2.17,p-TSA,0.0792,5000,141.7,98.53,95.25,944.706347,72734.0,890.4
227.0,13.08,H2SO4,0.0299,1000000,135.8,96.24,91.7,551.764203,75919.0,1041.8
168.6,7.73,H2SO4,0.0343,5000,101.5,99.5,88.31,52.119273,78433.0,780.0
158.3,1.96,p-TSA,0.0318,2000,24.8,99.5,88.05,33.057174,69654.0,703.7
141.8,8.7,p-TSA,0.0993,500,167.4,99.5,95.89,49.129569,73931.0,734.8
120.2,6.84,Amberlyst-15,0.0278,1000000,87.5,94.01,87.33,3.20578,72508.0,806.9
142.6,13.29,p-TSA,0.0618,500,71.8,99.12,95.3,33.473791,75144.0,670.8
207.0,3.86,Amberlyst-15,0.0933,50000,117.0,97.02,88.41,588.849035,74349.0,959.2
174.4,12.57,p-TSA,0.0232,500000,124.6,93.75,86.23,62.383294,73789.0,895.8
229.6,8.81,p-TSA,0.0974,5000,45.8,97.31,92.45,2112.030191,76379.0,878.8
144.2,1.76,Ti(OBu)4,0.0953,1000000,152.3,94.62,91.93,41.382079,78272.0,949.3
175.3,14.61,p-TSA,0.0896,5000,59.3,97.08,86.29,251.586898,80323.0,829.0
179.9,8.18,p-TSA,0.0293,50000,41.7,96.24,92.98,78.088456,73521.0,867.1
172.4,5.07,Amberlyst-15,0.0671,50000,79.1,96.75,92.82,107.182974,71358.0,808.0
193.5,7.57,Amberlyst-15,0.0785,5000,134.2,99.1,90.34,323.110075,76118.0,823.9
105.1,13.01,Ti(OBu)4,0.0987,1000000,174.1,96.47,88.32,5.440608,78221.0,812.4
157.3,5.27,p-TSA,0.0262,2000,147.6,98.4,87.05,23.936796,76627.0,803.5
79.8,3.7,p-TSA,0.0789,2000,169.9,90.04,79.38,0.748948,78213.0,587.2
133.1,2.81,Amberlyst-15,0.0405,500000,33.9,96.0,89.06,7.99561,74549.0,784.1
152.7,5.17,H2SO4,0.0258,5000,22.1,99.12,88.18,17.181256,73781.0,811.9
183.9,11.92,H2SO4,0.0479,5000,104.8,98.73,88.8,173.106634,75231.0,858.2
240.6,7.6,H2SO4,0.0814,1000000,59.4,95.53,92.15,2219.864513,74339.0,1121.1
174.1,4.18,Amberlyst-15,0.0518,5000,150.8,99.5,93.24,82.987419,76326.0,833.6
201.3,3.33,Amberlyst-15,0.0584,1000000,124.2,96.88,91.4,300.418667,76940.0,958.0
156.2,5.66,H2SO4,0.0996,5000,175.0,99.5,89.43,85.474474,77096.0,739.5
180.5,14.16,H2SO4,0.0459,50000,53.3,97.06,93.46,113.407179,76021.0,870.8
73.5,5.8,p-TSA,0.0654,500,92.6,48.38,46.78,0.404704,75492.0,538.0
108.3,14.83,Amberlyst-15,0.0429,5000,95.2,98.76,92.08,2.359847,76589.0,614.4
128.8,7.79,Amberlyst-15,0.0454,500,50.7,98.94,96.1,8.119359,71074.0,651.6
149.8,3.51,H2SO4,0.0726,2000,110.3,98.62,95.12,41.749284,75421.0,734.2
68.7,13.48,H2SO4,0.0944,500000,85.4,42.56,40.56,0.414657,75105.0,680.4
86.6,7.44,Ti(OBu)4,0.0588,2000,85.9,70.13,66.86,0.740942,75426.0,601.8
112.6,10.94,Amberlyst-15,0.0792,5000,71.7,99.5,88.61,5.632748,74825.0,636.1
244.6,14.77,Ti(OBu)4,0.018,1000000,12.9,94.7,85.9,634.866094,75864.0,1154.9
123.0,1.7,p-TSA,0.029,2000,98.8,96.77,85.8,4.749413,73851.0,637.5
151.6,2.35,Ti(OBu)4,0.0552,50000,67.0,97.37,85.77,33.963379,77259.0,846.7
97.3,11.09,H2SO4,0.0118,500,10.2,4.93,4.41,0.356514,75947.0,561.6
176.0,4.95,Amberlyst-15,0.0328,1000000,62.4,92.81,89.85,61.741677,75301.0,945.0
113.3,3.58,Amberlyst-15,0.0566,1000000,57.4,90.54,81.85,3.894663,73605.0,790.1
99.3,1.55,Ti(OBu)4,0.0113,5000,76.9,35.05,34.24,0.335178,76631.0,639.2
158.1,1.31,Ti(OBu)4,0.0338,50000,32.4,99.04,93.07,24.434731,75413.0,850.6
61.0,11.84,p-TSA,0.0563,500,96.3,21.64,19.56,0.158705,73489.0,499.3
61.5,2.88,p-TSA,0.0616,50000,127.7,26.31,24.46,0.142212,74887.0,612.1
101.6,7.55,H2SO4,0.0933,2000,117.1,99.5,89.74,3.844555,76258.0,633.0
67.0,9.48,H2SO4,0.0681,5000,146.6,42.12,41.21,0.246303,76103.0,514.5
80.5,7.0,H2SO4,0.0473,1000000,86.8,46.39,44.75,0.486332,75974.0,709.4
124.4,1.38,Ti(OBu)4,0.0937,1000000,98.2,95.03,83.88,12.693498,75185.0,794.0
212.5,11.97,Ti(OBu)4,0.0806,2000,147.8,99.5,96.99,812.831971,77052.0,863.0
168.7,1.15,Amberlyst-15,0.028,1000000,82.7,94.32,89.81,35.689937,77476.0,913.0
157.4,11.67,H2SO4,0.0218,500000,129.3,94.27,83.74,20.667197,76475.0,884.0
115.8,13.51,Ti(OBu)4,0.0708,5000,83.9,98.71,93.48,7.507773,73825.0,681.8
237.0,7.06,Amberlyst-15,0.0604,2000,81.0,99.5,94.0,1214.289223,72884.0,989.3
135.4,8.5,H2SO4,0.0811,5000,139.2,99.5,89.74,23.232309,73912.0,762.7
76.5,7.68,p-TSA,0.0765,500,39.7,33.58,32.1,0.635565,78907.0,536.4
177.2,6.45,p-TSA,0.0663,5000,67.6,96.49,85.75,178.22243,75563.0,843.6
81.6,13.42,Ti(OBu)4,0.0988,5000,48.1,54.5,50.63,1.151711,79253.0,591.9
125.6,13.52,Amberlyst-15,0.058,500,71.0,99.5,87.66,10.059678,74760.0,671.9
156.4,5.7,p-TSA,0.0202,2000,49.2,97.66,95.41,19.3048,74482.0,770.7
226.1,9.61,Amberlyst-15,0.0845,5000,108.5,98.01,93.62,1157.876048,74852.0,948.6
153.8,13.98,Amberlyst-15,0.0327,50000,145.7,98.98,88.68,23.277154,74816.0,883.9
193.4,14.47,p-TSA,0.08,5000,143.7,96.08,87.83,447.464851,73453.0,852.1
248.6,8.13,Amberlyst-15,0.0961,2000,72.0,99.5,89.16,2914.966179,72702.0,1030.3
85.0,7.34,p-TSA,0.0727,1000000,178.1,91.07,87.12,1.083822,76003.0,671.8
112.2,4.9,Ti(OBu)4,0.0636,500,111.0,98.25,87.04,4.686774,77110.0,639.9
135.0,14.42,H2SO4,0.0514,1000000,77.9,94.68,91.27,14.828212,79890.0,880.5
140.1,3.0,H2SO4,0.0428,2000,152.0,98.01,95.49,14.496274,74133.0,658.2
138.1,9.12,Ti(OBu)4,0.0418,500000,134.1,96.16,91.13,13.450395,74295.0,834.4
232.4,4.96,p-TSA,0.0673,1000000,137.4,94.08,84.79,1606.473106,73458.0,1102.6
195.7,4.91,p-TSA,0.0776,5000,43.3,95.63,87.6,407.137794,77251.0,881.7
175.5,6.67,p-TSA,0.0711,5000,89.6,98.17,91.07,173.536598,76630.0,835.0
118.8,14.98,p-TSA,0.0279,500,156.5,97.96,92.13,4.175153,73246.0,636.0
216.5,1.77,Ti(OBu)4,0.0545,5000,95.7,98.81,93.56,562.603736,73196.0,893.4
241.5,9.1,H2SO4,0.0812,50000,126.2,95.22,89.07,2410.849732,76905.0,1109.6
216.0,2.16,Amberlyst-15,0.0528,50000,109.9,96.27,88.1,461.630713,75766.0,959.9
60.3,3.16,Amberlyst-15,0.0583,1000000,153.2,20.53,19.9,0.091261,76517.0,663.8
180.9,7.15,H2SO4,0.0794,2000,58.4,98.78,87.73,193.899279,73234.0,797.9
69.7,8.15,Ti(OBu)4,0.0695,500,107.8,40.74,37.76,0.291224,71245.0,441.0
108.9,4.62,Amberlyst-15,0.0468,500000,30.9,69.22,66.28,2.49183,73250.0,729.6
71.3,5.43,H2SO4,0.0906,1000000,127.3,54.73,48.5,0.391423,76376.0,634.8
174.7,2.22,Ti(OBu)4,0.0246,2000,134.4,99.0,94.1,41.013903,79222.0,834.6
190.5,5.25,Amberlyst-15,0.0996,500,17.3,95.01,91.39,335.567829,74141.0,792.9
81.8,14.53,p-TSA,0.0207,500,124.9,44.64,42.23,0.285623,79552.0,523.9
132.9,14.23,p-TSA,0.0113,1000000,80.5,93.99,82.84,3.584931,76660.0,800.4
146.7,5.69,Ti(OBu)4,0.0901,2000,31.1,97.62,87.67,43.150307,72214.0,734.6
130.1,8.99,p-TSA,0.032,2000,81.4,99.5,90.96,7.612624,75428.0,668.9
83.0,13.73,Ti(OBu)4,0.0757,5000,43.0,49.17,44.41,0.978535,76728.0,622.2
139.6,1.09,H2SO4,0.083,500000,80.6,94.79,92.54,25.549857,70149.0,843.0
202.7,12.35,H2SO4,0.0873,50000,75.3,95.58,90.34,654.353164,76289.0,924.6
73.5,14.28,Amberlyst-15,0.0992,5000,135.5,69.73,63.43,0.540075,77345.0,594.2
75.2,2.28,Ti(OBu)4,0.0365,500,141.6,36.48,35.49,0.219087,75798.0,523.3
127.4,3.26,Amberlyst-15,0.0739,500000,113.2,94.51,90.17,10.649559,74877.0,804.1
238.9,14.45,Amberlyst-15,0.0204,500000,13.9,97.33,88.42,500.799094,74654.0,1038.4
187.0,8.53,H2SO4,0.0466,2000,168.3,99.19,91.05,153.046632,74537.0,830.5
188.9,1.2,Amberlyst-15,0.0863,500000,126.7,92.68,83.41,225.610799,72648.0,967.0
128.8,4.61,p-TSA,0.0431,1000000,15.8,84.93,82.99,9.963615,73625.0,861.9
172.8,7.3,Amberlyst-15,0.0632,500000,149.2,95.74,89.21,91.930934,74167.0,894.4
61.9,10.7,Ti(OBu)4,0.0553,500,44.0,10.37,10.06,0.128195,75227.0,558.1
180.9,11.26,p-TSA,0.0681,1000000,108.5,92.62,84.72,236.868182,73886.0,968.9
233.5,14.94,H2SO4,0.0976,1000000,89.3,95.72,92.48,2434.707818,73262.0,1038.2
176.4,5.03,Ti(OBu)4,0.015,5000,81.4,99.5,88.1,29.253763,76520.0,800.6
226.0,8.54,p-TSA,0.0617,500000,161.3,98.33,96.19,1082.43862,75741.0,1092.6
197.6,8.47,Ti(OBu)4,0.0877,2000,84.4,99.5,96.63,474.587577,73922.0,896.2
82.9,6.68,p-TSA,0.0533,5000,22.8,23.49,21.52,0.736435,76013.0,592.8
231.5,3.37,Ti(OBu)4,0.0171,2000,170.9,95.9,91.82,288.257019,74094.0,948.2
72.6,14.68,Ti(OBu)4,0.0604,500000,166.5,62.21,59.42,0.333272,75126.0,631.6
161.5,12.95,p-TSA,0.0399,5000,126.4,97.64,94.72,54.383669,76950.0,828.2
87.0,7.98,H2SO4,0.0239,500000,89.5,38.94,35.46,0.378301,73793.0,672.8
62.2,9.45,H2SO4,0.0864,500,25.8,8.4,7.78,0.226947,72655.0,515.9
140.2,4.18,Ti(OBu)4,0.0569,5000,144.4,99.5,96.17,18.27832,74710.0,776.0
116.1,8.61,Ti(OBu)4,0.094,2000,22.8,99.17,94.99,8.319546,72273.0,656.6
152.3,10.73,H2SO4,0.0825,500,21.7,99.5,91.47,69.432522,74445.0,744.8
169.7,8.21,H2SO4,0.0724,50000,101.4,98.5,95.01,118.694267,74439.0,914.5
68.3,14.86,Amberlyst-15,0.0105,2000,37.2,2.42,2.14,0.039232,70073.0,543.9
83.4,9.56,H2SO4,0.0485,500000,11.3,8.54,8.19,0.572331,76061.0,688.1
166.1,6.19,Ti(OBu)4,0.0278,2000,81.9,99.5,89.62,36.667728,74635.0,778.4
125.2,11.81,p-TSA,0.092,50000,33.3,96.06,87.29,20.041553,77364.0,725.7
198.5,3.39,H2SO4,0.0257,2000,37.3,99.5,92.47,137.838267,75431.0,838.4
183.9,6.38,Amberlyst-15,0.0357,500,23.1,99.5,92.03,99.984697,76471.0,808.1
220.7,5.86,Amberlyst-15,0.0565,1000000,44.9,95.97,89.45,615.065816,77380.0,1046.7
191.6,7.05,Amberlyst-15,0.0337,2000,131.6,99.5,92.98,119.765292,74737.0,853.8
141.7,11.94,p-TSA,0.0289,5000,147.5,99.5,90.86,14.976031,74998.0,694.5
187.9,7.78,H2SO4,0.0639,50000,86.9,96.74,86.82,240.053278,71853.0,901.8
112.3,12.12,H2SO4,0.018,2000,96.1,89.41,85.55,1.552537,77479.0,676.8
118.2,9.07,H2SO4,0.0152,50000,15.6,32.66,30.05,1.642774,74709.0,696.9
209.9,5.79,p-TSA,0.0435,1000000,21.8,98.42,91.58,439.762453,72989.0,1025.3
144.8,12.34,p-TSA,0.0749,500,53.8,99.34,93.82,44.5941,76479.0,641.4
211.7,4.34,Ti(OBu)4,0.0599,5000,102.5,99.5,96.61,499.184278,70640.0,875.0
216.3,4.14,Amberlyst-15,0.0481,500000,135.7,94.39,89.74,437.960768,74141.0,1049.8
222.9,8.06,Amberlyst-15,0.0609,2000,112.9,99.5,88.01,725.117498,76817.0,913.1
234.2,4.65,H2SO4,0.0429,500,76.7,98.95,95.37,837.627796,74125.0,975.0
141.9,1.13,p-TSA,0.0943,50000,30.1,95.21,93.21,35.020213,73564.0,802.6
120.6,10.08,p-TSA,0.0149,1000000,142.7,94.35,87.49,2.517649,74168.0,817.4
170.6,8.16,H2SO4,0.0706,50000,71.8,96.2,93.99,125.315237,70980.0,829.2
130.5,7.24,H2SO4,0.0902,1000000,135.1,95.94,89.68,20.239999,76431.0,814.8
174.2,14.54,Ti(OBu)4,0.0823,1000000,97.2,94.97,87.94,170.573455,74754.0,913.5
194.1,9.0,Amberlyst-15,0.0266,500,135.6,99.5,90.86,93.922722,74455.0,788.1
190.8,13.09,Amberlyst-15,0.0366,2000,164.2,98.66,93.31,136.078106,74463.0,862.0
131.2,2.95,Amberlyst-15,0.0745,500000,166.6,94.5,85.33,14.195298,75028.0,838.8
91.7,8.97,Ti(OBu)4,0.0176,2000,101.0,44.18,39.34,0.377268,76307.0,606.3
141.8,13.15,H2SO4,0.0831,5000,97.0,99.5,87.83,39.184463,74896.0,714.6
87.1,9.16,H2SO4,0.0747,2000,55.2,65.88,59.91,1.187319,72277.0,592.7
229.1,11.05,Amberlyst-15,0.0757,1000000,169.1,92.07,84.67,1325.502625,76151.0,1015.4
125.7,6.21,Amberlyst-15,0.019,1000000,87.8,92.54,86.54,2.692349,75997.0,854.0
89.3,2.29,Ti(OBu)4,0.0746,5000,31.7,45.11,41.01,1.216884,75411.0,569.4
64.8,7.41,p-TSA,0.0712,50000,83.6,30.4,29.75,0.236162,77150.0,563.4
182.7,6.52,p-TSA,0.0848,1000000,31.6,96.59,87.82,268.19367,75061.0,960.2
181.0,13.14,Amberlyst-15,0.0137,5000,95.4,97.12,89.75,33.122684,77223.0,843.6
124.7,4.42,Ti(OBu)4,0.0121,1000000,105.4,94.49,84.12,1.68221,77814.0,809.6
73.6,14.53,Amberlyst-15,0.0436,500000,67.4,22.6,20.48,0.248818,76165.0,635.7
137.8,14.41,p-TSA,0.0234,1000000,22.2,94.7,83.79,9.786586,73504.0,878.6
119.1,4.47,Amberlyst-15,0.0603,500,170.4,98.27,91.97,5.450964,74738.0,582.2
188.7,5.87,p-TSA,0.0926,5000,141.5,94.9,90.64,404.586647,77478.0,812.1
175.1,13.54,p-TSA,0.0452,2000,152.6,96.98,87.24,122.226718,72005.0,799.6
129.3,14.53,p-TSA,0.086,5000,72.4,93.62,85.83,24.618962,74216.0,670.2
101.4,7.21,H2SO4,0.01,50000,139.3,61.65,54.36,0.407897,74314.0,725.1
247.7,5.49,H2SO4,0.0252,1000000,92.5,95.37,91.93,809.085244,73270.0,1084.0
146.3,8.37,Amberlyst-15,0.0127,5000,44.2,95.7,91.68,5.784851,76746.0,797.3
190.8,10.63,p-TSA,0.0395,500000,31.2,96.18,85.25,199.184734,75754.0,992.9
86.7,4.83,H2SO4,0.0917,5000,68.7,76.66,70.26,1.244965,73578.0,638.8
152.3,11.31,Amberlyst-15,0.0187,500000,33.4,96.31,93.96,11.388486,76211.0,922.2
65.2,1.72,Amberlyst-15,0.0646,1000000,179.7,36.23,33.3,0.144981,74683.0,665.5
156.0,1.69,Amberlyst-15,0.0506,2000,18.4,98.66,92.01,36.486003,73220.0,724.8
243.2,6.41,Amberlyst-15,0.0945,1000000,85.0,93.73,85.81,2291.290122,73574.0,1104.8
133.0,5.95,Amberlyst-15,0.021,50000,86.9,98.1,92.18,4.796567,75872.0,750.4
67.4,5.42,Ti(OBu)4,0.0291,500,61.1,10.52,10.28,0.093735,76878.0,482.2
65.9,7.87,p-TSA,0.0127,2000,107.1,8.11,7.94,0.048957,74026.0,534.3
133.7,5.49,Amberlyst-15,0.0491,2000,35.5,99.5,95.27,11.362636,76089.0,690.0
90.4,3.69,Ti(OBu)4,0.035,500,143.3,75.35,69.36,0.626318,78164.0,538.4
64.4,5.33,p-TSA,0.0883,5000,66.5,24.85,23.1,0.284341,72482.0,538.7
203.7,14.65,H2SO4,0.0644,1000000,110.5,95.68,87.61,541.367664,75711.0,1025.7
147.1,6.76,Amberlyst-15,0.0653,5000,131.7,97.49,95.4,30.572126,76661.0,781.4
115.0,7.23,Ti(OBu)4,0.0579,5000,161.1,99.24,94.36,5.495658,74810.0,624.3
231.0,9.07,H2SO4,0.0183,1000000,152.1,93.8,86.75,336.23752,77477.0,1068.4
82.1,14.77,Ti(OBu)4,0.0501,50000,113.4,63.74,56.17,0.585949,79398.0,635.9
241.6,4.38,p-TSA,0.1,2000,76.0,99.5,92.74,3108.204712,75687.0,933.6
119.7,10.54,p-TSA,0.0852,500000,95.5,94.89,92.84,12.006942,74533.0,780.5
228.8,11.02,H2SO4,0.0904,500,140.7,98.8,92.11,1778.557241,76954.0,911.4
174.6,9.5,Ti(OBu)4,0.0841,2000,159.2,99.5,89.38,156.233625,76684.0,817.0
217.1,2.24,Amberlyst-15,0.0193,5000,27.6,96.92,85.51,168.752167,69962.0,929.9
247.0,10.48,Amberlyst-15,0.0305,500,75.4,98.96,90.6,827.352511,74995.0,925.9
114.8,1.9,H2SO4,0.0103,500000,141.9,83.59,81.23,0.916545,74211.0,832.3
242.6,9.35,H2SO4,0.0373,2000,83.4,99.5,97.48,1109.918878,75793.0,996.5
134.0,11.35,H2SO4,0.0198,2000,66.5,99.5,96.97,6.417196,74613.0,716.6
133.2,3.95,Ti(OBu)4,0.0526,50000,79.9,95.88,91.37,12.831609,74830.0,798.2
124.7,12.78,Amberlyst-15,0.0709,2000,112.5,99.5,93.11,10.98701,73274.0,684.1
162.9,1.42,Amberlyst-15,0.0887,2000,180.0,98.4,92.4,77.87027,76469.0,810.8
89.3,12.81,Amberlyst-15,0.0774,500000,93.8,81.73,76.33,1.21521,78310.0,709.9
165.2,7.44,H2SO4,0.0945,500000,45.4,97.3,92.51,128.656759,73305.0,898.0
162.9,4.05,Amberlyst-15,0.0149,500,37.7,99.16,91.42,14.102362,72206.0,761.3
204.8,2.87,p-TSA,0.0111,5000,17.2,98.92,93.67,79.873936,75040.0,944.1
218.4,14.35,H2SO4,0.0695,500000,105.0,95.73,85.41,885.383388,74943.0,1076.3
143.7,2.02,Amberlyst-15,0.036,500,102.6,98.39,89.2,12.113382,77342.0,711.9
117.4,3.79,Ti(OBu)4,0.0328,2000,44.9,91.0,87.69,3.412907,72542.0,674.2
109.3,5.87,H2SO4,0.0398,500,128.2,99.5,96.55,2.81157,73924.0,629.0
97.0,9.68,p-TSA,0.0343,500,136.0,90.78,84.78,1.236695,70705.0,607.0
71.0,8.63,p-TSA,0.056,500,54.0,24.85,21.95,0.313399,77750.0,551.3
125.1,2.76,Ti(OBu)4,0.0496,1000000,68.5,93.86,91.3,7.096343,75501.0,805.6
111.3,5.06,Ti(OBu)4,0.0561,500,178.4,99.5,94.55,3.619325,74073.0,652.9
243.6,4.34,H2SO4,0.0705,500000,73.6,93.33,86.0,2149.292197,72355.0,1104.3
166.0,3.99,H2SO4,0.0448,1000000,139.3,94.51,88.83,63.388034,72539.0,934.4
126.0,6.76,p-TSA,0.0326,5000,87.0,99.04,91.41,6.218891,75829.0,741.4
170.3,10.86,Ti(OBu)4,0.025,500,144.9,99.5,92.19,42.030495,72785.0,783.1
86.4,4.04,H2SO4,0.0415,50000,140.7,72.72,70.44,0.558031,75208.0,678.5
144.4,6.13,p-TSA,0.0768,2000,123.5,96.82,86.76,40.131128,79086.0,714.3
179.0,6.47,Ti(OBu)4,0.0781,2000,155.3,99.5,88.59,191.996843,74305.0,857.5
152.9,14.67,p-TSA,0.07,1000000,169.7,95.84,84.36,62.015882,73077.0,903.1
136.3,14.37,Amberlyst-15,0.0311,2000,108.6,99.5,90.68,9.417602,75764.0,709.7
248.8,12.2,Ti(OBu)4,0.0629,2000,50.4,99.5,89.03,2406.653921,72548.0,1020.2
227.3,4.38,H2SO4,0.0614,1000000,77.8,95.03,85.72,982.279194,78440.0,1145.8
178.4,1.95,H2SO4,0.0536,2000,138.9,97.17,85.62,122.841777,77807.0,776.1
168.2,5.44,Amberlyst-15,0.0595,500,120.7,99.15,89.51,74.964811,74672.0,731.3
177.9,4.74,Ti(OBu)4,0.0543,5000,40.2,99.5,90.87,123.547909,73205.0,910.3
98.2,8.08,p-TSA,0.0609,1000000,18.7,50.73,44.81,2.125,74148.0,758.4
135.1,11.89,H2SO4,0.0744,50000,126.1,96.07,90.38,22.885564,74409.0,778.4
67.5,13.02,Amberlyst-15,0.0199,1000000,52.7,1.22,1.14,0.066926,75767.0,665.3
150.4,12.83,Amberlyst-15,0.0775,500000,94.9,95.18,84.68,40.239277,77079.0,897.1
163.2,6.04,Ti(OBu)4,0.0222,50000,136.9,96.57,90.73,23.49367,72927.0,921.2
103.3,10.62,Ti(OBu)4,0.016,500000,105.7,68.27,66.89,0.691101,77022.0,723.2
243.2,5.38,H2SO4,0.0978,1000000,24.2,95.84,93.39,2932.016139,76235.0,1105.0
232.8,1.85,Amberlyst-15,0.0961,500000,41.5,96.81,85.22,1475.911164,73984.0,1056.4
197.2,10.82,p-TSA,0.0154,50000,47.3,98.49,94.5,97.049185,72827.0,950.0
161.3,1.14,Amberlyst-15,0.0499,500,53.8,99.5,91.08,43.433816,75232.0,775.0
225.3,6.73,p-TSA,0.0268,1000000,106.1,92.35,81.85,443.074574,72881.0,1111.9
84.8,5.61,p-TSA,0.0537,1000000,95.7,67.17,61.09,0.699889,77047.0,735.1
210.2,10.71,H2SO4,0.0847,2000,44.5,99.5,90.76,792.266369,72752.0,966.1
83.7,11.73,Amberlyst-15,0.0956,1000000,21.5,30.45,28.39,0.978062,76095.0,692.0
210.9,5.26,p-TSA,0.0671,1000000,39.1,95.6,90.45,638.732236,74839.0,1002.2
112.4,12.36,Ti(OBu)4,0.0419,500,177.3,99.5,95.01,3.516632,73879.0,660.0
226.6,5.11,p-TSA,0.0643,2000,89.7,99.5,90.01,1233.56251,74794.0,935.4
239.4,7.25,Ti(OBu)4,0.0381,5000,157.4,94.93,86.59,977.048192,77160.0,942.1
88.3,11.18,Ti(OBu)4,0.0919,500000,154.3,93.34,85.02,1.63008,72615.0,696.1
147.9,10.7,Amberlyst-15,0.0883,50000,97.0,96.94,88.83,48.020312,74176.0,812.4
246.4,14.82,Ti(OBu)4,0.0602,5000,130.1,99.5,97.51,1908.463426,73497.0,981.5
151.8,4.15,p-TSA,0.0392,2000,42.8,99.17,94.98,30.226588,74923.0,714.2
224.1,10.27,Ti(OBu)4,0.0364,500,127.0,97.53,95.34,535.987981,73631.0,888.9
171.9,9.54,Amberlyst-15,0.013,50000,56.3,97.65,92.7,19.913647,71464.0,832.7
131.3,13.81,H2SO4,0.0834,500000,151.5,94.29,86.81,22.539207,72890.0,832.3
114.3,3.19,p-TSA,0.0505,1000000,24.2,79.44,73.0,4.367271,78276.0,727.4
98.6,11.53,p-TSA,0.0393,1000000,141.4,91.65,85.13,1.467811,75493.0,749.2
204.7,8.96,Amberlyst-15,0.0524,5000,27.0,99.31,91.54,343.466552,75425.0,912.4
133.4,4.85,Amberlyst-15,0.0837,500000,159.8,97.39,93.77,18.499937,74435.0,815.8
157.1,7.64,Amberlyst-15,0.0212,2000,61.7,99.5,92.19,16.442365,74897.0,790.7
153.5,5.67,Amberlyst-15,0.0872,500000,121.2,96.45,87.73,51.922322,74140.0,827.7
169.7,9.11,p-TSA,0.0908,500,92.9,99.5,95.27,182.066533,76054.0,738.1
224.5,13.45,H2SO4,0.0952,5000,72.3,98.65,95.24,1673.004869,75202.0,936.2
246.3,8.97,Ti(OBu)4,0.0458,5000,119.7,99.5,91.74,1480.298329,72657.0,1022.2
137.4,9.84,Ti(OBu)4,0.0295,500,171.1,96.37,91.24,9.081709,75507.0,685.1
217.2,8.26,H2SO4,0.0436,500000,17.0,95.67,84.75,510.074133,70083.0,1092.3
205.3,1.72,H2SO4,0.04,500,166.2,98.43,91.83,278.643893,75828.0,823.9
169.0,4.26,H2SO4,0.0259,50000,113.5,98.74,87.34,41.18041,72181.0,815.5
241.6,7.89,Amberlyst-15,0.0647,500,147.2,99.5,87.85,1535.507302,74808.0,992.7
98.1,5.34,p-TSA,0.0529,500000,75.3,86.56,81.48,1.860578,72611.0,687.2
80.8,3.54,p-TSA,0.0879,500,90.2,72.73,66.21,0.914331,75006.0,557.3
222.3,8.06,p-TSA,0.0129,2000,157.7,99.5,94.95,215.563508,76157.0,891.3
143.4,5.52,Amberlyst-15,0.0679,1000000,80.5,95.99,93.07,24.542915,78006.0,796.5
220.9,4.61,p-TSA,0.0787,500,100.9,99.5,88.95,994.18639,71917.0,876.0
229.7,7.5,Amberlyst-15,0.0784,1000000,13.4,93.83,89.37,1312.301353,76951.0,1101.2
71.9,2.87,p-TSA,0.0897,500,37.0,24.51,22.83,0.524849,75262.0,478.0
227.9,13.99,H2SO4,0.0756,500000,119.1,95.84,85.41,1420.73336,74099.0,1071.9
145.2,13.15,Ti(OBu)4,0.0935,50000,131.9,95.96,90.7,45.809913,76520.0,820.8
157.0,10.91,Ti(OBu)4,0.0399,50000,109.0,97.65,91.89,35.777257,74528.0,789.3
179.1,2.49,Amberlyst-15,0.0553,1000000,34.4,91.81,85.52,106.014432,76435.0,940.8
236.0,11.86,p-TSA,0.0113,500000,85.7,94.77,92.18,340.087355,73015.0,1122.3
63.6,12.31,Ti(OBu)4,0.0106,500000,70.4,5.92,5.52,0.029378,73734.0,663.5
150.6,11.75,H2SO4,0.0316,500000,94.3,96.16,94.14,21.307981,76887.0,853.6
190.7,2.6,H2SO4,0.0191,2000,158.0,99.35,92.48,66.994877,77971.0,854.2
197.3,10.01,H2SO4,0.0334,5000,141.9,99.5,88.71,196.92185,74930.0,857.7
191.6,12.68,Amberlyst-15,0.0259,500,24.3,96.5,89.46,105.719799,69425.0,847.3
85.5,9.08,Amberlyst-15,0.0126,500000,161.4,30.64,27.52,0.158965,74602.0,732.2
116.9,10.05,p-TSA,0.0918,500000,90.2,94.9,89.18,10.892512,75065.0,780.8
128.2,7.42,H2SO4,0.0107,500000,136.5,96.04,91.17,2.326992,74534.0,812.3
212.8,8.4,p-TSA,0.0762,50000,33.8,98.31,91.12,811.811874,75673.0,937.1
113.0,1.48,p-TSA,0.0237,500000,124.0,92.68,82.46,2.072846,74046.0,726.8
100.0,9.95,H2SO4,0.0921,500,50.2,96.17,89.14,3.171918,76678.0,573.7
241.9,2.14,p-TSA,0.0904,500000,84.5,94.9,84.28,2576.485015,72667.0,1087.1
61.7,7.09,Ti(OBu)4,0.0689,500,12.9,4.96,4.7,0.160444,77474.0,521.0
249.6,5.1,Amberlyst-15,0.0705,2000,35.8,97.55,93.55,2201.81222,78100.0,1016.7
188.6,8.64,p-TSA,0.0105,5000,25.7,98.32,95.98,45.043237,73174.0,862.0
217.4,2.87,H2SO4,0.0986,50000,50.8,96.26,86.15,1048.52653,73173.0,1014.2
116.0,10.68,Amberlyst-15,0.089,500,27.0,98.66,92.08,7.890501,75821.0,596.6
62.7,12.13,Amberlyst-15,0.0906,1000000,127.6,33.08,30.99,0.212449,72626.0,689.1
200.2,3.29,p-TSA,0.0693,2000,14.9,99.03,96.28,477.460034,74015.0,841.8
218.5,2.46,Ti(OBu)4,0.041,5000,115.0,99.26,93.58,429.454032,77205.0,968.4
200.7,3.04,p-TSA,0.0904,5000,33.9,99.32,88.84,547.100229,76475.0,886.3
87.1,13.28,Ti(OBu)4,0.0362,5000,170.7,81.05,74.86,0.587161,78960.0,542.9
203.2,8.39,Amberlyst-15,0.0606,500,168.6,99.5,94.07,350.12506,75342.0,864.7
206.1,7.54,p-TSA,0.019,2000,48.3,98.47,93.55,156.999006,73778.0,904.6
185.1,2.49,H2SO4,0.093,500000,114.5,94.98,91.78,279.898258,75102.0,934.1
205.6,10.09,p-TSA,0.0227,1000000,14.8,95.09,85.39,202.96762,74699.0,1002.8
220.7,13.15,Ti(OBu)4,0.0302,2000,168.4,99.47,97.0,430.21467,74727.0,912.1
176.6,12.59,Ti(OBu)4,0.0602,2000,98.9,98.88,87.6,133.053424,74952.0,748.8
76.8,9.76,p-TSA,0.0788,2000,17.3,18.01,17.62,0.709484,73136.0,486.2
152.6,2.05,Ti(OBu)4,0.0657,500,68.2,97.72,94.38,38.243259,75564.0,755.6
74.8,2.57,Amberlyst-15,0.0309,1000000,23.1,6.37,6.03,0.145113,72183.0,662.2
137.4,1.69,p-TSA,0.0101,500,76.8,99.05,94.45,3.40103,73566.0,734.2
137.4,4.6,Ti(OBu)4,0.0781,1000000,123.9,96.55,85.67,25.195603,74762.0,884.5
72.5,2.9,p-TSA,0.0987,1000000,89.9,53.82,47.59,0.579474,70481.0,728.4
126.3,4.64,p-TSA,0.0829,500,75.2,97.39,86.7,17.065301,76538.0,631.1
81.1,6.39,H2SO4,0.0514,1000000,30.3,20.85,18.53,0.541396,70894.0,654.5
213.6,14.2,p-TSA,0.0913,2000,51.6,98.8,92.35,1420.725065,76339.0,866.4
240.1,9.55,H2SO4,0.0469,500,27.0,99.5,89.7,1300.295016,72414.0,921.7
73.7,12.69,Ti(OBu)4,0.0572,1000000,147.3,51.35,49.6,0.371181,74190.0,613.2
241.5,10.94,H2SO4,0.0529,5000,33.0,98.56,91.13,1653.351832,76038.0,974.4
159.3,2.58,H2SO4,0.0503,500,111.2,99.5,94.48,48.388468,79396.0,727.1
116.9,11.3,H2SO4,0.0798,50000,68.3,96.0,90.75,9.6272,75233.0,688.4
74.6,4.85,Amberlyst-15,0.0574,500,48.4,20.99,19.15,0.284167,71035.0,490.2
155.1,9.95,H2SO4,0.0385,500,118.7,99.06,89.58,32.025152,76907.0,716.1
211.0,5.77,p-TSA,0.0332,500,87.7,98.91,90.42,349.890228,74536.0,873.0
194.3,14.97,H2SO4,0.0134,1000000,78.0,94.44,90.63,71.862212,75140.0,959.1
69.5,4.69,p-TSA,0.0625,500,110.8,40.45,37.97,0.295171,76116.0,517.6
73.9,4.91,H2SO4,0.0307,50000,93.5,23.92,21.66,0.186276,70549.0,623.7
136.5,14.03,Amberlyst-15,0.0233,500000,61.6,94.32,90.72,6.787631,75013.0,827.7
116.1,1.35,Ti(OBu)4,0.0688,500,105.0,98.64,87.34,5.698341,74181.0,605.7
104.2,10.75,H2SO4,0.0713,5000,123.8,99.5,94.52,3.613919,77444.0,605.3
113.4,11.15,H2SO4,0.0777,50000,14.5,80.47,74.35,6.878234,76454.0,769.3
212.7,12.71,Amberlyst-15,0.0553,500000,89.2,92.71,88.36,459.911202,71746.0,1035.5
236.6,14.64,H2SO4,0.0905,1000000,19.8,93.9,91.34,2338.455067,77525.0,1121.6
137.0,14.66,p-TSA,0.0943,500,41.7,99.5,95.02,40.618894,75899.0,674.9
232.2,1.91,H2SO4,0.0827,500000,105.3,95.99,88.71,1624.231055,71906.0,1060.4
121.1,12.51,H2SO4,0.0672,5000,157.3,96.26,86.17,9.139483,75112.0,702.4
150.5,10.05,Ti(OBu)4,0.0373,50000,160.1,98.74,94.85,22.717171,77070.0,756.2
102.9,10.06,Ti(OBu)4,0.0985,50000,21.9,78.06,72.28,4.309465,72572.0,658.9
181.7,2.8,H2SO4,0.0347,1000000,81.2,95.77,85.0,79.909491,77755.0,930.3
246.0,10.1,Amberlyst-15,0.0282,1000000,109.1,97.08,92.41,801.798556,71975.0,1101.4
174.7,14.75,Ti(OBu)4,0.0498,1000000,35.0,95.73,87.03,99.809876,73418.0,910.3
128.0,13.77,H2SO4,0.0151,500000,140.1,96.13,85.06,3.524959,73114.0,814.9
183.1,7.15,Ti(OBu)4,0.0981,500,136.5,99.5,96.54,264.927403,77754.0,795.1
83.4,1.56,H2SO4,0.063,2000,163.6,84.6,78.53,0.72041,74018.0,615.2
228.8,6.07,Ti(OBu)4,0.0601,50000,11.4,95.74,86.94,1061.096934,72674.0,1081.3
155.6,12.57,Ti(OBu)4,0.069,2000,46.8,99.5,94.69,57.803061,75890.0,716.1
145.4,10.82,p-TSA,0.0547,50000,150.6,96.0,92.99,31.572302,76322.0,802.8
171.3,7.43,H2SO4,0.0129,1000000,124.0,95.8,84.31,22.466757,76335.0,932.7
178.7,1.77,H2SO4,0.0651,500,162.0,99.5,94.4,143.286418,74457.0,781.3
73.6,6.98,H2SO4,0.0745,500,19.7,11.05,10.57,0.43535,75509.0,486.5
189.7,7.57,H2SO4,0.0475,50000,111.5,96.82,87.23,180.438444,73700.0,881.7
106.0,14.0,Ti(OBu)4,0.0782,500000,106.7,95.86,89.05,4.570435,78350.0,757.1
195.7,9.98,p-TSA,0.0304,1000000,16.1,94.39,83.91,186.978569,77288.0,960.8
216.3,5.36,p-TSA,0.0299,500,97.3,99.5,94.99,370.432294,77166.0,880.4
212.8,8.35,Amberlyst-15,0.0245,500,113.6,99.5,95.99,203.056432,76588.0,859.5
165.0,1.92,H2SO4,0.0435,5000,42.5,98.45,87.7,51.121199,76039.0,801.6
158.8,14.62,Amberlyst-15,0.0862,500,56.5,99.5,95.68,77.468985,72511.0,703.4
87.1,6.04,Ti(OBu)4,0.0845,5000,118.9,91.5,87.58,1.207225,76267.0,607.5
207.3,7.69,Amberlyst-15,0.0445,500,89.6,99.5,91.01,307.09268,75229.0,826.8
111.6,5.97,H2SO4,0.063,500,155.9,99.5,94.43,4.685261,77527.0,618.7
154.4,10.56,p-TSA,0.0749,500000,68.2,94.06,82.78,77.827291,76615.0,911.1
114.0,10.27,p-TSA,0.0317,500000,55.3,92.12,89.65,3.319019,76101.0,777.8
85.4,11.01,H2SO4,0.0251,1000000,177.4,63.13,59.03,0.382122,71632.0,723.2
179.6,4.75,Ti(OBu)4,0.0975,500,164.9,99.5,93.73,228.127978,74822.0,808.5
70.3,5.42,H2SO4,0.0656,1000000,14.9,6.58,6.23,0.281845,73884.0,633.7
202.2,2.75,Ti(OBu)4,0.0983,1000000,141.0,92.32,86.43,562.371283,75505.0,1057.2
120.3,10.18,p-TSA,0.0404,1000000,28.8,87.59,84.58,6.164376,74169.0,769.2
60.0,1.56,Ti(OBu)4,0.0733,1000000,14.7,3.97,3.73,0.126834,74448.0,676.5
157.1,9.37,H2SO4,0.03,50000,56.5,96.14,93.33,26.633551,75918.0,850.1
68.9,13.18,H2SO4,0.0335,50000,55.8,13.2,12.39,0.138052,74136.0,580.1
112.5,13.47,H2SO4,0.0561,500,149.3,99.5,89.26,5.090993,75243.0,646.4
194.3,7.29,Ti(OBu)4,0.0388,50000,130.8,96.75,93.98,183.527111,71961.0,935.7
71.9,7.43,Ti(OBu)4,0.0251,500,176.9,29.9,28.35,0.125737,73335.0,571.4
219.5,2.08,Ti(OBu)4,0.0337,500000,131.0,94.2,89.48,374.168738,76312.0,1039.4
60.7,10.39,p-TSA,0.0132,2000,81.1,4.41,4.32,0.035162,72540.0,513.6
106.9,12.5,Amberlyst-15,0.0734,5000,128.8,97.6,86.62,3.968634,77491.0,636.7
200.8,4.43,Amberlyst-15,0.0543,50000,179.9,96.44,89.0,282.559557,76949.0,884.6
120.1,6.9,H2SO4,0.0185,50000,130.7,95.86,86.65,2.193371,74464.0,725.6
79.4,12.74,p-TSA,0.0255,500000,139.5,45.65,43.05,0.267102,80997.0,675.1
128.4,13.28,Ti(OBu)4,0.0192,50000,169.5,98.38,94.51,3.980809,77486.0,763.9
111.4,4.4,H2SO4,0.0651,500,29.3,89.2,87.11,4.587399,73101.0,570.7
220.1,8.71,p-TSA,0.0185,500,129.8,99.5,92.08,281.421243,76492.0,878.1
119.5,3.69,H2SO4,0.0779,2000,154.6,99.5,95.38,7.995678,75132.0,681.2
209.9,2.43,p-TSA,0.0118,2000,172.2,99.5,96.68,120.293457,73447.0,910.1
229.5,13.76,p-TSA,0.0324,2000,45.9,99.5,94.36,752.540765,72860.0,882.9
142.4,12.49,Amberlyst-15,0.0902,500,95.7,99.5,89.98,36.117705,76990.0,712.2
232.9,11.64,H2SO4,0.0747,1000000,125.7,96.35,90.64,1771.244917,73804.0,1074.8
131.7,1.68,Ti(OBu)4,0.0166,1000000,52.1,90.3,88.22,3.019545,74796.0,823.7
243.2,12.81,Amberlyst-15,0.0839,2000,112.1,99.5,97.39,2255.616231,73158.0,902.1
77.0,7.13,Amberlyst-15,0.0544,2000,53.8,27.03,25.52,0.334476,73504.0,602.3
190.5,5.79,Ti(OBu)4,0.0862,500,66.7,99.46,96.35,319.424387,74746.0,816.6
153.8,8.65,p-TSA,0.0641,500000,85.1,96.84,87.16,57.183457,75776.0,823.6
133.7,2.28,Ti(OBu)4,0.0714,50000,100.0,97.14,87.87,17.797305,69823.0,780.3
180.2,11.59,H2SO4,0.0994,5000,86.4,98.34,95.91,289.02374,75034.0,845.8
193.7,9.15,Ti(OBu)4,0.0309,1000000,93.8,94.33,84.29,147.874032,73508.0,1021.0
60.8,3.61,p-TSA,0.0662,1000000,60.8,13.79,12.4,0.152083,77805.0,642.8
91.7,3.64,Ti(OBu)4,0.0514,500,37.0,46.18,42.58,0.89245,80886.0,564.6
195.5,3.58,p-TSA,0.0136,500,18.0,99.5,93.43,65.312444,74281.0,804.4
186.6,1.8,p-TSA,0.0113,5000,43.3,99.03,93.13,37.449839,71556.0,869.4
243.5,9.23,H2SO4,0.0207,5000,108.9,99.4,90.37,654.143534,75234.0,970.3
204.6,12.76,Ti(OBu)4,0.0684,2000,143.6,99.5,96.72,515.094076,74589.0,849.8
240.6,1.24,Ti(OBu)4,0.061,5000,38.8,98.28,95.48,1394.406564,78943.0,984.5
193.5,1.69,H2SO4,0.0598,50000,28.5,95.33,87.63,243.96195,78333.0,881.9
116.6,9.02,p-TSA,0.0129,50000,137.4,96.18,88.81,1.708698,76731.0,774.6
80.0,12.47,Ti(OBu)4,0.0522,1000000,61.9,37.52,35.66,0.479831,73827.0,757.9
208.5,5.57,H2SO4,0.0932,50000,171.8,95.96,90.81,797.770841,76356.0,942.7
182.4,5.89,p-TSA,0.0458,50000,131.4,94.31,86.59,147.776471,75530.0,849.3
69.2,9.35,H2SO4,0.0662,50000,65.5,26.58,24.5,0.281253,75483.0,617.9
128.4,4.84,Ti(OBu)4,0.0802,2000,59.2,96.66,88.43,15.504109,71884.0,671.6
241.8,1.37,H2SO4,0.0806,1000000,99.0,93.92,84.86,2189.658894,77124.0,1139.7
155.1,11.29,Amberlyst-15,0.0567,500,23.5,99.5,92.12,41.468593,75216.0,699.0
142.2,9.76,p-TSA,0.0872,1000000,30.0,96.13,91.19,46.108705,74798.0,871.9
147.0,9.13,Amberlyst-15,0.0452,1000000,39.9,94.07,89.76,21.878486,73800.0,870.8
99.7,11.38,Amberlyst-15,0.09,1000000,141.7,94.75,90.76,2.916926,73413.0,728.9
130.1,10.45,p-TSA,0.0316,5000,97.4,97.19,89.17,8.531345,75635.0,717.3
130.3,3.88,p-TSA,0.0352,500,11.8,80.31,76.81,8.190405,71502.0,687.0
69.9,5.93,H2SO4,0.0148,5000,124.5,12.48,10.99,0.062084,76579.0,562.4
205.8,2.77,p-TSA,0.0816,2000,82.0,98.34,91.23,636.475481,72892.0,882.6
139.1,2.82,Amberlyst-15,0.0475,2000,96.8,98.73,94.72,14.025078,70883.0,686.7
216.2,10.47,Amberlyst-15,0.0306,500000,46.4,93.3,87.99,309.122428,78644.0,1059.8
221.6,13.02,Ti(OBu)4,0.0309,500000,103.8,97.2,90.14,416.240545,73284.0,1070.2
100.3,14.48,p-TSA,0.0911,2000,176.5,99.5,93.97,4.202645,73556.0,603.4
184.9,9.8,Amberlyst-15,0.0851,2000,22.5,99.5,96.58,203.224951,77269.0,823.6
149.7,3.58,Ti(OBu)4,0.0598,5000,58.3,99.5,93.2,32.310736,78709.0,801.7
227.2,2.48,Ti(OBu)4,0.0654,2000,51.3,97.86,93.94,968.131131,71934.0,899.1
101.0,12.38,H2SO4,0.0527,500,52.3,85.01,83.14,2.205626,73088.0,605.6
188.8,9.1,Amberlyst-15,0.0452,5000,74.4,95.66,90.93,165.012475,73235.0,840.2
175.5,9.66,H2SO4,0.0924,2000,149.1,99.5,93.26,209.806319,76870.0,857.1
116.1,11.94,Amberlyst-15,0.0213,5000,165.2,97.79,86.43,1.984373,78278.0,677.1
86.0,10.85,H2SO4,0.0477,5000,44.4,41.97,38.5,0.655277,72839.0,637.6
183.8,12.68,H2SO4,0.041,50000,102.3,95.14,89.11,134.77986,77829.0,871.6
200.3,1.79,p-TSA,0.0548,500000,118.3,96.99,93.09,338.85001,73582.0,948.3
120.0,11.47,H2SO4,0.0512,5000,98.7,99.5,91.92,6.5407,75672.0,677.8
182.5,12.91,p-TSA,0.0567,1000000,83.8,94.96,92.68,198.851211,72457.0,964.2
135.1,5.01,Ti(OBu)4,0.0226,5000,42.6,95.57,86.7,5.432071,74756.0,707.3
195.5,9.97,Amberlyst-15,0.0562,1000000,93.0,94.84,90.52,234.352292,74778.0,1011.5
97.9,5.4,Ti(OBu)4,0.0318,50000,78.2,64.52,59.48,0.962891,74370.0,673.3
229.1,14.41,Amberlyst-15,0.0266,2000,145.2,99.04,91.97,458.427862,75770.0,875.5
114.6,1.47,Ti(OBu)4,0.0158,5000,139.8,93.99,90.26,1.189048,72986.0,688.1
129.9,9.12,Amberlyst-15,0.0786,50000,32.8,96.92,88.16,15.029714,73233.0,733.2
71.0,3.33,H2SO4,0.0485,500,25.0,8.13,7.23,0.226748,75876.0,501.7
81.2,10.97,Amberlyst-15,0.0664,50000,164.4,79.26,73.88,0.604357,77684.0,684.5
158.0,3.46,Amberlyst-15,0.0755,500000,101.0,96.41,89.94,57.742734,74954.0,933.2
110.8,4.3,Ti(OBu)4,0.0711,500000,155.8,93.01,89.26,4.407516,76007.0,744.8
218.7,7.92,Ti(OBu)4,0.0523,2000,19.9,99.23,96.93,605.585635,76516.0,929.2
62.8,13.81,Ti(OBu)4,0.0449,1000000,99.5,20.62,18.26,0.12068,76661.0,640.4
132.0,3.96,p-TSA,0.0438,2000,101.7,97.09,91.19,12.757069,73093.0,686.5
124.1,3.02,p-TSA,0.0676,1000000,156.3,94.92,90.0,12.130143,73446.0,792.1
63.7,11.63,Amberlyst-15,0.0545,1000000,26.6,8.37,8.19,0.137359,73620.0,607.5
83.6,8.01,Amberlyst-15,0.0864,1000000,50.9,52.04,50.7,0.897459,78857.0,711.9
138.6,13.76,H2SO4,0.0887,1000000,79.1,94.28,89.68,36.984733,76016.0,855.1
153.6,3.05,H2SO4,0.0254,500000,157.2,95.81,89.31,18.50068,75927.0,848.9
136.8,10.04,Amberlyst-15,0.0223,500000,169.6,95.5,85.58,5.588284,75732.0,859.6
160.9,4.26,p-TSA,0.0667,5000,178.8,97.38,89.43,74.232838,72358.0,774.1
173.1,3.19,Amberlyst-15,0.0371,500000,173.1,95.39,89.52,56.669984,78876.0,898.5
61.9,10.57,H2SO4,0.0117,2000,11.0,0.1,0.09,0.026076,75958.0,535.6
148.2,9.31,p-TSA,0.09,500000,18.1,95.67,90.27,58.953941,76446.0,809.1
243.1,11.57,p-TSA,0.0304,2000,35.1,97.97,93.21,1070.108009,71469.0,999.9
158.6,5.33,H2SO4,0.0936,500,69.3,98.09,90.52,86.31722,76559.0,719.4
188.7,7.27,Amberlyst-15,0.0746,500000,151.1,95.44,90.93,235.807331,74288.0,986.5
119.3,6.68,Ti(OBu)4,0.0786,2000,161.8,99.5,88.99,8.66024,72354.0,701.8
207.1,14.78,Amberlyst-15,0.0281,1000000,41.8,95.17,85.3,223.980641,73092.0,1036.9
206.9,5.09,Amberlyst-15,0.0311,50000,115.3,96.5,86.49,197.838492,72470.0,927.7
159.0,5.13,H2SO4,0.0569,1000000,166.0,96.18,93.21,53.022561,72436.0,860.1
245.4,5.96,p-TSA,0.0255,5000,88.8,98.26,87.22,853.284815,75121.0,955.5
83.9,8.9,H2SO4,0.0375,2000,27.6,22.03,21.16,0.493005,74226.0,607.8
63.2,4.53,Amberlyst-15,0.0389,1000000,87.8,10.66,9.63,0.078607,75668.0,654.0
206.3,13.81,Ti(OBu)4,0.0244,500000,73.9,96.55,89.49,188.533423,78352.0,982.8
213.4,4.72,Ti(OBu)4,0.0285,500000,108.2,94.37,91.69,264.900778,74741.0,1014.4
82.8,13.54,Ti(OBu)4,0.081,500,84.6,75.13,70.51,0.928831,70510.0,574.5
110.5,2.45,H2SO4,0.025,50000,12.9,28.88,26.02,1.56732,74516.0,734.5
63.3,10.19,p-TSA,0.0126,2000,179.0,10.94,9.94,0.040062,77387.0,536.5
115.7,13.7,H2SO4,0.0666,1000000,102.4,94.3,91.66,7.035601,74828.0,808.5
206.9,3.36,Ti(OBu)4,0.0978,50000,90.5,96.04,88.62,763.556884,78059.0,957.6
158.4,14.56,Amberlyst-15,0.0398,500,172.3,99.5,93.4,36.367244,75906.0,740.0
126.1,7.34,p-TSA,0.0207,5000,36.5,91.82,85.02,4.336322,71323.0,706.9
130.6,14.24,H2SO4,0.0613,50000,42.2,96.81,88.85,14.110506,75219.0,761.5
60.3,10.48,H2SO4,0.0916,500,147.4,38.74,34.96,0.188215,75594.0,508.2
117.0,5.22,p-TSA,0.0806,2000,54.3,99.02,93.93,8.772517,77161.0,668.3
182.8,3.64,p-TSA,0.066,5000,145.9,98.65,93.9,198.474512,78639.0,815.6
245.1,5.25,Amberlyst-15,0.0384,500000,56.2,95.2,86.39,1013.802122,76815.0,1113.6
220.9,2.3,p-TSA,0.0588,500,15.6,99.5,95.41,875.276103,75881.0,894.7
64.5,3.01,Amberlyst-15,0.0182,500000,97.9,10.21,9.86,0.041598,76352.0,664.5
230.7,2.47,Ti(OBu)4,0.0711,5000,43.4,98.97,96.2,1175.922566,74664.0,958.6
208.8,6.92,Ti(OBu)4,0.0753,500,138.8,99.5,89.16,585.950479,72074.0,881.3
208.3,12.14,H2SO4,0.0969,500,119.0,99.5,90.58,925.070121,75083.0,853.8
147.0,2.98,Ti(OBu)4,0.0334,5000,167.0,98.11,94.77,17.606526,75731.0,774.2
135.6,2.82,Ti(OBu)4,0.0117,2000,143.1,99.5,89.54,3.06944,72593.0,690.4
117.6,10.01,Amberlyst-15,0.0591,500,40.7,97.42,85.76,5.926914,77653.0,617.2
72.5,3.76,H2SO4,0.0736,5000,146.0,59.66,57.7,0.372245,77011.0,584.2
103.4,2.37,p-TSA,0.0811,50000,119.1,96.45,88.03,3.988655,72256.0,683.4
106.9,3.34,H2SO4,0.0274,500000,123.7,89.1,82.1,1.350861,77732.0,818.3
152.0,13.93,Ti(OBu)4,0.0336,500,151.5,99.5,92.0,24.211815,74383.0,731.9
202.0,12.5,p-TSA,0.0561,50000,107.6,95.34,91.99,468.076741,73443.0,940.7
150.0,5.96,H2SO4,0.0398,500,89.2,99.5,90.92,26.051746,77159.0,734.6
71.0,10.18,H2SO4,0.0874,2000,118.2,55.22,53.52,0.416835,74898.0,528.1
242.0,8.52,H2SO4,0.0526,5000,60.7,98.02,92.31,1373.247479,78798.0,1017.6
239.1,10.48,H2SO4,0.082,500,41.0,97.85,91.27,2174.997132,73294.0,959.6
209.2,10.56,Amberlyst-15,0.0623,5000,114.8,99.5,90.8,507.886462,71537.0,945.5
248.4,9.8,H2SO4,0.0796,1000000,49.8,92.57,83.72,2693.384593,74439.0,1107.7
163.5,4.73,Ti(OBu)4,0.0399,500,23.6,99.5,93.77,41.567982,76578.0,706.9
242.9,1.55,Ti(OBu)4,0.0848,2000,10.1,99.5,92.01,2145.152112,73146.0,954.1
74.4,7.38,Amberlyst-15,0.0347,2000,113.4,30.18,29.31,0.17929,72340.0,542.5
129.5,13.47,p-TSA,0.0591,50000,71.6,98.28,91.32,16.542492,75458.0,808.7
102.8,8.97,p-TSA,0.0293,2000,137.9,95.52,88.95,1.415287,72073.0,688.0
97.2,12.65,Ti(OBu)4,0.0528,5000,73.8,87.73,80.86,1.632881,75613.0,638.3
86.8,14.88,Ti(OBu)4,0.0386,1000000,92.6,59.91,57.45,0.656937,74319.0,717.2
178.3,3.29,Amberlyst-15,0.034,2000,79.2,99.42,91.71,60.6725,75989.0,800.2
208.5,10.68,p-TSA,0.097,500,120.6,99.5,90.24,1066.175152,72232.0,880.8
169.9,10.44,p-TSA,0.0244,2000,70.5,98.64,95.31,46.091266,77596.0,855.4
87.9,14.72,H2SO4,0.0809,1000000,173.8,92.37,86.8,1.540229,74634.0,773.4
214.1,14.8,H2SO4,0.0986,5000,169.1,99.5,93.45,1142.60546,76527.0,954.4
180.8,10.61,H2SO4,0.0118,500,154.2,99.5,93.64,31.609511,76920.0,820.7
133.8,4.41,Amberlyst-15,0.0729,50000,166.5,95.67,91.07,15.480388,72685.0,794.3
188.1,12.18,Ti(OBu)4,0.0328,50000,86.4,96.77,88.19,127.474643,76765.0,903.7
109.4,2.5,Amberlyst-15,0.0136,50000,101.2,66.9,59.1,0.697885,72150.0,686.3
125.6,11.93,p-TSA,0.0463,500,136.2,99.5,95.63,10.401163,72260.0,648.3
234.3,13.74,Ti(OBu)4,0.0942,50000,128.3,97.1,86.7,2328.62012,78928.0,1033.4
115.2,6.36,H2SO4,0.0111,2000,161.4,94.1,89.6,0.957093,77224.0,609.4
149.3,9.83,Amberlyst-15,0.0629,500,131.8,98.88,87.83,31.915453,79147.0,703.6
229.1,7.02,Amberlyst-15,0.0551,500,179.6,98.73,90.59,791.74398,74260.0,883.0
194.5,7.13,H2SO4,0.0886,500,69.2,99.5,88.19,404.826155,75205.0,851.5
71.8,5.35,Amberlyst-15,0.0176,500000,151.6,15.32,14.28,0.076665,76055.0,648.0
88.0,11.67,H2SO4,0.0713,5000,128.6,89.81,84.9,1.282598,74976.0,614.8
61.5,14.11,p-TSA,0.0712,500000,127.5,33.13,29.73,0.200374,73508.0,617.7
179.9,14.17,Ti(OBu)4,0.0702,500000,65.4,95.0,87.13,192.45972,73208.0,982.6
145.1,3.45,p-TSA,0.0948,500000,143.6,97.83,95.19,53.463128,75428.0,796.6
85.5,13.25,p-TSA,0.0841,5000,163.1,98.02,90.6,1.598886,72866.0,613.0
242.0,11.32,H2SO4,0.0138,500000,47.2,97.22,93.36,425.102082,72810.0,1051.6
160.6,4.54,Amberlyst-15,0.0524,50000,116.3,98.23,95.55,39.173532,75787.0,821.3
106.0,1.94,p-TSA,0.0458,500,76.7,97.51,95.31,2.574055,74810.0,606.0
155.1,4.75,p-TSA,0.0379,500,178.2,98.97,95.98,35.548108,76874.0,730.4
189.1,13.77,p-TSA,0.0506,2000,91.4,98.8,90.08,251.574927,74150.0,844.7
74.5,9.86,Amberlyst-15,0.0446,1000000,48.8,15.62,15.25,0.252669,73837.0,690.8
112.2,11.09,Amberlyst-15,0.0489,50000,74.9,95.39,91.7,3.521003,75847.0,696.2
213.3,4.6,H2SO4,0.0981,5000,121.2,99.5,95.89,889.244045,73376.0,913.3
147.3,11.07,p-TSA,0.018,1000000,22.9,94.34,83.16,11.626149,73684.0,869.3
163.8,1.39,Ti(OBu)4,0.093,500,112.6,99.5,97.05,96.835318,73763.0,750.4
142.2,6.25,Amberlyst-15,0.0532,500000,168.3,93.79,89.83,19.84478,74581.0,838.6
68.3,9.77,H2SO4,0.0661,2000,154.6,49.96,47.8,0.256199,78545.0,557.8
91.5,3.05,p-TSA,0.0847,2000,21.5,46.41,41.22,1.905787,72246.0,596.6
144.7,12.52,Ti(OBu)4,0.0424,500,178.9,99.5,89.87,21.484266,77591.0,702.6
99.7,4.29,Amberlyst-15,0.0487,50000,128.8,93.33,91.11,1.513255,76476.0,672.8
69.5,10.13,Ti(OBu)4,0.0469,1000000,37.6,10.72,9.97,0.196763,78134.0,642.2
220.3,6.67,Amberlyst-15,0.0437,2000,12.1,99.5,91.52,441.660668,81273.0,920.4
246.4,9.34,H2SO4,0.0933,500,39.1,98.56,95.01,3294.973838,77863.0,987.2
210.7,2.5,Ti(OBu)4,0.0846,50000,152.5,94.5,83.99,747.114329,76851.0,975.0
222.2,1.24,p-TSA,0.0198,500,13.7,99.5,91.71,298.309244,72375.0,866.0
106.0,13.73,p-TSA,0.0197,500,49.6,69.66,63.91,1.288791,72628.0,624.3
242.5,4.77,Amberlyst-15,0.0485,50000,138.7,95.51,87.39,1079.697119,75720.0,1031.2
97.4,12.48,p-TSA,0.0189,50000,109.6,73.11,66.58,0.691675,71604.0,699.9
240.8,14.99,Ti(OBu)4,0.0657,50000,143.1,97.07,87.46,2125.827368,76231.0,1025.8
249.0,3.96,H2SO4,0.0229,500,136.8,98.0,87.93,764.742576,70730.0,968.1
195.2,4.71,Amberlyst-15,0.057,2000,18.6,97.4,91.95,221.506219,77304.0,837.6
246.4,10.28,Ti(OBu)4,0.0106,5000,161.7,98.52,95.76,348.678774,74357.0,986.2
168.2,14.52,Amberlyst-15,0.0385,5000,48.6,97.89,91.13,55.221155,75253.0,758.5
109.3,13.82,H2SO4,0.0709,500,104.1,98.02,89.18,5.575137,73503.0,623.6
143.0,8.04,Amberlyst-15,0.0536,500,119.5,97.46,87.32,19.357634,71203.0,703.6
172.8,12.13,p-TSA,0.098,2000,38.7,97.83,94.21,243.083616,77469.0,809.8
73.9,2.9,p-TSA,0.0887,50000,176.0,78.21,76.42,0.557754,77671.0,627.9
178.2,14.68,Amberlyst-15,0.0423,500,93.0,99.5,91.03,103.282519,74297.0,757.7
246.4,14.5,H2SO4,0.0141,500000,19.8,94.75,86.14,565.4618,76324.0,1130.0
96.1,3.29,H2SO4,0.0861,50000,169.3,97.14,91.32,2.26549,74218.0,705.0
210.6,5.19,p-TSA,0.092,500,109.7,99.5,95.27,915.683269,75577.0,837.8
232.5,2.4,H2SO4,0.0839,500000,128.9,96.09,88.94,1575.559859,76518.0,1082.2
239.3,4.8,Amberlyst-15,0.0215,1000000,99.3,94.87,89.46,451.734995,76110.0,1124.5
242.4,12.42,Ti(OBu)4,0.0998,2000,151.9,99.5,94.69,2735.020462,77682.0,957.0
159.1,6.3,Amberlyst-15,0.0333,500000,15.6,93.99,91.74,29.608186,76038.0,873.8
245.7,2.24,p-TSA,0.0752,500,55.6,99.5,89.2,2571.153447,75056.0,965.2
203.9,5.79,p-TSA,0.0917,5000,89.8,98.2,96.21,679.409566,73477.0,849.4
90.7,14.74,p-TSA,0.0312,500,23.0,24.43,22.46,0.71267,74043.0,529.1
150.6,9.82,H2SO4,0.0917,5000,130.0,97.87,93.2,55.146952,76620.0,731.8
196.5,6.83,Amberlyst-15,0.0379,2000,76.9,95.98,89.96,172.737828,71996.0,802.4
107.0,3.33,Ti(OBu)4,0.0979,2000,56.4,99.5,92.4,4.751694,77212.0,665.1
181.7,14.81,Amberlyst-15,0.0353,50000,10.6,95.59,90.8,92.699735,74438.0,829.6
186.7,12.49,Ti(OBu)4,0.0958,50000,132.4,99.38,91.39,351.563391,73363.0,911.9
90.9,4.94,Amberlyst-15,0.0148,5000,151.7,44.86,40.04,0.233695,72803.0,636.6
167.4,1.98,p-TSA,0.0738,5000,77.2,99.35,92.28,115.883141,76349.0,794.6
206.6,1.79,Ti(OBu)4,0.0579,2000,105.9,98.36,91.69,390.512132,74971.0,861.5
154.8,2.69,Amberlyst-15,0.053,500000,48.7,95.81,86.25,33.096354,78178.0,878.9
62.3,9.13,H2SO4,0.0301,5000,115.8,14.18,13.8,0.068703,72474.0,540.8
61.7,14.0,H2SO4,0.0735,5000,12.1,4.65,4.2,0.180295,73844.0,569.3
127.8,7.95,Amberlyst-15,0.0272,500000,93.1,96.58,88.94,4.680432,74816.0,725.7
236.0,12.8,p-TSA,0.0598,50000,119.5,96.45,86.37,1682.640657,73496.0,997.3
103.4,7.24,Ti(OBu)4,0.0328,50000,166.1,94.32,88.06,1.495195,75012.0,710.4
180.5,10.92,Amberlyst-15,0.096,5000,74.8,96.11,87.53,257.157814,75639.0,837.8
102.2,11.25,H2SO4,0.0126,50000,140.1,71.69,66.59,0.580745,75969.0,713.0
121.1,3.44,Ti(OBu)4,0.028,50000,111.6,98.41,88.81,3.53074,78012.0,745.6
221.1,6.06,H2SO4,0.0318,1000000,167.6,97.47,86.3,437.909606,72393.0,1048.8
198.5,9.92,H2SO4,0.0473,50000,77.7,97.46,93.36,272.060902,75676.0,922.1
78.1,1.99,Amberlyst-15,0.0309,2000,64.2,17.3,16.33,0.19427,73706.0,630.1
141.5,6.06,H2SO4,0.0542,500,160.8,97.45,89.08,23.776873,75860.0,734.6
65.5,8.49,Ti(OBu)4,0.0885,5000,18.4,9.28,8.21,0.259472,75863.0,563.7
151.4,14.95,p-TSA,0.0741,5000,33.2,95.81,92.6,61.971729,73026.0,765.7
185.9,7.64,Amberlyst-15,0.0622,2000,24.0,98.59,88.43,167.672742,73198.0,845.9
82.5,12.42,Ti(OBu)4,0.018,500,153.3,40.63,39.54,0.204007,76023.0,566.0
114.9,7.05,Amberlyst-15,0.0725,500,11.8,66.86,62.04,5.34762,75047.0,634.7
135.6,12.15,H2SO4,0.025,2000,156.5,99.15,90.63,8.749424,74561.0,681.5
234.7,9.34,H2SO4,0.0808,500000,86.7,95.71,91.32,1871.062588,76316.0,1125.3
248.7,13.41,Ti(OBu)4,0.0325,500000,10.7,91.88,88.91,1277.448036,76463.0,1114.1
68.5,6.75,Ti(OBu)4,0.0475,500,78.3,20.46,18.77,0.17267,73941.0,566.7
204.6,9.46,p-TSA,0.0415,500000,41.8,92.16,84.85,337.605948,73296.0,1002.0
130.6,9.82,Ti(OBu)4,0.0873,500000,116.1,96.6,89.19,18.384805,72476.0,804.1
134.6,6.84,Ti(OBu)4,0.0214,500000,125.5,94.67,92.04,5.425991,75067.0,862.9
203.3,3.02,Amberlyst-15,0.0609,500,92.9,96.76,91.85,334.545274,72154.0,852.3
234.5,2.31,H2SO4,0.0228,500000,16.9,94.28,85.3,468.846236,75199.0,1075.2
240.7,1.23,Ti(OBu)4,0.0734,5000,121.5,97.64,87.73,1747.666589,77434.0,950.6
169.7,13.23,p-TSA,0.0915,1000000,153.1,96.83,87.45,174.858887,74293.0,943.9
127.9,4.31,Ti(OBu)4,0.0491,500,132.5,99.5,90.18,8.609754,73928.0,639.8
209.6,3.96,H2SO4,0.0539,2000,151.1,99.5,89.85,423.808404,78996.0,875.7
107.7,11.3,Ti(OBu)4,0.0935,500000,44.1,95.74,90.55,5.733856,78019.0,739.5
167.2,5.48,Amberlyst-15,0.0569,50000,161.1,96.86,86.36,69.582046,73471.0,866.1
128.1,8.08,H2SO4,0.0539,500,64.8,99.5,91.41,10.167427,75278.0,609.2
184.8,3.28,Ti(OBu)4,0.062,2000,12.3,99.5,93.78,183.166339,75657.0,820.6
105.7,14.44,Amberlyst-15,0.072,1000000,153.4,93.11,84.64,4.011725,75407.0,793.6
96.4,12.92,H2SO4,0.0196,5000,170.1,83.65,74.15,0.644138,78629.0,588.6
234.5,13.09,Ti(OBu)4,0.0839,2000,121.4,96.97,86.12,1909.932954,75174.0,956.4
79.3,6.69,Amberlyst-15,0.0492,500000,49.3,26.1,23.3,0.358595,75474.0,664.4
156.1,11.67,p-TSA,0.0165,50000,52.8,94.72,91.27,17.329335,76377.0,813.2
102.0,3.01,Amberlyst-15,0.0808,500000,89.3,94.46,89.34,2.517632,77380.0,789.5
67.4,1.12,p-TSA,0.0439,2000,162.6,37.96,33.65,0.163765,76874.0,484.0
66.8,1.28,Ti(OBu)4,0.019,500,35.4,2.91,2.68,0.052453,76076.0,525.0
93.3,9.21,Amberlyst-15,0.067,50000,150.4,93.52,84.9,1.243945,71883.0,653.8
224.7,7.38,p-TSA,0.0892,50000,59.5,97.92,91.83,1607.263211,74024.0,980.8
113.7,8.25,H2SO4,0.0899,2000,147.5,98.6,91.93,7.807446,76639.0,615.9
240.6,1.1,Amberlyst-15,0.0962,1000000,166.4,97.78,90.75,1920.850373,75501.0,1124.1
170.5,6.92,Ti(OBu)4,0.0881,1000000,82.7,95.34,86.89,131.71116,76652.0,920.5
143.0,11.05,H2SO4,0.0102,500000,72.1,94.71,84.65,4.853372,78774.0,832.8
170.2,7.2,p-TSA,0.0442,2000,146.4,98.29,93.79,80.603209,72646.0,793.9
158.2,11.25,Amberlyst-15,0.0837,50000,100.0,95.6,92.54,71.45233,77276.0,825.3
204.2,4.26,Amberlyst-15,0.043,2000,126.4,98.16,95.64,267.263699,74339.0,815.4
113.7,12.38,Ti(OBu)4,0.0641,50000,115.9,96.47,85.46,5.846679,76871.0,704.4
127.1,9.24,H2SO4,0.0646,500000,36.0,94.71,90.36,11.591082,74918.0,829.5
229.9,3.95,Amberlyst-15,0.0429,500,153.6,99.01,94.32,599.102059,79254.0,864.4
239.8,4.31,Amberlyst-15,0.0914,500,43.3,99.5,96.98,1960.374557,75260.0,901.8
229.6,9.79,H2SO4,0.0553,2000,168.5,97.55,88.31,992.088229,73719.0,926.2
139.7,12.62,Amberlyst-15,0.0518,50000,52.6,97.22,92.77,16.081711,75840.0,762.4
208.3,6.82,H2SO4,0.0998,500,134.8,99.5,88.1,847.35645,75648.0,854.8
150.5,4.62,H2SO4,0.0544,50000,58.4,97.95,92.37,34.157147,77276.0,778.4
154.5,13.14,H2SO4,0.0261,500000,64.0,95.41,87.31,23.254783,75896.0,859.6
98.9,10.37,Ti(OBu)4,0.0562,2000,62.7,85.12,81.45,1.924654,79950.0,610.8
172.3,7.27,H2SO4,0.0833,50000,137.1,97.68,94.39,152.504054,74777.0,885.2
95.4,7.83,H2SO4,0.0799,2000,104.7,97.21,89.09,2.089666,74801.0,640.8
123.0,3.86,p-TSA,0.081,50000,160.1,96.61,90.1,13.267532,73792.0,734.6
222.5,9.78,p-TSA,0.0737,1000000,62.3,92.71,82.67,1358.022365,75171.0,1112.8
99.3,6.02,Ti(OBu)4,0.0329,1000000,127.6,84.44,77.83,1.036191,75462.0,742.8
73.5,14.94,H2SO4,0.0876,50000,138.0,69.06,63.26,0.539718,75562.0,643.6
73.1,7.72,p-TSA,0.0904,500000,35.8,26.98,24.24,0.548929,75134.0,725.7
238.7,7.8,p-TSA,0.0275,2000,78.1,99.15,96.12,776.259473,73780.0,966.1
156.3,8.92,Amberlyst-15,0.0217,5000,92.1,99.04,88.62,16.596185,73237.0,734.5
137.8,13.83,H2SO4,0.0978,50000,70.5,99.5,93.89,32.633294,74250.0,782.1
214.1,12.21,p-TSA,0.0881,50000,64.8,96.19,93.21,1172.713235,77283.0,951.8
218.8,7.32,Ti(OBu)4,0.0904,1000000,126.7,96.21,93.44,1104.928577,77714.0,1038.8
123.1,11.06,Amberlyst-15,0.0898,500,46.7,99.5,95.45,11.010893,74846.0,702.3
191.8,9.21,Amberlyst-15,0.0588,1000000,130.6,96.99,87.06,210.700039,73117.0,942.8
206.5,7.89,H2SO4,0.0682,2000,169.0,99.5,95.69,538.679495,74838.0,890.3
184.4,3.69,H2SO4,0.0591,1000000,106.1,93.54,84.9,172.401402,79183.0,934.6
88.8,7.5,Amberlyst-15,0.0146,5000,113.9,30.33,29.49,0.219755,76998.0,597.7
226.4,4.44,Ti(OBu)4,0.0771,500000,21.7,95.97,91.26,1138.616508,76101.0,1073.3
162.4,13.81,H2SO4,0.0555,5000,157.0,97.71,93.66,76.264534,76925.0,800.6
113.7,5.7,H2SO4,0.0683,500000,58.5,93.65,83.21,5.573493,78081.0,762.4
140.8,14.33,Amberlyst-15,0.0552,5000,114.6,96.6,90.64,19.714511,72694.0,717.4
67.1,8.46,Amberlyst-15,0.0543,1000000,176.4,36.87,35.47,0.156715,74216.0,677.3
84.3,9.84,H2SO4,0.0255,5000,111.2,47.71,46.1,0.346087,73943.0,646.9
205.5,8.6,p-TSA,0.0351,1000000,133.2,94.44,83.37,308.76113,76174.0,986.6
60.0,2.81,H2SO4,0.0243,1000000,85.7,6.76,6.58,0.046052,75320.0,707.4
139.1,6.26,p-TSA,0.0276,2000,20.3,96.72,85.53,11.585211,76513.0,748.9
159.3,2.39,Amberlyst-15,0.0976,1000000,145.6,93.11,87.66,68.055607,73986.0,939.3
70.4,9.72,p-TSA,0.0238,500,15.9,4.47,4.24,0.121406,77744.0,520.2
244.9,7.26,Ti(OBu)4,0.0342,5000,129.1,96.86,86.27,967.376261,74861.0,1032.3
103.0,11.89,Amberlyst-15,0.0632,50000,13.9,43.26,38.28,2.443527,76389.0,662.1
117.8,4.09,H2SO4,0.0649,50000,156.6,96.49,92.48,6.548074,77391.0,709.4
117.7,3.3,H2SO4,0.0239,50000,36.8,76.29,70.07,2.536343,77230.0,752.3
103.8,6.69,Amberlyst-15,0.0814,500,97.4,97.83,87.14,3.358875,75722.0,603.3
60.3,13.97,Amberlyst-15,0.0807,1000000,111.5,24.52,23.45,0.153789,76639.0,646.2
198.6,10.95,Ti(OBu)4,0.0314,5000,87.8,97.24,93.83,177.598097,78483.0,806.3
243.7,6.86,Amberlyst-15,0.036,500000,67.9,94.73,88.93,882.544826,76027.0,1081.1
102.6,8.24,H2SO4,0.0944,500000,89.5,89.84,80.51,4.142296,73541.0,706.3
186.0,2.18,Ti(OBu)4,0.0843,2000,62.9,99.5,87.71,247.47051,76166.0,844.8
201.0,14.78,H2SO4,0.0728,500,84.5,99.5,94.53,535.128581,74925.0,831.6
221.2,10.33,p-TSA,0.0174,5000,71.0,97.35,91.02,298.41115,70304.0,919.1
140.3,5.0,Amberlyst-15,0.0476,1000000,106.3,93.36,88.23,13.180653,75924.0,930.0
117.6,9.2,p-TSA,0.0603,50000,50.4,96.11,92.39,7.656099,75233.0,760.0
121.8,2.53,H2SO4,0.0269,500,178.1,99.5,91.88,3.633371,77313.0,671.1
195.4,14.52,p-TSA,0.0503,500,95.1,97.16,86.71,317.895591,73500.0,889.5
215.2,3.45,p-TSA,0.0641,5000,43.0,98.29,95.73,790.533191,71989.0,947.0
94.5,10.07,H2SO4,0.0395,1000000,91.1,78.32,73.19,1.030922,75337.0,713.1
130.5,4.44,H2SO4,0.0803,2000,157.3,97.4,91.7,17.339723,75760.0,664.6
231.4,11.05,Amberlyst-15,0.0856,1000000,13.7,95.17,92.63,1439.015934,75188.0,1107.4
213.3,11.88,p-TSA,0.0391,2000,125.5,99.5,96.83,464.4572,75041.0,836.5
247.1,10.43,Ti(OBu)4,0.0855,2000,103.2,99.5,93.25,3000.310919,72863.0,980.5
203.3,9.6,Ti(OBu)4,0.0193,50000,38.8,97.19,88.42,136.823852,74722.0,878.1
134.7,13.49,H2SO4,0.0854,50000,149.0,97.76,95.78,26.922066,74303.0,774.7
172.2,2.1,H2SO4,0.0237,5000,72.7,97.9,92.82,37.103327,77145.0,841.1
185.6,5.63,p-TSA,0.0175,1000000,59.9,97.0,89.32,64.56119,75759.0,972.4
74.9,4.48,H2SO4,0.0678,2000,150.8,63.08,59.04,0.435154,74444.0,580.5
163.5,14.83,Ti(OBu)4,0.0525,5000,118.5,95.56,88.07,74.744067,78448.0,852.5
194.8,6.45,Amberlyst-15,0.0917,2000,162.7,98.51,95.44,367.245864,74462.0,847.7
91.8,11.26,Amberlyst-15,0.0427,500,117.1,78.27,72.66,0.7499,76116.0,648.7
208.3,10.59,p-TSA,0.0358,500000,135.9,95.08,91.5,379.622748,74666.0,1012.1
170.9,3.97,Amberlyst-15,0.0551,500000,152.2,95.11,91.69,74.995492,78262.0,940.7
240.9,4.35,H2SO4,0.051,2000,19.3,99.5,95.76,1390.224188,75174.0,949.0
68.1,4.94,H2SO4,0.041,5000,141.9,30.22,28.78,0.150605,75233.0,603.7
110.4,6.76,H2SO4,0.0724,50000,114.3,97.39,94.03,4.800435,74720.0,742.2
174.3,4.28,H2SO4,0.0784,1000000,21.8,95.04,87.32,149.705621,75393.0,979.9
116.3,1.28,p-TSA,0.0868,2000,96.5,97.51,86.93,9.52888,77399.0,657.6
195.7,13.31,Amberlyst-15,0.0976,2000,24.0,95.83,92.4,459.834099,76692.0,816.7
204.2,14.52,Ti(OBu)4,0.034,1000000,135.1,95.22,88.54,245.331466,75056.0,1024.3
79.5,5.78,Amberlyst-15,0.0744,50000,102.9,60.29,53.82,0.504353,78403.0,582.7
157.6,5.74,H2SO4,0.0455,2000,172.1,98.93,88.2,39.216268,76746.0,749.0
156.7,1.1,Ti(OBu)4,0.0709,500,41.1,99.2,88.87,51.83399,74124.0,732.4
130.2,10.52,p-TSA,0.0528,50000,113.0,97.7,93.31,14.796767,72239.0,831.7
237.3,12.56,H2SO4,0.0994,500,46.0,99.5,94.63,2477.855596,74170.0,937.6
217.2,3.05,H2SO4,0.0756,500000,114.4,98.03,88.26,886.144595,75827.0,1032.2
192.5,3.24,Ti(OBu)4,0.0957,1000000,132.9,96.9,93.48,348.250571,76194.0,979.3
195.7,12.06,p-TSA,0.0851,50000,132.8,98.44,89.4,598.325623,77718.0,884.0
147.7,9.63,Ti(OBu)4,0.0913,50000,148.6,98.14,94.14,55.194453,72811.0,806.8
235.0,1.63,p-TSA,0.0833,5000,155.1,96.56,89.7,1942.337498,74122.0,975.5
192.0,9.72,H2SO4,0.0513,5000,23.1,99.49,94.83,212.366628,72645.0,835.8
198.5,5.32,Amberlyst-15,0.0327,1000000,68.4,95.61,87.79,151.304094,72322.0,960.7
223.7,6.16,H2SO4,0.0433,50000,126.8,97.91,89.56,622.22896,73744.0,979.8
112.1,11.78,Amberlyst-15,0.0118,500000,94.8,70.87,68.32,0.785783,75733.0,767.1
213.3,12.35,Amberlyst-15,0.0572,2000,42.4,99.5,87.91,544.067244,76543.0,884.7
97.1,6.6,p-TSA,0.0555,1000000,104.0,95.52,93.37,1.814692,73103.0,711.2
125.6,14.26,Ti(OBu)4,0.0573,1000000,79.3,94.93,89.7,10.096023,73381.0,822.7
123.8,6.69,p-TSA,0.0977,5000,76.3,99.5,91.86,16.98523,71440.0,710.5
245.9,11.81,H2SO4,0.092,500000,147.7,94.79,89.37,3131.192319,75429.0,1103.4
222.7,7.77,Ti(OBu)4,0.0246,1000000,79.3,96.23,85.87,374.247107,73536.0,1040.0
193.2,13.57,Amberlyst-15,0.0432,500000,14.5,96.91,90.26,180.676264,78326.0,985.8
198.1,13.71,Amberlyst-15,0.0482,1000000,19.9,95.6,93.54,259.407055,75820.0,989.6
166.8,2.22,H2SO4,0.0424,5000,155.6,99.5,89.9,55.566617,74657.0,766.3
239.9,14.11,Ti(OBu)4,0.0819,2000,173.3,97.77,93.1,2349.108064,73718.0,996.0
154.3,12.56,H2SO4,0.0572,5000,127.0,97.77,90.29,49.892931,72011.0,781.3
132.3,12.08,H2SO4,0.0615,1000000,71.9,95.37,90.15,17.328573,72264.0,827.2
91.0,3.81,p-TSA,0.0868,500000,169.6,96.34,86.75,1.894355,73756.0,665.3
209.4,12.27,H2SO4,0.0825,500,122.7,99.5,92.24,790.003712,73602.0,836.1
199.5,12.9,Ti(OBu)4,0.0219,5000,153.5,99.5,97.31,135.209416,73002.0,944.4
133.0,5.05,H2SO4,0.0743,500000,140.2,94.51,85.01,18.368657,75754.0,772.3
64.8,14.33,Ti(OBu)4,0.0492,5000,74.5,15.37,14.5,0.146443,76029.0,539.4
219.4,1.7,Amberlyst-15,0.0365,1000000,91.4,95.51,89.55,355.853149,74083.0,1048.0
62.2,3.1,H2SO4,0.0145,500000,41.6,1.98,1.85,0.032295,78870.0,650.0
193.7,8.53,Ti(OBu)4,0.0539,2000,59.6,99.5,93.68,247.827316,71507.0,804.4
244.3,9.06,Amberlyst-15,0.042,500000,142.3,95.46,88.8,1143.558661,75116.0,1101.0
143.2,10.03,Ti(OBu)4,0.0326,50000,162.0,96.49,85.07,14.289584,74563.0,742.3
104.6,1.24,Amberlyst-15,0.0725,500,133.2,99.5,96.52,2.686836,73899.0,599.5
193.9,14.45,p-TSA,0.0793,1000000,89.1,95.09,91.54,467.668086,73605.0,965.2
215.3,1.62,H2SO4,0.032,500000,24.7,95.04,85.29,319.665304,74986.0,997.1
163.8,3.0,H2SO4,0.0145,1000000,19.7,94.33,86.91,16.395268,74549.0,934.6
243.7,1.2,Amberlyst-15,0.0864,5000,73.6,97.89,93.69,1997.783229,74216.0,987.2
69.8,8.94,p-TSA,0.0109,5000,88.8,9.09,8.89,0.058549,72403.0,573.7
155.9,14.05,Ti(OBu)4,0.0943,500000,113.6,95.79,93.41,81.910496,71764.0,889.9
196.5,10.32,p-TSA,0.0665,50000,11.1,99.5,96.51,432.505949,74423.0,964.3
223.9,12.52,Ti(OBu)4,0.039,500000,178.3,95.74,85.77,608.423297,74196.0,1008.5
94.1,1.19,Ti(OBu)4,0.0322,2000,71.9,53.9,52.36,0.738526,74606.0,627.8
212.0,8.59,H2SO4,0.0108,50000,154.2,99.5,96.3,105.355955,74783.0,965.4
165.0,7.43,Amberlyst-15,0.0312,1000000,100.9,95.67,87.79,36.078572,73955.0,901.2
135.3,7.99,H2SO4,0.0224,500000,32.2,94.31,86.71,6.67087,74575.0,788.8
85.0,2.01,H2SO4,0.0651,1000000,145.6,81.65,75.61,0.726767,73293.0,730.8
224.4,10.58,H2SO4,0.025,500,130.7,99.5,94.09,394.189164,78048.0,868.3
89.9,8.05,Ti(OBu)4,0.0576,50000,99.7,80.15,72.62,1.070912,73401.0,675.2
118.9,11.71,H2SO4,0.0631,500000,97.5,93.85,82.8,7.727098,74258.0,839.9
115.1,7.79,Ti(OBu)4,0.0368,500,24.9,74.9,66.97,2.918235,73552.0,652.1
225.6,3.09,Amberlyst-15,0.0132,500000,121.5,93.51,86.41,165.309819,73519.0,1090.6
