Temperature (C),Temperature (K),1/T (1/K),Rate Constant k (1/s),ln(k),Conversion (%),Pressure (bar),Agitation RPM,Residence Time (min),Heat Duty (kJ/mol),Cooling Load (kW),Scale-Up Success
107.195,380.345,0.00262919,0.08554950397226449,-2.45866008,36.066,8.046,172,27.913,54.928,174.777,0
123.406,396.556,0.00252171,0.1764504688436978,-1.73471507,43.59,7.005,123,223.451,48.784,65.64,0
92.499,365.649,0.00273486,0.04198585564412972,-3.17042249,39.445,4.229,253,70.863,52.798,60.444,0
51.035,324.185,0.00308466,0.003979844230228787,-5.5265126,40.845,14.786,270,219.345,62.166,147.691,0
109.763,382.913,0.00261156,0.09633792309176707,-2.33989324,42.973,7.093,463,216.702,58.949,160.934,0
76.2,349.35,0.00286246,0.01777683530068564,-4.02985906,41.677,10.326,509,100.003,50.146,182.909,0
73.736,346.886,0.00288279,0.01550160141388863,-4.16681194,44.161,8.823,776,233.025,62.032,230.86,0
67.241,340.391,0.0029378,0.01070209835746282,-4.53731545,35.398,12.682,232,175.435,47.405,33.177,0
114.03,387.18,0.00258278,0.1169471100380674,-2.1460335,40.865,10.165,277,101.566,61.191,194.55,0
127.762,400.912,0.00249431,0.2122127825310262,-1.55016582,40.904,14.107,526,272.702,46.189,110.899,0
161.954,435.104,0.0022983,0.794610647107737,-0.22990304,42.239,14.139,742,279.006,54.709,90.067,0
106.827,379.977,0.00263174,0.08409475077855015,-2.47581113,41.553,10.812,760,242.588,51.636,69.892,0
161.57,434.72,0.00230033,0.7838188206829637,-0.24357738,41.405,2.838,925,51.497,53.293,125.391,0
86.459,359.609,0.0027808,0.03081288693330447,-3.47982227,42.187,7.66,746,106.792,45.841,199.345,0
77.29,350.44,0.00285356,0.01887551679976234,-3.9698896,41.849,6.499,453,133.556,53.125,195.783,0
72.639,345.789,0.00289194,0.0145755065735157,-4.22841279,35.98,9.936,1137,58.903,57.458,132.714,0
168.115,441.265,0.00226621,0.9863319828977157,-0.01376228,51.723,14.936,513,281.216,61.598,104.351,0
99.161,372.311,0.00268593,0.0583787467108111,-2.84080338,40.297,5.575,1098,80.903,59.354,76.287,0
119.064,392.214,0.00254963,0.1462042404639251,-1.92275073,41.879,7.397,129,189.994,62.896,14.762,0
31.847,304.997,0.00327872,0.001076926686990656,-6.83364395,44.543,11.257,877,241.185,64.191,92.841,0
144.383,417.533,0.00239502,0.4142161625124961,-0.88136731,41.828,8.476,818,224.475,55.97,28.905,0
121.863,395.013,0.00253156,0.1651232523930543,-1.8010631,38.937,2.458,341,72.984,47.568,23.602,0
49.613,322.763,0.00309825,0.003631714245298466,-5.6180505,36.404,12.66,944,239.816,53.621,158.922,0
117.606,390.756,0.00255914,0.1371296557689725,-1.98682841,45.489,11.102,1036,289.983,66.779,208.305,0
135.009,408.159,0.00245003,0.2859716298731385,-1.25186267,37.847,11.768,255,22.824,45.11,123.311,0
36.172,309.322,0.00323288,0.001466527591458521,-6.52485786,42.707,7.722,206,240.277,46.99,64.315,0
68.669,341.819,0.00292552,0.01162440522163519,-4.45464849,39.431,4.475,706,171.05,48.212,147.83,0
129.675,402.825,0.00248247,0.2298382065993254,-1.47037967,38.469,6.233,108,135.119,47.87,106.355,0
45.595,318.745,0.0031373,0.002791673249071473,-5.88111413,43.891,11.597,1127,226.181,63.857,171.185,0
133.375,406.525,0.00245987,0.2676184003105985,-1.31819319,42.146,7.723,543,184.01,57.0,185.892,0
168.528,441.678,0.00226409,1.000511094081365,0.00051096,47.624,6.081,1091,244.14,53.022,233.7,1
72.436,345.586,0.00289364,0.0144096822893463,-4.23985492,37.175,2.833,583,143.112,50.827,159.513,0
137.445,410.595,0.00243549,0.3153866273389181,-1.153956,38.184,12.711,425,126.017,45.354,201.911,0
142.725,415.875,0.00240457,0.3884146548061265,-0.94568181,40.449,12.532,498,266.213,62.402,178.536,0
159.298,432.448,0.00231242,0.7225412024484485,-0.32498083,41.566,1.175,149,255.664,48.702,131.547,0
34.321,307.471,0.00325234,0.001286348335146089,-6.65594782,35.065,7.012,379,107.732,60.549,229.389,0
144.829,417.979,0.00239246,0.4214079666290616,-0.86415387,38.988,8.801,1137,18.399,51.683,128.827,0
40.066,313.216,0.00319268,0.001922481338942431,-6.25413856,36.305,7.409,314,94.493,62.398,76.13,0
132.7,405.85,0.00246396,0.2603443751839024,-1.34575,37.897,3.34,326,125.019,47.564,164.353,0
152.758,425.908,0.00234792,0.5688431845710994,-0.56415048,41.308,6.566,992,206.57,55.272,69.509,0
131.946,405.096,0.00246855,0.2524251350384317,-1.37664057,40.083,14.379,1033,59.389,63.299,220.508,0
33.908,307.058,0.00325671,0.001248999283372478,-6.68541262,40.119,13.319,1022,74.295,50.965,22.591,0
77.933,351.083,0.00284833,0.01955180337549333,-3.93468775,43.591,12.275,298,143.424,56.551,30.507,0
135.089,408.239,0.00244955,0.2868979252434596,-1.24862879,40.039,13.505,831,117.133,45.339,198.064,0
97.52,370.67,0.00269782,0.05388537650828627,-2.92089615,43.987,1.258,766,99.57,49.829,26.093,0
126.95,400.1,0.00249938,0.2050989287747621,-1.58426284,43.349,13.589,200,145.625,59.48,217.202,0
108.027,381.177,0.00262345,0.08892109682572426,-2.42000585,44.968,8.479,497,117.959,51.665,29.232,0
110.259,383.409,0.00260818,0.09855532969746487,-2.31713717,44.556,14.759,935,59.804,50.564,117.451,0
101.263,374.413,0.00267085,0.06461969257536748,-2.73923608,36.849,2.734,220,137.551,63.069,106.427,0
151.955,425.105,0.00235236,0.5521013375565128,-0.59402367,48.067,9.769,658,88.341,66.857,142.302,0
90.211,363.361,0.00275208,0.0373876304476647,-3.28641537,38.004,2.566,587,239.139,48.987,177.734,0
38.546,311.696,0.00320825,0.001731084143374757,-6.35900739,39.047,14.871,1179,60.742,56.111,247.648,0
147.239,420.389,0.00237875,0.4621935796455437,-0.77177147,40.698,7.723,539,262.106,62.446,159.781,0
101.79,374.94,0.00266709,0.06627448344787465,-2.71395032,41.691,13.055,991,74.986,57.086,221.906,0
135.675,408.825,0.00244603,0.2937638123538763,-1.22497919,46.712,12.79,440,124.03,63.003,239.233,0
36.911,310.061,0.00322517,0.001544649588877919,-6.4729582,42.786,3.419,102,62.611,57.74,124.13,0
51.704,324.854,0.00307831,0.004153829912623106,-5.4837245,40.05,10.4,202,83.909,56.133,40.637,0
150.425,423.575,0.00236086,0.5213903988559009,-0.65125619,43.758,8.506,141,26.077,57.109,50.515,0
63.036,336.186,0.00297454,0.008355612746416325,-4.78482178,36.021,6.993,528,76.106,64.898,217.212,0
143.877,417.027,0.00239793,0.4061872423999677,-0.90094104,45.306,8.659,680,233.896,56.367,143.672,0
58.249,331.399,0.00301751,0.006255902647814647,-5.07422984,39.396,1.214,536,111.85,50.413,202.697,0
44.386,317.536,0.00314925,0.002575859805054178,-5.9615719,37.637,11.701,791,183.205,45.289,237.138,0
163.396,436.546,0.00229071,0.8363000569085882,-0.17876781,43.467,12.105,1098,26.706,64.798,134.674,0
168.218,441.368,0.00226568,0.9898517324984326,-0.01020011,43.163,5.669,1127,169.279,61.905,16.377,0
71.696,344.846,0.00289985,0.01381943713965864,-4.28167919,40.071,12.272,789,242.687,50.134,135.02,0
106.068,379.218,0.00263701,0.08116344590330034,-2.51129031,35.979,12.287,526,196.719,58.469,63.483,0
105.121,378.271,0.00264361,0.07763343207703718,-2.55575712,40.758,8.609,441,38.462,67.065,9.386,0
95.745,368.895,0.0027108,0.04937399968970279,-3.00833132,43.573,5.848,612,22.113,65.584,166.475,0
46.532,319.682,0.00312811,0.002970050582124656,-5.8191763,38.448,4.911,867,81.839,46.05,217.56,0
38.298,311.448,0.00321081,0.001701551662645235,-6.3762147,35.235,2.523,827,113.329,60.973,48.656,0
160.388,433.538,0.0023066,0.7513972808874344,-0.28582076,49.559,2.829,951,243.481,46.377,192.076,1
158.074,431.224,0.00231898,0.6912933289514125,-0.36919105,49.618,8.915,1130,293.894,47.81,151.485,1
70.458,343.608,0.00291029,0.01288034390308317,-4.35205286,38.241,13.475,452,138.863,47.466,96.262,0
69.571,342.721,0.00291783,0.01224317442042627,-4.40278669,41.035,8.751,893,100.399,65.211,168.181,0
106.686,379.836,0.00263272,0.08354320131044328,-2.4823914,35.873,3.439,732,94.174,56.891,73.273,0
63.707,336.857,0.00296862,0.0086958239963384,-4.74491237,36.639,10.436,723,275.485,48.316,112.749,0
75.327,348.477,0.00286963,0.01693860068917889,-4.0781602,41.232,7.183,277,20.614,59.423,241.707,0
46.733,319.883,0.00312614,0.003009633391354721,-5.805937,42.408,3.582,981,195.207,63.906,127.486,0
60.61,333.76,0.00299616,0.007223229430520485,-4.93045314,36.777,7.775,1149,142.962,56.653,42.993,0
28.943,302.093,0.00331024,0.0008709392928515163,-7.04593828,41.806,2.28,756,183.911,59.409,6.953,0
26.06,299.21,0.00334213,0.0007025642508407565,-7.2607737,36.619,11.259,670,96.409,52.85,15.571,0
146.194,419.344,0.00238468,0.444102890056113,-0.81169901,39.397,4.188,460,275.816,52.473,22.9,0
34.035,307.185,0.00325537,0.001260378026681374,-6.67634358,44.135,13.409,558,132.71,45.529,201.088,0
162.12,435.27,0.00229742,0.7993157735185268,-0.2239992,42.802,6.962,1079,110.343,65.615,56.47,0
161.409,434.559,0.00230118,0.7793322421410526,-0.24931783,44.743,9.736,686,259.983,47.84,157.731,0
74.734,347.884,0.00287452,0.01638960768108091,-4.11110782,40.7,10.867,964,10.331,46.506,61.773,0
153.856,427.006,0.00234189,0.5924525082977071,-0.52348456,49.128,5.25,502,199.868,53.729,238.497,1
65.413,338.563,0.00295366,0.009617642309382283,-4.64415613,35.767,12.453,730,177.844,45.51,242.01,0
59.528,332.678,0.00300591,0.006764344885459397,-4.99608986,39.925,6.346,303,166.746,49.589,38.831,0
151.944,425.094,0.00235242,0.551875019463743,-0.59443367,47.799,8.781,952,164.142,55.994,230.39,0
102.35,375.5,0.00266312,0.06807406412536574,-2.68715899,40.232,11.138,656,140.125,54.807,71.204,0
96.804,369.954,0.00270304,0.05202323625469473,-2.95606481,38.601,13.316,1069,152.341,50.44,246.579,0
155.886,429.036,0.00233081,0.6383625404922305,-0.44884891,49.357,14.802,377,64.203,46.494,216.816,0
156.877,430.027,0.00232544,0.6618810369950973,-0.41266944,40.475,14.25,655,104.823,58.291,33.11,0
77.104,350.254,0.00285507,0.01868383604524163,-3.98009651,35.85,7.172,377,150.769,59.439,6.405,0
58.957,332.107,0.00301108,0.006532925018665907,-5.0309005,42.274,11.856,867,293.026,58.108,123.126,0
99.819,372.969,0.00268119,0.06027208944739049,-2.80888614,44.127,9.138,761,195.42,66.453,102.196,0
72.664,345.814,0.00289173,0.01459604625718207,-4.22700459,42.036,6.089,386,251.424,66.211,25.691,0
121.491,394.641,0.00253395,0.1624903790153189,-1.81713649,45.516,13.054,1049,249.215,49.308,93.118,0
115.332,388.482,0.00257412,0.1239684004097656,-2.08772858,42.645,7.289,1167,189.124,66.557,116.097,0
55.134,328.284,0.00304614,0.005158617187888726,-5.26708672,37.238,6.828,771,291.531,64.853,177.748,0
97.28,370.43,0.00269957,0.05325469141793823,-2.93266938,44.824,4.058,927,225.632,64.03,70.07,0
128.166,401.316,0.0024918,0.2158324876825068,-1.53325269,40.757,1.436,486,176.28,59.644,207.738,0
54.212,327.362,0.00305472,0.004868965300913641,-5.32487383,43.906,4.793,581,261.853,62.361,91.498,0
119.351,392.501,0.00254776,0.1480517455741853,-1.91019343,40.069,14.706,307,164.35,67.004,204.717,0
107.378,380.528,0.00262793,0.08628120375284548,-2.45014351,36.415,11.884,896,272.617,61.49,42.852,0
59.137,332.287,0.00300945,0.006605094681495392,-5.01991401,44.178,8.325,1079,265.954,49.246,202.171,0
94.304,367.454,0.00272143,0.04596223751532125,-3.07993514,36.281,11.917,502,28.304,62.323,26.484,0
68.482,341.632,0.00292713,0.01149969686893288,-4.4654346,36.116,8.152,763,24.119,66.928,169.767,0
25.193,298.343,0.00335185,0.0006580741859212169,-7.32619289,38.327,3.003,106,256.661,49.181,79.238,0
119.635,392.785,0.00254592,0.1499002111173642,-1.89778547,37.784,2.286,1143,189.626,58.813,101.913,0
153.105,426.255,0.00234601,0.5762139631583817,-0.55127622,42.211,8.706,509,155.97,63.999,236.701,0
101.449,374.599,0.00266952,0.06519949418777636,-2.73030357,43.477,7.475,193,206.933,49.952,227.469,0
165.662,438.812,0.00227888,0.9056598675916542,-0.09909147,43.08,4.871,377,160.767,59.903,111.292,0
75.398,348.548,0.00286905,0.01700542468294211,-4.07422289,38.407,12.757,1033,140.259,55.482,50.668,0
51.895,325.045,0.0030765,0.004204748543870754,-5.47154079,36.523,9.62,955,86.298,48.395,51.677,0
163.343,436.493,0.00229099,0.8347347411731427,-0.18064128,47.866,14.048,674,11.429,51.977,222.666,0
60.25,333.4,0.0029994,0.007067529386854342,-4.95224431,37.19,7.553,420,208.765,55.168,167.864,0
134.975,408.125,0.00245023,0.2855787508852088,-1.25323745,41.884,1.756,245,33.649,57.2,21.279,0
167.701,440.851,0.00226834,0.9722941153341623,-0.02809693,46.581,13.136,810,283.243,57.64,78.974,0
50.509,323.659,0.00308967,0.003847703227081769,-5.56027887,37.451,7.724,1153,26.185,48.791,60.661,0
81.359,354.509,0.0028208,0.02353468884973306,-3.74927982,43.35,3.77,984,225.041,52.553,203.562,0
52.323,325.473,0.00307245,0.004320902499291957,-5.44429099,38.87,14.167,297,270.371,55.304,236.329,0
139.722,412.872,0.00242206,0.3452506958240325,-1.06348447,44.239,14.573,422,200.292,56.187,75.098,0
133.712,406.862,0.00245784,0.2713164520028407,-1.30446942,40.827,14.737,940,65.636,45.92,75.834,0
95.554,368.704,0.0027122,0.04890918830405541,-3.01779,45.202,3.941,1150,285.057,58.405,150.163,0
93.122,366.272,0.00273021,0.04332221275254574,-3.13908978,41.306,11.059,948,153.738,62.386,5.096,0
38.092,311.242,0.00321293,0.001677369113343924,-6.39052872,42.421,1.425,793,161.267,66.514,24.769,0
36.233,309.383,0.00323224,0.001472837505690016,-6.52056446,39.591,1.196,1001,269.252,58.574,193.105,0
41.249,314.399,0.00318067,0.002084508969649848,-6.17322196,44.63,11.291,126,247.07,49.804,51.709,0
114.11,387.26,0.00258224,0.1173681492519727,-2.14243971,44.535,2.855,933,261.837,58.983,42.789,0
161.494,434.644,0.00230073,0.7816981374421259,-0.24628663,48.246,1.69,1193,249.142,58.846,139.564,1
164.297,437.447,0.00228599,0.8633040867323801,-0.14698829,43.304,9.775,575,139.28,65.648,63.749,0
168.014,441.164,0.00226673,0.9828911441272944,-0.0172569,46.699,12.943,172,247.165,65.656,28.507,0
114.368,387.518,0.00258053,0.1187351552132261,-2.13085985,39.038,11.098,927,256.981,51.585,213.934,0
157.721,430.871,0.00232088,0.6825033252906155,-0.38198788,47.851,13.726,894,174.849,53.831,121.513,0
66.524,339.674,0.002944,0.01026428680505293,-4.57908471,43.908,10.797,367,175.428,61.989,21.286,0
91.881,365.031,0.00273949,0.04069665414864452,-3.2016094,37.077,3.854,799,100.212,62.291,156.325,0
79.186,352.336,0.0028382,0.02093234282137234,-3.86645981,40.553,12.417,1069,152.715,52.334,236.454,0
84.896,358.046,0.00279294,0.02839371955565034,-3.5615873,35.677,3.19,429,103.895,63.028,75.492,0
85.93,359.08,0.00278489,0.02997426511819578,-3.50741609,41.945,12.379,983,26.51,55.631,120.627,0
70.338,343.488,0.00291131,0.0127924364638103,-4.35890118,36.344,1.545,586,183.125,60.682,85.396,0
81.169,354.319,0.00282232,0.02329612324051622,-3.75946832,44.338,12.099,1174,77.532,49.431,105.118,0
128.283,401.433,0.00249108,0.2168908729899097,-1.52836094,41.134,9.52,456,139.378,51.431,224.517,0
109.315,382.465,0.00261462,0.09437322899161044,-2.36049784,37.008,6.951,1140,23.985,60.375,139.378,0
127.403,400.553,0.00249655,0.2090412492004216,-1.56522368,46.31,2.461,1120,171.221,46.959,140.902,1
45.223,318.373,0.00314097,0.002723587638305073,-5.90580528,41.299,11.687,1146,139.384,57.907,21.886,0
137.084,410.234,0.00243763,0.3108664834559496,-1.16839177,39.559,8.431,350,189.109,64.061,59.509,0
41.709,314.859,0.00317602,0.002150785030010724,-6.14192237,38.872,5.688,152,123.456,61.261,81.734,0
62.718,335.868,0.00297736,0.008198604484466014,-4.80379132,38.156,11.424,725,270.161,61.53,212.974,0
65.425,338.575,0.00295356,0.009624426321532844,-4.643451,41.675,6.262,601,140.158,49.418,219.036,0
145.443,418.593,0.00238896,0.4314876201777235,-0.84051646,43.373,12.986,917,21.645,54.175,229.762,0
57.533,330.683,0.00302404,0.005986565127202212,-5.11823747,44.736,7.866,1027,177.438,45.014,13.92,0
160.536,433.686,0.00230582,0.7553917455674052,-0.2805188,42.976,5.372,567,65.258,58.879,201.652,0
42.512,315.662,0.00316795,0.002271073164736848,-6.0875028,44.855,11.172,1011,49.882,52.673,194.373,0
147.673,420.823,0.0023763,0.4698943456882089,-0.75524741,48.34,14.242,145,84.763,51.779,184.381,0
115.969,389.119,0.00256991,0.1275374538357558,-2.0593452,39.475,3.328,636,176.829,46.912,117.559,0
84.684,357.834,0.00279459,0.02807901879389021,-3.57273264,39.046,3.127,132,44.735,60.243,61.193,0
126.65,399.8,0.00250125,0.2025243208815559,-1.5968953,37.277,2.009,835,283.008,45.755,136.631,0
155.291,428.441,0.00233404,0.6245951441853563,-0.47065161,48.461,11.175,178,263.705,57.348,196.994,0
29.162,302.312,0.00330784,0.0008851209192078706,-7.02978629,38.401,2.642,902,66.365,53.297,95.777,0
72.053,345.203,0.00289685,0.01410142507770221,-4.26147942,43.536,5.168,469,56.464,49.844,141.532,0
83.223,356.373,0.00280605,0.02599369012708822,-3.64990146,40.561,10.97,213,299.11,52.735,175.594,0
87.745,360.895,0.00277089,0.03293962338372878,-3.41307899,37.686,14.057,844,207.437,62.464,249.375,0
149.802,422.952,0.00236433,0.5093197297760417,-0.67467931,40.173,9.53,917,230.919,50.589,121.016,0
95.176,368.326,0.00271499,0.04800077125431135,-3.0365382,42.476,13.023,556,11.301,55.882,95.228,0
104.695,377.845,0.00264659,0.0760904262241303,-2.57583283,37.273,2.947,749,125.741,47.805,181.149,0
163.836,436.986,0.0022884,0.8493940827296728,-0.16323203,44.447,12.011,436,145.312,63.928,186.02,0
74.548,347.698,0.00287606,0.01622072865977685,-4.12146531,43.629,13.118,1128,236.913,63.069,53.382,0
119.563,392.713,0.00254639,0.1494296673265247,-1.90092945,40.111,1.379,1028,164.489,50.451,173.399,0
94.919,368.069,0.00271688,0.04739175627864304,-3.04930698,42.939,8.823,740,131.838,65.843,117.219,0
61.339,334.489,0.00298963,0.007548022468426912,-4.88646967,43.446,13.818,708,46.825,57.752,243.932,0
65.469,338.619,0.00295317,0.009649337873075871,-4.64086598,37.657,12.026,925,290.682,66.402,214.231,0
118.48,391.63,0.00255343,0.1425076381361315,-1.94835968,38.201,11.062,774,59.192,45.057,50.362,0
115.261,388.411,0.00257459,0.1235761197550379,-2.09089796,45.024,4.001,688,166.994,66.705,112.902,0
149.948,423.098,0.00236352,0.5121263468526368,-0.66918391,46.845,10.053,180,185.239,52.819,142.974,0
49.012,322.162,0.00310403,0.003493045118538804,-5.6569814,41.113,1.446,828,49.241,61.023,198.001,0
93.969,367.119,0.00272391,0.04519983026269789,-3.09666195,38.315,8.302,531,75.049,45.943,66.244,0
48.466,321.616,0.0031093,0.003371236450945697,-5.6924757,37.712,12.631,684,128.185,59.357,36.476,0
118.069,391.219,0.00255611,0.1399558509871425,-1.96642826,46.202,13.822,1135,52.536,64.351,207.111,0
95.437,368.587,0.00271306,0.04862638931455774,-3.02358891,39.111,1.438,668,241.157,64.121,224.303,0
30.119,303.269,0.0032974,0.0009495921324334414,-6.959478,43.449,8.631,357,231.498,58.636,70.925,0
31.071,304.221,0.00328708,0.001017938343768448,-6.88997593,38.23,9.225,137,79.796,55.586,166.708,0
111.095,384.245,0.00260251,0.102395231477601,-2.27891514,41.255,3.527,751,282.127,53.047,11.2,0
166.834,439.984,0.00227281,0.9434574667902984,-0.058204,47.593,12.856,891,295.329,55.981,121.205,0
92.534,365.684,0.0027346,0.04205994598929963,-3.16865939,35.693,9.966,160,97.131,49.545,183.757,0
160.171,433.321,0.00230776,0.745573807963649,-0.29360115,45.822,5.323,511,280.774,45.731,38.437,0
28.83,301.98,0.00331148,0.0008637030184344247,-7.05428158,42.393,1.882,1189,224.412,54.318,50.917,0
120.426,393.576,0.00254081,0.1551564921920588,-1.86332104,44.814,4.706,695,184.427,64.115,129.586,0
35.339,308.489,0.00324161,0.001382782916904707,-6.5836572,41.088,5.641,394,80.321,66.48,13.838,0
27.768,300.918,0.00332316,0.0007983208592780861,-7.13299996,40.359,7.585,998,71.667,60.508,23.629,0
150.22,423.37,0.002362,0.5173911947278496,-0.65895603,48.746,10.705,812,164.467,55.96,181.728,0
163.484,436.634,0.00229025,0.838904714692016,-0.17565815,43.106,13.181,915,27.922,47.206,240.317,0
66.303,339.453,0.00294592,0.01013262593094933,-4.59199477,35.424,9.975,513,83.372,63.984,13.039,0
51.975,325.125,0.00307574,0.0042262427715117,-5.46644191,37.278,10.831,444,108.653,58.952,22.874,0
152.572,425.722,0.00234895,0.5649262880763274,-0.57106002,47.592,5.042,741,274.546,51.614,40.283,1
29.41,302.56,0.00330513,0.0009014340419910187,-7.01152368,40.172,3.272,851,79.918,48.444,76.746,0
106.311,379.461,0.00263532,0.08209190104664664,-2.49991591,42.214,9.851,667,177.212,55.754,107.91,0
89.944,363.094,0.00275411,0.03688145249500808,-3.3000465,39.381,10.439,252,23.607,51.516,226.59,0
125.306,398.456,0.00250969,0.191336386122437,-1.65372222,43.585,7.954,1148,68.399,48.052,210.613,0
150.389,423.539,0.00236106,0.5206861496891191,-0.65260782,48.196,9.041,1006,286.692,55.226,217.947,0
86.046,359.196,0.002784,0.0301563936244583,-3.50135832,40.915,7.085,397,24.188,61.33,104.267,0
63.171,336.321,0.00297335,0.00842308170314242,-4.77677952,36.075,1.376,214,59.332,50.86,134.188,0
91.281,364.431,0.002744,0.03947889129120557,-3.23198915,45.05,7.013,283,213.45,50.326,32.589,0
90.579,363.729,0.0027493,0.03809543999664042,-3.26766069,35.62,8.455,209,104.34,57.9,179.561,0
140.67,413.82,0.00241651,0.358397940501019,-1.02611134,43.031,3.026,974,83.084,55.277,203.3,0
67.373,340.523,0.00293666,0.01078450516000401,-4.52964488,35.555,3.628,770,140.487,55.139,107.267,0
156.72,429.87,0.00232628,0.658105461952744,-0.41839008,44.297,1.036,988,16.926,50.629,247.079,0
44.659,317.809,0.00314654,0.002623225776317737,-5.94335051,44.705,10.887,717,149.535,56.08,210.565,0
25.219,298.369,0.00335155,0.0006593701230529299,-7.32422554,43.049,8.625,330,136.818,49.566,54.457,0
126.641,399.791,0.00250131,0.2024475247146602,-1.59727456,43.475,5.975,144,175.947,65.011,41.849,0
140.377,413.527,0.00241822,0.3542883939687222,-1.03764403,43.121,4.948,749,106.397,44.906,191.906,0
147.329,420.479,0.00237824,0.4637813719013261,-0.76834202,42.447,7.361,841,174.936,47.396,201.405,0
68.146,341.296,0.00293001,0.01127863903761877,-4.48484469,36.376,3.973,266,163.239,65.88,53.865,0
73.479,346.629,0.00288493,0.01528003006517089,-4.18120853,38.585,13.325,572,91.595,51.703,46.749,0
94.425,367.575,0.00272053,0.04624041792824296,-3.07390102,38.348,8.073,649,282.527,50.562,92.925,0
127.632,400.782,0.00249512,0.2110594546036198,-1.55561541,42.021,7.68,813,165.67,51.709,27.552,0
72.924,346.074,0.00288956,0.01481120375220231,-4.21237137,42.168,6.281,597,250.922,46.16,132.348,0
165.29,438.44,0.00228081,0.8939413567033926,-0.1121151,47.495,13.27,915,66.759,64.989,129.981,0
100.101,373.251,0.00267916,0.06110009996241143,-2.79524178,37.181,13.523,1047,103.681,60.127,38.349,0
159.714,432.864,0.00231019,0.7334381051810306,-0.31001207,42.599,9.083,520,120.88,60.931,119.031,0
92.065,365.215,0.00273811,0.04107675290145817,-3.19231294,40.981,12.735,562,177.623,56.62,105.679,0
137.746,410.896,0.00243371,0.3191995175140613,-1.14193892,42.963,9.528,1095,183.423,65.502,60.812,0
70.885,344.035,0.00290668,0.01319756446112553,-4.32772298,39.25,1.84,624,53.909,48.821,39.849,0
115.362,388.512,0.00257392,0.1241344835987975,-2.08638976,43.534,2.591,404,271.751,64.705,84.849,0
49.227,322.377,0.00310196,0.003542092254746375,-5.64303769,41.722,1.246,480,123.155,51.291,246.494,0
159.296,432.446,0.00231243,0.7224891562275482,-0.32505287,47.44,7.507,764,286.217,58.249,48.682,0
48.425,321.575,0.00310969,0.003362246621384866,-5.69514589,41.8,7.733,457,92.789,53.251,118.099,0
32.011,305.161,0.00327696,0.001089784383383082,-6.82177542,39.678,14.248,292,219.898,65.339,166.749,0
59.218,332.368,0.00300871,0.006637804842084068,-5.01497397,38.784,9.974,159,116.65,63.139,181.326,0
30.102,303.252,0.00329759,0.0009484105554934586,-6.96072307,40.046,2.503,743,196.847,65.633,194.579,0
120.389,393.539,0.00254104,0.1549070419388665,-1.86493007,39.812,5.417,723,61.197,49.27,203.451,0
141.831,414.981,0.00240975,0.3750958437275196,-0.9805737,43.823,9.566,825,185.457,49.036,51.438,0
54.15,327.3,0.0030553,0.004850025036806586,-5.32877141,41.102,4.457,113,141.069,60.537,214.35,0
50.781,323.931,0.00308708,0.003915531125481471,-5.54280429,39.011,10.905,832,212.096,51.908,10.912,0
139.635,412.785,0.00242257,0.3440656202252543,-1.06692288,38.919,12.972,121,119.82,65.13,137.377,0
84.615,357.765,0.00279513,0.02797726713696043,-3.57636299,36.958,4.747,928,247.269,60.038,132.787,0
77.616,350.766,0.0028509,0.01921572757249403,-3.95202619,36.931,4.725,1155,50.378,55.781,134.064,0
32.094,305.244,0.00327607,0.001096344694491636,-6.81577364,42.219,7.549,1171,249.867,62.545,165.224,0
126.115,399.265,0.0025046,0.1980035544910164,-1.6194703,42.901,9.744,544,219.334,56.862,235.79,0
53.266,326.416,0.00306358,0.004587112838395673,-5.38450446,36.013,12.265,613,101.867,52.166,143.961,0
68.442,341.592,0.00292747,0.01147317788257501,-4.46774333,44.47,13.374,1054,187.892,65.961,228.743,0
109.33,382.48,0.00261452,0.0944384320004087,-2.35980717,45.733,4.525,108,214.875,52.536,194.068,0
28.93,302.08,0.00331038,0.0008701040009588803,-7.04689781,36.686,2.455,667,11.807,49.392,163.866,0
135.546,408.696,0.00244681,0.2922401124684564,-1.23017951,43.673,2.052,966,282.614,47.379,235.373,0
42.803,315.953,0.00316503,0.002316147765849956,-6.06784992,38.735,9.307,154,247.363,65.986,21.891,0
168.755,441.905,0.00226293,1.008379618107105,0.0083447,46.527,13.808,348,226.972,56.111,149.812,0
55.012,328.162,0.00304728,0.00511941793162794,-5.27471453,35.969,6.676,586,14.069,50.075,193.884,0
99.206,372.356,0.0026856,0.05850652466114768,-2.838617,36.996,13.438,895,48.821,50.062,14.636,0
162.315,435.465,0.0022964,0.8048738510113792,-0.21706972,43.442,8.176,1090,163.834,53.788,245.243,0
68.677,341.827,0.00292546,0.01162976733903775,-4.45418732,43.433,7.43,127,272.784,62.026,206.201,0
49.381,322.531,0.00310048,0.003577605566924073,-5.63306154,37.572,6.34,901,274.812,46.984,122.373,0
53.181,326.331,0.00306437,0.004562523889040815,-5.38987932,39.001,7.74,572,143.62,63.547,150.711,0
122.029,395.179,0.0025305,0.1663102378176569,-1.79390033,39.225,6.125,779,143.78,62.557,225.987,0
63.567,336.717,0.00296985,0.008623829033338184,-4.75322609,37.957,12.121,384,41.395,57.074,66.122,0
140.821,413.971,0.00241563,0.360532110079729,-1.02017426,41.559,9.027,506,162.272,61.25,190.523,0
37.557,310.707,0.00321847,0.001616014859869457,-6.42779212,38.813,6.608,442,46.797,57.912,229.296,0
51.188,324.338,0.0030832,0.004019043213305676,-5.51671141,44.655,13.137,568,49.173,57.014,236.354,0
46.09,319.24,0.00313244,0.002884660105679886,-5.8483482,35.217,10.715,403,231.466,51.934,202.506,0
101.987,375.137,0.00266569,0.066902670629661,-2.70451639,43.979,14.329,1040,100.841,47.59,131.006,0
112.989,386.139,0.00258974,0.1115889305138938,-2.19293342,36.309,9.339,217,111.494,66.791,131.838,0
26.987,300.137,0.00333181,0.0007531506208955847,-7.19124532,36.403,10.6,480,109.67,54.536,128.51,0
74.01,347.16,0.00288052,0.01574099957164285,-4.15148653,42.613,10.318,1160,218.76,60.604,221.581,0
117.436,390.586,0.00256026,0.1361046935366935,-1.99433088,37.411,14.951,1040,227.487,54.523,55.285,0
58.517,331.667,0.00301507,0.006359493277441021,-5.05780658,35.5,1.96,323,295.842,48.978,21.818,0
169.713,442.863,0.00225803,1.042182109551154,0.0413167,48.827,11.696,1166,55.457,64.34,105.074,0
109.935,383.085,0.00261039,0.09710180215896562,-2.33199534,40.738,4.991,159,181.011,66.935,184.688,0
128.51,401.66,0.00248967,0.2189573675014246,-1.51887824,38.498,8.318,1080,286.222,50.754,20.05,0
97.435,370.585,0.00269844,0.05366125278073827,-2.92506409,43.625,10.309,931,70.811,61.882,120.071,0
65.866,339.016,0.00294971,0.00987674416300072,-4.61757236,36.603,8.26,768,156.723,54.371,7.679,0
128.177,401.327,0.00249173,0.2159317998711255,-1.53279266,42.033,5.628,387,79.706,60.489,220.895,0
26.161,299.311,0.00334101,0.000707921442697878,-7.25317743,35.984,13.13,1123,14.881,52.342,88.139,0
164.409,437.559,0.00228541,0.8667132976872101,-0.14304704,50.89,2.3,838,120.824,66.826,52.38,1
73.493,346.643,0.00288481,0.01529202653180941,-4.18042373,36.791,13.429,970,265.553,59.367,144.669,0
107.818,380.968,0.00262489,0.088063248389392,-2.42969999,38.272,4.463,729,292.181,65.764,63.251,0
109.231,382.381,0.00261519,0.09400882905746327,-2.36436657,40.713,5.473,761,106.751,57.476,239.893,0
50.799,323.949,0.00308691,0.003920057629881948,-5.54164892,43.69,4.643,180,247.018,66.716,229.803,0
147.185,420.335,0.00237905,0.4612431895901062,-0.77382985,44.336,7.086,935,85.09,54.878,184.085,0
93.325,366.475,0.0027287,0.04376577079201892,-3.12890326,44.049,9.169,368,200.827,52.199,76.045,0
81.061,354.211,0.00282318,0.0231614842318228,-3.76526454,42.199,4.578,655,86.325,55.082,20.2,0
28.433,301.583,0.00331584,0.0008387117863321712,-7.08364343,43.585,5.939,701,225.503,48.698,126.603,0
58.437,331.587,0.0030158,0.006328409969604117,-5.06270626,43.414,10.289,469,136.594,63.049,184.522,0
72.766,345.916,0.00289088,0.01468011759077374,-4.22126125,41.603,9.444,967,270.481,48.735,203.322,0
40.593,313.743,0.00318732,0.001993194484022678,-6.21801666,44.87,13.702,752,166.28,62.589,246.48,0
93.984,367.134,0.0027238,0.0452337253993285,-3.09591233,42.158,6.225,1173,269.416,67.196,191.002,0
30.738,303.888,0.00329069,0.0009935387112883975,-6.91423753,44.377,1.61,599,200.407,51.468,12.386,0
121.679,394.829,0.00253274,0.1638163016631633,-1.80900959,41.701,5.727,190,78.383,54.07,108.896,0
96.745,369.895,0.00270347,0.05187237742230307,-2.95896886,40.827,5.947,653,19.754,60.267,224.635,0
157.025,430.175,0.00232464,0.6654574649092734,-0.40728056,44.49,9.55,1160,250.89,53.895,233.099,0
50.408,323.558,0.00309064,0.003822788780245812,-5.56677508,38.603,11.56,1121,126.967,56.804,216.131,0
164.269,437.419,0.00228614,0.8624536094051541,-0.14797392,50.904,2.031,608,30.373,54.124,59.776,1
32.806,305.956,0.00326844,0.001154114051038468,-6.76442228,40.461,7.999,899,282.413,61.722,208.978,0
74.045,347.195,0.00288023,0.01577181725582525,-4.14953065,35.647,3.16,824,46.101,46.544,32.98,0
135.449,408.599,0.00244739,0.2910989628910934,-1.23409199,38.855,1.401,802,145.393,58.766,115.756,0
160.298,433.448,0.00230708,0.7489772236011538,-0.28904671,46.178,11.367,821,63.773,55.065,54.423,0
84.334,357.484,0.00279733,0.02756628251137066,-3.5911619,43.93,3.353,172,156.735,66.215,66.298,0
158.532,431.682,0.00231652,0.702844939394731,-0.35261898,48.284,4.18,468,126.638,51.345,88.216,1
25.57,298.72,0.00334762,0.0006770944236606701,-7.29769982,38.559,3.802,1144,60.332,54.322,39.23,0
83.488,356.638,0.00280396,0.0263613215278234,-3.63585744,43.094,1.852,112,132.741,55.073,47.474,0
133.459,406.609,0.00245937,0.2685359984005767,-1.3147703,42.31,7.825,849,14.125,45.392,17.894,0
166.925,440.075,0.00227234,0.946448806430211,-0.0550384,43.525,8.888,364,98.208,62.124,85.438,0
155.861,429.011,0.00233094,0.6377787935718013,-0.44976377,40.221,10.374,763,100.056,45.379,179.463,0
53.156,326.306,0.00306461,0.00455531453373488,-5.3914607,43.3,4.448,887,290.942,45.418,52.074,0
148.215,421.365,0.00237324,0.4796689218943024,-0.73465916,44.028,2.013,662,142.98,53.205,146.817,0
73.14,346.29,0.00288775,0.01499210936894935,-4.20023126,37.606,3.376,461,180.625,56.443,20.375,0
139.031,412.181,0.00242612,0.3359361466546851,-1.09083418,42.934,11.82,141,109.679,47.618,226.384,0
86.615,359.765,0.00277959,0.03106416255507703,-3.47170045,44.228,6.718,812,138.349,59.213,40.13,0
126.67,399.82,0.00250113,0.2026950709541287,-1.59605254,41.161,12.528,413,197.384,50.37,220.776,0
40.893,314.043,0.00318428,0.002034494172291592,-6.19750805,40.407,14.253,382,11.632,66.672,96.845,0
156.351,429.501,0.00232828,0.6493055436833577,-0.43185188,49.37,12.912,1163,256.169,63.545,49.86,0
49.482,322.632,0.00309951,0.003601071257356872,-5.62652391,38.393,1.46,1054,67.599,47.695,105.55,0
74.433,347.583,0.00287701,0.01611709652277876,-4.12787467,42.533,12.254,943,65.766,48.301,171.937,0
89.846,362.996,0.00275485,0.03669720392730121,-3.30505471,39.053,7.033,771,241.002,45.111,162.588,0
125.899,399.049,0.00250596,0.1962037062181515,-1.62860184,45.104,3.865,287,270.224,57.812,41.12,0
48.533,321.683,0.00310865,0.003385973950691796,-5.68811369,42.101,13.439,636,235.5,49.75,59.518,0
26.198,299.348,0.00334059,0.0007098932746354852,-7.25039592,44.375,9.958,795,198.069,46.007,224.817,0
130.56,403.71,0.00247703,0.2384192769616207,-1.43372449,45.89,2.789,556,102.533,63.735,206.552,0
167.6,440.75,0.00226886,0.9688958848182524,-0.03159812,44.393,4.32,361,192.348,51.252,234.108,0
77.968,351.118,0.00284805,0.01958923040161008,-3.93277533,40.69,5.443,678,273.089,46.539,76.164,0
114.588,387.738,0.00257906,0.1199119291986523,-2.12099773,38.594,11.165,580,230.585,47.784,163.486,0
75.777,348.927,0.00286593,0.01736614740594898,-4.05323252,38.83,2.434,1179,220.668,49.823,78.503,0
64.203,337.353,0.00296425,0.008955265694400737,-4.71551357,36.778,14.731,276,113.906,54.605,185.329,0
139.346,412.496,0.00242427,0.3401545702927857,-1.07835515,42.74,8.624,1104,130.996,55.531,89.071,0
98.039,371.189,0.00269405,0.05527201295796996,-2.89548859,44.963,9.641,1063,160.672,51.693,84.719,0
64.587,337.737,0.00296088,0.009160884714523003,-4.69281252,39.168,3.792,1184,131.739,52.183,120.753,0
49.094,322.244,0.00310324,0.003511678543707223,-5.65166114,35.165,5.617,145,157.897,61.07,34.179,0
43.619,316.769,0.00315687,0.002446899908464712,-6.0129334,41.047,7.001,1119,17.45,46.535,176.29,0
40.869,314.019,0.00318452,0.002031161867283254,-6.1991473,40.687,14.214,1157,130.59,51.507,233.959,0
119.546,392.696,0.0025465,0.1493187573072222,-1.90167195,42.699,13.558,1065,80.52,48.545,192.514,0
59.151,332.301,0.00300932,0.006610737882884751,-5.01906,37.582,13.096,609,74.463,61.162,26.266,0
160.354,433.504,0.00230678,0.7504822374929496,-0.2870393,46.998,12.449,765,33.582,51.86,181.029,0
138.187,411.337,0.0024311,0.3248589255948862,-1.12436427,43.215,2.138,888,254.54,51.937,162.327,0
143.701,416.851,0.00239894,0.403426715640507,-0.90776043,41.189,9.561,496,99.798,60.342,226.757,0
144.198,417.348,0.00239608,0.4112647102648611,-0.88851821,45.584,11.563,890,75.18,62.253,83.89,0
26.239,299.389,0.00334014,0.0007120841214706526,-7.24731451,40.463,10.547,922,110.767,45.685,134.35,0
57.284,330.434,0.00302632,0.005895378797842423,-5.13358649,37.14,12.736,1199,103.75,48.261,22.541,0
56.752,329.902,0.0030312,0.005704739131922814,-5.16645802,36.909,11.577,755,263.522,53.12,108.65,0
68.496,341.646,0.00292701,0.01150899151810268,-4.46462668,39.487,5.446,1101,220.173,51.74,202.022,0
69.745,342.895,0.00291634,0.01236588636268603,-4.3928137,36.825,7.04,407,196.922,56.365,99.831,0
97.361,370.511,0.00269898,0.0534668092226192,-2.92869421,36.398,14.308,957,24.543,61.041,75.88,0
60.555,333.705,0.00299666,0.007199243695141881,-4.9337793,37.407,12.325,379,274.173,60.17,96.887,0
122.628,395.778,0.00252667,0.170656260293812,-1.76810392,45.024,9.138,362,90.532,60.193,190.178,0
101.958,375.108,0.0026659,0.06680986553072515,-2.70590452,37.171,2.228,1029,128.029,61.973,96.953,0
78.773,351.923,0.00284153,0.02046795730489483,-3.88889467,37.995,9.885,661,69.087,66.598,103.682,0
93.867,367.017,0.00272467,0.04496994285859814,-3.10176095,36.687,11.448,639,62.442,57.324,130.38,0
82.139,355.289,0.00281461,0.0245371354035931,-3.70756758,39.549,3.349,1072,58.033,60.725,40.313,0
146.338,419.488,0.00238386,0.4465583450499339,-0.80618522,39.419,4.136,478,174.077,51.142,231.533,0
128.232,401.382,0.00249139,0.2164289648335548,-1.53049289,37.02,12.987,638,62.693,49.324,33.592,0
36.356,309.506,0.00323096,0.00148563581351132,-6.51191244,40.75,14.153,172,141.51,50.926,220.942,0
155.989,429.139,0.00233025,0.6407724980692695,-0.4450808,44.076,8.34,603,262.667,65.358,127.812,0
112.322,385.472,0.00259422,0.1082711266599039,-2.22311677,45.254,12.367,927,201.373,60.062,136.75,0
99.453,372.603,0.00268382,0.05921232369834049,-2.82662559,36.669,5.046,865,147.218,54.963,174.982,0
35.438,308.588,0.00324057,0.001392503010505762,-6.57665242,40.482,9.215,1156,132.994,54.399,167.099,0
50.632,323.782,0.0030885,0.003878242742236884,-5.55237313,40.876,5.81,736,282.161,48.117,21.357,0
86.544,359.694,0.00278014,0.0309495738897718,-3.47539605,36.953,10.824,131,295.97,48.703,56.012,0
136.237,409.387,0.00244268,0.3004836950111575,-1.20236179,44.33,12.225,791,13.026,50.343,97.311,0
78.817,351.967,0.00284118,0.02051698881298596,-3.88650201,38.776,4.384,358,267.092,55.141,120.868,0
152.299,425.449,0.00235046,0.5592199677752092,-0.58121238,40.193,3.411,916,279.462,61.065,37.868,0
166.38,439.53,0.00227516,0.9286561075205055,-0.07401678,50.415,8.216,494,196.982,46.791,53.76,1
38.246,311.396,0.00321135,0.00169541766038389,-6.37982616,42.318,11.936,1166,57.589,53.538,157.381,0
153.33,426.48,0.00234478,0.5810377453379205,-0.54293956,42.96,11.743,1130,59.209,58.88,71.181,0
85.666,358.816,0.00278694,0.02956342390691956,-3.52121736,36.437,13.967,154,40.037,66.421,170.164,0
149.708,422.858,0.00236486,0.5075198552861098,-0.67821945,46.389,2.723,691,86.998,50.539,39.816,1
135.169,408.319,0.00244907,0.2878268562583412,-1.24539617,46.688,4.134,533,224.271,48.446,241.03,0
135.568,408.718,0.00244667,0.2924994760588923,-1.2292924,42.928,10.594,383,85.847,57.461,179.893,0
149.247,422.397,0.00236744,0.4987730984276278,-0.695604,45.678,13.734,147,232.067,53.591,124.521,0
38.8,311.95,0.00320564,0.001761812550311741,-6.34141214,40.374,4.221,1101,205.571,60.714,9.113,0
51.316,324.466,0.00308199,0.004052104810840359,-5.50851883,37.576,7.706,530,24.965,67.104,206.777,0
112.782,385.932,0.00259113,0.1105497644700808,-2.2022895,36.837,2.914,1022,208.935,59.966,59.689,0
53.009,326.159,0.00306599,0.004513131224494597,-5.40076408,38.155,7.222,426,33.314,50.984,10.966,0
161.616,434.766,0.00230009,0.7851048248009616,-0.24193804,46.558,4.454,270,126.691,52.138,218.687,0
137.285,410.435,0.00243644,0.3133761679491524,-1.160351,45.52,3.911,333,187.53,54.066,78.437,0
57.215,330.365,0.00302696,0.005870332941125235,-5.13784393,44.77,14.415,350,288.707,53.047,157.496,0
56.532,329.682,0.00303323,0.005627542006361693,-5.18008252,41.39,2.222,502,290.954,61.952,60.361,0
67.639,340.789,0.00293437,0.0109523023802831,-4.51420558,38.012,2.886,559,279.18,51.53,81.453,0
40.527,313.677,0.00318799,0.001984211215546396,-6.22253382,38.085,10.016,351,268.069,51.0,226.946,0
89.428,362.578,0.00275803,0.03592051512001961,-3.32644669,43.968,11.971,288,203.152,49.026,42.763,0
49.177,322.327,0.00310244,0.003530630699649663,-5.64627876,41.858,10.176,963,81.329,53.631,28.096,0
67.043,340.193,0.00293951,0.01057954923478154,-4.54883246,36.091,7.669,586,106.117,61.299,108.15,0
114.594,387.744,0.00257902,0.1199441670856069,-2.12072892,43.334,9.73,761,155.166,62.661,170.86,0
124.539,397.689,0.00251453,0.1851989539810306,-1.6863246,40.874,10.855,834,26.583,49.411,91.401,0
32.379,305.529,0.00327301,0.001119145372969285,-6.79518994,42.857,7.796,608,41.33,48.466,20.182,0
50.372,323.522,0.00309098,0.003813943696812796,-5.56909153,43.921,3.202,313,224.699,46.355,51.071,0
55.078,328.228,0.00304666,0.00514059057755771,-5.27058731,35.887,2.536,1047,241.387,55.217,164.82,0
26.508,299.658,0.00333714,0.0007266116852655662,-7.22711836,37.344,8.969,1112,46.975,57.814,28.326,0
67.602,340.752,0.00293469,0.01092882253492277,-4.51635171,38.355,14.702,1054,36.962,48.583,156.812,0
36.547,309.697,0.00322896,0.001505709881616284,-6.49849081,44.8,1.363,893,14.539,50.704,215.964,0
31.021,304.171,0.00328762,0.001014240296795245,-6.89361542,44.38,1.103,480,17.931,64.59,158.654,0
122.262,395.412,0.00252901,0.167989010829613,-1.78385671,36.795,12.852,625,296.145,58.935,193.019,0
152.428,425.578,0.00234975,0.5619100539582671,-0.57641349,42.45,1.427,482,138.957,55.721,63.734,0
87.138,360.288,0.00277556,0.03191998868670985,-3.44452286,43.195,1.78,617,63.008,53.948,191.906,0
142.955,416.105,0.00240324,0.3919075145268583,-0.9367294,47.378,12.014,653,41.863,49.923,47.104,0
52.682,325.832,0.00306907,0.004420557458460798,-5.42148947,38.867,14.837,217,196.052,57.249,203.072,0
34.334,307.484,0.0032522,0.001287540275156297,-6.65502164,40.622,9.361,193,28.012,53.357,32.008,0
123.521,396.671,0.00252098,0.1773214994500403,-1.72979081,38.578,1.139,908,216.073,46.363,18.344,0
37.403,310.553,0.00322006,0.001598735603408591,-6.43854221,36.398,4.271,1187,19.066,62.026,150.85,0
131.875,405.025,0.00246898,0.2516904581161732,-1.37955529,41.63,14.904,405,26.34,66.56,138.524,0
152.131,425.281,0.00235139,0.5557334721752142,-0.58746647,41.118,13.807,1090,224.628,55.884,10.315,0
61.904,335.054,0.00298459,0.00780873237525923,-4.85251264,40.435,8.329,531,176.578,49.145,210.723,0
120.548,393.698,0.00254002,0.1559815190356001,-1.85801775,45.777,10.553,744,131.448,57.731,15.289,0
54.884,328.034,0.00304846,0.005078580028880884,-5.28272358,43.767,10.238,437,236.972,56.385,91.074,0
113.489,386.639,0.00258639,0.1141347487555369,-2.17037552,39.567,11.441,463,239.152,64.513,244.544,0
166.756,439.906,0.00227321,0.9409000066569856,-0.06091841,48.039,1.55,289,62.23,64.601,167.486,1
64.827,337.977,0.00295878,0.009291543837504149,-4.67865056,42.769,11.211,744,240.125,62.117,67.435,0
27.927,301.077,0.00332141,0.0008078137014223221,-7.12117909,42.188,4.316,398,54.41,55.563,243.462,0
169.608,442.758,0.00225857,1.038429856524304,0.03770982,49.717,9.436,1024,130.105,62.2,117.564,1
26.525,299.675,0.00333695,0.0007275387922083015,-7.22584324,38.576,7.258,521,246.326,50.062,134.079,0
161.744,434.894,0.00229941,0.7886929465001644,-0.2373782,45.149,1.859,841,189.515,57.003,76.621,1
95.584,368.734,0.00271198,0.04898193637309636,-3.01630369,40.169,10.938,211,33.889,66.84,113.808,0
26.534,299.684,0.00333685,0.0007280300496970167,-7.22516823,39.958,12.979,796,35.135,60.773,20.294,0
52.461,325.611,0.00307115,0.004358967293725437,-5.43552011,41.994,3.138,423,229.442,54.972,239.393,0
83.962,357.112,0.00280024,0.02703050675249917,-3.61078917,35.947,7.039,509,30.461,56.793,208.019,0
27.964,301.114,0.003321,0.0008100374182754399,-7.11843012,44.742,8.51,1154,281.174,45.271,96.904,0
134.63,407.78,0.0024523,0.2816189314964603,-1.26720043,39.869,11.736,299,133.028,57.525,10.0,0
135.073,408.223,0.00244964,0.2867124555221138,-1.24927546,40.377,4.524,596,146.825,65.313,31.513,0
127.904,401.054,0.00249343,0.2134789126635716,-1.54421722,42.746,3.148,644,280.432,50.135,207.341,0
155.685,428.835,0.0023319,0.6336823815871377,-0.45620743,49.161,12.31,917,222.741,59.318,9.842,0
117.425,390.575,0.00256033,0.1360386063567202,-1.99481656,45.078,11.349,761,172.77,54.929,239.47,0
50.345,323.495,0.00309124,0.003807322029165468,-5.57082922,42.491,14.758,822,12.878,47.554,95.38,0
85.911,359.061,0.00278504,0.02994452756869356,-3.50840869,36.457,13.166,864,157.989,56.787,180.825,0
152.979,426.129,0.00234671,0.5735279535993391,-0.5559486,48.242,11.055,330,164.95,45.325,185.343,0
64.447,337.597,0.00296211,0.009085432572438665,-4.70108296,37.503,13.053,221,84.096,60.784,182.754,0
107.481,380.631,0.00262722,0.08669547155150122,-2.44535363,40.975,14.045,445,294.999,48.689,14.178,0
146.374,419.524,0.00238365,0.4471740626909631,-0.80480736,42.705,14.865,217,24.218,64.127,207.48,0
162.539,435.689,0.00229522,0.8113000174723298,-0.20911736,43.762,7.504,212,174.149,54.567,192.505,0
117.219,390.369,0.00256168,0.1348062026751284,-2.00391707,40.09,7.212,150,212.691,57.723,189.202,0
114.323,387.473,0.00258082,0.1184957143591667,-2.13287848,45.447,11.636,955,185.55,57.997,75.361,0
159.872,433.022,0.00230935,0.7376142025613488,-0.30433435,43.785,12.537,189,149.294,51.785,82.149,0
43.79,316.94,0.00315517,0.002475133373211966,-6.001461,41.426,11.697,196,170.06,52.18,29.875,0
155.942,429.092,0.0023305,0.6396718257136478,-0.44680001,45.591,8.273,165,36.262,57.393,102.647,0
53.179,326.329,0.00306439,0.004561946761654966,-5.39000583,38.479,7.032,433,135.701,45.661,80.998,0
102.694,375.844,0.00266068,0.06920092566331376,-2.67074104,37.574,14.603,157,205.994,64.117,100.374,0
157.501,430.651,0.00232207,0.6770745763673217,-0.38997386,44.125,9.258,862,113.958,57.38,185.102,0
79.482,352.632,0.00283582,0.02127095144558863,-3.85041292,36.292,12.389,937,44.234,48.372,87.472,0
112.733,385.883,0.00259146,0.1103050360983018,-2.2045057,45.109,13.685,457,220.894,58.393,172.113,0
151.887,425.037,0.00235274,0.5507035781167652,-0.59655859,41.24,11.007,1014,199.538,56.054,180.199,0
83.01,356.16,0.00280773,0.02570152832820036,-3.66120482,41.134,8.524,1019,220.811,56.398,83.113,0
93.707,366.857,0.00272586,0.04461143356765784,-3.10976509,44.214,2.321,743,91.385,44.877,179.729,0
69.429,342.579,0.00291903,0.01214384196519386,-4.41093307,35.724,1.926,289,172.38,49.936,154.218,0
62.632,335.782,0.00297812,0.00815660194988535,-4.80892762,43.126,2.147,571,63.257,53.904,232.854,0
136.919,410.069,0.00243861,0.3088195041087716,-1.1749983,46.659,13.967,641,79.965,56.225,156.876,0
120.374,393.524,0.00254114,0.1548060144014381,-1.86558247,40.504,1.249,979,291.961,61.372,144.977,0
97.158,370.308,0.00270045,0.0529366188052508,-2.93865995,37.946,1.587,629,78.003,51.769,57.089,0
164.135,437.285,0.00228684,0.8583935528785327,-0.1526926,43.616,12.997,801,132.455,66.139,16.794,0
46.127,319.277,0.00313208,0.002891721988318238,-5.84590311,43.756,11.066,1093,294.055,54.412,192.494,0
134.296,407.446,0.00245431,0.2778314247301953,-1.28074074,44.366,8.407,851,248.068,46.465,231.362,0
132.952,406.102,0.00246244,0.2630394094920564,-1.33545141,44.598,2.639,203,226.317,52.848,157.326,0
103.304,376.454,0.00265637,0.07123994480594818,-2.6417016,40.683,14.03,495,255.086,48.483,235.296,0
168.326,441.476,0.00226513,0.9935540605521691,-0.0064668,44.345,10.508,1150,245.034,56.947,153.17,0
138.293,411.443,0.00243047,0.3262322957894009,-1.12014559,42.731,8.309,617,68.299,44.913,178.058,0
128.24,401.39,0.00249134,0.2165013636662339,-1.53015843,40.494,8.622,382,136.487,64.178,34.949,0
70.274,343.424,0.00291185,0.01274577313279713,-4.36255558,44.419,9.089,466,187.91,47.674,91.367,0
81.776,354.926,0.00281749,0.02406595702130105,-3.72695701,40.406,10.221,357,272.964,57.079,232.503,0
108.384,381.534,0.002621,0.09040356858584425,-2.40347154,42.029,12.967,1191,169.306,65.178,33.569,0
110.611,383.761,0.00260579,0.1001562931118736,-2.30102338,41.548,3.455,680,235.653,57.683,102.098,0
73.194,346.344,0.0028873,0.01503764439511613,-4.1971986,39.841,12.929,510,152.907,45.425,248.141,0
119.686,392.836,0.00254559,0.1502343044246083,-1.89555917,43.918,10.771,1132,237.809,56.682,205.015,0
99.001,372.151,0.00268708,0.05792643294769159,-2.84858147,45.227,10.875,251,135.76,47.424,238.09,0
28.117,301.267,0.00331931,0.0008192920935382662,-7.10706989,37.589,2.847,880,276.978,57.904,136.213,0
151.326,424.476,0.00235585,0.5392895515186323,-0.61750265,45.69,2.455,473,162.091,55.059,155.994,0
169.966,443.116,0.00225675,1.051271658822912,0.05000054,51.773,14.842,104,120.119,65.13,101.875,0
69.244,342.394,0.00292061,0.01201551611124312,-4.42155646,39.428,5.08,321,296.94,51.394,171.248,0
114.325,387.475,0.00258081,0.1185063470943578,-2.13278876,44.553,9.656,1124,15.781,58.542,81.122,0
157.209,430.359,0.00232364,0.6699273317203093,-0.40058603,46.204,14.057,899,183.655,46.179,194.49,0
77.905,351.055,0.00284856,0.01952190788680847,-3.93621796,40.28,7.316,1085,115.399,52.39,46.805,0
148.859,422.009,0.00236962,0.4915138696532058,-0.71026512,48.171,2.34,782,78.26,59.912,183.504,1
141.562,414.712,0.00241131,0.3711674631710685,-0.99110194,38.495,9.366,783,62.19,58.39,192.628,0
71.817,344.967,0.00289883,0.01391444062431264,-4.27482808,35.317,5.603,331,290.802,45.999,71.474,0
33.813,306.963,0.00325772,0.001240548752137551,-6.69220146,40.567,10.967,792,264.533,66.912,215.804,0
80.964,354.114,0.00282395,0.0230411524402556,-3.77047343,40.572,13.506,1108,54.649,55.769,163.139,0
160.998,434.148,0.00230336,0.7679802127059732,-0.26399131,41.221,3.832,746,48.328,53.189,40.782,0
40.92,314.07,0.003184,0.00203824894020761,-6.1956642,43.138,12.902,109,163.338,60.263,171.648,0
119.908,393.058,0.00254415,0.1516962687078727,-1.88587499,38.804,10.04,960,30.011,58.982,185.969,0
61.863,335.013,0.00298496,0.007789544282876696,-4.85497292,35.236,1.679,1179,22.235,65.116,105.504,0
146.698,419.848,0.00238181,0.4527490511475087,-0.79241728,40.314,12.094,426,289.736,66.065,109.027,0
133.641,406.791,0.00245826,0.2705336233190909,-1.30735889,40.274,6.953,258,11.537,51.972,212.182,0
39.434,312.584,0.00319914,0.001840683977864352,-6.29761805,42.522,8.531,722,58.848,63.095,95.135,0
47.622,320.772,0.00311748,0.003190492094998847,-5.74758011,44.479,13.1,353,10.62,58.246,173.644,0
71.544,344.694,0.00290112,0.01370091921153908,-4.29029235,42.748,11.326,1096,108.831,48.433,46.178,0
31.772,304.922,0.00327953,0.001071092745282587,-6.83907589,37.017,13.511,696,154.866,55.208,17.753,0
55.031,328.181,0.0030471,0.0051255050049498,-5.27352622,42.026,8.617,1077,70.895,45.319,234.15,0
169.685,442.835,0.00225818,1.041180359186945,0.04035503,42.802,7.757,550,64.295,58.285,85.304,0
35.283,308.433,0.0032422,0.001377312014491404,-6.58762149,44.526,12.615,673,50.555,46.3,54.412,0
156.714,429.864,0.00232632,0.6579615459629622,-0.41860879,47.747,1.411,491,162.881,56.121,44.58,1
95.37,368.52,0.00271356,0.04846510114756493,-3.0269113,43.178,12.761,923,282.313,66.607,234.695,0
157.82,430.97,0.00232035,0.6849586203166986,-0.37839685,41.113,2.545,291,166.512,66.072,28.991,0
156.07,429.22,0.00232981,0.6426732800365099,-0.4421188,46.323,14.343,550,17.211,47.278,119.467,0
94.1,367.25,0.00272294,0.04549661348719246,-3.09011738,38.39,4.558,728,251.803,45.931,172.406,0
60.353,333.503,0.00299847,0.00711176510773696,-4.94600481,44.44,11.467,571,163.208,46.436,164.474,0
67.217,340.367,0.00293801,0.01068717626511288,-4.53871074,35.739,12.01,1082,269.283,51.466,9.811,0
134.475,407.625,0.00245324,0.279855650007157,-1.27348134,44.445,9.89,381,259.917,59.13,82.559,0
137.187,410.337,0.00243702,0.3121503268639863,-1.16427039,40.966,14.698,902,13.543,45.199,43.919,0
144.803,417.953,0.00239261,0.4209857313447957,-0.86515634,43.244,4.516,298,276.818,66.758,188.073,0
147.702,420.852,0.00237613,0.4704128912006264,-0.75414448,39.249,2.453,872,58.404,56.273,103.026,0
78.174,351.324,0.00284638,0.01981081853595931,-3.9215271,36.667,3.239,346,244.884,66.242,121.397,0
76.24,349.39,0.00286213,0.01781611793750898,-4.02765173,37.165,1.285,298,270.201,47.954,123.693,0
169.674,442.824,0.00225823,1.040787043265083,0.0399772,42.568,14.479,653,119.213,52.057,226.768,0
103.304,376.454,0.00265637,0.07123994480594818,-2.6417016,44.77,12.975,209,161.368,65.037,46.215,0
125.079,398.229,0.00251112,0.1895015492626881,-1.66335808,41.827,1.571,378,24.527,55.471,22.493,0
57.334,330.484,0.00302587,0.005913588146524545,-5.1305025,40.633,11.787,393,78.575,49.327,94.172,0
84.398,357.548,0.00279683,0.02765940997651373,-3.58778928,36.779,6.948,896,32.724,60.516,62.495,0
101.316,374.466,0.00267047,0.06478443614350358,-2.73668989,35.725,6.612,1152,24.608,66.16,170.147,0
83.274,356.424,0.00280565,0.02606408350085871,-3.64719702,43.067,7.758,430,269.368,46.484,153.094,0
54.843,327.993,0.00304885,0.005065561452593308,-5.2852903,43.051,2.201,475,215.63,55.746,44.351,0
165.133,438.283,0.00228163,0.8890353578298762,-0.11761827,44.382,12.676,1007,51.723,53.515,132.452,0
101.136,374.286,0.00267175,0.06422644388788601,-2.74534025,43.217,1.446,1168,96.72,55.54,25.395,0
130.225,403.375,0.00247908,0.2351384726102763,-1.44758069,39.327,1.272,443,183.761,52.229,128.27,0
86.403,359.553,0.00278123,0.03072312924934193,-3.48273951,35.38,12.147,710,256.473,58.71,241.565,0
101.241,374.391,0.002671,0.06455141788723057,-2.7402932,35.921,13.665,1111,99.169,49.898,116.05,0
102.58,375.73,0.00266149,0.0688256667085163,-2.67617854,42.18,2.561,213,87.446,55.953,185.726,0
66.219,339.369,0.00294665,0.01008298254191683,-4.59690617,41.382,1.282,1051,215.552,47.968,226.258,0
160.191,433.341,0.00230765,0.7461088832846695,-0.29288373,41.904,14.512,990,101.61,50.213,196.846,0
135.914,409.064,0.00244461,0.2966052454837185,-1.21535316,44.326,9.306,396,206.342,65.773,136.979,0
126.098,399.248,0.00250471,0.1978613740192892,-1.62018862,40.404,3.389,1084,195.918,63.407,113.356,0
36.214,309.364,0.00323244,0.00147086948388626,-6.52190157,41.181,14.062,521,29.877,62.037,206.783,0
80.456,353.606,0.00282801,0.02242005047922505,-3.79779961,37.155,6.17,487,73.18,64.171,94.627,0
26.209,299.359,0.00334047,0.0007104804591907969,-7.24956911,42.955,5.615,454,64.191,53.088,116.062,0
44.333,317.483,0.00314977,0.002566754511827114,-5.96511301,39.332,10.825,1078,266.451,66.659,82.308,0
67.534,340.684,0.00293527,0.01088578834028413,-4.52029716,39.866,2.113,966,249.792,53.096,216.247,0
54.492,327.642,0.00305211,0.004955336453026631,-5.30729021,37.628,8.354,551,212.373,45.311,158.994,0
146.178,419.328,0.00238477,0.4438307927670888,-0.81231189,43.168,14.991,259,207.259,45.109,192.258,0
82.264,355.414,0.00281362,0.02470128667448193,-3.70089994,43.281,12.968,477,57.567,65.553,46.209,0
101.184,374.334,0.00267141,0.06437482254746855,-2.74303268,42.845,7.032,211,195.298,56.671,166.674,0
140.767,413.917,0.00241594,0.3597676203102531,-1.02229696,44.976,7.065,234,221.367,47.09,44.109,0
80.993,354.143,0.00282372,0.02307706916398439,-3.76891583,41.108,3.615,632,254.096,51.391,124.199,0
102.767,375.917,0.00266016,0.06944217665820748,-2.66726086,42.607,9.132,682,252.061,49.688,199.245,0
32.458,305.608,0.00327217,0.001125541432887562,-6.78949109,37.216,9.383,1066,238.594,54.076,109.239,0
138.6,411.75,0.00242866,0.3302386859673323,-1.1079396,47.774,1.18,110,167.234,53.821,163.023,1
52.551,325.701,0.0030703,0.004383955081024811,-5.42980398,35.46,8.474,638,43.95,57.625,129.022,0
116.559,389.709,0.00256602,0.1309239295098828,-2.03313882,44.634,10.382,170,143.871,56.909,151.018,0
128.688,401.838,0.00248857,0.220589900671701,-1.51144995,46.264,3.57,205,58.296,58.581,204.627,0
30.619,303.769,0.00329198,0.0009849491963008431,-6.9229205,37.59,6.959,1058,134.905,50.438,97.264,0
153.454,426.604,0.00234409,0.5837112298831398,-0.53834889,48.904,14.393,681,19.755,54.149,54.895,0
51.831,324.981,0.0030771,0.00418762432803577,-5.47562169,35.998,1.76,528,227.848,61.381,240.636,0
139.24,412.39,0.00242489,0.3387298774861187,-1.08255231,40.771,12.49,503,231.185,45.184,51.819,0
73.723,346.873,0.0028829,0.01549032469787899,-4.16753966,35.304,3.349,751,40.755,47.406,212.287,0
55.989,329.139,0.00303823,0.005441022842459542,-5.21378821,37.497,11.843,744,111.458,66.861,185.064,0
122.293,395.443,0.00252881,0.1682134904106878,-1.78252133,42.247,3.894,452,32.017,61.165,196.527,0
65.423,338.573,0.00295357,0.00962329535402614,-4.64356852,37.41,11.68,1092,95.943,55.583,41.648,0
74.646,347.796,0.00287525,0.01630951241596441,-4.11600676,38.578,4.288,660,164.324,64.801,58.868,0
168.247,441.397,0.00226553,0.9908446968826603,-0.00919747,47.317,9.734,1176,61.637,50.676,15.757,0
162.202,435.352,0.00229699,0.8016489308962212,-0.22108451,48.103,1.897,823,239.64,51.011,138.174,1
107.038,380.188,0.00263028,0.08492615393922395,-2.46597318,44.057,3.583,732,53.616,47.616,200.358,0
50.033,323.183,0.00309422,0.003731555293199727,-5.59093016,36.053,5.026,904,94.474,56.916,151.114,0
124.037,397.187,0.00251771,0.1812766467730981,-1.70773098,42.88,6.08,221,34.165,60.812,190.287,0
87.5,360.65,0.00277277,0.03252462570574069,-3.42575776,39.676,13.387,430,297.866,46.848,64.912,0
29.333,302.483,0.00330597,0.0008963400271862686,-7.01719072,38.776,12.163,780,278.618,59.032,113.478,0
77.904,351.054,0.00284856,0.01952084094849902,-3.93627262,41.567,8.878,219,67.964,59.974,105.539,0
112.277,385.427,0.00259453,0.1080504658164536,-2.22515688,42.557,2.942,1085,255.586,64.235,43.772,0
109.773,382.923,0.00261149,0.09638218839850571,-2.33943386,36.695,2.426,925,34.833,54.299,88.945,0
47.13,320.28,0.00312227,0.00308922020031328,-5.77983658,40.037,7.071,457,101.896,55.99,238.834,0
99.898,373.048,0.00268062,0.06050303767001766,-2.80506171,41.96,13.476,576,87.168,47.05,164.447,0
80.084,353.234,0.00283098,0.02197477719673877,-3.81785997,41.47,5.546,923,218.196,51.657,152.746,0
138.994,412.144,0.00242634,0.3354436752802809,-1.09230122,38.599,11.933,519,193.529,56.796,179.46,0
60.937,334.087,0.00299323,0.007367327998196642,-4.91070019,35.336,9.706,133,137.387,56.495,60.062,0
141.253,414.403,0.00241311,0.3666994982518548,-1.00321257,41.819,3.952,232,32.77,56.769,230.415,0
102.777,375.927,0.00266009,0.06947528285942443,-2.66678423,38.826,8.842,300,238.826,52.098,139.546,0
159.153,432.303,0.00231319,0.7187763102367938,-0.33020508,41.317,4.995,1016,12.975,58.377,83.328,0
112.856,386.006,0.00259063,0.1109202655215368,-2.19894366,36.084,10.211,793,129.355,53.913,79.291,0
135.232,408.382,0.00244869,0.2885602486522784,-1.24285138,39.57,1.759,363,243.92,54.773,100.159,0
128.137,401.287,0.00249198,0.2155708574671924,-1.53446562,46.239,7.029,712,126.976,55.163,69.029,0
134.424,407.574,0.00245354,0.2792775991258866,-1.27554901,43.587,3.933,1110,271.842,60.766,72.222,0
81.31,354.46,0.00282119,0.02347295578554636,-3.75190634,42.537,10.16,505,75.117,52.832,115.875,0
105.785,378.935,0.00263898,0.08009391347113147,-2.52455541,38.246,11.477,194,51.598,56.311,62.295,0
123.508,396.658,0.00252106,0.1772228453257426,-1.73034733,45.271,12.979,301,96.045,59.117,152.398,0
72.509,345.659,0.00289302,0.01446911771694981,-4.23573871,38.697,14.437,1170,141.205,52.476,203.59,0
85.644,358.794,0.00278711,0.02952941532456898,-3.52236838,36.696,2.79,482,242.717,50.671,57.192,0
157.042,430.192,0.00232454,0.6658693481302386,-0.4066618,45.384,12.178,963,169.782,66.051,219.382,0
69.936,343.086,0.00291472,0.01250185830487395,-4.38187798,41.418,8.721,460,191.31,61.056,41.45,0
146.473,419.623,0.00238309,0.4488711199690195,-0.80101947,44.3,13.606,462,54.265,62.565,187.953,0
55.621,328.771,0.00304163,0.005317806303972846,-5.23669441,41.622,14.85,774,279.121,48.257,25.867,0
128.887,402.037,0.00248733,0.2224277189573216,-1.50315309,44.182,13.034,319,170.239,62.305,106.695,0
146.941,420.091,0.00238044,0.4569701259831163,-0.78313726,39.76,3.763,859,98.62,66.13,210.628,0
164.659,437.809,0.0022841,0.8743654274492635,-0.13425688,46.054,2.296,481,267.245,48.102,5.547,1
115.044,388.194,0.00257603,0.1223839759179537,-2.10059183,42.43,6.446,541,261.427,62.856,48.39,0
136.4,409.55,0.0024417,0.3024577909395382,-1.19581355,42.807,3.784,265,257.437,55.713,175.305,0
67.291,340.441,0.00293737,0.01073324622024821,-4.53440923,40.557,5.062,1019,139.986,62.975,185.046,0
41.829,314.979,0.00317481,0.002168385712735115,-6.1337723,37.582,7.194,971,59.885,58.816,216.014,0
114.218,387.368,0.00258152,0.1179386800129244,-2.13759045,40.3,10.06,875,119.481,59.787,41.003,0
60.947,334.097,0.00299314,0.007371775200695195,-4.91009673,37.136,13.746,499,119.617,52.099,47.543,0
96.621,369.771,0.00270438,0.05155658681115036,-2.9650753,37.748,3.244,491,10.867,61.718,57.385,0
139.839,412.989,0.00242137,0.3468500642224201,-1.05886268,40.362,8.417,377,140.228,56.785,205.957,0
108.852,382.002,0.00261779,0.09238015392711602,-2.38184311,36.262,13.465,316,248.211,59.987,22.703,0
123.255,396.405,0.00252267,0.1753125011995975,-1.74118518,38.529,14.461,262,16.293,63.89,48.392,0
125.179,398.329,0.00251049,0.1903079266584963,-1.65911185,43.296,14.927,304,50.972,63.244,132.411,0
49.127,322.277,0.00310292,0.003519202692845892,-5.64952082,39.241,7.703,1191,99.226,62.862,148.661,0
147.335,420.485,0.00237821,0.4638873942389982,-0.76811344,42.156,12.771,716,31.663,57.636,23.993,0
111.638,384.788,0.00259883,0.1049597774070744,-2.25417807,38.556,5.574,1002,125.259,59.524,145.683,0
38.049,311.199,0.00321338,0.001672360822431199,-6.39351898,39.916,1.987,650,173.123,61.582,243.267,0
166.281,439.431,0.00227567,0.9254554484168303,-0.07746929,45.766,13.138,1086,30.555,58.311,19.159,0
137.092,410.242,0.00243759,0.3109660330859575,-1.16807159,37.781,10.75,402,81.934,59.769,233.675,0
143.697,416.847,0.00239896,0.4033641679244624,-0.90791548,43.245,2.153,964,55.831,47.167,56.413,0
133.957,407.107,0.00245636,0.2740330773363031,-1.29450646,39.939,7.374,236,297.598,49.62,89.404,0
45.575,318.725,0.0031375,0.002787973901237815,-5.88244015,35.051,8.336,457,141.212,55.231,43.01,0
144.99,418.14,0.00239154,0.424030847094322,-0.85794907,47.218,10.712,1163,94.281,46.418,175.225,0
111.461,384.611,0.00260003,0.1041176402389247,-2.26223386,38.447,10.33,1077,142.649,47.172,237.801,0
110.351,383.501,0.00260756,0.09897155896510895,-2.31292275,45.18,10.364,533,280.987,59.764,83.041,0
69.924,343.074,0.00291482,0.01249327619805867,-4.38256468,39.345,6.834,132,117.953,54.897,202.24,0
55.614,328.764,0.0030417,0.005315487115284877,-5.23713062,39.568,3.951,1150,110.997,61.233,17.219,0
47.101,320.251,0.00312255,0.003083342721271459,-5.78174097,43.942,6.888,123,30.242,51.74,118.371,0
45.421,318.571,0.00313902,0.002759637245205983,-5.89265604,44.549,13.216,790,119.356,48.935,216.716,0
97.819,370.969,0.00269564,0.05468039882017673,-2.90624997,42.899,12.246,682,207.109,57.38,152.004,0
76.747,349.897,0.00285798,0.0183208121176403,-3.99971759,35.83,4.635,529,262.775,65.811,55.98,0
136.514,409.664,0.00244102,0.3038452081884742,-1.19123689,40.717,11.935,1059,177.25,55.199,149.22,0
166.632,439.782,0.00227385,0.9368467071401823,-0.06523561,46.708,4.752,1020,119.246,44.91,21.695,1
32.872,306.022,0.00326774,0.001159606809090472,-6.75967429,39.85,4.785,1076,208.35,65.823,48.901,0
157.656,430.806,0.00232123,0.6808954400268082,-0.38434652,44.747,2.976,1145,135.232,58.305,154.495,0
167.281,440.431,0.0022705,0.9582305555026562,-0.04266687,43.611,11.867,678,232.727,60.04,149.287,0
159.388,432.538,0.00231194,0.7248866671984805,-0.32173996,47.763,9.04,470,278.343,66.419,224.452,0
143.782,416.932,0.00239847,0.4046951367099325,-0.90462124,44.068,2.708,162,207.341,48.649,147.116,0
134.544,407.694,0.00245282,0.2806393926242877,-1.27068473,40.233,1.675,326,82.996,65.226,112.543,0
64.316,337.466,0.00296326,0.009015337806080284,-4.70882795,38.003,6.929,818,66.048,46.627,153.702,0
98.021,371.171,0.00269418,0.05522339512650059,-2.89636859,37.377,2.004,835,67.943,47.804,240.73,0
52.805,325.955,0.00306791,0.004455175601744627,-5.4136888,38.168,10.433,638,194.211,61.269,234.459,0
153.485,426.635,0.00234392,0.5843812772290838,-0.53720164,47.445,9.12,220,131.647,47.323,210.073,0
128.668,401.818,0.00248869,0.2204059369950219,-1.51228426,38.869,3.754,643,66.284,51.089,125.075,0
94.534,367.684,0.00271973,0.04649229329795799,-3.06846872,36.127,6.621,1088,266.498,52.734,103.407,0
53.74,326.89,0.00305913,0.004726440153775315,-5.35458297,37.614,11.35,332,52.087,60.458,34.042,0
124.585,397.735,0.00251424,0.1855620842113262,-1.68436577,39.159,7.504,1185,192.099,45.819,175.911,0
113.591,386.741,0.00258571,0.1146603644062692,-2.16578087,38.074,10.717,1193,98.684,59.829,29.475,0
38.401,311.551,0.00320975,0.001713761199313466,-6.36906479,39.19,12.671,332,108.063,61.534,70.464,0
126.624,399.774,0.00250141,0.2023025353065173,-1.597991,38.567,7.908,1140,250.403,48.64,81.049,0
69.231,342.381,0.00292072,0.01200654459595043,-4.42230339,36.613,2.586,852,114.264,58.854,51.526,0
119.58,392.73,0.00254628,0.1495406501142874,-1.90018702,37.637,3.514,215,226.736,46.917,88.059,0
155.978,429.128,0.00233031,0.6405147458842724,-0.44548314,46.736,7.253,693,77.396,59.096,239.198,0
31.398,304.548,0.00328355,0.001042427550765043,-6.8662031,43.605,10.632,221,286.266,46.177,186.122,0
78.173,351.323,0.00284638,0.01980973746506388,-3.92158167,44.627,1.215,296,255.061,52.978,7.444,0
102.853,376.003,0.00265955,0.06972734855480897,-2.66316266,42.046,4.343,568,114.946,60.783,18.9,0
157.44,430.59,0.00232239,0.6755760171946181,-0.39218959,44.963,10.27,423,265.725,48.894,131.239,0
119.485,392.635,0.00254689,0.1489213844508339,-1.90433673,44.8,4.401,1198,186.382,52.346,183.252,0
27.774,300.924,0.0033231,0.0007986772272433853,-7.13255366,35.074,3.913,160,126.889,50.818,180.576,0
137.326,410.476,0.0024362,0.3138902727575344,-1.1587118,44.542,5.356,706,119.484,45.169,193.298,0
34.317,307.467,0.00325238,0.001285981786151958,-6.65623282,42.064,7.697,840,121.262,45.937,199.64,0
126.751,399.901,0.00250062,0.203387906863381,-1.59264025,42.784,13.586,262,167.322,50.342,180.601,0
124.73,397.88,0.00251332,0.1867108465102892,-1.67819413,40.538,12.334,109,103.554,49.251,124.864,0
105.64,378.79,0.00263999,0.0795507812062606,-2.5313597,37.038,8.249,575,128.362,49.556,242.129,0
121.147,394.297,0.00253616,0.1600887330023687,-1.83202704,37.998,7.081,856,119.871,58.361,184.155,0
32.571,305.721,0.00327096,0.001134748008386197,-6.78134467,38.081,9.218,186,53.553,56.881,12.383,0
99.71,372.86,0.00268197,0.05995472643169933,-2.81416556,39.389,13.196,979,97.725,53.362,141.826,0
86.635,359.785,0.00277944,0.03109650938348173,-3.4706597,35.588,9.938,934,184.31,63.35,91.431,0
114.69,387.84,0.00257838,0.1204610173227199,-2.11642909,42.679,7.275,328,14.41,52.46,232.274,0
101.9,375.05,0.00266631,0.06662459845581366,-2.70868142,39.136,12.289,346,105.45,46.919,207.432,0
162.888,436.038,0.00229338,0.8214012341791016,-0.19674357,49.138,7.563,994,179.523,54.723,205.728,1
83.964,357.114,0.00280023,0.02703336219755482,-3.61068354,44.235,10.126,972,155.772,57.994,31.678,0
90.445,363.595,0.00275031,0.03783633318238862,-3.27448544,41.78,7.186,981,132.412,66.337,36.722,0
29.029,302.179,0.0033093,0.0008764834822136211,-7.0395927,40.343,13.992,443,243.561,56.217,96.248,0
145.176,418.326,0.00239048,0.4270787984983039,-0.85078674,45.963,2.88,429,129.245,45.981,129.087,0
37.638,310.788,0.00321763,0.00162517117126023,-6.42214213,40.486,6.608,656,177.959,52.534,227.14,0
54.678,327.828,0.00305038,0.005013473603343793,-5.29562627,38.02,6.796,215,48.288,50.773,166.816,0
135.654,408.804,0.00244616,0.2935152935538916,-1.22582553,47.008,14.792,783,265.017,56.169,33.054,0
107.411,380.561,0.0026277,0.0864137387541775,-2.4486086,37.217,2.172,103,196.819,46.491,145.483,0
81.254,354.404,0.00282164,0.02340258115640027,-3.75490896,39.93,3.333,851,147.072,59.788,136.316,0
40.818,313.968,0.00318504,0.002024097145989831,-6.20263153,41.807,8.973,1198,178.312,48.151,56.141,0
76.829,349.979,0.00285731,0.01840363191285086,-3.99520725,44.239,3.276,288,238.875,51.34,236.885,0
79.151,352.301,0.00283848,0.02089262543611775,-3.86835903,35.508,6.57,1051,121.502,49.931,160.286,0
125.535,398.685,0.00250825,0.1932032425398655,-1.64401257,45.121,5.09,1170,100.501,64.464,51.186,0
100.45,373.6,0.00267666,0.06213883128883645,-2.77838418,42.902,13.011,512,185.322,47.274,117.331,0
113.264,386.414,0.0025879,0.1129828374055392,-2.18051935,42.046,1.613,866,210.961,55.471,87.694,0
162.98,436.13,0.00229289,0.8240821838676938,-0.19348502,41.712,8.246,532,57.152,58.492,160.815,0
110.618,383.768,0.00260574,0.1001883627614014,-2.30070324,44.153,6.678,489,35.825,55.726,169.693,0
45.943,319.093,0.00313388,0.002856757389866194,-5.85806808,37.583,3.749,373,220.71,44.812,192.628,0
69.227,342.377,0.00292076,0.01200378534061967,-4.42253323,40.023,12.993,533,216.725,61.174,157.117,0
98.778,371.928,0.00268869,0.05730122100265089,-2.85943335,40.856,13.999,1099,296.815,59.199,225.39,0
60.934,334.084,0.00299326,0.007365994308792598,-4.91088123,39.957,2.319,184,164.185,46.522,116.92,0
37.847,310.997,0.00321547,0.001649014643548246,-6.40757736,42.605,7.389,1124,217.827,53.46,244.93,0
134.392,407.542,0.00245373,0.2789154366102151,-1.27684664,43.819,7.754,558,157.04,65.58,131.692,0
95.694,368.844,0.00271117,0.0492495044076238,-3.01085597,38.648,9.377,738,177.15,60.107,120.563,0
107.272,380.422,0.00262866,0.08585670416440265,-2.4550756,36.371,1.516,297,133.407,59.413,171.244,0
35.793,308.943,0.00323684,0.001427870384456195,-6.55157119,44.726,7.393,423,231.435,57.194,69.623,0
43.834,316.984,0.00315473,0.002482445700603846,-5.99851104,36.736,11.755,1080,45.661,49.611,247.383,0
156.819,429.969,0.00232575,0.6604840436207606,-0.41478231,42.072,3.006,225,40.952,58.754,131.098,0
117.383,390.533,0.0025606,0.1357865343495503,-1.99667123,41.914,4.84,882,268.171,67.139,29.214,0
67.877,341.027,0.00293232,0.01110442183594679,-4.50041189,39.702,13.848,1070,288.792,55.028,104.116,0
77.979,351.129,0.00284796,0.01960100642819716,-3.93217437,42.668,14.924,382,123.177,57.349,144.604,0
166.841,439.991,0.00227277,0.9436872776694731,-0.05796044,47.493,8.351,1191,174.801,66.42,12.306,1
48.224,321.374,0.00311164,0.003318487456386992,-5.70824619,39.939,2.259,930,192.422,47.195,178.148,0
25.006,298.156,0.00335395,0.0006488215833645185,-7.34035279,43.223,2.077,687,290.158,53.003,213.151,0
37.765,310.915,0.00321631,0.001639622197140103,-6.41328943,44.207,1.712,828,132.267,59.063,54.784,0
44.806,317.956,0.00314509,0.002649055946241549,-5.93355195,40.465,8.824,707,112.659,57.47,217.108,0
96.977,370.127,0.00270178,0.05246783905875484,-2.94755489,44.496,11.336,143,53.072,62.768,62.229,0
143.928,417.078,0.00239763,0.4069902542268283,-0.89896604,41.635,8.619,344,99.811,62.879,84.19,0
105.101,378.251,0.00264375,0.07756037383360916,-2.55669863,44.087,7.004,1128,260.616,49.706,74.523,0
93.606,366.756,0.00272661,0.04438643795885309,-3.11482131,40.162,9.738,536,173.039,61.019,59.016,0
154.775,427.925,0.00233686,0.6128662335692533,-0.48960858,43.905,11.061,185,123.44,57.378,165.597,0
65.951,339.101,0.00294897,0.009926055111779393,-4.61259215,36.613,10.522,364,247.633,62.939,87.166,0
164.422,437.572,0.00228534,0.8671097673732828,-0.1425897,48.453,3.72,507,15.871,63.137,72.424,1
103.492,376.642,0.00265504,0.07187903113942269,-2.6327707,36.734,2.276,1076,105.602,45.41,134.33,0
63.404,336.554,0.00297129,0.008540682553210303,-4.76291435,45.07,7.2,261,55.415,46.996,142.561,0
82.869,356.019,0.00280884,0.02550974434088404,-3.66869477,38.115,13.28,1071,272.04,56.632,237.844,0
154.583,427.733,0.00233791,0.6085513291843608,-0.49667402,48.204,11.401,740,149.937,63.948,58.581,0
52.016,325.166,0.00307535,0.004237296993103052,-5.46382971,38.084,12.779,179,202.874,59.43,93.721,0
88.62,361.77,0.00276419,0.03446062762161291,-3.36793784,45.195,4.452,1170,110.126,49.145,108.676,0
34.904,308.054,0.00324618,0.001340799588399845,-6.61448914,42.229,10.758,1100,11.395,52.161,6.864,0
91.046,364.196,0.00274577,0.03901086181592285,-3.24391516,44.985,9.883,324,214.997,61.744,223.496,0
91.126,364.276,0.00274517,0.03916963241446718,-3.23985352,43.88,13.17,444,296.966,47.216,121.886,0
71.036,344.186,0.00290541,0.01331141088712759,-4.31913365,39.966,6.435,871,242.426,50.708,62.197,0
79.174,352.324,0.0028383,0.0209187178228676,-3.86711093,44.267,9.444,1156,231.055,58.334,130.507,0
108.526,381.676,0.00262002,0.09099930047469026,-2.39690346,42.192,12.132,453,274.08,49.905,110.172,0
69.124,342.274,0.00292164,0.01193293041644549,-4.42845344,44.136,14.721,947,249.072,45.042,22.323,0
136.504,409.654,0.00244108,0.3037232816493876,-1.19163825,44.184,14.217,823,238.039,49.215,161.821,0
100.395,373.545,0.00267705,0.0619740993988328,-2.78103873,44.467,14.306,473,23.462,56.739,15.919,0
98.943,372.093,0.0026875,0.0577632406631233,-2.85140268,38.25,4.091,985,29.033,51.914,184.907,0
128.753,401.903,0.00248816,0.2211887168732157,-1.50873902,40.564,10.702,508,20.316,45.41,43.042,0
49.108,322.258,0.0031031,0.003514868828460528,-5.65075307,41.762,8.095,211,112.113,62.644,135.656,0
76.651,349.801,0.00285877,0.01822427685287795,-4.00500068,38.108,2.051,530,89.392,66.793,15.069,0
46.579,319.729,0.00312765,0.002979263818837298,-5.81607905,35.382,9.727,741,271.64,59.941,194.317,0
53.947,327.097,0.0030572,0.00478847546249579,-5.34154319,40.058,8.059,211,90.962,46.468,89.793,0
135.258,408.408,0.00244853,0.2888633968923417,-1.24180138,42.797,2.03,1186,93.7,63.208,18.316,0
144.75,417.9,0.00239292,0.4201261683925664,-0.86720021,46.68,10.988,541,128.581,64.453,207.158,0
53.517,326.667,0.00306122,0.004660422621960646,-5.36864914,37.686,9.041,879,165.496,56.938,193.579,0
155.972,429.122,0.00233034,0.6403741919191287,-0.4457026,45.214,6.303,1145,29.373,59.372,218.314,0
77.425,350.575,0.00285246,0.01901574139955481,-3.96248815,38.525,8.057,850,98.303,53.369,37.216,0
38.376,311.526,0.00321,0.001710790435116014,-6.37079977,38.009,10.673,851,298.918,50.209,150.603,0
38.706,311.856,0.00320661,0.001750383399185059,-6.34792043,42.77,6.381,1142,29.046,55.965,143.508,0
123.725,396.875,0.00251969,0.1788759684146879,-1.72106263,45.677,8.959,238,59.842,49.605,39.828,0
126.376,399.526,0.00250297,0.2001977763726226,-1.60844952,46.684,3.423,226,137.298,59.336,21.79,1
75.954,349.104,0.00286448,0.0175369491765119,-4.04344524,37.819,14.421,592,73.429,45.023,178.784,0
45.152,318.302,0.00314167,0.00271076498877016,-5.9105244,36.628,3.495,894,223.076,62.29,163.616,0
111.043,384.193,0.00260286,0.1021525770001965,-2.28128773,42.6,8.582,1043,144.493,62.596,59.512,0
76.231,349.381,0.0028622,0.01780727256740718,-4.02814833,39.799,2.493,104,210.603,45.557,106.737,0
73.144,346.294,0.00288772,0.01499547808659128,-4.20000658,36.902,14.83,1137,96.146,48.523,9.054,0
67.231,340.381,0.00293788,0.01069587854436263,-4.53789679,38.802,4.476,933,274.104,64.669,138.206,0
37.341,310.491,0.00322071,0.001591826503390574,-6.44287318,41.478,8.425,349,106.524,58.822,200.75,0
43.15,316.3,0.00316156,0.002370955332653434,-6.04446231,38.55,2.429,672,128.877,66.796,166.75,0
140.025,413.175,0.00242028,0.3494060327126647,-1.05152062,38.363,3.891,424,82.655,50.956,142.472,0
30.924,304.074,0.00328867,0.001007100917131565,-6.90067945,42.083,12.182,715,41.729,66.041,91.972,0
73.876,347.026,0.00288163,0.015623510467659,-4.15897842,35.97,11.856,1104,68.774,59.068,108.24,0
62.821,335.971,0.00297645,0.008249166046916185,-4.79764317,41.061,8.498,766,98.296,48.099,88.216,0
111.669,384.819,0.00259862,0.1051078896023307,-2.25276794,40.732,8.144,535,39.112,59.492,130.786,0
54.564,327.714,0.00305144,0.004977768568573685,-5.30277357,37.631,9.57,160,268.503,55.283,115.869,0
127.142,400.292,0.00249818,0.2067617737946573,-1.576188,40.389,13.02,436,243.907,46.154,115.175,0
163.807,436.957,0.00228855,0.8485256085888068,-0.16425501,49.128,8.625,654,243.046,45.981,77.15,1
157.64,430.79,0.00232132,0.6805001599114742,-0.38492722,42.252,5.495,990,159.887,49.892,116.395,0
77.145,350.295,0.00285474,0.01872593775419025,-3.97784567,40.073,9.826,503,229.119,54.602,228.594,0
125.714,398.864,0.00250712,0.1946736514798475,-1.6364307,46.631,13.524,900,49.809,59.13,62.503,0
144.106,417.256,0.00239661,0.4098038325412325,-0.89207669,46.755,9.05,826,214.431,48.574,20.453,0
51.436,324.586,0.00308085,0.004083323060229013,-5.50084415,38.947,13.478,750,69.052,49.058,30.001,0
152.056,425.206,0.0023518,0.5541831427851558,-0.59026006,47.768,11.197,389,220.549,63.87,117.207,0
154.58,427.73,0.00233792,0.6084841197834583,-0.49678446,42.069,10.785,812,245.858,51.398,236.286,0
124.523,397.673,0.00251463,0.185072794797397,-1.68700605,37.542,1.593,540,272.58,46.499,42.629,0
115.729,388.879,0.00257149,0.1261822258897475,-2.07002818,39.558,1.118,901,144.0,59.979,202.008,0
65.253,338.403,0.00295506,0.009527598899065398,-4.65356254,41.91,9.74,929,261.608,49.85,93.419,0
120.489,393.639,0.0025404,0.1555820481577125,-1.86058205,39.65,1.194,665,238.22,59.26,136.326,0
59.344,332.494,0.00300757,0.006688977586962988,-5.00729424,41.378,9.995,271,273.398,64.597,148.564,0
37.927,311.077,0.00321464,0.001658225042547515,-6.4020075,38.079,7.722,569,284.577,53.463,115.394,0
84.34,357.49,0.00279728,0.02757500128946676,-3.59084567,42.694,3.717,599,50.12,66.37,47.491,0
86.302,359.452,0.00278201,0.03056183514279108,-3.48800327,38.099,12.64,965,75.144,52.76,159.915,0
169.698,442.848,0.00225811,1.041645353520419,0.04080153,47.201,8.9,244,119.891,57.667,59.923,0
140.909,414.059,0.00241511,0.3617809983872706,-1.01671623,47.979,13.138,684,102.959,62.418,135.072,0
78.887,352.037,0.00284061,0.02059521028368649,-3.88269674,39.906,1.884,984,104.48,61.345,238.966,0
49.288,322.438,0.00310137,0.003556120910232001,-5.63908496,43.801,12.745,303,37.273,49.634,115.825,0
76.557,349.707,0.00285954,0.01813019467572805,-4.01017652,35.443,7.193,706,268.161,64.659,95.095,0
53.827,326.977,0.00305832,0.004752424011867461,-5.34910047,44.232,1.301,845,200.318,58.686,70.907,0
164.579,437.729,0.00228452,0.8719103763075648,-0.13706864,42.914,13.295,400,238.009,66.427,98.298,0
164.113,437.263,0.00228695,0.8577285683372496,-0.15346758,48.509,9.759,661,165.141,66.358,204.465,0
87.924,361.074,0.00276952,0.03324580792843525,-3.4038266,43.11,11.141,744,261.353,61.381,124.011,0
169.04,442.19,0.00226147,1.018334682601012,0.01816863,43.132,1.945,577,268.688,66.637,114.269,0
136.504,409.654,0.00244108,0.3037232816493876,-1.19163825,45.917,14.282,450,38.367,50.885,83.597,0
92.683,365.833,0.00273349,0.04237666504913017,-3.16115742,39.476,1.405,729,183.086,54.396,99.784,0
141.51,414.66,0.00241161,0.3704122487071311,-0.99313871,42.773,2.672,543,222.475,44.89,97.368,0
99.496,372.646,0.00268351,0.05933596648729897,-2.82453964,43.408,4.868,678,196.622,58.649,56.615,0
34.409,307.559,0.00325141,0.001294436471314654,-6.64967984,38.813,10.09,770,281.984,60.563,23.811,0
28.951,302.101,0.00331015,0.0008714536813766293,-7.04534784,35.539,3.887,683,94.559,51.629,40.837,0
67.71,340.86,0.00293376,0.01099748531780436,-4.51008864,40.506,11.755,524,73.982,62.447,189.53,0
61.45,334.6,0.00298864,0.007598613996857924,-4.87978942,44.837,2.551,276,121.892,51.818,161.398,0
147.169,420.319,0.00237915,0.4609619211989727,-0.77443984,43.755,10.195,1184,102.815,51.086,179.374,0
28.672,301.822,0.00331321,0.0008536767934911254,-7.0659579,41.126,12.891,821,282.147,57.805,125.717,0
122.942,396.092,0.00252467,0.1729742691590798,-1.75461243,37.457,1.937,1010,130.629,50.953,211.346,0
113.424,386.574,0.00258683,0.113800911322518,-2.17330475,40.907,10.882,636,104.347,54.236,123.793,0
60.726,333.876,0.00299512,0.007274053724461545,-4.92344155,44.498,6.987,773,81.553,57.338,5.906,0
134.636,407.786,0.00245227,0.2816873834183587,-1.26695739,42.276,11.494,279,91.834,56.527,174.509,0
129.607,402.757,0.00248289,0.2291902636849524,-1.47320277,37.685,6.209,519,126.908,47.117,31.341,0
41.188,314.338,0.00318129,0.002075860662674544,-6.17737943,37.386,3.108,816,228.563,54.49,81.823,0
159.31,432.46,0.00231235,0.7228535484039657,-0.32454864,46.805,7.119,293,78.556,55.491,11.807,0
44.797,317.947,0.00314518,0.002647467912651944,-5.9341516,35.084,1.352,356,212.178,65.109,239.386,0
78.131,351.281,0.00284672,0.01976438017398655,-3.92387394,36.935,3.849,633,162.081,64.85,132.431,0
48.533,321.683,0.00310865,0.003385973950691796,-5.68811369,39.298,10.478,881,63.434,45.954,205.258,0
136.705,409.855,0.00243989,0.3061822722355632,-1.18357469,45.566,7.413,386,69.762,53.471,161.99,0
86.095,359.245,0.00278362,0.03023362375786296,-3.4988006,38.128,4.938,276,137.204,62.974,183.548,0
102.486,375.636,0.00266215,0.06851760377866209,-2.68066458,41.474,2.35,772,202.243,57.545,50.77,0
83.086,356.236,0.00280713,0.02580543513852636,-3.65717014,40.442,9.699,835,226.169,53.005,16.318,0
76.317,349.467,0.0028615,0.01789195611147866,-4.02340405,44.522,3.882,438,53.901,49.047,130.846,0
60.266,333.416,0.00299926,0.00707438464984409,-4.95127481,37.041,4.88,953,84.474,56.455,95.226,0
136.871,410.021,0.0024389,0.3082262463308285,-1.1769212,40.122,2.832,805,90.21,56.493,172.304,0
41.057,314.207,0.00318262,0.002057397918474384,-6.18631324,39.506,3.366,1173,159.029,58.52,217.147,0
97.45,370.6,0.00269833,0.05370074363948402,-2.92432843,44.669,13.202,392,21.546,45.375,122.361,0
42.973,316.123,0.00316333,0.00234285361781259,-6.0563856,36.844,2.711,1143,18.811,54.627,137.587,0
169.542,442.692,0.00225891,1.036077307898756,0.03544176,48.504,5.221,414,118.994,59.284,158.224,1
58.151,331.301,0.0030184,0.006218404030419435,-5.08024199,35.905,13.291,662,199.401,64.873,24.367,0
57.669,330.819,0.0030228,0.006036904974777609,-5.10986382,37.429,8.886,1102,170.343,55.813,217.326,0
55.682,328.832,0.00304107,0.005338055058167979,-5.23289391,38.263,11.197,807,255.408,56.249,233.027,0
62.924,336.074,0.00297554,0.00830000814800312,-4.79149878,40.417,11.888,592,115.142,52.408,7.911,0
29.824,302.974,0.00330061,0.0009292771575213294,-6.98110352,39.67,7.2,1151,117.559,56.854,187.284,0
132.625,405.775,0.00246442,0.2595469853439403,-1.34881753,46.233,7.914,214,114.605,60.417,25.0,0
81.191,354.341,0.00282214,0.02332363540849015,-3.75828804,41.082,1.311,573,27.525,54.996,157.509,0
76.933,350.083,0.00285647,0.01850915414882917,-3.98948985,39.891,4.935,1008,239.358,55.679,58.85,0
149.953,423.103,0.00236349,0.512222702884377,-0.66899578,46.78,3.959,1042,220.871,57.544,58.81,1
72.061,345.211,0.00289678,0.0141078028645959,-4.26102724,42.706,9.133,1028,105.338,57.795,201.743,0
144.987,418.137,0.00239156,0.423981843120082,-0.85806465,43.859,7.428,794,53.241,53.358,21.842,0
105.314,378.464,0.00264226,0.07834158942782629,-2.54667666,37.623,2.017,705,45.247,66.566,143.77,0
91.279,364.429,0.00274402,0.03947488702739327,-3.23209058,41.114,6.719,466,239.996,56.222,219.398,0
140.785,413.935,0.00241584,0.3600222921003054,-1.02158933,39.346,14.083,1024,124.577,62.618,92.361,0
150.29,423.44,0.00236161,0.5187537507010432,-0.65632598,40.544,14.629,946,180.529,66.14,32.408,0
164.222,437.372,0.00228638,0.8610276613071667,-0.14962865,49.485,2.998,681,75.407,63.169,184.583,1
108.117,381.267,0.00262283,0.08929278223190912,-2.41583462,40.064,9.22,928,51.032,62.432,155.607,0
63.426,336.576,0.0029711,0.008551862492927036,-4.76160618,40.689,8.506,931,207.565,63.803,105.507,0
139.96,413.11,0.00242066,0.3485109459183243,-1.05408564,42.671,11.306,619,158.099,62.52,27.708,0
75.775,348.925,0.00286595,0.01736422599263673,-4.05334317,40.751,1.147,687,221.223,64.921,213.058,0
86.311,359.461,0.00278194,0.0305761771238579,-3.4875341,39.674,5.167,184,97.692,66.818,41.526,0
140.347,413.497,0.0024184,0.3538699634368273,-1.03882577,38.148,5.601,435,227.759,57.246,198.322,0
115.351,388.501,0.002574,0.1240735635886677,-2.08688063,41.014,5.018,257,87.934,57.449,138.8,0
91.118,364.268,0.00274523,0.03915372946304684,-3.2402596,43.633,11.185,572,35.817,64.469,82.96,0
118.902,392.052,0.00255068,0.1451704174054074,-1.92984693,40.319,6.509,532,253.75,53.638,173.994,0
110.503,383.653,0.00260652,0.09966265564243809,-2.30596424,39.166,5.017,958,295.721,54.25,156.689,0
77.084,350.234,0.00285523,0.01866332941970507,-3.98119467,41.718,2.539,592,13.342,65.497,75.139,0
44.834,317.984,0.00314481,0.002654002013268346,-5.93168658,35.493,10.361,457,144.747,60.758,211.052,0
68.618,341.768,0.00292596,0.01159027391115723,-4.45758899,43.894,6.769,671,108.512,54.421,193.376,0
69.778,342.928,0.00291606,0.01238928354904593,-4.39092341,37.023,14.359,746,82.561,45.147,136.802,0
88.318,361.468,0.0027665,0.03392872481430804,-3.38349328,40.273,4.359,628,255.916,59.584,8.276,0
88.781,361.931,0.00276296,0.03474722250364398,-3.35965564,40.512,8.093,142,75.58,58.703,83.305,0
146.446,419.596,0.00238324,0.4484077279571734,-0.80205235,44.956,1.033,503,72.287,64.494,93.699,0
117.881,391.031,0.00255734,0.1388021332517465,-1.97470586,40.677,5.574,324,149.16,50.304,59.083,0
133.301,406.451,0.00246032,0.2668123254709075,-1.32120977,46.463,2.968,665,291.27,64.152,135.864,1
31.725,304.875,0.00328003,0.001067451473371241,-6.84248127,38.68,2.893,220,46.907,58.48,33.619,0
94.743,367.893,0.00271818,0.04697866783432322,-3.05806166,44.111,10.168,411,288.107,64.189,18.402,0
122.182,395.332,0.00252952,0.1674109297773914,-1.78730383,38.726,13.605,639,213.015,54.184,168.345,0
25.349,298.499,0.00335009,0.0006658847672517938,-7.31439392,40.435,4.45,440,224.838,58.676,104.867,0
34.797,307.947,0.00324731,0.001330651736147419,-6.62208643,36.677,12.6,291,236.96,58.188,85.251,0
48.036,321.186,0.00311346,0.003278025443443102,-5.72051404,43.468,11.095,522,89.078,61.662,176.184,0
86.854,360.004,0.00277775,0.0314526805365604,-3.45927107,40.533,5.514,782,165.695,64.382,158.842,0
157.505,430.655,0.00232204,0.6771729437456675,-0.38982858,48.827,4.026,629,151.211,60.801,42.816,1
99.194,372.344,0.00268569,0.05847242624153529,-2.83919998,40.536,9.821,454,44.716,58.459,54.527,0
64.376,337.526,0.00296273,0.009047381655800293,-4.70527988,41.821,1.844,575,299.619,57.404,85.186,0
38.741,311.891,0.00320625,0.001754631049029953,-6.34549667,42.07,11.008,945,209.653,57.092,52.812,0
42.935,316.085,0.00316371,0.002336859977682954,-6.05894714,35.569,10.522,438,202.089,61.044,142.825,0
77.968,351.118,0.00284805,0.01958923040161008,-3.93277533,41.032,6.858,879,94.659,62.008,31.062,0
60.3,333.45,0.00299895,0.007088971979804235,-4.94921494,35.541,6.184,1164,234.988,45.097,90.505,0
115.548,388.698,0.00257269,0.1251685998689717,-2.07809365,37.609,1.261,832,82.639,57.827,5.589,0
36.633,309.783,0.00322807,0.00151482862385982,-6.49245297,40.974,8.174,574,212.052,54.032,76.9,0
50.303,323.453,0.00309164,0.00379704231124571,-5.57353285,41.206,1.555,1079,244.858,66.568,221.22,0
133.265,406.415,0.00246054,0.2664209534680487,-1.32267769,41.435,13.009,572,298.364,48.98,203.876,0
111.117,384.267,0.00260236,0.1024980466129507,-2.27791154,45.965,1.889,971,75.55,51.765,242.689,1
95.011,368.161,0.0027162,0.04760897387449955,-3.04473401,37.721,12.59,228,175.154,60.856,237.804,0
49.333,322.483,0.00310094,0.003566502100043344,-5.63616997,39.193,1.633,1152,106.49,46.091,212.143,0
116.938,390.088,0.00256352,0.1331410268461312,-2.01634636,45.048,2.023,875,86.757,46.081,170.319,0
37.178,310.328,0.0032224,0.001573791367162491,-6.45426769,35.366,10.444,302,282.537,66.842,170.944,0
157.157,430.307,0.00232392,0.6686614617149216,-0.40247738,49.167,13.341,856,46.955,59.597,121.045,0
112.068,385.218,0.00259593,0.1070308302361486,-2.23463835,37.711,10.792,1155,235.303,65.454,34.808,0
133.938,407.088,0.00245647,0.2738215482697878,-1.29527867,46.995,12.125,508,259.067,60.181,99.822,0
113.656,386.806,0.00258528,0.1149964322369895,-2.16285418,37.021,1.481,1151,179.726,46.227,98.963,0
86.651,359.801,0.00277931,0.03112240850320859,-3.46982719,43.465,3.936,1052,223.251,59.256,169.983,0
77.009,350.159,0.00285585,0.01858660906134235,-3.9853139,41.137,10.439,285,222.973,61.512,186.965,0
101.179,374.329,0.00267145,0.06435935223385512,-2.74327302,36.585,1.108,649,249.953,62.485,12.564,0
167.835,440.985,0.00226765,0.9768186440239834,-0.02345427,47.421,9.936,954,23.574,51.404,201.968,0
69.816,342.966,0.00291574,0.01241627501249618,-4.38874717,41.259,10.828,758,134.002,66.139,140.849,0
147.362,420.512,0.00237805,0.4643647572895436,-0.76708492,46.715,10.858,951,236.517,50.828,176.207,0
69.976,343.126,0.00291438,0.01253050358130055,-4.37958932,43.125,4.684,365,166.866,51.886,232.2,0
127.256,400.406,0.00249747,0.2077546985489453,-1.57139723,37.463,14.815,444,156.849,47.224,39.87,0
163.266,436.416,0.00229139,0.8324651470784262,-0.18336392,48.131,1.198,989,93.485,62.924,170.79,1
33.428,306.578,0.00326181,0.001206831230299296,-6.71975717,44.658,9.085,1107,254.685,45.015,206.828,0
148.178,421.328,0.00237345,0.4789960417101977,-0.73606295,40.969,6.182,1103,94.047,44.978,231.787,0
107.983,381.133,0.00262376,0.08873988382538416,-2.42204584,39.199,10.228,333,116.341,54.871,14.195,0
69.936,343.086,0.00291472,0.01250185830487395,-4.38187798,38.183,11.204,1013,253.697,49.874,135.074,0
52.951,326.101,0.00306653,0.004496584763496089,-5.40443711,43.642,4.541,1171,131.537,60.794,36.425,0
89.339,362.489,0.0027587,0.03575705032670574,-3.33100782,45.109,6.289,1001,127.188,65.233,68.316,0
105.886,379.036,0.00263827,0.08047417521034649,-2.51981895,43.783,1.142,502,178.724,52.888,7.395,0
121.446,394.596,0.00253424,0.1621744127618823,-1.8190829,38.159,6.581,1159,262.581,50.099,222.229,0
101.272,374.422,0.00267078,0.0646476416239325,-2.73880365,38.207,13.726,288,80.567,51.328,61.919,0
64.277,337.427,0.0029636,0.008994564103068403,-4.71113487,41.772,5.884,730,29.847,46.534,206.692,0
154.248,427.398,0.00233974,0.6010862002375803,-0.50901693,42.603,5.532,260,126.501,45.147,147.635,0
103.48,376.63,0.00265513,0.07183808677940427,-2.63334049,38.212,13.353,331,243.405,45.64,187.643,0
81.085,354.235,0.00282298,0.02319134368942833,-3.76397619,44.601,12.955,553,233.107,63.039,116.825,0
123.711,396.861,0.00251977,0.1787689062858868,-1.72166133,41.089,8.903,268,78.667,65.905,41.002,0
41.065,314.215,0.00318253,0.002058521131270072,-6.18576745,43.994,4.272,208,230.727,64.982,13.764,0
63.173,336.323,0.00297333,0.008424084918850352,-4.77666042,42.312,8.779,565,140.634,52.437,34.749,0
109.33,382.48,0.00261452,0.0944384320004087,-2.35980717,44.033,2.004,1160,262.447,52.63,36.969,1
135.986,409.136,0.00244418,0.2974659612369595,-1.21245548,44.308,5.189,263,207.107,47.616,142.389,0
104.752,377.902,0.00264619,0.07629529416751815,-2.57314402,38.855,14.527,308,136.863,66.389,112.504,0
135.095,408.245,0.00244951,0.2869675035662953,-1.2483863,38.345,4.442,528,272.446,45.22,247.104,0
156.291,429.441,0.00232861,0.6478844098481539,-0.43404298,46.985,3.715,1194,93.741,61.477,8.521,1
111.661,384.811,0.00259868,0.1050696493885849,-2.25313182,40.609,2.575,901,84.586,64.32,88.733,0
89.207,362.357,0.00275971,0.03551583043983613,-3.33777675,42.224,12.234,945,47.38,48.062,119.167,0
44.887,318.037,0.00314429,0.00266338711439791,-5.92815661,38.092,2.16,1172,61.458,62.716,182.766,0
102.368,375.518,0.00266299,0.0681326210436447,-2.68629916,41.378,7.52,599,258.399,49.159,23.353,0
90.663,363.813,0.00274866,0.03825867110105648,-3.26338505,39.561,11.369,813,287.62,58.735,38.502,0
36.89,310.04,0.00322539,0.001542378453980058,-6.4744296,36.625,7.323,338,80.736,56.744,190.656,0
33.852,307.002,0.00325731,0.001244011609905918,-6.68941395,38.678,10.337,292,34.945,57.413,119.056,0
159.427,432.577,0.00231173,0.7259050942707045,-0.320336,40.559,1.851,325,13.4,59.002,49.772,0
127.302,400.452,0.00249718,0.2081565405431442,-1.56946488,44.553,10.054,614,199.234,56.608,143.216,0
89.804,362.954,0.00275517,0.03661849197769116,-3.30720192,43.915,2.387,1107,237.03,59.722,193.921,0
28.979,302.129,0.00330984,0.0008732562198272345,-7.04328155,35.824,14.757,568,268.601,50.36,34.082,0
119.907,393.057,0.00254416,0.1516896552093152,-1.88591859,41.389,2.075,906,162.032,46.372,198.528,0
104.96,378.11,0.00264473,0.07704704270260036,-2.5633391,43.285,10.113,1060,283.866,60.793,164.217,0
151.945,425.095,0.00235242,0.5518955904855775,-0.5943964,46.003,12.995,581,94.62,67.105,41.481,0
138.705,411.855,0.00242804,0.3316188262523196,-1.10376908,47.148,7.508,115,277.065,49.999,21.074,0
79.889,353.039,0.00283255,0.02174454458486488,-3.82839238,42.37,5.863,284,149.612,45.662,208.287,0
147.015,420.165,0.00238002,0.458262379219205,-0.78031338,46.802,7.637,483,148.027,60.146,205.18,0
42.749,315.899,0.00316557,0.002307722643629868,-6.07149411,40.344,11.826,803,229.053,55.592,32.083,0
111.023,384.173,0.00260299,0.1020593840917285,-2.28220044,41.199,8.19,575,21.33,60.876,189.121,0
147.169,420.319,0.00237915,0.4609619211989727,-0.77443984,47.306,10.024,1098,35.566,45.84,187.599,0
166.867,440.017,0.00227264,0.9445412870557437,-0.05705588,48.15,2.774,965,247.654,47.007,222.404,1
106.025,379.175,0.0026373,0.08100012529795086,-2.51330458,45.066,8.732,1163,182.099,52.716,133.809,0
45.097,318.247,0.00314221,0.002700869551482217,-5.9141815,40.718,6.154,136,15.584,64.371,15.053,0
41.682,314.832,0.0031763,0.002146842768103657,-6.143757,41.579,12.166,1096,246.792,61.069,119.455,0
95.367,368.517,0.00271358,0.04845789044658793,-3.0270601,41.553,13.526,1124,144.213,50.734,202.8,0
106.099,379.249,0.00263679,0.08128136987474119,-2.50983844,42.622,14.671,1012,137.344,60.674,242.997,0
113.926,387.076,0.00258347,0.1164017578022785,-2.15070764,45.347,11.457,803,79.451,58.709,81.692,0
125.832,398.982,0.00250638,0.1956483583199782,-1.63143632,44.942,7.0,351,121.73,56.355,191.114,0
112.95,386.1,0.00259,0.1113924869933712,-2.1946954,43.485,11.999,112,15.227,58.958,215.675,0
58.649,331.799,0.00301387,0.006411081753366621,-5.04972726,35.989,5.758,1136,161.06,58.032,32.224,0
55.97,329.12,0.00303841,0.005434598598509729,-5.21496962,44.315,1.796,618,162.175,46.812,48.027,0
54.16,327.31,0.00305521,0.004853075411889765,-5.32814267,42.279,7.508,582,28.431,57.961,240.101,0
81.639,354.789,0.00281858,0.02389024420174051,-3.7342851,38.89,7.502,226,258.627,62.531,25.956,0
41.683,314.833,0.00317629,0.002146988660912424,-6.14368904,41.884,1.56,274,293.961,64.985,163.695,0
83.784,356.934,0.00280164,0.02677744940895588,-3.62019519,37.059,13.932,119,88.248,62.166,169.094,0
110.899,384.049,0.00260383,0.1014832673624036,-2.28786135,36.597,2.457,226,16.497,51.846,178.575,0
94.838,367.988,0.00271748,0.04720124155976532,-3.05333508,43.304,8.112,893,253.468,64.013,24.598,0
38.9,312.05,0.00320461,0.001774045520734425,-6.33449274,39.696,2.195,1073,298.006,61.146,46.101,0
146.918,420.068,0.00238057,0.4565691299676988,-0.78401516,48.268,3.228,445,103.074,49.512,227.889,1
74.013,347.163,0.00288049,0.01574363896952745,-4.15131887,43.044,1.894,786,140.706,60.254,189.506,0
71.468,344.618,0.00290176,0.01364200308610122,-4.29460178,44.637,6.906,712,253.037,46.945,126.697,0
124.068,397.218,0.00251751,0.1815167207211055,-1.7064075,40.217,4.062,223,124.095,66.442,111.055,0
71.408,344.558,0.00290227,0.01359565111056555,-4.29800531,39.473,9.91,560,212.729,65.657,102.722,0
38.936,312.086,0.00320424,0.001778468221742686,-6.33200283,41.924,5.641,811,57.349,59.385,181.018,0
74.201,347.351,0.00287893,0.0159098352375797,-4.14081779,40.32,2.103,958,246.843,48.82,207.78,0
83.754,356.904,0.00280187,0.02673500849383055,-3.62178139,35.688,4.738,843,246.567,60.554,159.411,0
94.638,367.788,0.00271896,0.04673375338926394,-3.0632886,35.733,5.986,565,144.277,45.724,25.785,0
138.438,411.588,0.00242961,0.3281192160059226,-1.11437827,43.181,13.281,816,102.534,47.652,206.7,0
94.809,367.959,0.00271769,0.04713319861141452,-3.05477767,37.205,13.491,786,11.604,54.389,173.876,0
92.371,365.521,0.00273582,0.04171588642611026,-3.17687325,39.13,5.854,1105,255.457,60.189,169.361,0
138.447,411.597,0.00242956,0.3282366503110199,-1.11402044,45.799,13.058,819,102.874,62.097,177.479,0
58.482,331.632,0.00301539,0.006345877434350863,-5.0599499,44.909,4.806,639,120.238,66.704,211.92,0
158.818,431.968,0.00231499,0.7101434333768929,-0.34228831,48.279,8.624,526,205.474,61.548,213.753,0
78.02,351.17,0.00284762,0.01964495477564484,-3.92993473,40.706,13.947,476,167.125,58.105,140.369,0
127.316,400.466,0.00249709,0.2082789761334997,-1.56887687,39.129,3.213,1086,278.044,61.933,235.286,0
36.692,309.842,0.00322745,0.001521113475328961,-6.48831266,42.976,11.815,305,212.82,55.21,209.585,0
116.589,389.739,0.00256582,0.1310982277161063,-2.03180841,38.139,10.918,391,216.995,55.075,249.585,0
54.7,327.85,0.00305018,0.005020390600706595,-5.29424754,35.19,8.761,982,198.213,45.617,239.601,0
103.95,377.1,0.00265182,0.0734573159500916,-2.61105078,40.829,6.453,468,222.827,63.748,140.541,0
76.198,349.348,0.00286248,0.01777487320820247,-4.02996944,40.901,10.618,1056,45.408,45.665,101.497,0
55.429,328.579,0.00304341,0.00525452411768158,-5.24866584,42.389,14.514,272,108.481,50.762,32.607,0
72.164,345.314,0.00289592,0.01419014842559469,-4.25520733,42.635,13.329,986,273.833,51.178,45.264,0
32.243,305.393,0.00327447,0.001108211808227527,-6.80500755,36.226,10.303,736,80.694,51.836,63.705,0
54.587,327.737,0.00305123,0.004984953676990083,-5.30133117,35.383,1.283,713,122.275,59.144,90.683,0
52.985,326.135,0.00306621,0.004506277755160304,-5.4022838,35.56,5.528,834,194.239,48.461,207.632,0
122.626,395.776,0.00252668,0.1706415842010672,-1.76818992,46.277,11.104,436,164.94,63.407,39.65,0
157.878,431.028,0.00232003,0.6864006512235672,-0.37629378,49.315,4.356,665,222.412,53.331,12.255,1
63.44,336.59,0.00297097,0.008558983856510752,-4.7607738,39.709,12.064,942,133.809,56.897,152.539,0
50.805,323.955,0.00308685,0.003921567515342126,-5.54126383,44.53,10.798,644,40.381,64.43,56.205,0
132.675,405.825,0.00246412,0.2600783395092835,-1.34677239,42.394,1.959,100,131.564,56.954,95.93,0
52.594,325.744,0.0030699,0.00439593930651351,-5.42707405,39.911,7.14,875,59.54,48.317,139.794,0
128.105,401.255,0.00249218,0.2152824862938005,-1.53580422,45.031,9.799,624,77.857,58.222,125.32,0
125.497,398.647,0.00250848,0.1928923516733085,-1.64562301,41.826,2.553,148,229.757,66.93,219.083,0
29.969,303.119,0.00329903,0.000939212528891179,-6.97046877,39.783,11.159,134,120.77,44.87,53.317,0
164.619,437.769,0.00228431,0.8731371511641653,-0.13566263,48.006,4.529,131,155.65,46.126,104.309,1
68.497,341.647,0.002927,0.0115096556798457,-4.46456897,37.497,13.816,644,173.817,57.541,92.572,0
165.736,438.886,0.0022785,0.9080068333036171,-0.09650337,47.372,2.061,1013,273.358,67.072,242.738,1
136.926,410.076,0.00243857,0.3089061046014117,-1.17471792,46.313,4.891,994,266.448,62.314,163.601,1
123.794,396.944,0.00251925,0.1794044585504306,-1.71811248,44.134,10.591,365,271.9,47.264,159.178,0
124.501,397.651,0.00251477,0.1848994496773809,-1.68794312,45.524,11.703,202,286.347,49.448,230.041,0
28.248,301.398,0.00331787,0.000827292425139256,-7.09735233,36.843,6.963,158,158.887,55.363,131.245,0
132.33,405.48,0.00246621,0.2564313865826182,-1.36089415,38.463,5.947,710,250.955,51.096,43.674,0
107.675,380.825,0.00262588,0.08748053638853465,-2.43633895,45.616,8.549,896,27.651,64.867,249.021,0
49.732,322.882,0.00309711,0.003659754390973751,-5.61035924,44.21,2.217,881,137.306,51.294,123.564,0
95.479,368.629,0.00271275,0.04872773890663527,-3.02150682,40.847,3.62,1195,161.453,51.884,53.45,0
77.736,350.886,0.00284993,0.01934233505401547,-3.94545906,35.703,9.289,469,38.834,53.264,42.211,0
114.195,387.345,0.00258168,0.1178169728250628,-2.13862294,37.849,9.077,416,144.0,48.471,206.211,0
94.666,367.816,0.00271875,0.04679895244383166,-3.06189446,45.137,14.051,688,138.507,53.751,241.002,0
147.345,420.495,0.00237815,0.4640641452711899,-0.76773249,39.534,4.035,910,292.386,44.984,109.986,0
61.121,334.271,0.00299158,0.007449544623560069,-4.89960237,44.185,13.055,1136,49.359,66.333,227.02,0
126.475,399.625,0.00250235,0.2010356566961945,-1.60427299,38.412,9.637,361,200.621,59.466,114.675,0
28.208,301.358,0.00331831,0.000824842064596635,-7.10031863,40.394,12.528,899,290.615,56.528,151.141,0
102.691,375.841,0.0026607,0.06919102718749745,-2.67088409,38.301,14.159,660,286.461,62.723,59.243,0
26.607,299.757,0.00333604,0.000732025874030174,-7.2196947,40.693,11.858,690,277.652,46.832,187.295,0
162.238,435.388,0.0022968,0.8026751156235122,-0.21980524,41.7,3.32,833,31.7,45.269,133.091,0
62.821,335.971,0.00297645,0.008249166046916185,-4.79764317,38.398,9.317,828,223.701,54.367,215.935,0
137.795,410.945,0.00243342,0.319824035865414,-1.13998432,43.242,7.229,629,232.083,52.135,196.195,0
61.037,334.187,0.00299234,0.007411908974832064,-4.90466725,39.618,5.672,853,77.674,58.603,67.38,0
161.533,434.683,0.00230053,0.782785757731193,-0.24489624,43.824,3.631,242,239.596,65.467,34.506,0
36.345,309.495,0.00323107,0.001484487151139424,-6.51268592,37.482,8.507,468,206.596,59.47,65.549,0
116.138,389.288,0.00256879,0.1284994687764354,-2.05183051,39.491,13.011,304,275.048,58.435,224.537,0
45.921,319.071,0.0031341,0.00285260255823924,-5.85952352,37.576,1.749,1150,49.12,63.348,143.185,0
94.039,367.189,0.00272339,0.04535820140842751,-3.09316427,45.147,14.108,109,162.799,61.097,84.888,0
128.427,401.577,0.00249018,0.21819977471272,-1.52234424,39.315,7.066,869,173.245,46.735,198.309,0
77.603,350.753,0.00285101,0.01920205643122288,-3.9527379,39.669,1.7,921,155.432,53.99,68.837,0
87.769,360.919,0.0027707,0.03298052936277618,-3.41183791,44.092,7.398,1104,124.233,45.195,110.665,0
132.595,405.745,0.0024646,0.2592286313493714,-1.35004486,43.074,8.126,116,107.287,51.882,230.254,0
42.803,315.953,0.00316503,0.002316147765849956,-6.06784992,40.351,13.813,518,211.668,58.051,166.88,0
92.17,365.32,0.00273733,0.04129507260287906,-3.18701209,37.813,13.154,261,133.364,61.532,81.212,0
69.253,342.403,0.00292054,0.0120217306875749,-4.42103938,38.515,11.965,219,262.6,53.132,159.473,0
130.871,404.021,0.00247512,0.241501031987804,-1.42088153,46.007,9.669,501,97.595,59.927,200.013,0
121.798,394.948,0.00253198,0.1646605102601766,-1.80386944,36.994,2.616,643,81.011,54.651,206.749,0
54.286,327.436,0.00305403,0.004891658819898986,-5.32022381,43.792,12.564,741,94.445,55.113,115.463,0
93.601,366.751,0.00272665,0.04437532587774133,-3.11507169,38.304,13.861,282,45.951,59.478,103.289,0
31.573,304.723,0.00328167,0.001055752389596932,-6.8535016,39.468,5.572,245,149.605,58.298,100.044,0
45.975,319.125,0.00313357,0.002862810560916812,-5.85595142,37.253,6.616,538,166.754,62.432,160.717,0
163.205,436.355,0.00229171,0.8306709718676487,-0.1855215,49.204,14.996,1198,204.654,59.811,195.845,0
63.35,336.5,0.00297177,0.008513296635351086,-4.76612603,44.173,12.758,424,143.926,54.727,239.091,0
63.96,337.11,0.00296639,0.008827302504095346,-4.7299058,39.423,13.951,139,11.384,50.151,213.995,0
137.47,410.62,0.00243534,0.3157017825066997,-1.15295724,45.441,3.095,104,159.185,59.705,58.549,0
73.653,346.803,0.00288348,0.01542973030883051,-4.17145909,42.865,4.83,776,143.703,44.801,208.812,0
163.976,437.126,0.00228767,0.8535976067282576,-0.15829538,43.871,6.36,444,122.997,47.662,137.035,0
152.675,425.825,0.00234838,0.5670924008020377,-0.56723302,48.24,10.709,829,275.057,46.768,68.963,0
101.262,374.412,0.00267085,0.0646165877885778,-2.73928412,38.018,10.559,1005,229.361,50.17,189.88,0
122.071,395.221,0.00253023,0.166611750644273,-1.79208902,37.882,13.677,584,114.89,54.565,113.411,0
45.113,318.263,0.00314206,0.002703744845071218,-5.91311749,38.911,9.869,373,21.954,57.363,83.667,0
157.296,430.446,0.00232317,0.6720499039815706,-0.39742268,49.562,5.269,822,145.669,58.052,163.156,1
126.371,399.521,0.002503,0.2001555409556576,-1.60866051,45.892,13.483,653,250.636,57.694,99.501,0
118.707,391.857,0.00255195,0.143934571621003,-1.93839645,41.147,6.219,966,176.324,51.302,148.732,0
67.203,340.353,0.00293813,0.01067848035108756,-4.53952474,36.389,14.189,652,240.401,45.188,85.805,0
148.067,421.217,0.00237407,0.4769823535679947,-0.74027578,43.28,6.28,219,22.451,52.038,16.345,0
63.202,336.352,0.00297308,0.00843864363798055,-4.77493369,42.793,4.831,1177,160.634,61.103,105.756,0
159.4,432.55,0.00231187,0.7251998966534654,-0.32130794,46.253,6.645,313,230.982,48.609,46.83,0
72.553,345.703,0.00289266,0.01450504797918668,-4.23325855,44.512,11.985,624,163.039,55.519,41.479,0
138.296,411.446,0.00243045,0.3262712388079453,-1.12002622,40.517,9.769,484,238.038,49.446,221.209,0
89.103,362.253,0.0027605,0.03532680234098702,-3.34311333,35.66,12.685,215,70.996,51.172,181.479,0
160.797,433.947,0.00230443,0.7624811323021508,-0.27117752,43.062,14.861,770,220.625,65.842,124.191,0
153.229,426.379,0.00234533,0.5788680581543317,-0.54668071,47.149,7.893,853,138.57,62.839,48.399,0
70.675,343.825,0.00290846,0.01304068829637576,-4.33968094,35.746,6.257,264,96.81,53.695,60.873,0
80.375,353.525,0.00282865,0.02232241391568781,-3.802164,35.942,3.018,1172,283.523,59.507,63.708,0
168.267,441.417,0.00226543,0.9915300040977327,-0.00850607,49.244,2.247,724,265.372,47.303,49.382,1
60.112,333.262,0.00300064,0.007008650717310074,-4.96061008,40.572,14.764,834,276.043,64.182,36.607,0
153.84,426.99,0.00234198,0.5921024249080477,-0.52407564,47.716,12.774,274,201.296,49.102,132.649,0
78.21,351.36,0.00284608,0.01984977229870664,-3.91956274,41.978,4.478,614,128.066,51.047,65.234,0
30.244,303.394,0.00329604,0.00095832141755777,-6.95032733,41.925,14.581,628,42.653,47.7,246.229,0
39.471,312.621,0.00319876,0.001845384303898937,-6.29506773,36.012,7.482,785,163.488,54.727,51.846,0
91.073,364.223,0.00274557,0.03906438260663199,-3.24254416,39.185,9.374,815,103.832,53.903,205.264,0
121.445,394.595,0.00253424,0.1621673974547236,-1.81912616,46.029,9.146,1053,288.008,60.092,147.097,0
109.559,382.709,0.00261295,0.09543883512879484,-2.34926971,38.505,8.016,764,133.887,51.352,111.655,0
84.426,357.576,0.00279661,0.02770024159518786,-3.58631414,44.143,13.221,842,191.926,53.767,28.043,0
64.193,337.343,0.00296434,0.008949966965653042,-4.71610544,39.131,13.815,387,76.895,65.941,96.567,0
110.426,383.576,0.00260705,0.09931202805350375,-2.30948859,37.614,7.751,1104,221.982,55.168,23.19,0
85.783,358.933,0.00278604,0.02974487634421077,-3.51509839,41.681,8.418,434,102.196,51.69,131.087,0
91.936,365.086,0.00273908,0.04080994067046576,-3.19882958,39.859,2.819,1175,124.112,46.764,124.061,0
159.41,432.56,0.00231182,0.7254610113050534,-0.32094795,50.171,8.623,914,162.469,47.596,153.823,1
134.827,407.977,0.00245112,0.2838740926671972,-1.25922447,42.045,10.94,972,93.998,62.631,239.151,0
46.736,319.886,0.00312611,0.003010227778415129,-5.80573953,42.228,14.587,956,160.232,47.121,56.473,0
150.602,423.752,0.00235987,0.5248650831155028,-0.64461403,47.637,10.153,112,215.76,51.814,225.697,0
161.386,434.536,0.00230131,0.7786931318098126,-0.25013824,41.846,8.921,293,71.626,64.285,133.556,0
160.128,433.278,0.00230799,0.744424528121748,-0.2951438,44.207,6.588,589,43.342,64.089,12.273,0
109.723,382.873,0.00261183,0.09616104199313535,-2.34173097,44.774,11.174,394,51.042,46.579,87.937,0
42.235,315.385,0.00317073,0.002228907170295046,-6.10624387,39.524,12.812,791,250.385,63.83,239.377,0
117.105,390.255,0.00256243,0.1341284442872455,-2.0089574,36.455,3.989,296,41.002,60.931,148.971,0
164.257,437.407,0.0022862,0.8620893423507697,-0.14839637,50.792,8.218,764,210.044,65.124,30.573,1
26.546,299.696,0.00333671,0.0007286855297642989,-7.22426829,41.682,1.384,655,266.778,54.306,203.899,0
58.382,331.532,0.0030163,0.006307119718040165,-5.06607617,36.103,9.937,967,190.687,48.282,82.884,0
148.389,421.539,0.00237226,0.4828443786560998,-0.72806087,38.971,10.263,449,220.901,50.396,222.148,0
146.559,419.709,0.0023826,0.4503499046979762,-0.79773043,45.975,4.147,735,269.247,66.318,56.613,1
115.002,388.152,0.00257631,0.1221544173105571,-2.10246932,40.817,3.865,733,97.342,46.133,97.332,0
95.816,368.966,0.00271028,0.04954778326653848,-3.00481776,44.783,8.14,617,76.836,51.214,207.063,0
59.799,332.949,0.00300346,0.006876741866847186,-4.97961031,43.789,2.602,759,120.303,60.88,243.301,0
69.599,342.749,0.00291759,0.01226284702423668,-4.40118115,43.565,4.909,704,102.822,66.114,8.555,0
142.485,415.635,0.00240596,0.3847990520721463,-0.95503402,45.824,14.232,511,65.525,62.54,198.701,0
66.781,339.931,0.00294177,0.01041932773282977,-4.56409276,39.691,13.342,153,214.388,45.375,247.877,0
130.556,403.706,0.00247705,0.2383798667508902,-1.4338898,46.445,13.505,662,47.696,64.068,204.809,0
79.337,352.487,0.00283698,0.02110447108959874,-3.85827036,36.531,13.322,761,245.589,51.671,5.086,0
105.663,378.813,0.00263982,0.07963671448369568,-2.53028006,41.718,2.796,387,243.131,45.371,44.227,0
125.807,398.957,0.00250654,0.1954414942169302,-1.63249421,42.163,2.139,273,221.964,46.789,55.125,0
125.178,398.328,0.00251049,0.190299847932014,-1.6591543,38.105,5.962,1048,109.752,59.739,9.171,0
132.491,405.641,0.00246523,0.2581276615412172,-1.354301,43.51,14.361,391,55.163,53.522,21.644,0
92.75,365.9,0.00273299,0.04251977393098882,-3.15778604,43.217,13.42,791,76.332,51.912,195.751,0
33.389,306.539,0.00326223,0.001203462582565187,-6.72255239,37.257,12.396,469,76.502,49.508,232.361,0
150.579,423.729,0.00236,0.5244124292467963,-0.64547683,49.161,4.496,228,233.467,58.936,9.73,1
130.685,403.835,0.00247626,0.2396537392502046,-1.42856015,41.43,7.383,517,277.966,57.985,207.208,0
114.991,388.141,0.00257638,0.1220943578076538,-2.10296111,41.695,1.011,420,179.181,65.367,102.154,0
31.2,304.35,0.00328569,0.001027536019646123,-6.88059156,44.23,9.278,1106,134.26,52.971,96.868,0
111.216,384.366,0.00260169,0.1029618473920539,-2.27339677,37.211,6.119,322,140.675,55.224,179.414,0
119.777,392.927,0.002545,0.1508320659065303,-1.89158821,37.923,5.019,679,164.358,45.544,126.448,0
65.151,338.301,0.00295595,0.009470592756046331,-4.65956378,36.756,14.521,1023,107.203,61.427,111.496,0
153.095,426.245,0.00234607,0.5760003871320059,-0.55164695,46.362,11.352,298,137.893,60.448,140.79,0
169.621,442.771,0.0022585,1.038893783829545,0.03815648,48.771,10.069,855,274.688,64.838,74.02,1
75.262,348.412,0.00287017,0.01687763031295301,-4.08176618,42.576,13.789,1133,32.63,56.606,10.077,0
133.031,406.181,0.00246196,0.263889317397651,-1.33222552,44.245,1.919,722,80.406,55.405,185.145,0
135.816,408.966,0.00244519,0.29543723181255,-1.21929888,40.768,10.413,942,51.322,55.952,234.896,0
158.493,431.643,0.00231673,0.7018547747893001,-0.35402877,41.191,10.56,113,216.822,50.806,15.128,0
147.739,420.889,0.00237592,0.471075210680635,-0.75273751,42.285,4.98,449,233.567,48.668,83.869,0
94.042,367.192,0.00272337,0.04536499977781215,-3.0930144,40.663,1.383,298,156.568,52.52,229.644,0
130.939,404.089,0.0024747,0.2421795076691463,-1.41807606,40.897,11.438,795,121.514,63.654,239.223,0
54.157,327.307,0.00305524,0.004852160117550516,-5.32833129,42.642,11.181,927,19.777,54.312,26.247,0
56.264,329.414,0.00303569,0.005534775777903302,-5.19670422,38.206,6.079,924,193.23,55.106,238.331,0
54.916,328.066,0.00304817,0.00508876184355573,-5.28072073,39.152,14.984,627,135.191,47.162,94.269,0
80.87,354.02,0.0028247,0.02292507631009534,-3.77552393,42.872,10.713,107,263.019,58.069,200.278,0
25.189,298.339,0.00335189,0.0006578750171507095,-7.32649559,42.412,12.078,370,131.763,46.851,233.282,0
75.901,349.051,0.00286491,0.01748564789590053,-4.04637485,42.374,4.937,561,162.936,59.646,211.196,0
78.925,352.075,0.0028403,0.02063778510555866,-3.88063165,42.064,2.037,917,267.964,52.852,249.342,0
164.421,437.571,0.00228534,0.8670792641038506,-0.14262488,48.683,1.236,511,178.969,61.111,90.487,1
110.593,383.743,0.00260591,0.1000738700603092,-2.30184667,41.769,8.09,1148,86.548,66.86,62.454,0
58.532,331.682,0.00301494,0.006365336696891587,-5.05688815,44.068,3.182,343,193.302,46.301,244.708,0
77.469,350.619,0.0028521,0.01906164547284673,-3.96007705,40.212,6.464,100,254.171,55.078,17.421,0
26.241,299.391,0.00334011,0.0007121911494581827,-7.24716421,38.222,1.356,906,94.551,65.439,106.847,0
39.324,312.474,0.00320027,0.001826774105611776,-6.30520365,43.079,4.611,305,21.218,48.0,102.479,0
137.053,410.203,0.00243782,0.3104809929343002,-1.16963259,47.277,14.946,1070,38.521,56.79,188.868,0
52.037,325.187,0.00307515,0.004242969021712939,-5.46249201,39.707,11.706,1181,46.166,58.244,198.864,0
58.786,331.936,0.00301263,0.006465023016307515,-5.04134871,37.56,12.974,735,266.04,47.756,248.942,0
138.928,412.078,0.00242673,0.3345667857769524,-1.09491876,42.026,1.971,1179,136.659,45.924,132.525,0
66.491,339.641,0.00294429,0.01024452985040654,-4.58101139,38.045,12.73,176,147.144,58.344,45.139,0
39.05,312.2,0.00320307,0.001792539521701932,-6.32412194,37.973,11.862,112,232.356,59.552,112.974,0
130.634,403.784,0.00247657,0.2391494009451216,-1.43066681,38.22,7.75,734,268.417,52.774,20.402,0
164.95,438.1,0.00228258,0.8833464745897701,-0.12403777,44.918,6.612,1058,208.164,60.034,189.156,0
47.211,320.361,0.00312148,0.003105690351520335,-5.77451925,37.078,9.746,986,159.429,55.668,44.008,0
121.894,395.044,0.00253136,0.1653443487921773,-1.79972502,44.376,13.723,1021,201.881,53.456,142.559,0
70.714,343.864,0.00290813,0.01306969521040646,-4.33745907,44.836,3.183,363,188.381,62.035,192.521,0
71.296,344.446,0.00290321,0.01350950552858247,-4.30436173,44.723,12.766,618,18.398,52.603,130.442,0
148.74,421.89,0.00237029,0.4893060551890699,-0.71476711,43.786,7.015,626,178.214,52.037,39.606,0
109.137,382.287,0.00261584,0.09360252751112373,-2.36869789,41.085,8.742,669,144.621,55.04,114.65,0
43.196,316.346,0.0031611,0.002378308428826994,-6.04136579,44.819,7.449,255,244.553,57.078,227.27,0
139.835,412.985,0.0024214,0.3467952778287844,-1.05902065,38.144,14.739,741,251.763,66.361,38.324,0
108.454,381.604,0.00262052,0.09069680564497444,-2.40023314,44.584,8.342,1197,130.092,59.868,6.697,0
86.716,359.866,0.00277881,0.03122782190631366,-3.46644585,39.806,4.171,994,216.834,55.375,184.39,0
30.126,303.276,0.00329733,0.0009500790533315974,-6.95896536,40.728,7.387,539,164.285,52.243,166.449,0
70.356,343.506,0.00291116,0.01280558813776467,-4.35787363,43.875,10.01,127,90.362,66.024,176.727,0
102.429,375.579,0.00266256,0.06833139689980312,-2.68338593,38.919,9.922,789,104.069,60.473,34.185,0
140.759,413.909,0.00241599,0.3596544835760427,-1.02261148,46.848,7.207,900,89.061,66.342,117.844,0
89.075,362.225,0.00276072,0.0352760638101704,-3.34455062,40.13,14.133,1140,17.862,52.768,173.077,0
36.092,309.242,0.00323371,0.001458289506251186,-6.5304911,42.639,5.891,580,235.928,61.614,156.825,0
106.086,379.236,0.00263688,0.08123189938889003,-2.51044726,44.67,1.743,329,21.969,64.113,225.057,0
163.249,436.399,0.00229148,0.831964792327883,-0.18396516,43.746,9.902,486,259.769,47.159,109.501,0
119.082,392.232,0.00254951,0.1463195102568562,-1.92196262,40.904,4.792,455,210.604,48.788,91.96,0
78.079,351.229,0.00284715,0.0197083524180663,-3.92671275,39.088,11.991,190,286.69,45.626,225.977,0
91.69,364.84,0.00274093,0.04030541534642666,-3.21126944,40.849,2.97,655,247.088,46.495,85.117,0
37.344,310.494,0.00322067,0.001592160189616471,-6.44266358,42.704,5.336,233,151.029,59.375,137.095,0
91.852,365.002,0.00273971,0.04063703422624997,-3.20307546,38.881,8.894,302,189.681,51.443,162.428,0
26.133,299.283,0.00334132,0.0007064325641218723,-7.25528281,44.605,2.862,727,267.446,52.334,232.297,0
88.251,361.401,0.00276701,0.03381171798601773,-3.38694785,38.139,14.734,1091,104.369,66.298,229.994,0
138.604,411.754,0.00242863,0.3302911702202398,-1.10778068,44.549,13.429,674,234.219,47.479,198.027,0
51.984,325.134,0.00307565,0.004228667073610894,-5.46586845,42.527,5.744,1172,68.113,45.096,244.277,0
148.655,421.805,0.00237076,0.487734360678706,-0.71798436,43.26,6.618,1170,161.166,46.975,156.986,0
100.307,373.457,0.00267768,0.0617113358855618,-2.78528764,36.389,6.144,278,106.64,52.979,79.208,0
138.266,411.416,0.00243063,0.3258819921946485,-1.12121995,38.427,4.496,243,144.242,52.396,129.355,0
124.79,397.94,0.00251294,0.1871880278790891,-1.67564167,43.202,7.647,596,123.159,53.516,160.996,0
113.259,386.409,0.00258793,0.1129573567013985,-2.18074491,39.749,13.184,1149,257.966,62.144,222.161,0
168.907,442.057,0.00226215,1.013678412066641,0.01358571,45.885,8.705,598,226.005,61.513,40.335,0
107.195,380.345,0.00262919,0.08554950397226449,-2.45866008,40.113,2.117,1193,45.643,51.665,173.792,0
101.329,374.479,0.00267038,0.06482490191100344,-2.73606546,36.043,1.01,222,119.165,60.896,118.226,0
96.958,370.108,0.00270191,0.05241884508144201,-2.94848911,37.662,7.901,518,289.53,56.074,195.436,0
45.582,318.732,0.00313743,0.002789268167827187,-5.88197602,40.204,10.895,687,278.743,58.489,178.806,0
141.686,414.836,0.00241059,0.3729738102298617,-0.98624708,43.561,2.558,448,183.804,64.667,245.421,0
86.225,359.375,0.00278261,0.03043937694855843,-3.49201821,36.54,1.276,1132,287.973,45.577,143.009,0
45.147,318.297,0.00314172,0.00270986404894285,-5.91085681,37.281,6.278,877,129.207,48.73,19.116,0
107.12,380.27,0.00262971,0.08525122079110319,-2.46215284,41.421,5.181,567,50.84,55.312,12.587,0
150.919,424.069,0.00235811,0.5311387197206552,-0.63273205,42.697,11.814,605,194.318,64.708,203.503,0
50.864,324.014,0.00308629,0.003936442743392064,-5.53747782,41.307,7.911,433,108.265,53.203,160.32,0
129.972,403.122,0.00248064,0.2326871353313487,-1.45806049,42.928,11.687,604,23.293,45.365,56.662,0
130.687,403.837,0.00247625,0.2396735362822544,-1.42847755,44.899,10.419,243,119.992,46.34,92.859,0
145.373,418.523,0.00238935,0.4303279117461858,-0.84320778,47.549,13.691,852,298.606,60.282,123.352,0
88.051,361.201,0.00276854,0.03346458333615499,-3.39726761,38.192,5.645,1162,247.947,50.408,218.083,0
157.969,431.119,0.00231955,0.6886684833173823,-0.37299528,42.366,13.702,723,236.886,60.672,120.762,0
75.915,349.065,0.0028648,0.0174991860873312,-4.04560091,35.357,14.785,493,60.139,52.184,62.837,0
98.199,371.349,0.00269288,0.05570584814708523,-2.88767014,38.635,5.379,401,246.084,50.844,78.614,0
77.439,350.589,0.00285234,0.01903033648661215,-3.96172092,41.11,12.879,413,66.419,64.501,224.083,0
167.372,440.522,0.00227003,0.9612625619454185,-0.03950769,42.731,13.978,1110,104.295,58.916,76.073,0
35.526,308.676,0.00323964,0.001401195153590908,-6.57042973,38.85,10.971,1078,153.257,57.434,191.739,0
67.9,341.05,0.00293212,0.01111922260372341,-4.4990799,36.095,3.845,861,295.172,54.008,39.139,0
138.039,411.189,0.00243197,0.3229498810911845,-1.13025813,47.749,9.214,969,57.336,45.779,105.273,0
76.438,349.588,0.00286051,0.01801171505056761,-4.0167329,44.669,10.999,616,23.168,46.77,241.348,0
85.875,359.025,0.00278532,0.02988825501068709,-3.51028968,42.624,11.79,1165,221.082,63.739,68.178,0
120.054,393.204,0.00254321,0.1526645769233421,-1.87951207,45.722,8.891,830,298.564,59.524,41.535,0
148.436,421.586,0.002372,0.4837052653159202,-0.72627951,41.155,14.985,680,255.912,58.063,206.298,0
151.379,424.529,0.00235555,0.5403589649349894,-0.61552161,44.727,2.515,177,169.403,49.356,187.823,0
134.194,407.344,0.00245493,0.2766837215273096,-1.28488022,46.135,10.756,724,17.436,50.601,217.842,0
82.883,356.033,0.00280873,0.02552872932662042,-3.66795082,36.854,13.464,370,268.253,60.331,22.464,0
105.191,378.341,0.00264312,0.07788961723550349,-2.55246262,44.294,11.073,1087,99.293,45.235,42.19,0
74.257,347.407,0.00287847,0.01595964374521962,-4.13769201,36.713,11.034,802,108.887,45.586,54.392,0
123.86,397.01,0.00251883,0.1799112592272117,-1.71529155,45.013,2.242,206,137.846,58.115,198.593,0
115.51,388.66,0.00257294,0.1249567115605189,-2.07978791,43.102,12.831,580,217.233,45.437,78.403,0
164.403,437.553,0.00228544,0.8665303648821239,-0.14325813,46.268,5.317,1127,159.062,59.708,189.435,0
114.352,387.502,0.00258063,0.1186499716795476,-2.13157753,41.484,5.256,156,43.279,52.798,37.326,0
115.673,388.823,0.00257186,0.1258678449565636,-2.07252277,45.843,5.057,1068,255.27,53.847,248.727,0
54.317,327.467,0.00305374,0.004901193910494757,-5.31827645,35.114,9.431,679,127.285,65.533,60.391,0
81.375,354.525,0.00282068,0.02355487802285747,-3.74842235,41.182,1.853,963,171.5,57.189,69.275,0
102.099,375.249,0.0026649,0.06726216679200533,-2.69915736,42.431,7.694,665,36.332,60.741,179.122,0
160.51,433.66,0.00230595,0.7546886786914248,-0.28144996,43.025,14.181,853,133.436,49.413,114.154,0
128.802,401.952,0.00248786,0.2216410780571565,-1.50669597,37.106,5.634,353,137.354,61.577,243.007,0
101.638,374.788,0.00266818,0.06579337899722884,-2.72123607,40.524,2.801,533,53.648,54.41,86.792,0
81.804,354.954,0.00281727,0.0241020110997129,-3.72545999,43.201,13.38,979,111.399,55.846,85.898,0
29.328,302.478,0.00330603,0.0008960101546873743,-7.01755881,37.087,4.572,1187,200.403,47.372,16.651,0
72.85,346.0,0.00289017,0.01474967877973562,-4.21653397,41.173,7.873,111,81.956,58.512,232.619,0
67.695,340.845,0.00293388,0.01098792569262022,-4.51095827,42.01,4.374,408,252.111,55.602,151.182,0
124.302,397.452,0.00251603,0.1833379581806107,-1.69642406,39.659,12.332,816,118.569,55.005,213.16,0
62.347,335.497,0.00298065,0.008018788664249852,-4.82596791,36.017,11.032,363,119.799,52.991,120.701,0
67.516,340.666,0.00293543,0.01087442246081627,-4.52134181,41.124,8.139,1027,260.394,60.354,54.302,0
169.548,442.698,0.00225888,1.036290984499017,0.03564798,47.273,7.399,838,119.144,62.344,30.888,1
130.54,403.69,0.00247715,0.2382222832372727,-1.43455108,47.116,8.143,626,296.137,60.91,233.56,0
65.336,338.486,0.00295433,0.009574213815384421,-4.64868186,38.639,5.185,902,297.898,64.55,7.789,0
135.009,408.159,0.00245003,0.2859716298731385,-1.25186267,41.469,6.325,192,200.104,51.047,204.897,0
67.453,340.603,0.00293597,0.01083472583424891,-4.52499895,44.962,7.011,288,157.962,52.749,43.244,0
135.586,408.736,0.00244657,0.2927118330447233,-1.22856666,46.292,6.889,749,173.493,62.379,113.906,0
67.04,340.19,0.00293953,0.01057770217226429,-4.54900706,43.943,12.587,163,131.017,64.405,5.332,0
57.887,331.037,0.00302081,0.006118393535101823,-5.09645571,37.857,7.04,607,171.256,63.658,209.288,0
169.233,442.383,0.00226048,1.025124566635204,0.02481413,51.63,14.479,163,76.957,50.024,69.062,0
64.641,337.791,0.00296041,0.009190138020980402,-4.68962432,42.418,10.784,1037,182.411,45.097,228.207,0
131.641,404.791,0.00247041,0.2492824271587595,-1.38916878,42.81,10.283,596,177.732,46.997,52.779,0
98.013,371.163,0.00269423,0.05520179941821567,-2.89675973,38.369,13.003,683,118.254,49.367,84.629,0
64.198,337.348,0.0029643,0.008952615977278755,-4.7158095,37.648,1.567,1013,173.254,60.7,9.871,0
96.567,369.717,0.00270477,0.05141960085159825,-2.96773584,37.868,8.193,1128,113.17,53.533,66.79,0
64.444,337.594,0.00296214,0.00908382187831698,-4.70126026,40.473,2.295,322,223.025,56.587,201.669,0
69.684,342.834,0.00291686,0.01232274147736642,-4.39630882,39.63,12.614,311,24.171,49.414,198.992,0
116.192,389.342,0.00256844,0.1288082081611992,-2.04943074,37.072,6.982,277,221.636,48.591,163.819,0
115.492,388.642,0.00257306,0.1248564542068062,-2.08059057,40.797,9.661,158,11.053,63.428,183.762,0
98.771,371.921,0.00268874,0.0572816930670422,-2.8597742,38.635,8.159,107,33.582,46.9,227.014,0
61.935,335.085,0.00298432,0.007823268691466724,-4.85065282,44.825,9.036,694,23.756,63.909,7.664,0
59.438,332.588,0.00300672,0.006727385356639018,-5.00156872,40.117,4.359,1137,164.648,64.76,230.794,0
49.286,322.436,0.00310139,0.003555660158855408,-5.63921453,44.373,12.908,211,97.96,56.593,103.937,0
50.987,324.137,0.00308512,0.003967617907677171,-5.52958939,41.709,1.466,1089,115.419,45.008,62.454,0
39.596,312.746,0.00319748,0.001861344426855545,-6.28645624,41.026,6.004,879,174.437,63.887,50.884,0
158.001,431.151,0.00231937,0.6894675140003443,-0.3718357,42.125,8.679,447,69.207,65.157,98.89,0
155.918,429.068,0.00233063,0.6391104168328555,-0.44767804,45.501,13.553,419,295.059,45.186,153.537,0
168.55,441.7,0.00226398,1.00127134049191,0.00127053,48.132,11.263,421,63.291,58.129,22.909,0
46.67,319.82,0.00312676,0.002997175773817806,-5.81008484,44.36,14.51,172,83.254,51.353,139.27,0
100.477,373.627,0.00267647,0.06221984204274304,-2.77708133,39.68,9.26,498,23.677,61.875,55.398,0
81.006,354.156,0.00282361,0.02309318602107248,-3.76821768,42.106,5.461,1012,192.41,56.228,15.416,0
125.292,398.442,0.00250978,0.1912227728273283,-1.65431618,40.102,13.577,1152,14.971,57.232,120.354,0
121.745,394.895,0.00253232,0.1642840450576015,-1.80615837,37.892,10.055,743,240.243,46.432,90.41,0
99.948,373.098,0.00268026,0.06064961374558915,-2.80264201,45.213,9.872,303,135.265,59.416,219.707,0
110.689,383.839,0.00260526,0.1005141551557216,-2.29745671,45.938,13.436,820,107.68,56.901,70.91,0
165.056,438.206,0.00228203,0.8866378029472468,-0.12031872,41.803,2.834,829,226.442,64.56,241.79,0
55.283,328.433,0.00304476,0.005206859031862898,-5.25777848,39.912,14.486,1066,84.29,53.879,241.136,0
50.011,323.161,0.00309443,0.003726264569802577,-5.592349,42.883,10.387,770,46.802,65.779,92.566,0
52.922,326.072,0.00306681,0.004488332096677087,-5.40627412,41.992,12.323,974,159.792,59.623,168.948,0
132.333,405.483,0.00246619,0.256462904320647,-1.36077125,40.746,10.995,841,169.905,61.143,187.236,0
156.768,429.918,0.00232602,0.6592577788028272,-0.41664065,46.447,13.561,166,163.938,52.596,121.348,0
86.821,359.971,0.002778,0.03139877884803815,-3.46098628,37.302,10.694,426,149.44,46.011,249.588,0
119.206,392.356,0.00254871,0.1471157752925143,-1.91653542,39.669,2.069,703,178.713,64.027,241.269,0
112.32,385.47,0.00259424,0.1082613110441109,-2.22320743,43.716,1.937,575,99.927,58.779,167.401,0
107.624,380.774,0.00262623,0.0872735448587089,-2.4387079,42.424,12.6,810,151.7,50.752,243.135,0
130.234,403.384,0.00247903,0.2352260914433346,-1.44720814,40.856,9.694,787,225.498,53.166,10.663,0
129.714,402.864,0.00248223,0.2302105481530108,-1.46876096,39.784,3.621,444,179.004,60.953,54.37,0
153.973,427.123,0.00234125,0.5950179909990425,-0.51916364,41.211,2.604,300,40.182,65.116,106.113,0
76.638,349.788,0.00285887,0.01821123947299301,-4.00571632,38.634,9.346,855,90.27,51.091,93.525,0
130.997,404.147,0.00247435,0.2427595324630287,-1.4156839,39.367,1.367,334,139.333,44.949,43.018,0
83.71,356.86,0.00280222,0.0266728705988095,-3.62410831,36.808,14.449,211,152.162,50.996,239.884,0
92.185,365.335,0.00273721,0.04132634543146137,-3.18625508,42.726,6.993,946,131.431,55.982,249.505,0
165.984,439.134,0.00227721,0.9159109517594141,-0.08783613,50.193,5.909,985,71.567,58.397,249.738,1
75.761,348.911,0.00286606,0.01735078143432972,-4.05411773,44.448,14.05,852,208.936,57.549,53.213,0
118.842,391.992,0.00255107,0.1447891623637121,-1.93247665,37.34,7.299,871,125.619,48.718,144.239,0
112.489,385.639,0.0025931,0.1090935161028675,-2.21554982,41.776,12.918,669,275.76,46.105,186.464,0
63.646,336.796,0.00296916,0.00866438852998468,-4.74853393,35.596,14.686,461,171.277,49.971,112.865,0
127.106,400.256,0.0024984,0.2064490885432778,-1.57770144,41.197,13.453,732,164.988,65.812,209.295,0
166.146,439.296,0.00227637,0.9211063735016203,-0.08217975,47.98,12.454,581,295.084,65.633,91.722,0
74.521,347.671,0.00287628,0.01619634410502946,-4.12296973,38.072,10.976,996,263.492,60.073,152.261,0
69.94,343.09,0.00291469,0.01250472018354403,-4.38164909,43.366,14.196,359,207.784,49.662,60.259,0
57.409,330.559,0.00302518,0.005940997288920708,-5.12587827,36.087,11.624,100,107.308,62.258,140.8,0
139.713,412.863,0.00242211,0.3451279359421543,-1.0638401,42.218,8.233,225,28.438,66.806,186.228,0
84.324,357.474,0.00279741,0.02755175669024723,-3.59168898,44.816,11.123,322,169.645,46.583,100.079,0
133.296,406.446,0.00246035,0.266757938035363,-1.32141363,39.738,4.449,534,116.17,53.0,249.92,0
115.483,388.633,0.00257312,0.124806352219182,-2.08099193,42.492,3.985,459,80.874,46.442,147.65,0
137.233,410.383,0.00243675,0.3127251962649878,-1.16243044,45.628,7.908,1032,245.977,56.987,229.185,0
167.007,440.157,0.00227192,0.949151358040389,-0.052187,47.073,11.398,335,280.714,57.948,210.299,0
154.305,427.455,0.00233943,0.6023507128007056,-0.50691542,48.464,14.461,247,29.104,54.597,89.06,0
131.367,404.517,0.00247208,0.2464885490860444,-1.40043974,44.652,13.938,629,40.75,45.756,15.215,0
58.997,332.147,0.00301072,0.006548901009110502,-5.02845803,44.453,6.296,542,57.574,65.517,95.203,0
142.149,415.299,0.0024079,0.3797867836771909,-0.96814528,41.574,1.993,115,47.91,53.224,46.613,0
83.816,356.966,0.00280139,0.02682278609923676,-3.61850353,40.92,4.741,484,112.247,58.714,159.546,0
127.161,400.311,0.00249806,0.2069269703011541,-1.57538935,40.473,11.388,344,231.713,60.877,196.848,0
43.983,317.133,0.00315325,0.002507353477222852,-5.98852747,36.369,10.483,685,20.558,62.007,154.405,0
149.853,423.003,0.00236405,0.5102985910651417,-0.67275925,40.506,13.445,386,274.645,45.825,126.452,0
141.975,415.125,0.00240891,0.3772137114542133,-0.97494338,45.032,13.129,1102,156.08,48.373,78.411,0
54.245,327.395,0.00305441,0.004879073615323973,-5.32279991,39.809,1.433,385,77.098,56.137,67.805,0
84.704,357.854,0.00279444,0.02810857379039326,-3.57168063,36.636,2.012,245,112.38,48.213,83.35,0
49.244,322.394,0.00310179,0.003545996841318504,-5.64193596,40.873,6.91,543,137.958,54.64,187.814,0
121.048,394.198,0.0025368,0.1594033950031228,-1.83631721,41.118,12.552,512,160.576,55.186,249.5,0
122.632,395.782,0.00252664,0.1706856158210075,-1.76793192,43.605,13.761,1100,217.496,52.739,156.238,0
63.154,336.304,0.0029735,0.008414558710620305,-4.77779189,41.97,1.731,249,284.676,66.16,113.796,0
80.727,353.877,0.00282584,0.02274949581779991,-3.7832123,44.574,14.797,368,114.421,61.588,122.473,0
31.429,304.579,0.00328322,0.001044776744171,-6.86395206,40.331,1.619,830,291.166,53.584,52.092,0
80.468,353.618,0.00282791,0.02243454761554546,-3.7971532,41.023,14.185,360,125.323,61.637,238.935,0
75.348,348.498,0.00286946,0.01695834097167261,-4.07699547,39.994,7.794,132,97.891,51.751,38.549,0
80.814,353.964,0.00282515,0.02285617357468581,-3.77853402,42.929,7.895,179,11.815,56.01,110.283,0
138.603,411.753,0.00242864,0.3302780484706773,-1.10782041,41.291,4.646,116,180.954,63.6,237.563,0
42.609,315.759,0.00316697,0.002286008913489428,-6.08094781,36.952,10.845,1124,57.176,52.326,108.102,0
121.139,394.289,0.00253621,0.1600332556960239,-1.83237364,39.449,3.198,859,78.328,46.765,121.919,0
162.482,435.632,0.00229552,0.8096605651035815,-0.21114017,46.59,9.674,310,157.846,53.792,55.157,0
100.91,374.06,0.00267337,0.06353190493206916,-2.75621306,42.075,14.305,699,104.963,59.374,183.325,0
84.17,357.32,0.00279861,0.02732892137035883,-3.59980975,43.004,14.35,320,232.681,47.688,143.243,0
53.597,326.747,0.00306047,0.004684009644562839,-5.36360077,35.524,8.272,201,257.012,51.831,220.157,0
122.924,396.074,0.00252478,0.1728406429012876,-1.75538525,38.327,13.491,328,15.967,54.955,144.091,0
81.966,355.116,0.00281598,0.02431155986975541,-3.71680333,41.214,7.188,1005,48.35,53.514,86.846,0
25.257,298.407,0.00335113,0.0006612683693214005,-7.3213508,37.943,6.929,929,70.431,60.001,175.455,0
165.057,438.207,0.00228203,0.8866689039389387,-0.12028364,45.387,13.461,1081,53.586,61.612,216.884,0
26.445,299.595,0.00333784,0.0007231853132787622,-7.23184506,43.085,8.691,473,278.089,60.112,148.314,0
111.186,384.336,0.00260189,0.1028211057662487,-2.27476464,40.404,1.875,353,143.376,49.254,98.927,0
71.295,344.445,0.00290322,0.0135087385837922,-4.3044185,38.196,7.143,616,140.59,47.558,180.963,0
162.279,435.429,0.00229659,0.8038452189472761,-0.21834854,47.297,5.226,493,203.842,63.421,245.701,0
106.063,379.213,0.00263704,0.08114444013308361,-2.5115245,40.387,4.758,767,297.333,59.735,60.891,0
107.282,380.432,0.00262859,0.08589667199916333,-2.45461019,38.271,11.48,1079,233.664,63.028,224.941,0
45.111,318.261,0.00314208,0.002703385281858418,-5.91325048,38.056,8.618,824,140.01,62.787,59.313,0
98.425,371.575,0.00269125,0.05632380233732352,-2.87663806,39.124,3.398,110,235.159,58.962,9.546,0
136.5,409.65,0.00244111,0.3036745230681114,-1.1917988,47.538,4.746,743,176.633,63.098,17.826,1
131.443,404.593,0.00247162,0.2472607184580626,-1.39731196,42.051,2.442,379,248.16,46.017,182.859,0
119.703,392.853,0.00254548,0.1503458149368934,-1.89481721,41.824,9.192,472,60.375,58.085,90.801,0
163.753,436.903,0.00228884,0.8469105088670406,-0.16616025,49.873,12.056,427,57.139,62.385,119.748,0
44.018,317.168,0.0031529,0.002513237032770338,-5.9861837,43.591,9.75,772,30.782,61.472,204.031,0
78.974,352.124,0.00283991,0.02069280054411978,-3.87796944,41.135,1.833,254,112.532,55.539,171.415,0
39.479,312.629,0.00319868,0.00184640202114611,-6.29451639,35.027,5.068,1180,82.652,59.597,62.431,0
114.046,387.196,0.00258267,0.1170312107781138,-2.14531462,44.714,6.809,163,20.854,52.679,34.0,0
44.359,317.509,0.00314952,0.002571217610389417,-5.96337571,43.634,7.18,209,228.185,65.499,49.57,0
147.148,420.298,0.00237926,0.4605929842496638,-0.77524052,44.584,3.059,473,224.369,65.757,190.292,0
27.018,300.168,0.00333147,0.0007548982166782758,-7.18892763,43.409,14.337,488,219.213,48.761,40.94,0
100.902,374.052,0.00267343,0.06350744231057193,-2.75659818,40.383,13.455,1170,76.304,61.747,194.851,0
122.262,395.412,0.00252901,0.167989010829613,-1.78385671,43.393,8.977,488,24.321,46.627,216.436,0
133.196,406.346,0.00246096,0.2656722345670869,-1.32549193,39.942,7.327,384,220.536,57.005,18.584,0
79.61,352.76,0.00283479,0.02141888943913777,-3.84348206,43.972,5.561,1166,117.378,51.793,243.486,0
100.213,373.363,0.00267836,0.0614317512676377,-2.78982846,38.374,7.221,717,154.836,64.61,74.965,0
89.302,362.452,0.00275899,0.03568928863309655,-3.33290467,36.566,8.738,168,201.655,51.683,183.393,0
104.358,377.508,0.00264895,0.07488913839608792,-2.59174641,40.46,8.434,374,135.099,54.624,10.373,0
93.887,367.037,0.00272452,0.04501493653516228,-3.10076092,45.137,2.259,523,148.775,62.329,66.474,0
58.725,331.875,0.00301318,0.00644095505133205,-5.04507845,36.632,9.399,531,231.673,59.479,127.736,0
107.057,380.207,0.00263015,0.08500137627514005,-2.46508783,40.024,8.41,632,95.403,49.975,110.265,0
148.951,422.101,0.0023691,0.4932267189166421,-0.70678633,44.893,11.645,1155,234.599,58.583,223.768,0
87.97,361.12,0.00276916,0.03332490147770262,-3.40145037,44.315,6.302,1175,222.064,49.35,145.883,0
104.721,377.871,0.00264641,0.0761838141013608,-2.57460625,45.3,6.863,144,115.095,48.115,214.699,0
162.86,436.01,0.00229353,0.8205868014722576,-0.19773558,44.152,9.87,1129,60.279,61.834,102.665,0
110.503,383.653,0.00260652,0.09966265564243809,-2.30596424,36.777,1.84,772,146.997,52.402,132.027,0
166.498,439.648,0.00227455,0.9324836036223463,-0.06990371,44.272,9.503,883,28.074,53.504,172.734,0
95.021,368.171,0.00271613,0.04763263783219278,-3.04423708,44.703,3.236,1005,139.201,61.796,65.726,0
41.027,314.177,0.00318292,0.002053190817868767,-6.1883602,40.405,12.435,756,159.298,59.525,135.621,0
133.196,406.346,0.00246096,0.2656722345670869,-1.32549193,42.281,8.73,287,51.636,46.53,245.342,0
92.861,366.011,0.00273216,0.0427578129859838,-3.15220334,37.611,7.644,971,37.296,63.336,154.211,0
85.715,358.865,0.00278656,0.0296392960951145,-3.51865423,40.557,6.295,978,97.181,63.382,113.974,0
84.319,357.469,0.00279745,0.02754449634568166,-3.59195253,40.832,14.132,595,175.676,53.691,188.816,0
92.99,366.14,0.0027312,0.04303594474035388,-3.14571959,40.987,12.008,547,144.289,66.864,217.749,0
104.655,377.805,0.00264687,0.07594695101652112,-2.5777202,44.833,7.045,750,246.69,45.041,147.839,0
100.721,373.871,0.00267472,0.06295620857308208,-2.7653159,39.419,12.513,982,146.247,63.418,104.504,0
82.286,355.436,0.00281345,0.02473027873365712,-3.69972693,39.128,9.226,145,113.204,53.156,106.974,0
30.431,303.581,0.00329401,0.0009715168059736378,-6.93665199,44.354,14.01,680,43.767,58.44,88.099,0
150.05,423.2,0.00236295,0.5140951492348264,-0.66534692,39.25,1.181,801,228.215,61.087,148.212,0
60.65,333.8,0.00299581,0.007240718795069828,-4.9280348,41.505,5.069,528,73.106,45.491,101.291,0
113.329,386.479,0.00258746,0.1133145499098859,-2.1775877,42.866,12.64,719,101.442,56.942,7.883,0
156.059,429.209,0.00232987,0.6424148608017821,-0.44252098,41.081,14.632,239,186.288,64.983,92.324,0
45.149,318.299,0.0031417,0.002710224392332699,-5.91072385,39.873,14.058,261,169.947,50.562,245.593,0
79.81,352.96,0.00283318,0.02165188714666797,-3.83266266,35.317,10.3,576,28.531,58.58,47.532,0
32.208,305.358,0.00327484,0.001105413783098983,-6.80753555,40.364,14.047,392,87.349,46.166,76.824,0
134.273,407.423,0.00245445,0.277572264131425,-1.28167397,40.261,6.974,849,219.151,51.932,240.256,0
95.163,368.313,0.00271508,0.04796979848792753,-3.03718366,38.422,14.75,325,34.298,56.53,63.165,0
112.796,385.946,0.00259104,0.1106197751042981,-2.20165641,45.565,12.404,461,189.036,48.885,184.929,0
91.823,364.973,0.00273993,0.04057749219231433,-3.20454175,41.692,8.212,157,21.514,60.857,221.358,0
84.468,357.618,0.00279628,0.02776159004606107,-3.58410187,40.519,5.828,346,64.447,61.471,65.152,0
163.878,437.028,0.00228818,0.8506532442628477,-0.1617507,44.531,5.809,542,108.096,55.191,22.728,0
59.449,332.599,0.00300662,0.006731892848337856,-5.00089892,38.624,10.5,744,34.849,56.859,119.963,0
71.293,344.443,0.00290324,0.01350720481147135,-4.30453205,37.856,1.841,763,38.457,47.643,185.399,0
77.436,350.586,0.00285237,0.01902720812336515,-3.96188532,37.218,5.663,990,37.599,65.184,230.507,0
124.544,397.694,0.0025145,0.1852383942767933,-1.68611167,44.215,11.284,657,252.332,47.798,84.55,0
169.058,442.208,0.00226138,1.018966279778642,0.01878866,48.732,14.075,673,49.53,53.866,44.859,0
167.684,440.834,0.00226843,0.9717214119671838,-0.02868613,47.728,2.369,412,157.618,48.774,229.208,1
62.654,335.804,0.00297793,0.008167328302838334,-4.80761344,35.546,8.892,190,79.95,50.648,230.04,0
107.971,381.121,0.00262384,0.0886905189719598,-2.42260228,41.224,10.059,485,267.697,56.809,216.47,0
131.563,404.713,0.00247089,0.2484842669492977,-1.39237575,44.424,9.833,1129,105.307,49.749,28.378,0
74.295,347.445,0.00287815,0.0159935219747194,-4.13557152,45.042,10.457,954,248.878,61.156,28.06,0
110.315,383.465,0.0026078,0.09880850149966112,-2.31457163,36.802,9.084,935,287.606,62.178,64.278,0
148.469,421.619,0.00237181,0.4843105197495255,-0.72502901,39.519,7.58,103,77.859,59.111,202.219,0
126.629,399.779,0.00250138,0.2023451697474692,-1.59778028,46.833,10.829,390,11.026,46.65,158.678,0
39.757,312.907,0.00319584,0.00188208554251769,-6.27537479,44.554,1.349,557,66.626,46.16,132.299,0
92.562,365.712,0.00273439,0.04211930215564676,-3.16724916,39.279,6.883,653,193.815,56.081,188.128,0
115.959,389.109,0.00256997,0.1274807300197891,-2.05979006,44.141,1.376,709,85.964,47.414,211.799,0
97.095,370.245,0.00270091,0.05277303114085749,-2.94175499,36.09,4.057,329,24.73,51.202,124.887,0
66.331,339.481,0.00294567,0.01014922250142449,-4.59035818,36.333,11.095,795,32.906,46.85,245.517,0
157.406,430.556,0.00232258,0.6747420108516178,-0.39342487,42.966,5.585,1030,106.42,64.977,152.757,0
81.437,354.587,0.00282018,0.02363325751487348,-3.74510034,35.455,7.447,865,22.182,66.748,179.679,0
127.708,400.858,0.00249465,0.2117330354619408,-1.55242906,43.308,11.944,204,259.446,66.326,193.794,0
139.54,412.69,0.00242313,0.3427756501493691,-1.07067913,40.959,10.464,539,205.239,51.005,149.354,0
59.396,332.546,0.0030071,0.00671019994278978,-5.00412653,35.577,4.271,1087,90.067,46.194,158.601,0
77.798,350.948,0.00284942,0.01940804126084778,-3.9420678,42.006,3.184,1019,155.192,52.71,194.961,0
58.792,331.942,0.00301257,0.006467394730863554,-5.04098192,43.55,1.986,576,62.232,48.237,225.039,0
86.189,359.339,0.00278289,0.03038227428400951,-3.49389592,38.89,10.998,852,65.988,49.306,156.231,0
166.666,439.816,0.00227368,0.9379565822446494,-0.06405162,43.56,3.356,659,249.28,50.232,33.816,0
87.867,361.017,0.00276995,0.03314803323162759,-3.40677189,38.194,4.133,848,85.688,48.482,243.449,0
56.482,329.632,0.00303369,0.005610129175296801,-5.18318153,39.528,12.11,1006,76.107,65.358,225.368,0
105.323,378.473,0.0026422,0.07837475177947091,-2.54625345,36.404,5.546,891,132.849,63.172,212.455,0
115.812,388.962,0.00257095,0.1266494609733619,-2.06633216,37.944,14.438,1067,41.141,57.74,190.474,0
75.469,348.619,0.00286846,0.01707248492211383,-4.07028718,40.506,6.175,258,265.892,59.762,232.234,0
119.709,392.859,0.00254544,0.1503851890407458,-1.89455535,36.465,12.156,403,16.376,62.724,9.708,0
57.823,330.973,0.00302139,0.006094368048095947,-5.10039021,43.126,3.805,1041,86.652,61.132,55.874,0
57.874,331.024,0.00302093,0.006113506457421906,-5.09725478,44.64,6.883,367,142.697,57.98,122.726,0
32.546,305.696,0.00327122,0.001132705277181416,-6.78314646,44.163,11.25,488,231.673,60.485,180.416,0
55.139,328.289,0.0030461,0.005160229477751929,-5.26677423,37.48,11.961,116,293.038,55.197,199.436,0
89.187,362.337,0.00275986,0.03547940893741028,-3.33880278,39.551,9.807,691,119.897,49.13,142.587,0
127.42,400.57,0.00249644,0.2091904858493455,-1.56451003,41.641,14.187,1177,297.783,47.256,86.943,0
135.082,408.232,0.00244959,0.286816769271074,-1.2489117,37.741,2.535,1172,137.039,57.79,185.217,0
28.49,301.64,0.00331521,0.0008422589938593062,-7.079423,39.947,4.779,307,148.484,58.814,225.659,0
58.452,331.602,0.00301566,0.0063342276355582,-5.06178739,39.8,2.601,1014,146.629,48.026,233.674,0
120.544,393.694,0.00254004,0.1559544076699997,-1.85819157,38.709,10.844,593,59.522,45.186,84.39,0
65.431,338.581,0.0029535,0.009627819941409248,-4.64309846,38.762,2.186,963,57.465,54.248,173.699,0
168.671,441.821,0.00226336,1.005461674025361,0.00544681,51.062,12.922,727,229.223,60.714,212.197,0
62.223,335.373,0.00298175,0.007959485096305657,-4.83339097,38.893,2.338,293,228.188,66.542,167.258,0
149.605,422.755,0.00236544,0.5055540408876837,-0.68210034,47.881,2.557,1180,294.19,59.401,144.434,1
131.396,404.546,0.00247191,0.2467829419538425,-1.39924611,37.852,12.089,1057,121.069,53.291,25.342,0
32.583,305.733,0.00327083,0.001135729708598302,-6.78047992,36.484,4.049,602,71.662,63.588,14.52,0
90.127,363.277,0.00275272,0.03722771935267483,-3.29070165,41.587,4.129,1172,144.28,46.999,181.947,0
161.296,434.446,0.00230178,0.7761966512296803,-0.25334937,42.43,1.237,312,114.017,46.791,172.543,0
75.614,348.764,0.00286727,0.01721017590416422,-4.06225445,41.447,14.777,966,230.112,59.795,188.824,0
111.244,384.394,0.0026015,0.1030933601889503,-2.27212029,42.213,14.895,434,251.064,48.135,18.681,0
76.055,349.205,0.00286365,0.01763508565599213,-4.03786486,37.332,6.448,489,241.061,65.398,154.265,0
67.111,340.261,0.00293892,0.01062149383296983,-4.54487561,37.398,12.719,1172,107.235,53.387,162.598,0
167.013,440.163,0.00227189,0.9493493688418754,-0.0519784,50.064,6.676,833,280.93,46.151,37.279,1
122.092,395.242,0.0025301,0.1667626879079946,-1.79118351,38.568,11.376,766,298.946,61.095,200.59,0
46.65,319.8,0.00312695,0.002993230745172312,-5.81140196,36.393,8.341,774,200.491,54.011,172.847,0
53.417,326.567,0.00306216,0.004631089694075743,-5.37496308,39.648,9.63,1192,275.573,61.37,216.371,0
47.981,321.131,0.00311399,0.003266272829228274,-5.72410575,42.007,5.465,236,247.024,46.667,199.27,0
60.044,333.194,0.00300125,0.00697980090548365,-4.96473489,43.901,13.716,370,94.397,47.003,8.169,0
105.526,378.676,0.00264078,0.07912606474034989,-2.53671294,38.838,10.351,353,260.901,56.328,79.392,0
70.811,343.961,0.00290731,0.01314209200886249,-4.33193507,42.908,2.186,478,138.622,46.765,144.217,0
104.756,377.906,0.00264616,0.07630968923614179,-2.57295536,40.793,7.213,299,251.397,60.203,145.529,0
37.27,310.42,0.00322144,0.001583947770364422,-6.44783496,37.612,10.857,550,140.084,50.628,62.407,0
43.488,316.638,0.00315818,0.002425468489993147,-6.02173058,36.647,4.634,941,146.248,57.371,179.169,0
58.451,331.601,0.00301567,0.006333839641210064,-5.06184865,43.718,8.925,383,247.454,48.151,25.751,0
86.607,359.757,0.00277965,0.03105123224087086,-3.47211679,38.751,14.184,270,106.285,65.279,172.985,0
34.642,307.792,0.00324895,0.001316075306262167,-6.63310122,38.869,8.587,548,168.339,64.634,110.626,0
61.482,334.632,0.00298836,0.007613255546419823,-4.8778644,44.83,1.254,590,234.078,54.722,119.445,0
53.973,327.123,0.00305695,0.004796319080391109,-5.33990651,40.159,2.195,831,294.102,56.851,20.397,0
148.256,421.406,0.00237301,0.4804155116646339,-0.7331039,44.049,13.161,823,51.361,52.041,97.734,0
146.509,419.659,0.00238289,0.4494896280606442,-0.7996425,40.691,7.487,108,164.205,45.824,128.367,0
121.985,395.135,0.00253078,0.1659948838973162,-1.79579831,43.204,6.845,580,298.737,52.826,228.105,0
85.5,358.65,0.00278823,0.02930767553480091,-3.52990583,37.068,12.172,446,226.817,59.052,64.307,0
91.158,364.308,0.00274493,0.03923330184175133,-3.23822936,44.111,5.766,181,88.008,51.126,203.171,0
58.951,332.101,0.00301113,0.00653053165246873,-5.03126692,39.563,11.841,907,273.489,54.976,77.364,0
25.295,298.445,0.0033507,0.000663171594926402,-7.31847679,41.807,3.349,1149,298.468,55.385,106.524,0
161.732,434.882,0.00229947,0.7883559545224318,-0.23780557,46.975,11.268,535,127.36,59.103,29.895,0
97.078,370.228,0.00270104,0.05272896559814438,-2.94259034,42.544,9.633,493,293.272,64.174,190.486,0
107.514,380.664,0.00262699,0.08682857078650585,-2.44381955,44.108,8.856,934,38.828,50.602,8.577,0
51.346,324.496,0.0030817,0.00405988908647058,-5.50659962,39.302,11.939,749,205.969,46.351,147.264,0
162.769,435.919,0.002294,0.8179447481005085,-0.20096049,45.604,4.337,715,42.534,47.257,15.321,0
153.684,426.834,0.00234283,0.5886985671332972,-0.529841,42.054,4.129,642,225.39,47.555,224.419,0
30.906,304.056,0.00328887,0.001005781123847391,-6.9019908,42.387,7.154,747,149.733,60.446,6.985,0
44.538,317.688,0.00314774,0.002602135593173211,-5.95142279,43.506,1.133,956,259.575,61.595,23.14,0
28.499,301.649,0.00331511,0.0008428203261571494,-7.07875676,35.82,12.206,1070,194.688,49.105,57.691,0
145.169,418.319,0.00239052,0.4269637441319705,-0.85105618,41.311,13.793,417,40.609,66.523,201.423,0
135.601,408.751,0.00244648,0.2928889006649812,-1.22796192,45.601,1.277,1188,178.971,47.502,96.13,1
77.852,351.002,0.00284899,0.01946543208206108,-3.9391151,41.09,11.522,244,266.823,54.818,179.197,0
145.606,418.756,0.00238803,0.4341986965031732,-0.83425302,42.771,2.011,449,166.81,56.076,70.194,0
155.843,428.993,0.00233104,0.6373587842672968,-0.45042254,49.171,6.075,602,94.366,63.357,173.931,1
109.974,383.124,0.00261012,0.09727575202955162,-2.33020553,42.721,1.351,458,273.222,54.469,39.547,0
130.1,403.25,0.00247985,0.2339245112545199,-1.45275682,40.612,11.754,565,232.64,61.063,173.244,0
163.659,436.809,0.00228933,0.8441054204150306,-0.16947789,42.26,3.666,753,32.325,47.384,144.121,0
59.675,332.825,0.00300458,0.006825105804104675,-4.98714744,40.562,3.218,559,232.018,60.142,25.029,0
43.668,316.818,0.00315639,0.002454960224927878,-6.00964472,37.06,7.316,538,299.309,54.979,63.087,0
143.52,416.67,0.00239998,0.4006049245229925,-0.91477956,42.648,7.652,1074,251.926,65.074,236.125,0
48.681,321.831,0.00310722,0.00341873516198345,-5.67848463,40.111,7.853,1142,21.453,66.299,191.29,0
154.675,427.825,0.0023374,0.6106155667083335,-0.4932877,48.295,13.962,522,123.385,56.11,81.851,0
115.204,388.354,0.00257497,0.1232619853295678,-2.09344323,45.192,13.163,1188,175.797,64.7,162.872,0
168.114,441.264,0.00226622,0.9862978639497251,-0.01379688,42.859,8.964,724,18.471,55.037,23.582,0
103.686,376.836,0.00265367,0.0725438472532209,-2.62356411,43.33,4.901,742,257.776,61.87,54.729,0
27.954,301.104,0.00332111,0.0008094358647090564,-7.11917302,40.918,8.31,723,44.136,62.738,182.485,0
120.98,394.13,0.00253723,0.1589341598117339,-1.83926525,45.545,8.188,747,158.484,55.271,177.119,0
87.584,360.734,0.00277213,0.03266638165374681,-3.42140881,40.812,10.644,753,219.933,64.691,96.708,0
156.287,429.437,0.00232863,0.6477897641588966,-0.43418907,43.175,2.722,689,242.373,48.241,193.044,0
159.373,432.523,0.00231202,0.72449529620224,-0.32228001,49.546,5.348,414,289.594,65.538,104.032,1
66.69,339.84,0.00294256,0.01036419085224848,-4.5693986,40.314,1.48,994,138.091,50.568,200.154,0
149.099,422.249,0.00236827,0.4959931280181108,-0.70119321,41.131,4.531,459,73.587,53.919,106.804,0
78.374,351.524,0.00284476,0.02002809786815296,-3.9106191,39.758,6.736,450,257.058,57.898,9.563,0
73.965,347.115,0.00288089,0.01570145620025888,-4.15400182,41.56,13.619,475,130.412,60.15,130.363,0
52.918,326.068,0.00306684,0.004487194872014746,-5.40652752,37.261,10.769,753,42.414,51.325,247.09,0
132.917,406.067,0.00246265,0.2626636381541875,-1.33688101,42.531,6.607,293,229.456,45.302,83.869,0
119.819,392.969,0.00254473,0.1511086637031068,-1.88975607,39.635,14.94,862,85.25,51.427,145.937,0
147.649,420.799,0.00237643,0.4694655829008386,-0.75616029,44.521,12.543,804,220.257,64.745,122.57,0
76.485,349.635,0.00286013,0.01805842636129,-4.01414287,36.27,13.929,540,68.961,49.147,60.034,0
92.265,365.415,0.00273661,0.04149349071409488,-3.18221871,35.75,1.632,685,126.48,58.534,92.238,0
39.607,312.757,0.00319737,0.001862754894500214,-6.28569876,42.459,8.584,583,31.516,64.206,46.096,0
133.093,406.243,0.00246158,0.2645580241231292,-1.32969468,46.069,6.234,254,139.153,65.639,173.301,0
158.066,431.216,0.00231902,0.6910930341646809,-0.36948083,42.058,12.144,275,278.948,61.609,57.052,0
69.714,342.864,0.00291661,0.01234394334751451,-4.39458975,39.62,7.523,858,87.762,61.756,94.717,0
62.37,335.52,0.00298045,0.008029832156750258,-4.82459165,36.206,11.532,132,281.972,46.838,114.831,0
56.204,329.354,0.00303625,0.005514197185023799,-5.20042921,42.039,11.339,997,57.02,64.87,106.515,0
88.042,361.192,0.00276861,0.03344903736074656,-3.39773227,42.233,12.119,819,96.475,64.722,219.338,0
85.871,359.021,0.00278535,0.02988200833977264,-3.51049871,40.35,11.872,775,179.616,63.699,45.051,0
97.526,370.676,0.00269777,0.05390122843826502,-2.92060201,40.554,7.135,382,48.811,48.892,7.303,0
33.612,306.762,0.00325986,0.00122284024327432,-6.70657906,38.83,2.495,652,180.941,47.32,21.826,0
119.017,392.167,0.00254993,0.1459036364008695,-1.9248089,43.01,14.17,832,180.361,46.764,245.429,0
153.673,426.823,0.00234289,0.5884591977826489,-0.53024769,46.774,9.92,1141,286.35,50.415,27.611,0
82.052,355.202,0.0028153,0.02442346274060496,-3.71221102,44.304,5.672,251,225.349,53.925,98.669,0
53.704,326.854,0.00305947,0.00471572578685805,-5.35685244,40.772,2.027,734,25.756,60.69,217.668,0
89.478,362.628,0.00275765,0.03601264152266658,-3.32388525,37.931,9.329,238,258.686,54.214,53.164,0
152.113,425.263,0.00235149,0.5553610479468148,-0.58813684,49.167,9.894,868,221.773,51.148,221.874,0
141.872,415.022,0.00240951,0.3756977834734668,-0.97897023,41.582,1.406,1063,60.025,54.715,100.696,0
27.606,300.756,0.00332495,0.0007887534892677084,-7.14505672,44.902,4.154,491,72.114,61.598,220.187,0
153.714,426.864,0.00234267,0.5893518248572285,-0.52873195,48.688,10.173,460,118.09,48.853,12.036,0
61.519,334.669,0.00298803,0.007630216509150636,-4.87563906,44.804,3.474,643,68.232,67.177,119.36,0
66.696,339.846,0.00294251,0.01036781815652834,-4.56904868,39.986,13.594,1111,211.954,64.789,91.174,0
26.6,299.75,0.00333611,0.0007316418485759573,-7.22021944,40.756,4.637,1138,71.547,62.896,48.302,0
128.183,401.333,0.0024917,0.2159859871195345,-1.53254175,38.619,10.751,1165,98.768,54.88,131.182,0
140.078,413.228,0.00241997,0.3501373647643495,-1.04942973,47.434,11.809,505,175.932,64.858,5.088,0
138.274,411.424,0.00243058,0.3259857514117538,-1.12090161,45.407,9.427,1139,122.628,63.931,126.453,0
118.814,391.964,0.00255125,0.1446115463194689,-1.93370412,45.693,3.754,101,111.409,65.211,123.191,0
66.674,339.824,0.0029427,0.01035452361838233,-4.57033179,42.071,3.68,805,111.153,46.706,76.52,0
139.906,413.056,0.00242098,0.3477688658501793,-1.0562172,38.148,5.547,982,118.712,55.432,23.667,0
31.418,304.568,0.00328334,0.001043942608802948,-6.86475076,42.568,3.218,877,65.181,61.779,71.343,0
97.67,370.82,0.00269673,0.05428292190142488,-2.91354562,36.305,9.297,623,275.694,50.081,163.114,0
129.607,402.757,0.00248289,0.2291902636849524,-1.47320277,43.275,6.538,484,121.473,62.92,79.241,0
79.766,352.916,0.00283354,0.02160043386709426,-3.83504188,44.877,9.797,581,187.416,49.029,128.231,0
125.933,399.083,0.00250574,0.1964860556881909,-1.62716381,43.733,8.33,990,131.353,57.09,116.168,0
134.565,407.715,0.00245269,0.2808783055899013,-1.26983378,38.637,14.713,318,117.556,57.156,93.513,0
157.831,430.981,0.00232029,0.6852319057519711,-0.37799795,49.751,5.076,197,235.016,64.823,179.856,1
169.433,442.583,0.00225946,1.03220217302888,0.03169455,49.665,7.607,884,268.681,60.81,112.401,1
32.695,305.845,0.00326963,0.001144929550836906,-6.77241217,40.219,4.027,667,119.971,57.848,70.957,0
110.788,383.938,0.00260459,0.1009699959169966,-2.29293188,37.817,11.178,142,38.408,52.6,128.588,0
98.04,371.19,0.00269404,0.0552747150649455,-2.89543971,38.95,3.416,1160,46.066,51.419,142.757,0
113.546,386.696,0.00258601,0.1144282116130295,-2.16780763,36.658,12.843,563,176.977,46.418,234.64,0
70.341,343.491,0.00291128,0.01279462756678847,-4.35872992,39.844,5.786,809,241.293,61.989,83.762,0
137.222,410.372,0.00243681,0.3125876429844464,-1.16287039,40.777,8.061,1154,225.119,65.672,220.979,0
37.826,310.976,0.00321568,0.00164660462054104,-6.40903992,39.548,13.566,1004,106.574,47.087,117.075,0
57.584,330.734,0.00302358,0.006005398036017967,-5.11509654,42.958,8.339,650,243.464,58.491,65.469,0
27.355,300.505,0.00332773,0.0007741360482517869,-7.16376293,41.211,1.046,698,171.092,52.685,184.843,0
137.976,411.126,0.00243234,0.3221402404629671,-1.1327683,43.11,6.664,794,221.952,49.571,31.67,0
163.904,437.054,0.00228805,0.8514335389790336,-0.16083383,46.627,10.624,1074,190.166,50.224,194.113,0
88.756,361.906,0.00276315,0.03470258114371821,-3.36094121,42.47,1.327,1123,21.429,55.582,25.571,0
87.792,360.942,0.00277053,0.03301977347947271,-3.4106487,42.547,9.686,986,218.504,57.305,156.621,0
95.358,368.508,0.00271365,0.04843626407586725,-3.02750649,42.109,1.474,1101,250.896,50.702,193.771,0
167.025,440.175,0.00227182,0.949745498176891,-0.05156123,49.496,2.315,846,194.835,52.818,83.283,1
93.576,366.726,0.00272683,0.04431980264779907,-3.11632369,37.423,5.46,1020,111.939,47.461,70.451,0
90.998,364.148,0.00274614,0.03891587519801389,-3.24635301,38.605,9.743,295,194.895,61.454,64.107,0
67.514,340.664,0.00293544,0.01087316024399161,-4.52145789,42.147,6.434,521,41.414,50.845,85.963,0
41.658,314.808,0.00317654,0.002143344035671777,-6.14538804,41.307,14.47,815,54.817,50.077,213.902,0
164.023,437.173,0.00228742,0.8550128426948364,-0.15663879,41.281,9.026,540,275.389,45.552,137.427,0
118.315,391.465,0.00255451,0.1414783001541745,-1.95560893,42.309,5.82,381,46.443,48.847,241.498,0
75.394,348.544,0.00286908,0.0170016536778677,-4.07444466,43.46,5.95,386,259.498,58.015,143.7,0
72.868,346.018,0.00289002,0.01476462317015439,-4.21552129,38.456,3.632,651,142.651,45.214,116.846,0
81.333,354.483,0.00282101,0.02350191446380306,-3.75067339,40.568,12.494,772,223.087,59.123,216.271,0
64.748,337.898,0.00295947,0.00924835128975589,-4.68330998,37.61,3.436,512,200.613,55.801,147.115,0
158.256,431.406,0.002318,0.6958637305117248,-0.36260143,46.644,3.044,947,150.705,61.933,67.476,1
90.926,364.076,0.00274668,0.03877378201319279,-3.25001098,37.748,8.927,509,225.067,46.731,240.769,0
43.653,316.803,0.00315654,0.002452490230214606,-6.01065135,39.76,11.807,396,102.165,64.79,136.238,0
156.986,430.136,0.00232485,0.6645133959647169,-0.40870024,40.328,11.676,373,200.726,51.141,138.186,0
74.37,347.52,0.00287753,0.01606057622859256,-4.13138769,35.382,10.462,113,140.96,57.591,124.523,0
162.966,436.116,0.00229297,0.8236737225505789,-0.1939808,44.216,5.5,356,21.414,50.246,206.925,0
129.935,403.085,0.00248087,0.2323305315320577,-1.45959422,39.969,12.031,303,285.083,63.272,28.899,0
98.829,371.979,0.00268832,0.0574436748039926,-2.85695038,40.709,10.586,426,86.885,66.954,23.101,0
122.715,395.865,0.00252611,0.1712957494178549,-1.76436369,40.278,3.12,893,247.484,59.062,234.592,0
125.903,399.053,0.00250593,0.1962369052285402,-1.62843265,38.053,2.704,1186,64.175,62.368,27.073,0
112.159,385.309,0.00259532,0.1074737342324272,-2.23050879,43.589,9.131,643,298.565,65.031,117.335,0
119.272,392.422,0.00254828,0.1475411529319579,-1.91364814,45.791,3.043,475,186.635,58.758,5.663,1
69.5,342.65,0.00291843,0.01219341733414626,-4.40685904,38.14,13.199,1153,38.364,51.199,91.649,0
150.769,423.919,0.00235894,0.5281619997154978,-0.63835222,39.936,12.465,797,85.876,49.583,110.517,0
79.081,352.231,0.00283905,0.02081339303664683,-3.8721586,40.348,5.006,147,30.09,62.286,67.444,0
141.495,414.645,0.0024117,0.3701946489360672,-0.99372633,44.527,7.181,794,276.456,59.568,36.959,0
165.744,438.894,0.00227845,0.9082608758667595,-0.09622363,49.403,13.344,1022,12.823,56.778,147.321,0
141.026,414.176,0.00241443,0.3634473272177803,-1.0121209,45.738,12.331,778,246.577,52.742,104.165,0
41.869,315.019,0.00317441,0.002174281556175799,-6.13105699,35.658,1.795,430,109.623,65.38,93.606,0
138.836,411.986,0.00242727,0.3333478118837869,-1.09856885,39.235,5.36,1176,31.014,54.32,159.567,0
128.47,401.62,0.00248992,0.2185919738307844,-1.52054842,37.361,9.801,1062,275.167,50.94,14.675,0
150.68,423.83,0.00235944,0.526402714413397,-0.64168874,42.351,2.587,777,284.744,60.773,167.726,0
104.983,378.133,0.00264457,0.07713057114461262,-2.56225556,42.398,13.405,482,177.477,47.365,33.159,0
66.713,339.863,0.00294236,0.0103781017178922,-4.5680573,38.37,1.016,1037,74.179,66.116,7.041,0
95.232,368.382,0.00271457,0.04813439611554012,-3.03375826,36.794,12.256,542,19.596,59.353,138.842,0
140.836,413.986,0.00241554,0.3607447210486124,-1.01958471,47.985,7.278,832,102.834,49.598,136.094,1
64.114,337.264,0.00296504,0.008908206084989663,-4.7207824,41.111,6.862,282,96.895,65.333,99.539,0
116.543,389.693,0.00256612,0.1308310542815039,-2.03384845,36.985,7.166,416,53.813,55.636,17.585,0
91.059,364.209,0.00274568,0.03903662291655199,-3.24325502,35.539,9.771,599,31.714,47.441,230.727,0
166.202,439.352,0.00227608,0.922908272357266,-0.08022543,49.572,7.546,276,176.281,52.597,186.968,1
69.233,342.383,0.00292071,0.01200792443727074,-4.42218848,41.682,3.693,417,185.99,62.86,232.163,0
143.925,417.075,0.00239765,0.4069429797636122,-0.8990822,46.879,11.653,225,47.091,48.202,244.957,0
98.16,371.31,0.00269317,0.0555998225142724,-2.88957527,41.835,14.886,333,238.881,56.904,70.152,0
153.041,426.191,0.00234637,0.5748482709683641,-0.55364915,42.614,2.011,234,127.64,46.06,197.219,0
158.002,431.152,0.00231937,0.6894924967295387,-0.37179946,44.061,13.415,722,133.208,45.218,175.586,0
68.696,341.846,0.00292529,0.01164251127587591,-4.45309211,35.79,6.931,602,117.416,55.645,38.839,0
119.95,393.1,0.00254388,0.1519742657340897,-1.88404408,40.008,11.483,443,194.251,59.307,208.531,0
35.35,308.5,0.00324149,0.001383859875268214,-6.58287867,39.325,4.487,555,195.481,53.049,85.202,0
142.274,415.424,0.00240718,0.3816447401987186,-0.9632651,42.129,2.727,391,280.111,50.936,21.095,0
143.558,416.708,0.00239976,0.4011959061239349,-0.91330543,40.966,13.022,146,177.249,50.568,121.261,0
77.034,350.184,0.00285564,0.0186121510568178,-3.98394063,39.087,6.955,1005,271.948,57.385,15.898,0
64.91,338.06,0.00295805,0.009337118764346527,-4.67375756,44.879,7.942,1131,217.2,49.165,125.137,0
100.958,374.108,0.00267302,0.06367885664174129,-2.75390269,43.213,1.592,1066,246.892,47.128,150.395,0
100.899,374.049,0.00267345,0.06349827098641131,-2.7567426,42.677,11.136,839,11.437,55.242,26.448,0
154.23,427.38,0.00233984,0.6006873622962492,-0.50968068,46.631,4.287,543,79.358,45.016,116.676,0
89.734,362.884,0.0027557,0.03648764009156216,-3.3107817,44.098,4.367,1169,78.091,55.003,240.353,0
132.894,406.044,0.00246279,0.2624169598284944,-1.33782059,39.66,6.993,635,269.895,46.461,88.173,0
104.393,377.543,0.0026487,0.07501311265738171,-2.59009235,37.508,6.405,231,146.33,54.42,6.036,0
158.864,432.014,0.00231474,0.711323463507933,-0.34062801,47.469,14.91,983,201.273,47.468,123.569,0
100.223,373.373,0.00267829,0.06146144068264264,-2.78934528,43.949,2.053,244,186.453,62.453,227.592,0
44.857,318.007,0.00314458,0.002658071108544937,-5.93015457,38.088,1.009,454,150.075,63.672,26.207,0
105.931,379.081,0.00263796,0.08064411408110889,-2.51770946,44.548,13.04,410,129.003,57.335,184.895,0
127.109,400.259,0.00249838,0.2064751297235307,-1.57757531,42.503,3.387,779,12.05,65.483,217.42,0
111.87,385.02,0.00259727,0.1060727296231895,-2.24363029,38.912,7.499,643,208.513,57.465,176.011,0
103.797,376.947,0.00265289,0.07292668286746941,-2.61830069,45.063,10.893,284,72.834,48.177,172.619,0
158.035,431.185,0.00231919,0.6903173697442405,-0.37060383,41.206,7.098,823,175.025,66.464,180.907,0
144.719,417.869,0.00239309,0.4196241180254766,-0.86839593,40.407,5.611,405,170.013,62.848,230.295,0
31.692,304.842,0.00328039,0.001064901566975983,-6.84487291,41.801,11.489,1060,38.598,63.22,95.4,0
94.84,367.99,0.00271747,0.0472059374004389,-3.0532356,37.158,1.042,991,102.856,49.153,171.197,0
113.957,387.107,0.00258327,0.1165640787627808,-2.14931412,42.184,5.344,366,124.14,56.528,162.234,0
154.811,427.961,0.00233666,0.6136782445405092,-0.48828452,43.795,4.393,605,273.907,62.061,234.395,0
31.431,304.581,0.0032832,0.00104492847026158,-6.86380685,41.281,5.931,1112,65.838,60.89,145.0,0
61.462,334.612,0.00298854,0.007604101603348827,-4.87906749,44.225,8.03,280,167.76,58.156,112.341,0
118.871,392.021,0.00255088,0.1449733250222439,-1.93120552,39.38,9.018,772,34.655,60.335,224.138,0
128.657,401.807,0.00248876,0.2203048145764369,-1.51274317,41.295,4.977,396,101.243,55.845,170.852,0
115.178,388.328,0.00257514,0.1231189307098555,-2.09460447,45.427,3.183,227,197.737,56.109,214.756,0
40.706,313.856,0.00318617,0.002008660596684353,-6.21028715,43.476,11.865,548,88.27,46.209,57.125,0
103.975,377.125,0.00265164,0.07354434582469202,-2.60986671,42.794,13.97,358,67.482,63.589,69.967,0
121.903,395.053,0.00253131,0.1654085869959465,-1.79933658,38.259,1.892,104,157.598,52.713,223.599,0
112.239,385.389,0.00259478,0.1078644402324249,-2.22688002,39.121,12.088,898,243.455,53.086,89.161,0
100.432,373.582,0.00267679,0.06208487623062289,-2.77925286,35.803,2.45,857,127.375,50.522,67.265,0
147.985,421.135,0.00237454,0.4754995247862403,-0.7433894,41.41,12.14,767,224.345,62.552,23.851,0
39.726,312.876,0.00319615,0.001878075689272994,-6.2775076,37.666,7.407,558,216.335,46.731,99.519,0
94.324,367.474,0.00272128,0.0460081146435088,-3.07893749,36.08,14.521,454,255.319,59.371,216.857,0
48.428,321.578,0.00310967,0.003362903677786735,-5.69495049,44.619,7.945,923,285.438,46.363,137.422,0
60.368,333.518,0.00299834,0.007118227970091471,-4.94509647,41.888,12.875,216,63.114,56.648,13.435,0
109.536,382.686,0.00261311,0.09533793538824972,-2.35032748,36.768,5.654,673,297.527,46.688,71.601,0
115.623,388.773,0.0025722,0.1255877333736485,-2.07475069,44.946,4.692,579,263.191,50.39,178.232,0
143.469,416.619,0.00240027,0.3998129640125654,-0.91675843,42.814,13.797,492,258.254,55.496,208.846,0
103.751,376.901,0.00265322,0.07276781310906169,-2.62048155,38.084,6.289,974,207.868,64.522,74.596,0
100.371,373.521,0.00267723,0.0619023381545479,-2.78219733,43.389,7.909,265,29.435,45.244,206.825,0
51.684,324.834,0.0030785,0.00414853047444297,-5.48500111,38.568,3.858,597,256.31,52.226,128.426,0
149.239,422.389,0.00236749,0.4986224821154571,-0.69590602,41.026,9.132,1023,258.502,45.17,31.432,0
80.296,353.446,0.00282929,0.02222755489244592,-3.80642255,39.603,2.126,156,240.424,56.465,123.901,0
167.711,440.861,0.00226829,0.9726311366812743,-0.02775037,45.085,13.469,675,206.209,49.074,209.073,0
142.985,416.135,0.00240307,0.3923651283172807,-0.93556242,40.4,9.552,998,211.049,53.811,78.659,0
122.665,395.815,0.00252643,0.1709279690016484,-1.76651305,41.869,9.41,604,148.39,57.44,149.024,0
101.308,374.458,0.00267053,0.06475954529345705,-2.73707417,38.587,14.545,803,120.455,66.218,92.301,0
119.802,392.952,0.00254484,0.1509966535253125,-1.8904976,40.767,1.004,1169,30.65,62.765,228.169,0
128.1,401.25,0.00249221,0.2152374590060438,-1.5360134,41.312,13.386,923,221.436,56.637,134.53,0
109.638,382.788,0.00261241,0.09578612507749155,-2.34563744,41.257,4.925,1093,122.105,55.354,39.898,0
86.461,359.611,0.00278078,0.03081609689236308,-3.4797181,36.888,8.455,992,250.336,58.086,138.92,0
136.115,409.265,0.0024434,0.2990135657526894,-1.20726634,38.178,11.047,1082,285.643,65.351,57.789,0
73.763,346.913,0.00288257,0.01552504581771514,-4.1653007,37.171,14.15,692,95.659,50.481,122.569,0
150.477,423.627,0.00236057,0.5224091177394903,-0.64930425,42.775,2.867,293,198.96,54.924,176.168,0
117.606,390.756,0.00255914,0.1371296557689725,-1.98682841,43.313,5.942,1009,117.388,49.969,103.436,0
71.166,344.316,0.00290431,0.01341012982572527,-4.3117449,42.021,11.332,1145,141.414,53.897,182.274,0
33.559,306.709,0.00326042,0.001218209274330979,-6.71037331,39.874,12.677,946,206.43,47.745,121.137,0
116.625,389.775,0.00256558,0.131307656389775,-2.03021219,45.571,9.057,883,208.589,52.981,155.665,0
134.03,407.18,0.00245592,0.274847131151796,-1.29154022,43.431,2.504,798,253.769,58.54,104.856,0
127.803,400.953,0.00249406,0.2125776742350319,-1.54844783,44.459,3.115,768,92.493,62.59,190.186,0
26.08,299.23,0.00334191,0.0007036221385665507,-7.25926908,44.307,13.148,903,63.66,51.06,109.517,0
96.369,369.519,0.00270622,0.05092008687356393,-2.9774978,40.984,6.106,374,237.536,54.395,49.296,0
33.344,306.494,0.00326271,0.001199586303454629,-6.72577853,38.76,9.343,606,216.308,51.038,157.257,0
65.768,338.918,0.00295057,0.00982016504862798,-4.62331735,36.086,14.978,768,20.658,48.778,87.46,0
85.03,358.18,0.00279189,0.02859425636030472,-3.55454941,45.242,2.718,1160,243.535,61.375,91.916,1
125.109,398.259,0.00251093,0.1897431455406325,-1.66208399,42.846,7.147,803,229.208,65.541,31.029,0
63.752,336.902,0.00296822,0.008719079844424929,-4.74224157,43.588,8.718,475,152.715,54.211,184.819,0
35.764,308.914,0.00323715,0.001424950911377953,-6.55361791,36.49,6.16,437,61.767,46.086,206.375,0
70.856,344.006,0.00290693,0.0131758002561979,-4.32937345,42.648,2.146,1063,184.138,64.8,148.739,0
40.602,313.752,0.00318723,0.001994422328546029,-6.21740083,45.016,11.114,276,45.07,67.181,164.458,0
164.082,437.232,0.00228712,0.856792305534964,-0.15455974,51.074,2.996,885,111.413,63.722,135.739,1
37.595,310.745,0.00321807,0.001620304566048131,-6.42514114,35.107,3.477,1027,126.556,51.822,178.843,0
123.899,397.049,0.00251858,0.1802113255967156,-1.71362509,42.586,11.854,1139,294.09,63.42,210.077,0
41.825,314.975,0.00317486,0.002167796926183676,-6.13404387,44.888,10.175,394,109.479,46.311,152.269,0
112.291,385.441,0.00259443,0.1081190731411374,-2.22452213,45.771,6.562,359,264.733,53.245,56.056,0
145.893,419.043,0.00238639,0.4390084538427313,-0.82323661,44.745,2.436,374,188.862,63.372,213.218,0
154.569,427.719,0.00233798,0.6082377407501709,-0.49718945,40.98,12.127,832,290.115,63.935,242.02,0
131.238,404.388,0.00247287,0.2451827495198327,-1.40575143,40.595,13.664,502,60.146,64.826,58.526,0
87.025,360.175,0.00277643,0.03173331513214884,-3.4503882,37.451,13.684,322,135.741,50.517,66.473,0
50.451,323.601,0.00309023,0.003833378039477521,-5.56400887,35.235,14.89,771,143.525,47.952,80.977,0
37.856,311.006,0.00321537,0.001650048490295728,-6.4069506,41.821,13.07,236,269.709,64.923,147.401,0
38.813,311.963,0.00320551,0.001763398496248073,-6.34051237,42.047,9.766,644,170.127,52.308,29.6,0
123.077,396.227,0.00252381,0.1739793751954389,-1.74881852,41.312,9.3,688,122.792,53.755,47.983,0
63.996,337.146,0.00296607,0.008846155580797323,-4.72777231,37.398,3.929,109,13.082,60.423,24.352,0
155.328,428.478,0.00233384,0.6254436476236593,-0.46929404,45.599,14.84,1144,113.718,59.251,157.56,0
56.17,329.32,0.00303656,0.005502566648288276,-5.20254063,40.103,9.308,911,216.302,46.437,61.762,0
47.715,320.865,0.00311658,0.003209969096109969,-5.74149397,38.677,13.161,234,263.034,53.498,77.633,0
149.608,422.758,0.00236542,0.5056112033346706,-0.68198728,39.707,7.979,172,176.223,46.112,24.211,0
166.574,439.724,0.00227415,0.9349560259037569,-0.06725578,51.154,5.861,511,230.06,55.994,224.178,1
129.613,402.763,0.00248285,0.2292473703577295,-1.47295364,44.628,13.649,590,215.037,55.327,88.803,0
108.285,381.435,0.00262168,0.08999028287469413,-2.40805358,37.331,9.602,135,101.031,60.724,18.985,0
101.127,374.277,0.00267182,0.0641986567570472,-2.74577299,43.428,14.465,782,49.322,63.477,214.972,0
82.847,355.997,0.00280901,0.02547993630088938,-3.66986395,38.988,6.696,658,242.185,52.995,109.845,0
127.1,400.25,0.00249844,0.2063970148647484,-1.57795371,38.725,14.987,1045,94.937,53.703,74.845,0
71.726,344.876,0.00289959,0.01384293727974711,-4.27998012,44.123,1.045,783,290.663,56.291,101.049,0
36.583,309.733,0.00322859,0.001509520946721807,-6.49596293,41.89,1.463,522,31.361,45.365,151.591,0
35.664,308.814,0.0032382,0.001414925295883484,-6.56067854,42.058,11.781,452,190.395,61.173,223.431,0
76.8,349.95,0.00285755,0.01837430372146653,-3.99680213,45.042,10.959,211,79.862,54.038,15.638,0
97.26,370.41,0.00269971,0.05320243208706633,-2.93365117,42.894,14.095,535,243.467,61.726,34.391,0
115.022,388.172,0.00257618,0.1222636833771393,-2.10157523,37.474,7.141,869,222.647,62.456,6.497,0
54.587,327.737,0.00305123,0.004984953676990083,-5.30133117,38.432,6.81,433,248.462,53.868,112.189,0
101.244,374.394,0.00267098,0.06456072429487149,-2.74014904,37.595,4.12,893,188.713,48.759,69.139,0
48.123,321.273,0.00311262,0.00329669407529534,-5.71483511,44.887,10.23,134,165.288,57.866,65.622,0
76.387,349.537,0.00286093,0.0179611508356265,-4.01954414,37.805,7.544,627,45.837,50.607,131.584,0
130.519,403.669,0.00247728,0.2380155940192464,-1.43541909,38.581,9.962,358,80.212,60.418,226.322,0
81.434,354.584,0.00282021,0.02362945959317969,-3.74526106,38.08,14.248,372,228.682,61.302,237.246,0
63.711,336.861,0.00296858,0.00869788891993956,-4.74467494,36.105,7.913,501,269.068,66.669,192.199,0
88.343,361.493,0.00276631,0.03397247658861841,-3.38220459,40.397,5.843,363,167.005,54.566,98.243,0
104.719,377.869,0.00264642,0.07617662680752949,-2.5747006,36.896,4.898,385,228.366,49.712,32.94,0
69.357,342.507,0.00291965,0.01209375332636864,-4.41506621,36.772,2.075,666,175.428,54.5,18.981,0
78.11,351.26,0.00284689,0.01974173642968026,-3.92502028,42.307,14.585,1171,251.247,46.957,156.83,0
146.777,419.927,0.00238137,0.45411757478879,-0.78939914,38.806,1.644,461,125.415,57.738,219.993,0
87.366,360.516,0.0027738,0.03229962798911498,-3.43269957,44.546,4.753,784,256.835,55.481,40.179,0
124.74,397.89,0.00251326,0.1867903021654079,-1.67776867,41.982,4.465,400,110.598,50.076,124.389,0
145.265,418.415,0.00238997,0.4285440016320888,-0.84736186,46.845,5.67,613,179.933,52.255,188.623,0
39.361,312.511,0.00319989,0.001831442200606974,-6.30265153,35.283,14.343,207,251.592,59.503,147.587,0
56.113,329.263,0.00303709,0.005483118041076245,-5.20608135,38.847,10.013,1120,264.785,58.165,189.964,0
87.358,360.508,0.00277386,0.03228623936225921,-3.43311417,40.838,1.148,536,147.703,56.212,49.782,0
76.423,349.573,0.00286063,0.01799682999634475,-4.01755965,38.16,6.667,431,148.253,60.345,241.596,0
148.669,421.819,0.00237069,0.4879929238256446,-0.71745437,42.497,1.043,878,82.614,45.532,73.852,0
163.828,436.978,0.00228844,0.8491544264276543,-0.16351422,46.5,5.078,214,90.835,67.127,144.057,0
152.769,425.919,0.00234786,0.569075570128696,-0.56374204,47.402,10.356,457,61.885,61.428,55.376,0
44.14,317.29,0.00315169,0.002533843327159258,-5.97801803,40.108,4.971,513,79.773,59.816,60.62,0
99.114,372.264,0.00268627,0.05824555480637032,-2.8430875,36.034,7.395,998,123.531,46.307,14.853,0
125.877,399.027,0.0025061,0.1960212001458482,-1.62953246,43.951,10.729,951,33.241,65.934,94.882,0
46.059,319.209,0.00313274,0.002878755416315144,-5.85039723,42.569,3.153,436,50.27,62.358,157.868,0
103.156,376.306,0.00265741,0.07074039008038088,-2.64873858,41.954,7.954,192,29.669,46.178,168.596,0
81.347,354.497,0.0028209,0.02351955713200222,-3.74992299,44.906,6.564,753,72.5,45.923,27.094,0
47.378,320.528,0.00311985,0.003139898369135039,-5.76356485,41.059,14.536,821,174.882,55.097,81.456,0
76.934,350.084,0.00285646,0.01851017141178286,-3.98943489,36.306,14.194,263,209.798,51.892,194.561,0
32.767,305.917,0.00326886,0.001150879459441043,-6.76722888,44.964,6.547,323,41.466,50.147,123.009,0
119.371,392.521,0.00254763,0.1481812569018197,-1.90931905,37.054,7.067,1100,49.159,66.098,92.941,0
41.925,315.075,0.00317385,0.002182560150538617,-6.12725671,42.099,3.263,458,14.36,48.468,138.196,0
46.398,319.548,0.00312942,0.002943924446117994,-5.82801174,37.046,3.441,1024,88.291,66.67,137.27,0
145.707,418.857,0.00238745,0.4358860402648091,-0.83037445,47.584,4.894,229,157.261,55.401,191.276,0
53.174,326.324,0.00306444,0.004560504231618199,-5.39032208,43.313,2.186,1124,212.885,48.68,41.33,0
99.68,372.83,0.00268219,0.05986764001207757,-2.81561915,38.046,10.792,399,152.468,47.16,177.526,0
31.179,304.329,0.00328592,0.001025968019359046,-6.8821187,44.032,5.007,183,58.491,56.845,27.01,0
76.538,349.688,0.00285969,0.01811123103181312,-4.01122303,35.963,2.452,951,51.798,49.636,221.78,0
153.488,426.638,0.00234391,0.5844461561541926,-0.53709062,40.532,9.286,852,53.217,62.139,231.878,0
81.523,354.673,0.0028195,0.02374236377644193,-3.74049433,37.473,11.189,619,160.91,47.812,104.698,0
143.651,416.801,0.00239923,0.4026454796896034,-0.90969881,45.707,11.506,946,295.902,62.376,69.826,0
144.782,417.932,0.00239273,0.4206449657207374,-0.86596611,45.344,12.657,1001,230.459,64.499,91.883,0
76.012,349.162,0.002864,0.0175932447675383,-4.04024027,42.941,11.416,738,282.085,61.524,182.711,0
77.808,350.958,0.00284934,0.01941865774097176,-3.94152094,41.099,4.16,342,203.163,51.001,185.462,0
100.413,373.563,0.00267692,0.06202796886052928,-2.78016989,40.553,8.969,417,117.341,61.803,134.886,0
85.438,358.588,0.00278872,0.02921266329331174,-3.53315299,44.154,5.58,917,201.238,55.479,206.372,0
129.071,402.221,0.0024862,0.2241389919207755,-1.49548892,41.838,1.703,339,232.093,56.999,110.684,0
74.525,347.675,0.00287625,0.01619995455610808,-4.12274684,43.903,2.601,1014,44.282,51.896,74.608,0
139.998,413.148,0.00242044,0.3490339828426886,-1.05258599,42.389,11.341,915,84.652,50.942,143.825,0
70.986,344.136,0.00290583,0.01327361613326152,-4.32197696,42.388,4.87,715,209.152,52.322,134.967,0
82.43,355.58,0.00281231,0.02492079773751932,-3.69205257,36.236,13.831,229,197.268,65.375,44.109,0
26.745,299.895,0.0033345,0.0007396342539929454,-7.20935475,36.042,6.084,484,35.863,66.156,134.408,0
70.646,343.796,0.0029087,0.01301915653963393,-4.34133343,37.592,12.133,316,100.467,63.586,192.59,0
82.82,355.97,0.00280923,0.025443396280821,-3.67129905,38.377,11.386,288,232.767,62.236,99.865,0
100.708,373.858,0.00267481,0.06291678141810977,-2.76594236,42.981,14.538,652,285.115,63.618,161.065,0
155.319,428.469,0.00233389,0.6252371623570464,-0.46962424,40.537,10.868,341,289.091,45.583,210.786,0
61.804,334.954,0.00298548,0.007762006660012977,-4.85851439,42.095,5.583,1096,32.681,52.381,205.211,0
30.264,303.414,0.00329583,0.0009597248593559144,-6.94886392,41.496,3.264,577,291.846,65.888,212.8,0
115.831,388.981,0.00257082,0.1267566334035181,-2.0654863,43.636,9.83,945,159.781,49.033,102.838,0
75.585,348.735,0.00286751,0.01718255833609863,-4.06386046,37.064,4.538,1054,297.615,52.031,181.228,0
71.219,344.369,0.00290386,0.01345056502072966,-4.30873416,37.363,2.633,1026,76.081,48.912,100.269,0
125.922,399.072,0.00250581,0.196394668161454,-1.62762903,39.155,5.185,295,117.928,58.975,46.207,0
166.645,439.795,0.00227379,0.9372709362519855,-0.06478289,48.465,1.575,838,99.068,50.402,64.121,1
71.232,344.382,0.00290375,0.01346049978879314,-4.30799582,41.277,5.994,620,257.926,53.485,234.282,0
75.668,348.818,0.00286682,0.01726170777688835,-4.05926465,39.625,12.205,831,277.642,51.837,69.88,0
73.445,346.595,0.00288521,0.01525093092988648,-4.18311473,40.8,5.968,300,111.307,47.502,113.083,0
55.811,328.961,0.00303987,0.005381105506207982,-5.22486144,44.513,1.152,807,179.683,53.509,56.889,1
123.731,396.881,0.00251965,0.1789218694963809,-1.72080605,42.774,13.37,866,265.611,51.161,203.104,0
73.555,346.705,0.0028843,0.01534525536629119,-4.17694895,36.603,2.171,535,194.227,66.4,210.577,0
92.088,365.238,0.00273794,0.04112448709666924,-3.19115154,40.131,10.059,764,34.589,63.825,59.493,0
63.865,337.015,0.00296723,0.008777724812104384,-4.73553804,40.377,1.812,513,96.959,66.788,182.702,0
33.509,306.659,0.00326095,0.001213855054270894,-6.71395399,35.925,7.16,903,281.631,64.722,180.557,0
95.631,368.781,0.00271164,0.04909610209369264,-3.01397563,41.088,13.713,444,261.123,56.122,139.294,0
151.369,424.519,0.00235561,0.5401570470828261,-0.61589535,40.103,13.871,1181,81.752,52.171,7.214,0
146.067,419.217,0.0023854,0.4419471330946496,-0.81656501,45.561,7.626,730,66.994,64.541,204.428,0
69.286,342.436,0.00292025,0.0120445421790188,-4.41914365,39.312,7.201,134,280.416,62.206,187.158,0
121.723,394.873,0.00253246,0.1641279997685358,-1.80710867,36.954,12.261,1022,268.961,50.624,230.936,0
101.616,374.766,0.00266833,0.06572400320636096,-2.72229107,41.45,1.153,160,243.288,52.761,149.071,0
83.873,357.023,0.00280094,0.02690371209007658,-3.61549101,44.606,4.102,263,49.425,64.26,235.627,0
112.389,385.539,0.00259377,0.1086004055386201,-2.22008014,45.974,10.61,733,223.447,54.053,106.981,0
74.436,347.586,0.00287699,0.01611979240915994,-4.12770742,43.289,10.293,1178,119.217,50.115,120.068,0
91.787,364.937,0.0027402,0.04050368616854372,-3.20636229,39.833,9.142,285,281.616,47.663,149.279,0
122.931,396.081,0.00252474,0.1728925978404721,-1.7550847,37.941,1.867,816,148.297,60.942,124.275,0
140.785,413.935,0.00241584,0.3600222921003054,-1.02158933,40.988,7.755,990,192.538,62.983,11.486,0
145.326,418.476,0.00238962,0.4295507828570733,-0.84501531,41.571,12.595,688,12.314,52.261,139.752,0
169.406,442.556,0.0022596,1.031244224941959,0.03076606,44.243,3.769,945,135.791,65.008,69.728,0
146.054,419.204,0.00238547,0.4417269828437054,-0.81706327,47.449,7.465,550,112.361,59.955,188.417,0
48.617,321.767,0.00310784,0.00340453313183702,-5.68264746,38.112,13.379,835,263.268,45.646,131.06,0
52.843,325.993,0.00306755,0.004465920038929725,-5.41128003,43.517,2.328,973,269.833,59.233,100.299,0
89.459,362.609,0.00275779,0.03597760868255681,-3.32485852,37.171,1.569,1112,168.75,53.099,221.119,0
63.479,336.629,0.00297063,0.008578850093787385,-4.7584554,41.589,8.04,1071,150.581,57.127,15.634,0
115.429,388.579,0.00257348,0.1245061136001903,-2.08340046,39.727,13.12,688,268.622,66.181,9.866,0
119.796,392.946,0.00254488,0.1509571380354051,-1.89075934,37.747,5.53,738,36.601,56.722,211.882,0
45.458,318.608,0.00313865,0.002766421499203346,-5.89020067,36.236,7.169,299,164.789,49.689,102.046,0
61.201,334.351,0.00299087,0.007485548043116009,-4.89478104,43.914,1.794,493,229.974,55.432,40.612,0
29.465,302.615,0.00330453,0.0009050887407720427,-7.00747756,38.958,10.988,467,146.589,54.541,63.237,0
115.203,388.353,0.00257498,0.1232564805108654,-2.09348789,39.914,10.515,263,25.496,51.051,50.53,0
131.362,404.512,0.00247211,0.2464378229385071,-1.40064556,46.312,7.636,1060,282.884,52.525,105.462,0
161.103,434.253,0.00230281,0.7708665797185121,-0.26023997,49.782,1.693,714,75.825,63.9,49.688,1
123.899,397.049,0.00251858,0.1802113255967156,-1.71362509,37.093,3.294,946,52.834,56.756,150.179,0
62.518,335.668,0.00297913,0.008101222802105719,-4.81574027,39.4,11.052,829,297.152,63.295,85.01,0
69.792,342.942,0.00291594,0.01239922163478143,-4.39012158,39.311,6.438,838,296.455,65.016,241.125,0
58.379,331.529,0.00301633,0.006305960290964511,-5.06626001,40.79,1.458,299,140.355,64.542,113.034,0
154.647,427.797,0.00233756,0.6099866744140766,-0.49431817,41.122,11.752,310,219.022,63.504,203.83,0
57.721,330.871,0.00302233,0.006056253219406267,-5.10666395,37.188,4.217,951,156.482,50.913,97.664,0
155.477,428.627,0.00233303,0.6288707854126097,-0.46382947,47.753,2.153,340,190.39,60.265,21.679,1
169.071,442.221,0.00226131,1.019422644904799,0.01923643,43.092,9.898,387,82.314,51.92,217.626,0
119.43,392.58,0.00254725,0.148563898650443,-1.90674012,43.27,5.798,431,227.492,60.419,44.869,0
150.574,423.724,0.00236003,0.524314071401725,-0.6456644,43.462,2.108,1098,63.538,50.351,163.232,0
162.152,435.302,0.00229726,0.8002255695003088,-0.22286163,47.323,10.208,895,252.34,64.26,7.221,0
116.312,389.462,0.00256764,0.1294966455530577,-2.0441003,36.863,8.824,422,284.835,46.424,180.684,0
45.323,318.473,0.00313998,0.002741740865224583,-5.89916221,43.455,10.278,787,256.544,63.004,48.178,0
34.064,307.214,0.00325506,0.001262989498572079,-6.67427375,35.62,11.896,802,85.328,46.894,116.627,0
59.842,332.992,0.00300308,0.006894729957308236,-4.97699793,35.793,5.815,962,209.607,45.886,249.527,0
82.266,355.416,0.0028136,0.02470392105939385,-3.7007933,42.546,8.487,1050,183.24,45.61,73.998,0
42.765,315.915,0.00316541,0.002310216076146839,-6.07041422,40.217,12.87,961,175.923,62.705,41.699,0
119.09,392.24,0.00254946,0.1463707670447958,-1.92161238,40.556,7.893,550,272.002,58.981,11.201,0
51.086,324.236,0.00308417,0.003992871996489173,-5.52324451,42.122,2.008,743,266.425,45.514,213.118,0
105.823,378.973,0.00263871,0.080236794712131,-2.52277308,39.886,5.483,263,280.857,59.026,210.364,0
32.306,305.456,0.00327379,0.00111326448779292,-6.8004586,37.071,13.453,961,252.728,50.694,36.023,0
145.178,418.328,0.00239047,0.4271116761612332,-0.85070976,45.11,6.446,367,97.693,52.875,42.762,0
93.209,366.359,0.00272956,0.04351181607363851,-3.13472274,35.721,14.961,940,64.595,57.655,20.984,0
169.403,442.553,0.00225962,1.031137833948255,0.03066289,44.843,3.412,994,279.467,47.181,183.263,0
74.305,347.455,0.00287807,0.01600244801101961,-4.13501357,41.335,8.14,323,210.892,45.537,104.438,0
49.63,322.78,0.00309809,0.003635708050930333,-5.6169514,36.608,9.849,769,282.854,48.206,114.12,0
141.832,414.982,0.00240974,0.3751105151181249,-0.98053459,45.822,8.739,826,82.893,60.768,62.401,0
55.421,328.571,0.00304348,0.005251902170287046,-5.24916495,36.496,11.834,442,88.759,54.914,214.802,0
100.99,374.14,0.0026728,0.0637769922313732,-2.75236278,37.928,7.594,705,259.047,57.061,199.872,0
40.413,313.563,0.00318915,0.001968781101344061,-6.23034066,39.215,5.766,755,239.934,57.283,46.298,0
75.548,348.698,0.00286781,0.01714737981229431,-4.0659099,44.785,13.347,894,252.256,48.607,140.977,0
143.405,416.555,0.00240064,0.3988210725478557,-0.9192424,46.647,8.172,651,136.332,48.023,88.303,0
36.342,309.492,0.0032311,0.00148417401958665,-6.51289688,38.689,5.728,263,162.372,59.801,152.389,0
56.508,329.658,0.00303345,0.005619177772026774,-5.18156993,37.734,4.811,1040,133.565,58.098,77.359,0
163.777,436.927,0.00228871,0.8476280003665142,-0.16531342,50.128,7.756,585,243.799,45.691,91.334,1
129.118,402.268,0.0024859,0.2245779650985578,-1.49353235,41.7,13.601,377,151.269,45.569,59.262,0
31.422,304.572,0.0032833,0.001044245860644025,-6.86446032,38.275,6.74,174,144.414,48.471,47.866,0
90.409,363.559,0.00275059,0.03776699084479752,-3.27631982,42.585,5.592,394,47.205,49.36,223.1,0
73.683,346.833,0.00288323,0.01545567324851657,-4.16977914,36.509,14.726,272,79.736,51.7,80.897,0
169.079,442.229,0.00226127,1.019703573225336,0.01951197,48.308,12.144,671,50.489,54.114,91.06,0
112.384,385.534,0.0025938,0.1085758019046371,-2.22030671,45.487,9.91,1185,126.722,58.818,181.905,0
54.885,328.035,0.00304846,0.005078897932049281,-5.28266098,43.345,8.309,482,275.166,50.464,27.304,0
155.558,428.708,0.00233259,0.6307407277739543,-0.46086039,45.26,5.747,187,176.539,56.276,126.751,0
39.779,312.929,0.00319561,0.001884935954379123,-6.27386144,36.479,5.496,166,108.484,55.171,51.264,0
45.257,318.407,0.00314063,0.002729747487702924,-5.90354617,44.501,3.613,1040,132.23,52.24,248.443,0
130.441,403.591,0.00247776,0.2372492724028258,-1.43864391,39.359,5.638,1184,25.577,63.706,153.244,0
72.463,345.613,0.00289341,0.01443163967571147,-4.23833228,44.599,3.768,113,182.608,51.154,151.495,0
120.672,393.822,0.00253922,0.1568240384642746,-1.85263088,44.273,7.696,214,169.698,58.9,190.861,0
148.362,421.512,0.00237241,0.4823504331799607,-0.72908439,48.914,7.382,495,32.735,65.556,184.292,1
100.351,373.501,0.00267737,0.06184259356237615,-2.78316294,44.319,14.067,631,91.118,47.151,212.712,0
44.181,317.331,0.00315128,0.002540802673697529,-5.97527523,43.27,10.441,468,30.406,53.275,132.943,0
75.995,349.145,0.00286414,0.01757672757893055,-4.04117955,41.335,7.608,1121,152.57,66.519,137.3,0
135.773,408.923,0.00244545,0.2949260128823754,-1.22103076,47.228,7.75,1190,215.718,63.034,215.316,0
136.101,409.251,0.00244349,0.2988452672196837,-1.20782934,46.719,12.377,343,104.681,57.72,235.856,0
27.086,300.236,0.00333071,0.0007587445971005682,-7.18384534,35.494,8.877,109,207.562,55.809,138.458,0
153.862,427.012,0.00234185,0.592583836159258,-0.52326292,47.06,4.778,583,49.859,58.378,97.344,1
123.254,396.404,0.00252268,0.1753049866244326,-1.74122804,40.433,10.813,198,27.606,58.817,192.341,0
160.38,433.53,0.00230665,0.7511818891528805,-0.28610746,45.471,7.203,684,218.079,59.203,184.582,0
98.872,372.022,0.00268801,0.05756402760155341,-2.85485743,36.152,5.834,431,234.965,48.445,189.344,0
75.884,349.034,0.00286505,0.01746922128535246,-4.04731473,41.127,1.163,623,136.368,66.408,175.465,0
101.638,374.788,0.00266818,0.06579337899722884,-2.72123607,38.161,12.298,1004,227.083,61.621,123.211,0
130.119,403.269,0.00247973,0.2341086770721286,-1.45196984,42.687,8.048,1176,127.918,48.841,93.882,0
70.239,343.389,0.00291215,0.01272031883078628,-4.36455466,38.663,12.352,199,221.953,49.095,126.349,0
106.687,379.837,0.00263271,0.08354710168097562,-2.48234471,37.379,1.595,308,200.193,53.627,135.904,0
149.034,422.184,0.00236864,0.494776484273764,-0.70364917,49.018,7.231,518,238.0,61.966,148.209,1
101.177,374.327,0.00267146,0.06435316503374038,-2.74336916,39.27,11.554,1046,122.09,65.149,203.001,0
158.512,431.662,0.00231663,0.7023370106492918,-0.35334192,45.954,5.789,1033,166.902,49.846,62.534,0
36.954,310.104,0.00322472,0.001549309484526182,-6.46994594,41.253,4.853,415,53.156,62.932,239.116,0
99.162,372.312,0.00268592,0.05838158352195168,-2.84075479,40.168,5.5,308,69.097,51.718,87.93,0
62.532,335.682,0.00297901,0.008108005467063799,-4.81490338,42.901,1.464,923,18.159,60.872,197.649,0
47.247,320.397,0.00312113,0.003113035890492897,-5.77215686,41.332,2.45,1192,58.523,62.285,120.552,0
169.076,442.226,0.00226129,1.019598217225119,0.01940865,47.277,2.47,815,73.223,51.421,193.437,1
126.061,399.211,0.00250494,0.1975522334454584,-1.62175226,39.93,14.484,418,220.759,44.809,71.511,0
153.013,426.163,0.00234652,0.5742516702244838,-0.55468753,40.172,3.456,462,59.885,49.297,18.01,0
30.589,303.739,0.0032923,0.0009827944626033414,-6.92511055,36.743,2.459,658,142.543,58.909,16.373,0
126.961,400.111,0.00249931,0.2051938767149468,-1.58380001,44.402,11.33,432,10.493,45.572,73.995,0
85.479,358.629,0.0027884,0.02927546309222896,-3.53100555,37.09,12.017,984,221.592,59.603,231.739,0
41.289,314.439,0.00318027,0.002090197710343801,-6.17049662,35.478,5.018,500,103.922,52.255,143.221,0
147.948,421.098,0.00237474,0.4748317651295833,-0.74479472,39.497,13.006,1189,124.694,57.046,51.59,0
39.821,312.971,0.00319518,0.001890388525938401,-6.2709729,37.491,5.986,793,204.838,45.34,71.164,0
34.121,307.271,0.00325446,0.001268136727628397,-6.6702066,40.755,7.549,509,86.767,53.208,85.514,0
166.503,439.653,0.00227452,0.9326460881107993,-0.06972948,48.074,9.696,992,184.037,46.838,23.296,1
58.821,331.971,0.00301231,0.006478869078270512,-5.03920931,44.67,4.487,788,57.045,63.896,23.533,0
106.422,379.572,0.00263455,0.08251913686230461,-2.49472505,41.387,5.442,363,189.703,45.785,193.124,0
42.753,315.903,0.00316553,0.002308345773020226,-6.07122413,35.429,4.858,815,27.911,60.08,245.093,0
132.032,405.182,0.00246803,0.2533175514001184,-1.37311143,43.328,7.332,324,236.867,63.499,130.8,0
73.987,347.137,0.00288071,0.01572077736940205,-4.15277204,36.542,5.521,609,242.115,63.28,237.898,0
164.594,437.744,0.00228444,0.8723702410279776,-0.13654136,45.069,14.855,777,254.913,48.865,205.014,0
77.356,350.506,0.00285302,0.0189439548773767,-3.9662704,41.575,5.452,182,293.111,49.894,221.205,0
88.726,361.876,0.00276338,0.03464907908699145,-3.36248413,42.101,12.096,656,194.817,65.558,47.801,0
75.862,349.012,0.00286523,0.01744798385248878,-4.04853118,42.937,12.099,1120,50.708,54.827,229.487,0
69.077,342.227,0.00292204,0.01190072358098933,-4.43115608,41.555,3.254,429,59.22,58.008,135.465,0
41.605,314.755,0.00317707,0.002135635972408949,-6.1489908,42.114,14.605,298,169.912,64.861,6.498,0
60.593,333.743,0.00299632,0.007215807981923329,-4.93148111,43.516,12.169,1075,27.971,49.946,158.197,0
80.454,353.604,0.00282802,0.02241763510515885,-3.79790735,38.872,4.822,467,199.662,52.073,129.602,0
57.01,330.16,0.00302883,0.005796486416805161,-5.15050334,39.568,12.518,399,204.73,61.046,240.429,0
30.065,303.215,0.00329799,0.0009458435113206382,-6.96343342,42.573,4.443,460,150.605,63.979,47.166,0
60.728,333.878,0.00299511,0.007274932823375499,-4.9233207,43.771,5.037,132,191.038,59.533,245.582,0
135.475,408.625,0.00244723,0.2914044532881945,-1.2330431,40.476,8.018,976,227.592,51.094,157.218,0
130.074,403.224,0.00248001,0.2336727015395901,-1.45383385,46.909,14.568,669,12.571,51.611,156.474,0
47.492,320.642,0.00311874,0.003163445361900931,-5.75609354,43.297,12.135,584,258.706,54.416,174.657,0
136.272,409.422,0.00244247,0.3009066237461463,-1.20095528,39.458,6.928,635,161.145,61.79,205.726,0
122.263,395.413,0.002529,0.1679962479774747,-1.78381363,39.267,10.998,719,43.146,54.299,169.195,0
134.098,407.248,0.00245551,0.2756073395322357,-1.28877811,45.882,12.707,226,237.484,52.867,63.979,0
152.468,425.618,0.00234952,0.5627464821805512,-0.57492605,40.826,3.744,286,225.585,57.567,175.499,0
146.313,419.463,0.002384,0.4461312001406122,-0.8071422,40.188,8.047,253,286.61,50.973,31.84,0
123.965,397.115,0.00251816,0.1807201360216981,-1.71080565,43.737,2.845,490,195.222,57.457,216.516,0
88.639,361.789,0.00276404,0.03449433921059638,-3.36696005,42.167,10.97,115,124.802,62.559,203.662,0
75.104,348.254,0.00287147,0.01673024501845419,-4.09053712,42.281,4.261,1073,209.529,65.131,69.27,0
141.232,414.382,0.00241323,0.3663975691392229,-1.00403628,44.254,7.757,861,133.893,65.767,147.816,0
41.716,314.866,0.00317595,0.002151808168565883,-6.14144678,41.476,12.601,376,34.282,47.577,208.635,0
93.952,367.102,0.00272404,0.04516144313330207,-3.09751158,37.008,1.826,464,295.348,58.86,154.502,0
64.645,337.795,0.00296038,0.00919230827223117,-4.6893882,40.256,14.922,1180,20.21,63.078,229.374,0
49.954,323.104,0.00309498,0.003712588318584172,-5.59602599,39.987,13.434,523,109.336,58.031,99.999,0
157.991,431.141,0.00231943,0.6892177301180424,-0.37219805,47.578,12.744,324,16.361,58.17,26.646,0
37.576,310.726,0.00321827,0.001618158422620007,-6.42646655,43.145,14.314,740,255.583,56.503,162.553,0
113.477,386.627,0.00258647,0.1140730520614143,-2.17091623,37.791,2.605,130,176.622,57.5,187.05,0
60.951,334.101,0.00299311,0.007373554758682775,-4.90985536,40.248,14.705,906,125.378,50.396,105.483,0
144.069,417.219,0.00239682,0.4092175887535359,-0.89350826,46.775,10.35,1024,155.239,45.509,145.397,0
152.461,425.611,0.00234956,0.5626000287709393,-0.57518633,42.251,5.022,904,298.916,51.415,198.413,0
46.513,319.663,0.00312829,0.002966333407310261,-5.82042863,39.96,8.218,966,119.11,57.473,246.727,0
139.176,412.326,0.00242527,0.3378722232285274,-1.08508749,40.349,7.287,1089,162.981,49.454,179.949,0
74.289,347.439,0.0028782,0.0159881684964934,-4.1359063,38.314,13.303,1135,31.368,57.477,103.979,0
121.725,394.875,0.00253245,0.1641421802952307,-1.80702227,37.838,14.771,745,240.843,64.642,35.939,0
67.047,340.197,0.00293947,0.01058201243583907,-4.54859966,42.68,9.479,232,244.162,51.728,5.33,0
139.442,412.592,0.0024237,0.3414493929324928,-1.0745558,38.84,14.087,1196,36.735,64.004,61.134,0
40.622,313.772,0.00318703,0.001997153328014188,-6.21603245,38.32,10.858,631,75.631,46.41,37.77,0
167.827,440.977,0.00226769,0.9765480102404468,-0.02373136,44.624,11.203,143,97.113,65.871,76.038,0
154.154,427.304,0.00234025,0.5990059260881028,-0.51248379,42.796,12.856,691,159.553,63.354,8.282,0
27.675,300.825,0.00332419,0.0007928156406211086,-7.13991985,39.848,9.39,921,183.743,56.094,172.602,0
39.861,313.011,0.00319478,0.001895594748407865,-6.26822264,40.755,7.939,765,108.258,63.189,25.605,0
47.276,320.426,0.00312085,0.003118964558954157,-5.7702542,41.18,3.797,1074,151.746,56.591,122.209,0
114.297,387.447,0.002581,0.1183575656073538,-2.13404502,38.3,5.458,338,215.215,66.297,25.852,0
157.199,430.349,0.0023237,0.6696837329764158,-0.40094972,45.466,4.984,240,196.934,48.65,31.355,0
73.722,346.872,0.00288291,0.01548945756304801,-4.16759564,37.542,12.307,527,185.271,45.294,104.574,0
141.928,415.078,0.00240919,0.3765213133986841,-0.97678062,47.948,4.432,1111,159.384,50.615,140.051,1
136.795,409.945,0.00243935,0.3072889684542341,-1.17996671,43.467,14.766,398,174.805,47.632,90.08,0
167.095,440.245,0.00227146,0.9520591176390415,-0.04912815,43.634,9.706,1199,200.339,55.654,119.924,0
74.889,348.039,0.00287324,0.01653154273082457,-4.10248504,40.636,7.012,849,251.922,64.504,131.549,0
77.814,350.964,0.0028493,0.01942503012580995,-3.94119283,43.383,9.73,817,84.343,46.948,25.375,0
169.486,442.636,0.00225919,1.034084837579915,0.03351682,48.528,9.257,450,98.544,45.237,220.341,0
87.036,360.186,0.00277634,0.03175144396176562,-3.44981708,37.603,7.803,678,187.405,45.511,105.612,0
165.683,438.833,0.00227877,0.9063253616235813,-0.09835692,45.98,6.562,155,195.885,49.213,179.658,0
62.203,335.353,0.00298193,0.007949957077278217,-4.83458875,39.176,8.736,267,36.605,53.883,59.638,0
77.339,350.489,0.00285316,0.01892630566434761,-3.96720249,43.761,3.171,466,16.19,58.625,102.697,0
147.563,420.713,0.00237692,0.4679319928936361,-0.75943231,43.435,1.52,1091,153.419,57.044,166.978,0
44.478,317.628,0.00314834,0.002591734710649409,-5.95542786,42.751,9.289,186,218.671,61.705,30.641,0
109.911,383.061,0.00261055,0.09699489315955451,-2.33309695,40.294,9.902,1131,248.747,63.893,123.312,0
120.426,393.576,0.00254081,0.1551564921920588,-1.86332104,42.491,1.133,385,263.511,66.42,96.365,0
51.365,324.515,0.00308152,0.004064826114370056,-5.50538431,43.46,6.298,559,59.424,65.994,25.273,0
149.511,422.661,0.00236596,0.5037658112160677,-0.68564378,48.473,9.554,205,245.571,63.371,139.727,0
90.453,363.603,0.00275025,0.03785175800522766,-3.27407785,42.88,14.66,672,108.1,60.992,102.225,0
169.161,442.311,0.00226085,1.022586968231727,0.02233566,47.767,2.391,1104,164.363,65.836,82.786,1
112.162,385.312,0.0025953,0.1074883630582099,-2.23037269,37.432,3.743,544,290.07,62.01,222.023,0
55.007,328.157,0.00304732,0.005117817155032894,-5.27502727,40.861,11.617,1090,239.115,59.665,128.727,0
25.369,298.519,0.00334987,0.0006668922104002264,-7.31288213,43.976,11.585,347,287.459,52.841,228.792,0
80.223,353.373,0.00282987,0.02214022125741247,-3.81035936,40.59,5.198,1189,180.772,65.221,75.306,0
136.249,409.399,0.0024426,0.3006286402865674,-1.20187953,46.339,13.178,991,236.985,47.453,146.37,0
39.425,312.575,0.00319923,0.001839542298781299,-6.29823849,38.565,7.004,169,144.679,65.601,201.526,0
85.819,358.969,0.00278576,0.02980090769180335,-3.51321643,37.393,2.782,294,169.584,58.255,25.58,0
105.104,378.254,0.00264373,0.07757132867791774,-2.5565574,41.888,2.914,292,129.163,53.256,76.89,0
88.024,361.174,0.00276875,0.03341796475060991,-3.39866166,37.181,3.037,166,212.066,59.579,148.235,0
118.361,391.511,0.00255421,0.1417646044252049,-1.95358731,44.29,12.144,302,62.697,44.83,71.501,0
51.095,324.245,0.00308409,0.003995175010603806,-5.52266789,37.317,2.667,1119,298.298,66.318,111.371,0
104.396,377.546,0.00264868,0.0750237474967933,-2.58995058,38.537,2.87,516,128.923,48.961,196.804,0
50.291,323.441,0.00309175,0.003794109860823602,-5.57430545,36.469,6.721,183,32.118,53.518,104.008,0
146.667,419.817,0.00238199,0.4522130225955842,-0.79360192,46.272,8.6,329,12.881,48.93,145.166,0
86.547,359.697,0.00278012,0.03095440801438389,-3.47523987,40.015,1.043,676,193.189,45.149,227.718,0
145.938,419.088,0.00238613,0.4397668121107094,-0.82151067,44.417,11.265,513,55.801,50.155,156.983,0
77.877,351.027,0.00284878,0.01949205335117214,-3.93774842,35.951,3.715,737,198.152,59.284,60.086,0
85.826,358.976,0.0027857,0.02981181362002226,-3.51285053,42.552,7.046,386,35.171,49.074,14.85,0
168.76,441.91,0.0022629,1.008553537005027,0.00851716,49.968,14.009,1190,105.89,51.455,123.102,0
147.267,420.417,0.00237859,0.4626870488692262,-0.77070437,40.324,10.698,414,146.227,45.537,6.879,0
43.989,317.139,0.00315319,0.002508361199804771,-5.98812565,35.25,9.573,356,235.709,45.821,40.032,0
145.506,418.656,0.0023886,0.4325336968677148,-0.83809504,43.276,11.525,696,142.456,53.572,19.504,0
127.449,400.599,0.00249626,0.2094452826709223,-1.56329275,39.837,1.547,449,12.043,66.958,55.874,0
153.528,426.678,0.00234369,0.5853118097733546,-0.53561057,42.367,7.836,1132,90.518,59.696,76.396,0
144.606,417.756,0.00239374,0.4177985096969536,-0.872756,38.885,8.18,1140,172.852,59.266,57.629,0
32.638,305.788,0.00327024,0.001140239055779628,-6.77651734,35.5,9.713,517,129.498,47.232,112.928,0
80.948,354.098,0.00282408,0.02302135773691755,-3.7713329,41.358,14.505,506,158.815,54.09,14.739,0
72.065,345.215,0.00289675,0.01411099272876568,-4.26080116,42.611,13.026,244,137.886,65.447,75.238,0
157.462,430.612,0.00232228,0.6761161473161226,-0.3913904,46.692,10.738,1014,215.138,54.753,141.482,0
88.714,361.864,0.00276347,0.03462769888699561,-3.36310137,43.563,12.327,1192,182.451,54.159,49.856,0
143.943,417.093,0.00239755,0.4072266987262386,-0.89838525,46.292,7.944,1049,47.75,50.308,70.751,0
132.8,405.95,0.00246336,0.2614109127808423,-1.34166173,43.219,5.705,891,263.035,57.954,195.873,0
133.469,406.619,0.0024593,0.268645420320803,-1.31436291,40.589,13.319,1030,105.607,56.063,102.162,0
84.265,357.415,0.00279787,0.02746619352468226,-3.59479936,40.543,1.827,309,64.218,63.378,26.233,0
59.373,332.523,0.00300731,0.006700805658434273,-5.00552751,43.026,14.186,528,192.555,45.708,25.133,0
101.015,374.165,0.00267262,0.06385375417704585,-2.7511599,43.365,11.649,795,52.417,63.195,55.594,0
40.171,313.321,0.00319161,0.001936386045927265,-6.24693191,38.27,1.392,668,296.965,48.981,133.932,0
88.349,361.499,0.00276626,0.03398298450551565,-3.38189534,37.707,1.355,934,241.223,57.015,170.755,0
107.535,380.685,0.00262684,0.08691336463657626,-2.44284347,37.341,2.078,536,63.222,53.184,224.681,0
46.903,320.053,0.00312448,0.003043483369598593,-5.79475257,35.478,6.626,348,265.359,64.794,86.872,0
50.586,323.736,0.00308894,0.003866795907356193,-5.55532905,42.22,1.63,539,263.515,59.092,117.361,0
89.429,362.579,0.00275802,0.03592235558514627,-3.32639546,39.469,9.737,1092,132.53,66.66,245.006,0
169.851,443.001,0.00225733,1.047131546816333,0.04605457,45.663,6.741,892,97.392,63.365,146.818,0
63.054,336.204,0.00297438,0.008364580409115658,-4.78374911,36.779,7.773,966,288.473,49.567,246.663,0
158.719,431.869,0.00231552,0.7076095902785363,-0.34586276,40.527,9.098,321,263.79,52.243,15.913,0
36.497,309.647,0.00322948,0.00150043122930977,-6.50200273,38.382,7.825,872,96.945,52.167,61.31,0
110.049,383.199,0.00260961,0.09761104738999261,-2.3267646,39.339,14.887,1126,167.246,45.167,247.576,0
115.733,388.883,0.00257147,0.1262047082250035,-2.06985002,43.519,7.039,1054,125.091,65.878,50.623,0
73.217,346.367,0.00288711,0.01505707659332635,-4.19590719,43.568,9.934,740,152.347,49.522,9.972,0
31.233,304.383,0.00328533,0.001030004424684582,-6.87819218,36.502,1.113,316,92.188,57.882,224.508,0
118.726,391.876,0.00255183,0.1440545771996943,-1.93756304,42.275,9.69,800,246.594,60.557,129.262,0
84.843,357.993,0.00279335,0.02831475027755755,-3.5643724,37.148,13.748,1200,201.168,62.235,243.146,0
84.886,358.036,0.00279302,0.02837880464409002,-3.56211273,41.607,11.66,601,165.021,48.961,206.745,0
146.052,419.202,0.00238548,0.4416931220977542,-0.81713993,39.115,14.155,505,213.904,64.205,189.045,0
124.995,398.145,0.00251165,0.1888265220929043,-1.66692656,40.364,6.911,373,152.944,45.31,153.374,0
63.487,336.637,0.00297056,0.008582930345508465,-4.75797989,38.574,7.082,166,83.787,55.008,118.164,0
48.138,321.288,0.00311247,0.003299922508043385,-5.71385629,42.779,12.873,373,268.235,46.973,72.55,0
55.366,328.516,0.00304399,0.005233908219891299,-5.25259701,42.76,14.469,139,202.909,64.496,89.499,0
62.697,335.847,0.00297755,0.008188330122350146,-4.80504529,42.014,2.0,581,230.636,58.191,245.198,0
163.219,436.369,0.00229164,0.8310824519073889,-0.18502627,42.894,11.709,544,30.564,49.117,46.159,0
168.25,441.4,0.00226552,0.9909474667193401,-0.00909376,46.029,14.397,376,207.93,46.691,215.841,0
39.203,312.353,0.00320151,0.001811583444834509,-6.31355398,38.036,12.549,775,180.773,60.341,72.524,0
165.754,438.904,0.0022784,0.9085785159942159,-0.09587397,50.736,6.119,464,157.988,53.288,204.121,1
130.133,403.283,0.00247965,0.2342444598579144,-1.45139001,40.935,6.682,688,266.919,55.915,44.611,0
164.461,437.611,0.00228513,0.8683001233706075,-0.14121786,48.685,10.024,709,126.428,66.956,190.075,0
81.173,354.323,0.00282228,0.0233011232919239,-3.75925371,39.387,13.553,578,189.051,59.808,129.409,0
63.44,336.59,0.00297097,0.008558983856510752,-4.7607738,45.001,5.822,924,201.067,61.376,191.748,0
115.681,388.831,0.00257181,0.1259127140565197,-2.07216636,39.588,3.469,737,167.363,66.98,56.919,0
163.952,437.102,0.0022878,0.8528757195989378,-0.15914144,46.633,3.15,318,80.443,55.892,54.5,1
108.155,381.305,0.00262257,0.08945012928229318,-2.41407402,41.991,6.542,1140,109.344,61.409,43.392,0
28.291,301.441,0.0033174,0.0008299339533211199,-7.09416443,41.809,2.252,769,27.94,46.823,216.79,0
37.214,310.364,0.00322202,0.001577758549573706,-6.45175008,42.327,10.818,534,199.805,64.205,97.346,0
141.143,414.293,0.00241375,0.3651203833204364,-1.00752816,44.763,10.332,1024,113.489,50.193,232.0,0
28.791,301.941,0.00331191,0.0008612182762588321,-7.05716257,37.34,5.725,777,276.842,63.532,108.895,0
70.679,343.829,0.00290842,0.01304366070181311,-4.33945303,41.579,11.577,728,31.081,62.171,200.362,0
123.197,396.347,0.00252304,0.1748771253259239,-1.74367169,41.676,10.562,554,37.98,49.63,152.536,0
133.038,406.188,0.00246191,0.263964742033256,-1.33193974,37.762,5.301,536,209.644,66.654,248.628,0
126.226,399.376,0.00250391,0.1989341250679963,-1.61478154,42.371,10.4,650,184.635,49.844,134.952,0
34.321,307.471,0.00325234,0.001286348335146089,-6.65594782,44.137,12.043,1028,54.855,57.693,9.142,0
60.785,333.935,0.00299459,0.007300027411539242,-4.91987718,43.594,8.57,553,25.953,59.866,230.896,0
31.248,304.398,0.00328517,0.001031128209032423,-6.87710173,38.019,9.119,698,273.094,61.594,245.563,0
150.558,423.708,0.00236012,0.5239994346610797,-0.64626467,41.208,8.014,263,285.894,57.615,159.844,0
32.515,305.665,0.00327156,0.00113017693410654,-6.78538108,44.836,3.623,260,177.739,50.732,95.642,0
111.229,384.379,0.0026016,0.1030228884107512,-2.2728041,38.803,2.368,821,164.237,54.606,186.23,0
43.739,316.889,0.00315568,0.002466682140224816,-6.00488129,35.877,11.972,275,65.901,48.815,204.598,0
142.805,415.955,0.00240411,0.3896264550307985,-0.94256681,39.383,7.27,853,165.312,51.672,78.634,0
75.029,348.179,0.00287209,0.01666068839061973,-4.09470332,38.288,5.054,524,246.469,48.387,169.929,0
38.737,311.887,0.00320629,0.001754145130400211,-6.34577365,36.922,4.401,385,248.294,47.644,28.506,0
128.089,401.239,0.00249228,0.2151384281724228,-1.53647361,46.218,9.963,677,28.691,52.062,245.969,0
94.227,367.377,0.002722,0.04578599083475811,-3.08377711,35.756,6.998,591,126.039,46.783,201.882,0
150.22,423.37,0.002362,0.5173911947278496,-0.65895603,45.685,1.372,1046,98.888,53.318,168.724,1
135.835,408.985,0.00244508,0.2956633671359669,-1.21853375,44.348,6.89,796,17.482,59.904,211.071,0
62.093,335.243,0.00298291,0.00789773630739178,-4.8411791,39.071,3.911,121,139.293,61.737,183.472,0
26.678,299.828,0.00333525,0.000735931379252946,-7.21437368,44.155,4.86,493,135.328,49.098,50.089,0
139.427,412.577,0.00242379,0.3412467922439386,-1.07514933,46.507,13.959,474,48.456,45.702,198.314,0
63.649,336.799,0.00296913,0.00866593214198163,-4.74835579,45.086,6.224,342,199.97,60.843,186.647,0
120.782,393.932,0.00253851,0.1575747957638722,-1.84785504,46.352,3.893,502,86.83,50.851,189.413,0
47.275,320.425,0.00312086,0.003118759952155664,-5.77031981,36.988,13.764,800,150.944,64.433,196.61,0
103.413,376.563,0.0026556,0.07160986124529276,-2.63652249,38.085,5.249,249,107.583,51.492,57.078,0
112.685,385.835,0.00259178,0.1100657674115873,-2.20667721,39.611,2.403,827,14.852,53.97,172.546,0
48.324,321.474,0.00311067,0.003340193370423446,-5.70172658,36.914,9.911,118,171.163,56.913,146.958,0
65.641,338.791,0.00295167,0.009747276840035972,-4.63076733,42.835,12.075,108,87.132,63.386,119.65,0
29.613,302.763,0.00330291,0.0009149902736343995,-6.99659712,44.934,5.224,772,201.561,50.38,205.152,0
36.666,309.816,0.00322772,0.001518340967716942,-6.49013701,39.925,9.821,886,27.36,53.45,60.75,0
60.606,333.756,0.0029962,0.007221482588945408,-4.930695,37.611,5.476,727,247.845,46.547,6.417,0
135.083,408.233,0.00244958,0.2868283617461194,-1.24887128,43.281,1.691,1094,251.166,56.201,194.811,0
31.984,305.134,0.00327725,0.001087658014145894,-6.82372851,43.571,4.929,864,202.545,51.385,28.964,0
107.117,380.267,0.00262973,0.08523930867763839,-2.46229258,38.883,4.195,142,66.007,66.989,189.133,0
65.182,338.332,0.00295568,0.009487885611221472,-4.65773949,40.092,9.941,108,53.109,55.716,26.212,0
104.411,377.561,0.00264858,0.07507694177710753,-2.5892418,39.899,6.143,310,15.081,52.279,130.206,0
112.025,385.175,0.00259622,0.1068221088795083,-2.23659036,41.833,10.581,464,114.686,56.451,89.92,0
157.583,430.733,0.00232162,0.6790936003886091,-0.38699631,48.286,14.41,759,90.075,51.128,24.586,0
70.103,343.253,0.0029133,0.01262184344733435,-4.37232636,35.557,3.88,260,75.001,66.731,167.632,0
26.645,299.795,0.00333561,0.0007341137896251031,-7.21684651,37.74,1.821,576,90.53,53.173,105.567,0
58.774,331.924,0.00301274,0.006460281939135767,-5.04208232,38.721,11.243,445,66.983,65.815,58.288,0
51.238,324.388,0.00308273,0.004031928774739154,-5.51351041,35.961,2.695,259,179.841,53.704,6.083,0
167.148,440.298,0.00227119,0.9538141156304626,-0.04728647,48.983,11.896,754,208.559,54.053,171.449,0
169.559,442.709,0.00225882,1.036682824343309,0.03602602,50.974,4.428,518,294.645,59.892,130.252,1
71.066,344.216,0.00290515,0.01333413408828825,-4.31742806,37.758,11.65,256,100.878,60.466,95.964,0
28.996,302.146,0.00330966,0.0008743522733440103,-7.0420272,35.796,7.687,226,274.904,59.515,93.096,0
72.447,345.597,0.00289354,0.01441862426966608,-4.23923456,44.658,3.239,518,88.317,63.485,63.487,0
156.452,429.602,0.00232774,0.65170392856354,-0.42816492,43.145,3.109,577,131.597,51.463,128.487,0
124.367,397.517,0.00251562,0.1838467091325756,-1.69365297,41.597,9.112,760,28.027,61.846,240.114,0
60.985,334.135,0.0029928,0.00738869663267139,-4.90780393,43.534,9.014,676,164.168,62.939,142.35,0
73.676,346.826,0.00288329,0.01544961639871328,-4.1701711,44.808,9.064,175,224.03,52.227,129.185,0
99.108,372.258,0.00268631,0.05822857105439386,-2.84337913,42.928,7.643,888,75.792,66.191,205.915,0
49.524,322.674,0.0030991,0.003610870168330192,-5.62380649,36.686,10.394,238,174.402,46.167,189.89,0
134.564,407.714,0.0024527,0.2808669247296466,-1.2698743,37.846,6.019,614,222.278,48.16,180.726,0
88.008,361.158,0.00276887,0.03339036628905983,-3.39948786,37.915,5.154,330,199.694,44.869,222.421,0
29.458,302.608,0.00330461,0.0009046228495231496,-7.00799244,41.768,3.35,781,52.966,45.292,121.149,0
39.566,312.716,0.00319779,0.001857502619694063,-6.28852237,37.801,10.777,140,134.236,55.191,87.526,0
167.202,440.352,0.00227091,0.9556051183723394,-0.04541051,43.374,4.39,188,213.979,55.942,138.729,0
154.106,427.256,0.00234052,0.5979460850171854,-0.51425469,44.579,13.545,385,91.932,49.854,32.42,0
163.868,437.018,0.00228824,0.8503532966552001,-0.16210337,49.51,7.046,868,259.85,56.445,137.68,1
142.452,415.602,0.00240615,0.3843042211736489,-0.9563208,46.771,6.516,113,299.309,51.717,178.678,0
76.319,349.469,0.00286148,0.01789392978334343,-4.02329374,38.951,9.601,597,61.345,64.059,214.212,0
54.377,327.527,0.00305318,0.004919696604592475,-5.31450842,44.681,12.634,142,184.7,48.786,237.028,0
109.033,382.183,0.00261655,0.0931548169762576,-2.37349247,36.637,11.027,835,282.626,59.454,114.727,0
145.97,419.12,0.00238595,0.4403067866925519,-0.82028355,40.903,5.306,492,100.084,52.761,173.297,0
169.466,442.616,0.00225929,1.033374048037115,0.03282922,42.806,9.803,360,44.747,60.069,57.727,0
81.609,354.759,0.00281882,0.02385192047713152,-3.73589054,45.104,8.422,276,45.583,61.921,236.27,0
118.539,391.689,0.00255305,0.1428773075441427,-1.94576901,45.415,8.672,889,264.153,46.137,60.682,0
129.256,402.406,0.00248505,0.2258712428250922,-1.48779016,43.99,12.037,1131,10.415,63.142,249.472,0
91.525,364.675,0.00274217,0.03997013793179156,-3.21962266,35.989,2.603,499,222.334,66.809,242.009,0
132.917,406.067,0.00246265,0.2626636381541875,-1.33688101,45.4,6.776,1147,228.98,55.172,180.664,0
158.177,431.327,0.00231843,0.6938766491165475,-0.36546107,43.293,5.318,1151,204.865,58.799,141.923,0
111.615,384.765,0.00259899,0.104850007204394,-2.25522445,40.74,7.061,635,121.997,60.294,91.45,0
92.453,365.603,0.00273521,0.04188865670701704,-3.17274021,40.032,10.914,100,17.091,59.082,219.287,0
29.561,302.711,0.00330348,0.0009115001787840164,-7.00041877,39.039,13.653,622,184.056,47.105,105.08,0
168.351,441.501,0.002265,0.9944127939254376,-0.00560287,44.309,7.146,920,71.703,53.867,244.506,0
35.51,308.66,0.00323981,0.001399611107549508,-6.57156086,43.213,12.941,577,47.031,46.075,100.926,0
36.63,309.78,0.0032281,0.001514509685993341,-6.49266353,36.047,13.165,119,187.426,47.143,16.711,0
51.78,324.93,0.00307759,0.004174023608005264,-5.47887481,43.744,10.791,674,207.304,58.092,72.152,0
30.295,303.445,0.00329549,0.0009619038903355807,-6.94659602,40.074,7.836,1033,159.302,55.363,149.915,0
71.281,344.431,0.00290334,0.01349800546008448,-4.30521335,42.812,13.571,935,219.999,66.462,10.342,0
110.558,383.708,0.00260615,0.09991377504542237,-2.30344771,42.452,5.73,279,104.988,52.681,238.202,0
162.535,435.685,0.00229524,0.8111848739635117,-0.20925929,41.062,7.688,130,297.22,52.07,206.518,0
33.568,306.718,0.00326032,0.001218994539927797,-6.70972891,35.561,10.806,549,175.341,44.828,129.381,0
132.251,405.401,0.00246669,0.2556026446836084,-1.36413121,41.994,5.403,335,120.898,50.178,27.515,0
142.879,416.029,0.00240368,0.3907503191653053,-0.93968649,39.269,10.462,327,176.17,54.251,70.216,0
121.958,395.108,0.00253095,0.1658016326858225,-1.79696319,42.355,13.051,136,267.535,55.463,74.818,0
118.232,391.382,0.00255505,0.1409630002792212,-1.95925783,40.051,6.902,1083,289.995,55.846,142.705,0
86.104,359.254,0.00278355,0.03024782807550749,-3.4983309,36.085,6.229,461,249.723,63.217,128.883,0
103.438,376.588,0.00265542,0.07169494459929675,-2.63533504,40.166,14.408,627,52.968,44.837,239.212,0
81.395,354.545,0.00282052,0.0235801362798491,-3.7473506,41.329,11.362,869,46.638,54.691,132.843,0
155.578,428.728,0.00233248,0.6312031882328198,-0.46012746,40.617,4.8,645,229.132,48.919,158.009,0
37.933,311.083,0.00321458,0.001658917701154673,-6.40158988,35.918,11.267,379,75.573,49.748,201.549,0
29.266,302.416,0.0033067,0.0008919289056034805,-7.02212413,39.355,11.144,382,293.45,61.249,93.539,0
166.405,439.555,0.00227503,0.9294658752510666,-0.07314519,49.098,13.774,710,96.2,64.911,220.367,0
40.969,314.119,0.00318351,0.002045079201330665,-6.19231876,44.157,10.749,874,45.7,60.89,190.0,0
73.648,346.798,0.00288352,0.01542541028529907,-4.17173911,36.566,1.476,528,109.401,46.786,143.229,0
46.754,319.904,0.00312594,0.003013796332334341,-5.80455475,35.459,9.859,581,221.144,54.732,136.086,0
46.035,319.185,0.00313298,0.00287419156032792,-5.85198384,40.023,1.296,200,150.493,65.936,158.24,0
143.71,416.86,0.00239889,0.4035674790750707,-0.90741157,41.844,8.436,1016,291.172,57.619,72.742,0
107.804,380.954,0.00262499,0.08800604804752664,-2.43034974,41.811,4.707,665,284.813,66.249,53.307,0
130.069,403.219,0.00248004,0.233624303959161,-1.45404099,37.696,1.589,1127,231.174,49.078,102.297,0
57.134,330.284,0.0030277,0.005841053763081373,-5.14284406,42.211,14.743,1129,218.056,52.122,222.294,0
43.363,316.513,0.00315943,0.002405177366984187,-6.03013163,38.095,13.612,706,21.95,58.221,143.629,0
136.303,409.453,0.00244228,0.3012816543536707,-1.19970972,38.96,10.839,379,246.985,59.706,229.71,0
129.386,402.536,0.00248425,0.2270955418079389,-1.48238446,42.417,4.446,919,80.347,52.217,143.519,0
74.977,348.127,0.00287251,0.01661261478585292,-4.09759295,42.872,13.027,861,49.341,46.653,180.21,0
110.086,383.236,0.00260936,0.09777683672716196,-2.32506757,42.92,1.695,231,60.486,52.187,142.62,0
108.881,382.031,0.00261759,0.09250388566813325,-2.38050463,38.699,6.626,938,230.53,45.56,240.014,0
137.293,410.443,0.00243639,0.3134764229807291,-1.16003113,40.997,2.689,497,214.353,64.53,95.94,0
30.976,304.126,0.00328811,0.001010922508098682,-6.89689199,35.53,13.988,365,172.253,60.179,106.376,0
26.478,299.628,0.00333747,0.0007249782393633777,-7.22936892,36.561,3.526,527,205.853,58.45,6.437,0
134.292,407.442,0.00245434,0.2777863380488864,-1.28090303,42.108,10.879,827,211.114,62.698,42.781,0
57.804,330.954,0.00302157,0.006087251876582918,-5.10155855,44.47,14.334,896,152.615,45.738,76.296,0
125.1,398.25,0.00251099,0.1896706381566734,-1.66246619,46.142,5.883,1076,80.141,66.868,11.786,1
45.512,318.662,0.00313812,0.002776349946242579,-5.88661818,38.256,5.108,618,51.754,47.571,192.677,0
41.546,314.696,0.00317767,0.00212708486283648,-6.15300285,43.833,12.158,1171,49.264,52.437,134.278,0
29.452,302.602,0.00330467,0.0009042236879017542,-7.00843379,42.291,7.14,1009,36.199,53.69,105.732,0
145.402,418.552,0.00238919,0.4308080307864383,-0.84209269,39.34,1.388,117,18.798,62.491,93.495,0
127.103,400.253,0.00249842,0.2064230502571081,-1.57782757,39.937,2.851,838,18.741,45.613,135.971,0
165.694,438.844,0.00227871,0.906674123437638,-0.09797218,49.776,4.863,638,104.774,49.511,56.36,1
46.881,320.031,0.0031247,0.0030390834620139,-5.7961993,37.675,3.857,1034,274.072,66.454,192.817,0
96.868,370.018,0.00270257,0.05218732121134206,-2.9529157,40.776,5.886,422,268.346,61.524,104.518,0
50.227,323.377,0.00309237,0.003778504672209007,-5.57842694,39.84,12.81,291,188.84,64.743,128.83,0
53.724,326.874,0.00305928,0.004721675502225,-5.35559156,40.721,13.517,1015,234.958,45.034,110.813,0
61.705,334.855,0.00298637,0.007715996377757801,-4.86445965,38.928,5.866,293,246.546,62.365,181.438,0
86.562,359.712,0.00278,0.03097858875515376,-3.474459,43.891,3.072,467,108.736,61.414,29.542,0
165.443,438.593,0.00228002,0.8987450011109129,-0.10675593,41.58,12.951,1196,129.609,47.272,87.128,0
103.711,376.861,0.0026535,0.07262991541365017,-2.62237838,36.929,9.157,1184,147.388,58.54,110.156,0
148.254,421.404,0.00237302,0.4803790690790008,-0.73317976,44.745,7.024,294,277.259,53.496,90.733,0
117.806,390.956,0.00255783,0.1383442244583025,-1.97801032,39.412,9.032,376,178.371,57.842,63.974,0
29.437,302.587,0.00330483,0.000903226485076674,-7.00953722,43.802,8.892,1112,279.577,62.508,224.825,0
125.988,399.138,0.0025054,0.1969435558414332,-1.62483811,41.013,10.646,876,82.8,56.227,22.095,0
61.405,334.555,0.00298905,0.007578067224459313,-4.8824971,44.557,11.565,495,154.022,65.8,63.34,0
84.204,357.354,0.00279835,0.02737797972217427,-3.59801625,44.89,12.71,446,53.601,56.083,141.892,0
156.513,429.663,0.00232741,0.6531561985979367,-0.42593898,40.613,10.84,878,78.344,64.543,91.726,0
61.236,334.386,0.00299056,0.0075013487639083,-4.89267244,39.76,6.653,219,76.298,62.569,233.936,0
61.906,335.056,0.00298458,0.007809669467608828,-4.85239264,37.021,2.908,478,180.43,50.908,85.445,0
142.729,415.879,0.00240455,0.3884751662656314,-0.94552603,46.88,2.825,543,61.843,60.23,151.17,1
145.157,418.307,0.00239059,0.4267665712293262,-0.85151809,48.252,5.59,919,76.641,58.343,146.939,1
153.909,427.059,0.0023416,0.5936134508435397,-0.52152693,49.465,6.233,787,91.818,63.257,9.486,1
80.295,353.445,0.00282929,0.02222635646132904,-3.80647647,44.711,8.547,592,266.861,60.634,109.589,0
82.976,356.126,0.00280799,0.02565516495362268,-3.66301036,45.082,10.172,851,178.473,51.367,173.178,0
158.394,431.544,0.00231726,0.6993467400074603,-0.35760861,42.079,13.174,640,224.952,66.429,236.763,0
77.793,350.943,0.00284947,0.0194027349707961,-3.94234124,39.054,9.721,887,46.482,50.227,58.694,0
154.897,428.047,0.00233619,0.6156218511385037,-0.48512238,42.255,5.408,227,159.89,57.332,203.006,0
169.664,442.814,0.00225828,1.040429595321793,0.0396337,50.235,2.488,659,133.421,53.877,165.775,1
151.837,424.987,0.00235301,0.5496777874723907,-0.59842301,48.352,11.952,391,124.235,61.181,111.696,0
166.853,440.003,0.00227271,0.9440813523981173,-0.05754294,42.772,12.743,311,152.135,46.638,31.339,0
93.273,366.423,0.00272909,0.04365176613439443,-3.13151154,38.248,8.917,526,76.575,55.246,37.954,0
113.299,386.449,0.00258766,0.1131613448548392,-2.17894065,45.802,3.457,676,294.984,57.055,189.153,0
49.079,322.229,0.00310338,0.003508263287525136,-5.65263415,41.583,2.534,1061,65.268,47.722,95.984,0
94.172,367.322,0.00272241,0.04566046924741175,-3.08652236,45.404,6.242,793,118.562,63.731,177.189,0
131.581,404.731,0.00247078,0.2486682579243635,-1.39163557,45.615,8.795,454,288.828,62.803,155.499,0
130.428,403.578,0.00247784,0.2371217634848805,-1.4391815,45.701,2.789,633,63.978,56.942,223.355,0
166.068,439.218,0.00227677,0.9186016841053644,-0.08490267,47.687,12.922,1134,271.71,54.029,7.877,0
30.631,303.781,0.00329185,0.0009858122925665307,-6.92204459,35.456,7.433,522,242.327,57.212,216.817,0
37.681,310.831,0.00321718,0.001630051040831728,-6.41914395,39.265,12.92,292,62.517,47.733,209.317,0
65.798,338.948,0.00295031,0.009837454147625734,-4.62155833,38.052,14.145,784,267.729,61.883,228.218,0
41.208,314.358,0.00318109,0.002078692581928016,-6.17601615,42.933,8.649,451,111.638,60.17,173.695,0
160.994,434.144,0.00230338,0.7678704422720412,-0.26413426,45.065,7.844,137,182.239,53.162,85.011,0
115.188,388.338,0.00257508,0.1231739343255543,-2.09415782,38.349,12.155,643,220.087,59.573,145.755,0
89.018,362.168,0.00276115,0.03517297556745254,-3.34747723,42.741,7.128,1187,53.506,46.395,142.299,0
63.957,337.107,0.00296642,0.008825733047699208,-4.73008361,42.816,9.671,144,295.151,63.869,230.257,0
53.014,326.164,0.00306594,0.004514560214947153,-5.4004475,37.226,10.61,296,94.328,62.502,208.247,0
137.222,410.372,0.00243681,0.3125876429844464,-1.16287039,40.339,3.106,610,240.491,66.744,152.743,0
152.658,425.808,0.00234848,0.5667343879146862,-0.56786454,43.041,7.746,300,73.194,47.763,95.709,0
108.639,381.789,0.00261925,0.09147585318265469,-2.39168024,44.655,11.354,1080,239.47,56.246,133.717,0
108.693,381.843,0.00261888,0.09170436669032057,-2.38918528,40.767,5.171,1080,17.275,59.243,55.376,0
108.18,381.33,0.0026224,0.08955378112232532,-2.41291593,38.074,3.058,178,87.296,60.769,116.449,0
132.776,405.926,0.0024635,0.2611545939327446,-1.34264273,45.229,9.992,200,127.252,51.969,116.755,0
54.98,328.13,0.00304757,0.005109180765378796,-5.27671621,36.13,11.606,1191,178.483,45.27,67.824,0
158.596,431.746,0.00231618,0.7044724640903823,-0.35030603,45.244,14.984,1026,56.466,62.482,234.994,0
98.118,371.268,0.00269347,0.0554858418977092,-2.89162739,44.252,10.798,596,157.381,62.245,181.084,0
65.071,338.221,0.00295665,0.009426096950203492,-4.66427317,38.72,12.095,791,119.907,45.713,189.309,0
93.995,367.145,0.00272372,0.04525859622432687,-3.09536266,39.72,7.401,581,38.496,55.608,118.774,0
35.391,308.541,0.00324106,0.001387880708799094,-6.57997737,37.53,1.334,711,252.485,53.846,221.301,0
55.253,328.403,0.00304504,0.005197113300762212,-5.25965194,39.781,11.255,607,289.842,64.498,219.469,0
166.168,439.318,0.00227626,0.9218138971673143,-0.08141192,50.797,2.263,1085,74.303,61.803,159.43,1
98.979,372.129,0.00268724,0.05786448421328946,-2.84965148,35.604,5.591,399,82.153,55.204,157.409,0
144.442,417.592,0.00239468,0.4151613307192194,-0.87908809,44.933,3.51,964,147.228,65.972,131.298,0
111.507,384.657,0.00259972,0.1043359231144989,-2.26013956,40.434,1.962,295,238.092,45.45,147.302,0
81.641,354.791,0.00281856,0.02389280107434519,-3.73417808,44.462,8.716,693,214.444,50.698,201.297,0
167.08,440.23,0.00227154,0.9515629300245094,-0.04964946,46.475,6.224,200,294.817,50.7,156.823,0
146.023,419.173,0.00238565,0.441202396593478,-0.81825156,47.583,10.348,433,205.486,56.447,13.989,0
100.844,373.994,0.00267384,0.0633303385668898,-2.75939078,40.738,1.55,1017,67.394,66.406,242.245,0
84.981,358.131,0.00279227,0.02852077942101437,-3.55712235,43.629,2.421,696,204.087,51.313,94.954,0
164.952,438.102,0.00228257,0.8834084766091834,-0.12396758,51.283,11.963,1037,296.197,65.473,160.806,1
68.619,341.769,0.00292595,0.01159094228610595,-4.45753132,44.508,6.776,319,111.544,57.585,21.909,0
165.981,439.131,0.00227722,0.9158149810734351,-0.08794092,45.699,5.346,369,177.278,62.821,110.771,0
33.326,306.476,0.0032629,0.001198038972134378,-6.72706925,39.196,6.568,277,94.683,65.766,90.184,0
134.395,407.545,0.00245372,0.2789493718005538,-1.27672498,46.369,12.493,528,234.525,47.552,223.578,0
63.147,336.297,0.00297356,0.008411051500040415,-4.77820878,45.076,1.237,133,212.744,52.52,111.432,0
118.931,392.081,0.00255049,0.1453550084494687,-1.92857619,39.971,4.851,1192,57.926,46.502,235.694,0
34.002,307.152,0.00325572,0.001257412321595313,-6.67869938,44.848,4.057,672,83.973,64.927,187.341,0
130.375,403.525,0.00247816,0.2366025434452682,-1.44137358,42.911,1.484,929,41.777,63.184,170.643,0
103.19,376.34,0.00265717,0.07085487651893925,-2.64712149,38.42,11.118,1130,240.527,50.771,93.308,0
168.368,441.518,0.00226491,0.994997100924339,-0.00501546,42.59,5.507,217,14.225,54.965,64.465,0
153.868,427.018,0.00234182,0.5927151894402336,-0.52304128,49.139,10.812,244,41.763,60.086,133.474,0
69.61,342.76,0.00291749,0.01227058331222366,-4.40055048,44.282,3.125,617,140.172,50.912,84.682,0
62.055,335.205,0.00298325,0.007879768316047158,-4.84345678,42.255,4.674,482,139.718,62.061,112.004,0
145.818,418.968,0.00238682,0.4377470677435009,-0.82611401,41.956,8.295,385,156.994,48.403,97.367,0
118.204,391.354,0.00255523,0.1407895387380213,-1.96048914,39.357,12.247,527,299.315,51.149,114.733,0
147.702,420.852,0.00237613,0.4704128912006264,-0.75414448,45.498,14.558,801,159.935,56.929,157.966,0
107.884,381.034,0.00262444,0.08833335150212591,-2.42663754,36.847,12.186,292,33.274,51.795,32.372,0
72.131,345.281,0.00289619,0.01416371902807941,-4.25707158,37.615,10.798,128,185.929,50.914,148.723,0
71.479,344.629,0.00290167,0.0136505163193494,-4.29397793,41.768,1.4,1175,35.476,64.261,50.834,0
33.119,306.269,0.0032651,0.001180374598828817,-6.74192343,37.423,6.928,537,261.742,46.681,94.778,0
43.01,316.16,0.00316296,0.002348702911752572,-6.05389206,37.128,2.587,155,55.672,59.036,44.536,0
88.006,361.156,0.00276889,0.03338691791249214,-3.39959113,42.415,2.301,667,71.251,51.423,19.956,0
75.339,348.489,0.00286953,0.01694987832652537,-4.07749462,43.858,10.389,747,167.117,57.273,147.808,0
154.542,427.692,0.00233813,0.6076333614150378,-0.4981836,49.691,3.573,400,45.376,62.219,123.904,1
168.021,441.171,0.00226669,0.9831292812226264,-0.01701465,48.875,10.06,956,181.749,67.181,212.758,0
85.944,359.094,0.00278479,0.02999619387620977,-3.50668478,36.076,11.406,834,28.255,62.485,46.173,0
80.424,353.574,0.00282826,0.02238143243070593,-3.79952357,38.916,2.054,905,166.001,59.252,35.667,0
118.525,391.675,0.00255314,0.1427895127819762,-1.94638367,38.313,7.112,835,254.963,64.673,218.7,0
85.028,358.178,0.00279191,0.02859125399336985,-3.55465441,45.092,7.635,410,239.633,45.876,129.087,0
149.471,422.621,0.00236619,0.5030065417214279,-0.6871521,40.595,13.932,616,38.756,56.858,190.637,0
108.031,381.181,0.00262343,0.08893758699609577,-2.41982042,36.167,14.655,1098,133.408,58.008,225.818,0
109.32,382.47,0.00261458,0.09439495889253484,-2.36026761,39.827,2.639,802,156.005,64.533,93.374,0
84.638,357.788,0.00279495,0.02801114767853489,-3.57515272,37.168,13.583,310,243.238,64.852,156.897,0
37.14,310.29,0.00322279,0.001569613612361251,-6.4569258,44.782,14.146,1193,34.949,51.794,93.556,0
92.75,365.9,0.00273299,0.04251977393098882,-3.15778604,41.455,7.589,980,202.292,50.796,225.527,0
35.601,308.751,0.00323886,0.001408642099290422,-6.56512909,43.215,7.841,523,274.456,67.008,197.555,0
68.967,342.117,0.00292298,0.01182565093845981,-4.4374843,41.781,5.639,1001,219.619,59.22,159.532,0
130.741,403.891,0.00247592,0.2402086004797673,-1.42624756,42.678,6.943,949,255.225,62.452,22.538,0
135.925,409.075,0.00244454,0.2967366019537132,-1.2149104,40.74,2.725,159,269.644,58.272,85.729,0
47.303,320.453,0.00312058,0.003124493535821383,-5.76848308,41.053,8.009,692,84.869,66.635,155.154,0
101.894,375.044,0.00266635,0.06660545897812051,-2.70896874,39.519,1.676,243,193.126,63.083,84.716,0
115.312,388.462,0.00257425,0.1238577875216692,-2.08862125,45.225,2.9,479,202.589,60.043,148.996,0
167.32,440.47,0.0022703,0.9595289673991635,-0.04131277,44.525,8.671,1046,127.056,55.201,182.401,0
59.902,333.052,0.00300253,0.006919900478389884,-4.97335389,43.41,11.012,655,49.219,59.071,70.224,0
27.365,300.515,0.00332762,0.0007747136645164744,-7.16301706,36.53,5.529,307,62.555,53.997,14.197,0
70.627,343.777,0.00290886,0.0130050668407752,-4.34241624,42.637,1.224,1134,214.97,52.363,119.772,0
28.769,301.919,0.00331215,0.0008598194993129207,-7.05878808,39.283,12.835,602,132.329,48.218,94.817,0
67.721,340.871,0.00293366,0.01100450045981186,-4.50945096,44.439,13.816,619,138.293,46.958,171.343,0
166.704,439.854,0.00227348,0.9391983835180776,-0.06272855,50.198,10.161,649,148.512,51.121,74.073,1
57.415,330.565,0.00302512,0.005943194961910141,-5.12550842,36.588,9.695,635,282.786,46.028,66.997,0
43.435,316.585,0.00315871,0.002416846191308158,-6.02529182,39.853,8.055,210,92.416,62.269,155.579,0
49.422,322.572,0.00310008,0.003587114520143366,-5.63040715,38.175,4.617,941,271.34,58.406,158.61,0
75.154,348.304,0.00287106,0.01677676063482049,-4.08776065,36.318,12.19,476,147.891,58.932,68.832,0
27.223,300.373,0.00332919,0.0007665481853627373,-7.173613,44.215,14.134,803,283.844,47.818,99.544,0
120.538,393.688,0.00254008,0.1559137484242223,-1.85845232,36.896,5.52,205,142.858,46.86,139.469,0
165.767,438.917,0.00227834,0.9089915925876129,-0.09541943,47.343,6.719,201,223.007,47.839,51.202,0
99.03,372.18,0.00268687,0.05800818277465318,-2.8471712,43.009,6.587,165,235.481,50.156,56.918,0
115.113,388.263,0.00257557,0.1227619365700788,-2.09750827,45.838,6.989,253,249.076,60.807,242.976,0
103.533,376.683,0.00265475,0.07201908079933177,-2.63082418,37.675,8.5,1066,114.897,64.165,176.704,0
94.174,367.324,0.00272239,0.04566502829166855,-3.08642252,37.379,5.048,289,264.163,45.427,194.991,0
33.299,306.449,0.00326319,0.001195721376686211,-6.72900561,44.344,13.044,722,285.634,56.291,230.59,0
87.044,360.194,0.00277628,0.03176463437389364,-3.44940173,38.879,1.773,119,292.382,45.808,232.009,0
124.92,398.07,0.00251212,0.1882256118664727,-1.67011397,42.702,12.601,1086,157.122,59.771,46.082,0
60.398,333.548,0.00299807,0.007131169571827155,-4.94328002,36.651,3.759,1126,224.727,54.854,101.315,0
87.124,360.274,0.00277567,0.03189680789263438,-3.44524934,41.658,4.105,616,264.109,47.064,86.558,0
76.008,349.158,0.00286403,0.0175893571190952,-4.04046127,43.606,10.689,681,130.459,62.621,208.601,0
26.091,299.241,0.00334179,0.0007042045952722,-7.25844163,38.214,2.894,262,118.802,59.002,62.825,0
41.857,315.007,0.00317453,0.002172511279193501,-6.13187151,41.128,7.474,507,294.715,60.04,156.164,0
154.082,427.232,0.00234065,0.5974167787459999,-0.51514029,45.364,8.118,1144,22.043,60.618,19.763,0
47.054,320.204,0.00312301,0.00307383863822027,-5.78482813,35.173,11.579,899,171.219,55.547,229.405,0
155.038,428.188,0.00233542,0.6188200898172826,-0.4799407,39.986,12.838,459,225.062,58.965,185.881,0
35.571,308.721,0.00323917,0.001405659017774433,-6.56724903,41.894,2.115,1189,99.813,60.863,36.917,0
140.827,413.977,0.00241559,0.3606171412752281,-1.01993843,47.154,1.465,576,130.257,55.468,170.516,1
160.77,433.92,0.00230457,0.7617450696089034,-0.27214333,48.717,8.921,686,66.136,49.291,14.974,1
126.73,399.88,0.00250075,0.2032080826394732,-1.59352479,45.061,5.063,312,63.02,56.531,87.172,0
66.9,340.05,0.00294074,0.01049182768351871,-4.55715864,39.831,4.409,944,165.817,55.578,166.542,0
111.195,384.345,0.00260183,0.1028633103480407,-2.27435426,37.687,4.36,168,146.551,61.545,78.902,0
63.507,336.657,0.00297038,0.008593138617522908,-4.75679123,38.311,14.975,691,216.888,66.176,249.336,0
149.06,422.21,0.00236849,0.4952628281798023,-0.70266669,40.929,8.899,1018,210.687,60.777,53.615,0
42.176,315.326,0.00317132,0.002220018153122383,-6.11023991,37.783,10.701,152,246.21,62.145,215.454,0
42.069,315.219,0.0031724,0.002203979326661918,-6.11749077,43.215,12.365,572,257.073,49.105,201.183,0
137.592,410.742,0.00243462,0.3172437104620259,-1.148085,43.31,2.502,975,279.983,61.464,21.748,0
90.936,364.086,0.0027466,0.03879348946558476,-3.24950284,39.225,8.248,723,156.921,53.69,199.558,0
143.569,416.719,0.0023997,0.4013671222626505,-0.91287875,38.802,14.788,1161,59.583,48.67,146.086,0
57.612,330.762,0.00302332,0.006015760375172774,-5.11337252,37.848,1.841,612,222.589,47.141,149.965,0
125.279,398.429,0.00250986,0.1911173280315432,-1.65486776,40.14,5.556,486,10.153,59.597,99.425,0
63.536,336.686,0.00297013,0.008607960022733476,-4.75506792,40.527,5.624,638,98.416,51.963,186.418,0
43.95,317.1,0.00315358,0.002501817555294309,-5.99073779,40.48,3.363,1178,81.21,59.27,245.754,0
147.541,420.691,0.00237704,0.4675403840583092,-0.76026955,41.948,11.283,1091,202.585,61.389,77.505,0
101.321,374.471,0.00267043,0.06479999724249301,-2.73644972,37.331,6.423,885,189.802,55.789,29.047,0
125.527,398.677,0.0025083,0.1931377551451548,-1.64435159,43.974,12.885,300,292.683,47.537,10.167,0
105.535,378.685,0.00264072,0.07915952166359042,-2.5362902,37.366,9.934,526,125.245,58.049,146.568,0
139.147,412.297,0.00242544,0.337484226452124,-1.08623651,47.232,6.023,576,71.267,46.176,135.51,0
94.824,367.974,0.00271758,0.04716838232365445,-3.05403148,35.727,6.048,712,278.7,49.287,65.618,0
90.586,363.736,0.00274925,0.0381090188223702,-3.26730431,40.923,10.732,975,84.715,53.262,208.197,0
97.464,370.614,0.00269823,0.05373762510754335,-2.92364187,38.002,9.514,584,75.26,57.251,102.359,0
53.763,326.913,0.00305892,0.004733296946350721,-5.35313329,35.181,7.072,1107,186.245,59.318,21.769,0
108.296,381.446,0.0026216,0.09003612062414493,-2.40754435,41.073,12.494,607,76.703,53.674,229.103,0
146.313,419.463,0.002384,0.4461312001406122,-0.8071422,48.429,9.189,462,193.355,66.446,219.674,0
83.637,356.787,0.00280279,0.02657006295297029,-3.62797015,35.665,6.513,754,158.662,53.044,215.462,0
95.846,368.996,0.00271006,0.04962137648787241,-3.00333356,41.902,3.151,591,43.186,46.536,113.952,0
60.864,334.014,0.00299389,0.007334936565690071,-4.91510652,41.849,9.809,781,298.944,55.086,148.206,0
107.595,380.745,0.00262643,0.08715603762848732,-2.44005523,37.495,4.994,365,242.467,47.768,37.249,0
90.04,363.19,0.00275338,0.0370627406770964,-3.29514311,39.561,8.131,377,57.684,64.509,92.77,0
114.187,387.337,0.00258173,0.117774665951965,-2.13898209,38.135,3.055,817,238.125,46.204,107.208,0
61.427,334.577,0.00298885,0.007588106052950136,-4.88117325,35.441,2.463,996,205.352,53.618,161.699,0
87.267,360.417,0.00277456,0.03213429215304425,-3.43783153,45.305,12.269,760,210.2,57.147,158.326,0
76.531,349.681,0.00285975,0.01810424890831626,-4.01160862,40.141,13.23,466,164.8,62.013,151.824,0
43.558,316.708,0.00315748,0.00243689914126324,-6.01702889,36.127,10.279,687,227.199,66.109,189.297,0
134.677,407.827,0.00245202,0.2821555297321179,-1.26529684,40.651,14.009,376,228.347,45.827,39.504,0
70.481,343.631,0.0029101,0.01289725464408431,-4.35074081,44.934,2.27,818,268.08,63.091,77.66,1
167.099,440.249,0.00227144,0.9521914723153347,-0.04898914,41.886,3.224,398,232.283,51.21,116.739,0
66.339,339.489,0.0029456,0.01015396886626843,-4.58989063,42.536,13.298,585,79.913,45.12,178.413,0
82.21,355.36,0.00281405,0.02463025319790944,-3.70377979,43.9,9.778,109,209.653,52.471,111.976,0
104.691,377.841,0.00264662,0.07607606788276695,-2.57602155,45.048,9.296,354,53.964,64.586,109.778,0
147.563,420.713,0.00237692,0.4679319928936361,-0.75943231,41.553,7.408,785,69.16,60.751,114.024,0
120.167,393.317,0.00254248,0.1534177646040212,-1.87459059,41.284,5.274,1042,66.674,56.732,127.508,0
87.989,361.139,0.00276902,0.03335761954602416,-3.40046906,37.994,14.913,265,262.571,49.511,23.76,0
123.666,396.816,0.00252006,0.1784251607789785,-1.72358603,43.604,11.695,437,292.53,56.228,115.479,0
67.254,340.404,0.00293769,0.01071018897519375,-4.53655975,39.303,6.629,407,19.839,58.897,11.428,0
41.134,314.284,0.00318184,0.002068231944436179,-6.18106117,38.644,14.446,685,139.785,64.927,175.715,0
98.457,371.607,0.00269101,0.05641179137845339,-2.87507708,40.43,11.799,132,76.085,47.066,26.571,0
72.101,345.251,0.00289644,0.01413973064877417,-4.25876667,40.947,12.796,466,139.205,57.698,51.325,0
121.949,395.099,0.00253101,0.1657372597607362,-1.79735152,39.622,2.745,343,217.554,45.714,66.335,0
156.299,429.449,0.00232857,0.6480737374222165,-0.4337508,45.044,14.053,289,294.634,62.296,166.791,0
41.974,315.124,0.00317335,0.002189827347143856,-6.12393258,37.79,2.458,852,197.631,48.572,72.598,0
50.912,324.062,0.00308583,0.003948582223690822,-5.5343987,36.091,14.595,1147,13.914,49.6,152.643,0
122.371,395.521,0.00252831,0.1687794815207464,-1.77916226,38.711,9.427,665,198.874,50.501,30.513,0
131.767,404.917,0.00246964,0.2505765282540228,-1.3839909,47.047,3.303,1191,160.54,63.689,50.646,1
117.47,390.62,0.00256003,0.1363091424752824,-1.99282987,43.052,3.773,1128,225.005,45.835,139.36,0
100.792,373.942,0.00267421,0.06317192930955826,-2.76189523,39.0,12.14,329,105.211,58.214,248.691,0
95.948,369.098,0.00270931,0.0498723220311269,-2.9982891,40.602,11.988,1136,46.108,52.009,194.745,0
135.278,408.428,0.00244841,0.2890967782430051,-1.24099377,37.849,10.627,487,238.006,56.863,9.057,0
36.839,309.989,0.00322592,0.001536875457748677,-6.47800385,37.931,4.124,679,15.81,48.442,142.182,0
106.431,379.581,0.00263448,0.08255386391504063,-2.4943043,44.286,12.615,913,149.075,46.35,189.116,0
86.516,359.666,0.00278036,0.0309044878997065,-3.47685387,38.724,6.093,416,28.433,48.71,159.099,0
41.373,314.523,0.00317942,0.002102189906576005,-6.16477566,40.954,1.514,701,152.038,60.653,29.761,0
103.457,376.607,0.00265529,0.07175966798607802,-2.63443269,39.816,13.247,110,149.244,62.545,51.533,0
50.46,323.61,0.00309014,0.003835597748701099,-5.56342999,40.885,10.899,1016,182.461,50.912,244.812,0
162.04,435.19,0.00229785,0.7970452229918178,-0.22684386,45.682,3.634,748,180.229,59.001,120.828,0
42.943,316.093,0.00316363,0.002338120640772234,-6.05840782,42.604,4.271,284,146.04,65.374,58.177,0
83.329,356.479,0.00280521,0.02614018891429898,-3.64428134,41.244,3.125,565,13.339,54.358,29.575,0
28.17,301.32,0.00331873,0.0008225203448866328,-7.10313734,40.315,8.371,206,250.814,55.616,45.876,0
127.748,400.898,0.0024944,0.2120883117997782,-1.55075253,39.126,4.52,952,159.453,61.015,173.827,0
32.258,305.408,0.00327431,0.001109412932099634,-6.80392429,42.477,10.758,715,266.712,45.195,76.615,0
40.522,313.672,0.00318804,0.001983532163350282,-6.2228761,40.875,9.076,606,147.927,54.059,99.455,0
101.777,374.927,0.00266719,0.06623321444588588,-2.71457321,43.768,8.1,1057,210.472,53.327,100.902,0
130.03,403.18,0.00248028,0.2332471055658348,-1.45565685,38.087,4.732,943,239.809,58.121,131.888,0
97.075,370.225,0.00270106,0.05272119272645774,-2.94273777,43.177,11.82,1111,112.576,45.295,52.762,0
129.086,402.236,0.0024861,0.2242790075815597,-1.49486443,45.557,11.156,682,211.535,47.191,227.002,0
146.303,419.453,0.00238406,0.4459604423554455,-0.80752503,42.694,6.274,955,76.855,45.629,86.728,0
55.814,328.964,0.00303985,0.005382110396220127,-5.22467471,40.954,5.1,744,131.141,61.889,42.881,0
55.702,328.852,0.00304088,0.005344709123044067,-5.23164816,43.645,8.847,395,73.156,62.838,174.018,0
155.704,428.854,0.0023318,0.6341234994734158,-0.45551155,49.701,2.003,360,181.688,46.548,153.492,1
102.67,375.82,0.00266085,0.06912177306983154,-2.6718855,35.918,14.003,481,163.0,67.025,173.513,0
156.219,429.369,0.002329,0.6461826320922466,-0.4366731,40.968,12.867,1094,19.474,50.879,161.586,0
46.431,319.581,0.0031291,0.002950339115478756,-5.82583516,36.947,4.025,599,91.822,60.158,76.246,0
42.238,315.388,0.0031707,0.002229360014857765,-6.10604072,39.832,12.956,216,139.144,55.828,19.752,0
109.849,382.999,0.00261097,0.09671919425895953,-2.3359434,42.175,14.605,240,283.931,51.689,97.233,0
124.746,397.896,0.00251322,0.1868379898697458,-1.6775134,45.748,4.954,296,210.748,45.056,245.901,0
168.873,442.023,0.00226233,1.012491060016925,0.01241369,49.948,13.596,505,87.366,64.442,198.358,0
31.898,305.048,0.00327817,0.001080910258053094,-6.82995176,35.172,3.707,483,38.287,52.854,237.707,0
124.849,397.999,0.00251257,0.1876583046034317,-1.6731325,45.62,4.451,688,38.782,60.872,205.84,0
76.736,349.886,0.00285807,0.01830972758934539,-4.0003228,43.853,8.117,530,295.963,61.754,214.799,0
141.394,414.544,0.00241229,0.3687323932725209,-0.99768412,41.904,7.352,1188,262.947,53.056,48.397,0
78.648,351.798,0.00284254,0.02032923521880232,-3.89569527,43.215,14.585,222,19.096,48.892,28.061,0
74.632,347.782,0.00287536,0.01629680240109293,-4.11678636,35.262,4.979,993,124.531,61.586,154.87,0
31.96,305.11,0.00327751,0.001085771076386258,-6.82546487,42.037,8.945,584,92.288,51.517,28.178,0
29.446,302.596,0.00330474,0.0009038246865899917,-7.00887515,44.211,9.759,386,215.84,53.372,242.795,0
126.568,399.718,0.00250176,0.2018255701651698,-1.60035147,46.475,10.595,414,172.575,54.113,146.014,0
135.711,408.861,0.00244582,0.2941902747252431,-1.22352853,42.546,10.618,1184,23.619,54.409,93.404,0
148.632,421.782,0.00237089,0.4873098385264478,-0.71885514,40.53,1.845,1146,231.984,56.135,158.816,0
118.373,391.523,0.00255413,0.1418393766532298,-1.95306001,38.998,12.248,164,16.208,58.116,20.091,0
147.979,421.129,0.00237457,0.4753911836520509,-0.74361727,39.357,3.684,666,80.178,57.053,112.689,0
146.662,419.812,0.00238202,0.4521266184235081,-0.79379301,40.093,9.7,309,168.354,57.395,36.595,0
76.301,349.451,0.00286163,0.01787617375894855,-4.02428653,35.585,13.77,457,157.526,56.653,96.794,0
104.718,377.868,0.00264643,0.07617303338636212,-2.57474777,37.268,12.978,834,258.954,65.12,93.901,0
80.66,353.81,0.00282638,0.02266764562636094,-3.78681667,37.006,8.12,682,276.652,59.708,224.083,0
139.303,412.453,0.00242452,0.3395759962393516,-1.08005751,46.615,4.135,1127,229.436,54.735,121.088,1
131.947,405.097,0.00246854,0.252435496058982,-1.37659952,38.408,6.761,597,236.547,55.81,24.641,0
154.199,427.349,0.00234001,0.6000010163419012,-0.51082393,48.207,8.208,375,292.789,58.285,11.643,0
167.296,440.446,0.00227043,0.9587297638445732,-0.04214603,48.52,9.002,1022,97.886,53.227,39.61,1
63.915,337.065,0.00296679,0.00880378700918454,-4.73257331,42.222,8.853,931,254.789,48.12,226.673,0
106.1,379.25,0.00263678,0.08128517640386178,-2.50979161,42.204,1.976,707,182.586,62.846,51.079,0
66.116,339.266,0.00294754,0.01002240886359052,-4.60293181,36.262,6.866,1004,22.205,48.152,76.998,0
117.713,390.863,0.00255844,0.1377782723271546,-1.98210961,43.722,12.866,323,205.075,49.431,200.523,0
107.376,380.526,0.00262794,0.08627317712658063,-2.45023654,44.969,9.055,572,268.688,56.595,215.953,0
82.534,355.684,0.00281148,0.02505921010755828,-3.68651385,40.359,9.391,828,75.931,52.252,47.887,0
97.498,370.648,0.00269798,0.05382728825451012,-2.92197472,37.742,8.342,329,180.127,61.474,198.946,0
55.353,328.503,0.00304411,0.005229663242142669,-5.25340839,35.592,4.247,680,292.337,56.019,123.999,0
166.686,439.836,0.00227357,0.9386099838036427,-0.06335524,45.956,14.255,227,11.113,61.834,13.8,0
148.057,421.207,0.00237413,0.4768013044504961,-0.74065543,47.722,2.576,726,263.024,66.279,48.892,1
139.207,412.357,0.00242508,0.3382874112341931,-1.08385942,39.322,5.545,822,216.219,45.467,172.426,0
81.383,354.533,0.00282061,0.02356497841926698,-3.74799363,42.729,4.667,966,33.148,51.818,144.33,0
45.717,318.867,0.0031361,0.002814335670100342,-5.87302904,35.75,2.993,1179,11.601,60.223,19.693,0
168.236,441.386,0.00226559,0.9904679533789129,-0.00957777,46.586,13.28,317,296.739,55.596,47.091,0
125.734,398.884,0.00250699,0.194838554114889,-1.63558399,41.664,1.942,142,13.239,46.333,154.312,0
133.484,406.634,0.00245921,0.2688096267078677,-1.31375186,42.614,13.982,414,177.921,55.321,98.424,0
75.029,348.179,0.00287209,0.01666068839061973,-4.09470332,41.153,3.27,542,94.602,60.79,14.011,0
116.797,389.947,0.00256445,0.1323123488799789,-2.02258987,36.499,7.907,789,130.328,61.373,130.53,0
32.055,305.205,0.00327649,0.001093257679024618,-6.81859334,43.318,8.511,912,137.281,52.215,35.168,0
102.718,375.868,0.00266051,0.06928015877036223,-2.66959672,41.498,14.726,902,225.062,54.362,59.986,0
143.338,416.488,0.00240103,0.3977849972113846,-0.92184363,47.961,11.465,745,137.79,64.969,199.518,0
36.096,309.246,0.00323367,0.001458700410245742,-6.53020937,40.973,10.145,292,155.859,66.357,170.974,0
117.215,390.365,0.00256171,0.134782370521632,-2.00409387,36.809,6.628,925,67.854,50.941,153.65,0
103.696,376.846,0.0026536,0.07257826364166611,-2.6230898,39.586,7.402,536,184.183,48.925,84.872,0
121.633,394.783,0.00253304,0.1634909942956716,-1.81099737,40.351,3.534,920,288.38,57.792,90.985,0
96.803,369.953,0.00270305,0.05202067607525944,-2.95611402,39.716,10.065,894,13.256,60.394,177.596,0
153.535,426.685,0.00234365,0.5854634142221371,-0.53535158,49.041,7.082,610,288.89,62.666,89.251,1
87.472,360.622,0.00277299,0.03247749593314198,-3.42720786,36.291,11.777,1084,149.07,66.926,111.177,0
85.612,358.762,0.00278736,0.02948001069242022,-3.52404285,37.132,6.475,1031,192.352,63.746,45.685,0
47.068,320.218,0.00312287,0.003076666865677237,-5.78390845,42.184,11.792,1020,193.108,59.954,191.418,0
31.465,304.615,0.00328283,0.001047510882037177,-6.86133852,42.068,13.865,1137,136.578,48.903,102.003,0
136.667,409.817,0.00244011,0.305716052578515,-1.18509854,46.058,13.253,1039,194.86,65.713,98.93,0
31.264,304.414,0.003285,0.001032328141528585,-6.8759387,36.327,7.138,136,125.949,58.114,12.713,0
64.923,338.073,0.00295794,0.009344275193012468,-4.6729914,44.029,10.654,496,237.027,62.4,193.227,0
124.987,398.137,0.0025117,0.1887623445081967,-1.66726649,43.776,3.947,444,33.876,58.086,190.109,0
76.363,349.513,0.00286112,0.01793739996040869,-4.02086736,36.29,1.953,1047,180.457,47.44,215.111,0
145.449,418.599,0.00238892,0.4315871509865701,-0.84028582,42.234,1.115,1070,144.55,54.199,138.789,0
112.986,386.136,0.00258976,0.1115738085921029,-2.19306895,42.814,11.463,564,65.411,49.03,98.522,0
83.638,356.788,0.00280278,0.0265714688801247,-3.62791724,44.227,5.596,449,264.417,48.382,136.308,0
88.623,361.773,0.00276416,0.03446594854823601,-3.36778344,43.443,13.532,669,256.755,60.354,156.129,0
70.562,343.712,0.00290941,0.01295696872103988,-4.34612151,41.979,4.399,778,177.272,47.058,17.81,0
57.972,331.122,0.00302003,0.006150434416301137,-5.09123256,36.84,11.762,208,170.387,50.373,42.829,0
61.643,334.793,0.00298692,0.007687307080338378,-4.86818474,36.658,13.742,959,80.975,64.766,6.734,0
146.184,419.334,0.00238473,0.4439328121416262,-0.81208205,47.314,13.094,1084,204.803,52.448,206.383,0
116.551,389.701,0.00256607,0.1308774846105532,-2.03349363,36.469,3.827,1145,109.192,64.094,207.653,0
68.356,341.506,0.00292821,0.01141634805494185,-4.47270891,38.301,5.251,273,190.36,55.621,88.149,0
87.182,360.332,0.00277522,0.03199294058413533,-3.44224001,40.085,9.532,1043,30.217,49.756,76.486,0
158.147,431.297,0.00231859,0.6931233584185872,-0.36654729,47.01,3.675,1037,219.644,60.475,96.807,1
115.654,388.804,0.00257199,0.1257613375225501,-2.07336931,38.739,9.681,223,242.445,59.1,76.399,0
26.36,299.51,0.00333879,0.000718585757578466,-7.2382255,36.863,1.818,1007,238.395,54.933,219.534,0
148.36,421.51,0.00237242,0.4823138622178685,-0.72916021,41.276,3.727,760,246.079,56.899,168.121,0
33.457,306.607,0.0032615,0.001209341675872858,-6.71767914,42.357,2.182,334,11.394,48.232,88.462,0
101.758,374.908,0.00266732,0.06617293929204811,-2.71548367,37.901,1.018,799,28.439,55.119,67.284,0
140.768,413.918,0.00241594,0.3597817645966275,-1.02225764,41.463,2.091,969,297.608,48.817,132.593,0
36.949,310.099,0.00322478,0.001548766981194322,-6.47029616,44.072,14.992,1077,46.975,53.553,120.409,0
44.582,317.732,0.00314731,0.002609786916571488,-5.9484867,36.146,11.172,904,35.085,49.981,53.651,0
128.451,401.601,0.00249003,0.2184186000511025,-1.52134187,39.46,10.803,554,270.149,52.877,226.711,0
162.742,435.892,0.00229415,0.8171622681341242,-0.20191759,45.92,14.018,977,212.323,50.6,111.868,0
129.645,402.795,0.00248265,0.2295521509044073,-1.47162504,38.455,3.893,818,84.334,48.944,99.031,0
44.115,317.265,0.00315194,0.00252960830160624,-5.97969081,39.784,9.169,397,212.024,51.664,169.701,0
56.591,329.741,0.00303268,0.005648151846736789,-5.17642689,42.565,3.426,300,214.557,53.709,44.565,0
80.698,353.848,0.00282607,0.02271403571364887,-3.78477223,36.099,9.507,1042,72.619,48.682,5.962,0
166.29,439.44,0.00227562,0.9257460205260923,-0.07715536,46.718,8.95,1187,101.951,50.057,229.727,0
121.312,394.462,0.0025351,0.1612367455249434,-1.82488152,42.187,5.401,935,248.229,66.829,204.764,0
150.386,423.536,0.00236107,0.5206274998143672,-0.65272046,41.542,4.089,319,207.365,63.581,185.767,0
146.592,419.742,0.00238242,0.4509184765022143,-0.79646872,41.345,11.798,244,215.109,45.86,87.159,0
144.992,418.142,0.00239153,0.4240635191663492,-0.85787203,46.77,11.538,689,217.969,47.615,19.337,0
73.649,346.799,0.00288351,0.01542627420319735,-4.17168311,35.487,7.741,789,90.504,55.242,91.046,0
137.355,410.505,0.00243602,0.3142543549094074,-1.15755257,47.077,4.604,935,223.127,51.369,208.443,1
169.859,443.009,0.00225729,1.047419095646353,0.04632913,50.433,4.57,381,102.602,53.548,170.451,1
142.591,415.741,0.00240534,0.3863922892620856,-0.95090213,42.967,5.195,340,17.27,60.281,87.365,0
121.532,394.682,0.00253369,0.1627787324004466,-1.81536347,41.838,4.964,889,57.492,46.763,169.668,0
30.527,303.677,0.00329297,0.000978354930737909,-6.92963804,35.444,5.147,519,257.063,65.024,8.029,0
129.074,402.224,0.00248618,0.2241669888936215,-1.49536402,38.624,2.025,608,221.116,45.943,208.924,0
144.204,417.354,0.00239605,0.4113601431753856,-0.88828619,47.889,2.523,262,197.105,64.184,201.264,1
108.524,381.674,0.00262004,0.09099088577642862,-2.39699593,42.019,1.36,128,158.741,65.109,199.713,0
95.785,368.935,0.0027105,0.04947183905463295,-3.00635168,42.39,8.69,940,188.822,62.254,189.405,0
44.559,317.709,0.00314753,0.002605784823250387,-5.95002137,44.725,12.886,1057,138.351,57.321,60.199,0
164.91,438.06,0.00228279,0.8821072289131008,-0.12544166,47.14,6.039,580,240.581,54.13,10.152,1
120.432,393.582,0.00254077,0.1551969769948053,-1.86306015,41.722,12.122,713,257.346,64.074,25.846,0
72.084,345.234,0.00289659,0.01412615342527023,-4.25972735,37.994,11.237,952,274.111,54.355,148.279,0
106.11,379.26,0.00263671,0.08132325039646547,-2.50932332,45.563,5.198,638,182.533,56.677,15.757,0
35.614,308.764,0.00323872,0.001409936552807356,-6.56421057,38.883,10.985,536,165.871,62.882,239.622,0
72.213,345.363,0.0028955,0.0142294737323729,-4.25243985,43.843,13.609,454,106.929,66.752,75.302,0
72.052,345.202,0.00289685,0.01410062803631584,-4.26153594,37.441,10.514,936,40.786,46.744,153.282,0
129.668,402.818,0.00248251,0.2297714322151352,-1.47067024,45.034,1.384,586,245.791,47.916,61.674,1
85.357,358.507,0.00278935,0.02908894909302637,-3.53739693,45.12,13.879,623,63.528,52.061,27.616,0
165.512,438.662,0.00227966,0.9009186857383501,-0.10434027,50.744,3.553,643,262.719,52.66,9.814,1
151.214,424.364,0.00235647,0.5370357416783326,-0.62169063,47.98,10.329,725,64.528,48.284,161.004,0
27.899,301.049,0.00332172,0.0008061345852981372,-7.12325985,35.566,3.066,1092,276.563,61.812,85.305,0
161.97,435.12,0.00229822,0.7950631005145481,-0.2293338,45.166,3.827,607,214.465,49.904,175.776,0
105.248,378.398,0.00264272,0.07809877917503387,-2.54978085,41.878,4.312,865,27.819,52.093,192.229,0
69.123,342.273,0.00292164,0.0119322443501591,-4.42851093,38.45,13.203,648,232.728,60.343,221.759,0
63.533,336.683,0.00297015,0.008606425707670852,-4.75524618,38.68,4.607,759,14.956,62.379,125.521,0
168.381,441.531,0.00226485,0.9954441251913313,-0.00456628,46.774,12.046,1121,266.346,45.027,122.454,0
45.653,318.803,0.00313673,0.002802426502857278,-5.87726963,39.872,12.214,595,111.385,49.892,218.137,0
119.053,392.203,0.0025497,0.1461338373169968,-1.92323238,45.995,13.939,446,182.651,54.243,131.941,0
94.4,367.55,0.00272072,0.04618282001489921,-3.07514741,39.73,1.766,642,214.957,60.473,10.157,0
67.655,340.805,0.00293423,0.01096246986195518,-4.51327767,38.863,3.479,715,135.982,52.386,111.762,0
32.22,305.37,0.00327472,0.001106372381489717,-6.80666874,42.255,13.309,348,25.108,61.308,147.125,0
105.006,378.156,0.00264441,0.07721417996452817,-2.56117216,41.369,1.021,1040,162.736,49.792,43.344,0
165.934,439.084,0.00227747,0.9143125815933216,-0.08958277,44.076,5.335,637,55.66,52.456,53.528,0
29.365,302.515,0.00330562,0.0008984538300297137,-7.01483524,42.929,5.361,908,203.457,58.153,167.37,0
91.29,364.44,0.00274394,0.03949691496134806,-3.23153271,39.896,2.243,1195,203.587,54.653,153.091,0
108.116,381.266,0.00262284,0.08928864483672129,-2.41588096,36.586,2.38,518,283.267,60.59,27.3,0
165.951,439.101,0.00227738,0.9148557550721018,-0.08898887,51.489,12.714,463,28.099,65.73,223.324,0
56.104,329.254,0.00303717,0.005480052884220851,-5.20664053,42.621,14.469,871,257.171,56.487,122.082,0
42.317,315.467,0.0031699,0.002241314973135378,-6.10069254,43.365,1.677,836,120.397,66.874,234.825,0
39.565,312.715,0.0031978,0.001857374683428555,-6.28859125,37.751,7.622,1152,178.746,63.206,241.782,0
68.529,341.679,0.00292672,0.01153092704808756,-4.46272254,44.592,12.879,1087,142.117,47.183,209.786,0
139.901,413.051,0.00242101,0.3477002249082992,-1.05641459,40.381,2.317,812,19.199,53.975,11.435,0
135.997,409.147,0.00244411,0.2975976525168618,-1.21201286,38.325,2.333,838,231.473,51.524,69.009,0
140.487,413.637,0.00241758,0.3558263548877042,-1.03331243,41.369,1.77,558,160.775,63.402,30.81,0
89.422,362.572,0.00275807,0.03590947409616718,-3.32675412,36.351,14.393,501,41.645,51.49,181.032,0
154.586,427.736,0.00233789,0.6086185450658774,-0.49656357,44.311,14.301,1108,235.32,66.714,64.242,0
86.247,359.397,0.00278244,0.03047432019848576,-3.49087091,44.556,2.022,858,47.973,50.474,20.176,1
169.613,442.763,0.00225854,1.03860826880476,0.03788161,48.9,6.672,940,225.854,52.606,249.752,1
140.243,413.393,0.00241901,0.3524227586432333,-1.04292381,42.665,7.117,343,299.913,65.714,150.645,0
29.939,303.089,0.00329936,0.0009371490392854339,-6.97266823,42.013,13.907,919,215.572,61.801,151.871,0
35.174,308.324,0.00324334,0.001366719640668,-6.59534183,40.552,9.747,399,70.525,63.872,190.497,0
68.133,341.283,0.00293012,0.01127016346651279,-4.48559645,41.674,14.597,322,249.044,50.921,28.868,0
55.38,328.53,0.00304386,0.005238483211754473,-5.25172329,36.519,3.267,172,28.73,46.454,212.448,0
61.843,334.993,0.00298514,0.007780199654542463,-4.85617328,38.714,10.777,558,240.631,56.755,159.7,0
111.792,384.942,0.00259779,0.1056973866877424,-2.24717511,37.438,1.764,922,269.116,55.547,137.672,0
140.81,413.96,0.00241569,0.3603762652266428,-1.02060661,44.575,8.156,205,220.867,54.362,169.606,0
146.936,420.086,0.00238046,0.4568829267238962,-0.7833281,42.97,8.924,859,193.723,50.15,175.345,0
75.332,348.482,0.00286959,0.01694329888694189,-4.07788287,43.473,4.706,216,35.356,67.097,92.473,0
97.395,370.545,0.00269873,0.05355607015009183,-2.92702613,39.567,13.696,651,47.73,56.069,227.211,0
42.021,315.171,0.00317288,0.002196818524939926,-6.12074509,40.118,1.682,486,69.64,66.897,190.375,0
132.0,405.15,0.00246822,0.2529851658018863,-1.37442443,45.595,9.65,945,69.306,47.062,133.176,0
62.0,335.15,0.00298374,0.007853827204779793,-4.84675432,36.75,6.356,346,187.753,48.112,145.642,0
90.087,363.237,0.00275302,0.03715178589882899,-3.29274344,36.824,11.467,695,171.688,51.39,167.283,0
75.099,348.249,0.00287151,0.01672559982267594,-4.09081481,38.651,3.539,979,274.964,53.559,175.52,0
69.765,342.915,0.00291617,0.01238006173328644,-4.39166803,42.385,2.135,542,156.565,47.616,113.028,0
128.812,401.962,0.0024878,0.221733496702299,-1.50627908,43.213,13.977,402,180.136,54.776,201.285,0
27.94,301.09,0.00332127,0.0008085943731100572,-7.12021316,37.158,5.149,857,93.623,64.106,170.329,0
95.985,369.135,0.00270904,0.04996363020591294,-2.99645993,41.318,13.161,262,287.41,54.986,186.246,0
130.84,403.99,0.00247531,0.2411922824081244,-1.42216081,38.35,1.591,915,78.878,66.541,145.005,0
115.074,388.224,0.00257583,0.1225481799463587,-2.09925102,40.69,1.644,229,254.481,46.63,96.774,0
102.658,375.808,0.00266093,0.06908222694351909,-2.67245779,40.173,4.355,288,211.797,47.787,85.927,0
169.825,442.975,0.00225746,1.046197486537771,0.04516215,42.583,4.047,528,239.856,57.864,29.608,0
66.392,339.542,0.00294514,0.01018546397868931,-4.58679368,42.279,12.982,543,282.511,65.717,20.859,0
51.156,324.306,0.00308351,0.004010815996345739,-5.51876057,43.658,5.011,522,236.365,49.303,12.815,0
86.255,359.405,0.00278238,0.03048703571621366,-3.49045374,44.101,6.472,1071,162.06,51.391,121.862,0
142.786,415.936,0.00240422,0.3893383528340231,-0.94330651,44.925,14.862,962,207.564,61.075,244.604,0
149.613,422.763,0.00236539,0.5057064866396253,-0.68179884,39.551,1.619,735,136.153,55.918,59.781,0
38.648,311.798,0.0032072,0.001743364974975752,-6.35193814,42.471,6.865,899,17.043,50.301,246.381,0
75.557,348.707,0.00286774,0.01715593080282462,-4.06541135,39.95,11.83,115,99.019,67.061,146.432,0
111.759,384.909,0.00259802,0.1055389422066711,-2.24867527,41.985,4.709,315,297.223,67.044,6.967,0
118.176,391.326,0.00255541,0.14061626587224,-1.96172062,44.497,7.356,261,52.215,59.672,61.748,0
57.036,330.186,0.0030286,0.005805805687999805,-5.14889688,37.563,14.993,431,249.399,55.822,190.591,0
43.152,316.302,0.00316154,0.00237127460366189,-6.04432766,39.47,11.989,501,171.256,55.797,226.293,0
50.561,323.711,0.00308918,0.003860587618143148,-5.55693587,44.886,13.186,578,167.641,61.051,119.368,0
34.729,307.879,0.00324803,0.001324238951164732,-6.62691736,37.411,3.583,940,55.4,46.94,230.199,0
133.924,407.074,0.00245656,0.2736657766130473,-1.29584771,42.593,6.198,1086,12.481,50.914,143.711,0
112.166,385.316,0.00259527,0.1075078709022986,-2.23019122,37.309,7.63,144,133.158,48.438,111.769,0
161.475,434.625,0.00230083,0.7811687481016443,-0.24696409,50.245,1.785,323,224.889,58.564,10.428,1
99.837,372.987,0.00268106,0.06032464148900315,-2.80801461,39.202,2.888,469,106.2,60.378,97.785,0
143.451,416.601,0.00240038,0.3995337762831814,-0.91745697,43.628,8.193,1052,67.255,62.251,32.896,0
169.078,442.228,0.00226128,1.019668453507864,0.01947753,44.898,10.722,518,221.454,47.449,26.335,0
84.245,357.395,0.00279802,0.02743724301273407,-3.59585395,43.789,3.634,416,125.956,57.023,17.741,0
124.135,397.285,0.00251708,0.1820365484999284,-1.7035478,42.459,8.037,623,114.472,59.898,68.605,0
153.821,426.971,0.00234208,0.5916869355124195,-0.52477761,42.387,10.687,414,79.453,47.508,45.01,0
162.286,435.436,0.00229655,0.8040451410442607,-0.21809987,46.252,8.878,140,11.902,48.208,67.929,0
35.976,309.126,0.00323493,0.001446418921315948,-6.53866449,35.341,9.114,532,168.217,58.382,81.431,0
131.852,405.002,0.00246912,0.2514528679109387,-1.38049971,43.616,10.039,843,132.866,50.717,36.182,0
56.492,329.642,0.00303359,0.005613607848035712,-5.18256166,41.283,11.309,439,127.261,49.856,155.319,0
137.482,410.632,0.00243527,0.3158531551848924,-1.15247787,42.918,4.274,101,63.711,66.716,125.646,0
106.672,379.822,0.00263281,0.0834886130832992,-2.48304503,44.812,13.139,1104,20.234,63.531,194.745,0
114.751,387.901,0.00257798,0.1207904555955853,-2.11369801,41.771,8.838,534,131.712,51.474,243.018,0
97.495,370.645,0.002698,0.05381937144826268,-2.92212181,38.656,4.802,470,164.89,58.485,121.013,0
107.2,380.35,0.00262916,0.08556942239421803,-2.45842727,44.42,11.649,108,290.011,49.551,230.889,0
37.349,310.499,0.00322062,0.001592716474439976,-6.44231425,39.151,3.352,280,59.272,66.174,149.762,0
44.349,317.499,0.00314962,0.002569500202877736,-5.96404387,41.512,3.717,747,23.14,48.908,221.959,0
90.54,363.69,0.00274959,0.03801986551416116,-3.26964648,40.857,6.246,420,295.812,49.703,165.363,0
108.268,381.418,0.0026218,0.08991948341814192,-2.40884064,42.769,3.6,781,225.152,66.347,31.707,0
86.016,359.166,0.00278423,0.03010919689728569,-3.50292461,35.947,7.575,218,13.72,56.308,90.643,0
32.093,305.243,0.00327608,0.001096265441333177,-6.81584593,38.472,11.858,869,15.335,58.98,187.495,0
156.558,429.708,0.00232716,0.6542293542403139,-0.42429729,42.81,5.962,1134,293.84,56.786,52.701,0
48.685,321.835,0.00310718,0.003419624565404759,-5.67822451,41.135,8.259,150,44.333,59.525,128.926,0
69.518,342.668,0.00291828,0.01220601458874381,-4.40582645,39.642,12.017,754,18.227,47.52,70.293,0
136.422,409.572,0.00244157,0.302725103963648,-1.19493013,41.081,10.839,501,251.895,64.586,205.763,0
131.759,404.909,0.00246969,0.2504941877396312,-1.38431956,44.154,14.412,900,10.968,55.73,246.363,0
46.727,319.877,0.0031262,0.00300844493587566,-5.80633197,38.915,10.309,566,234.827,59.652,199.925,0
66.499,339.649,0.00294422,0.01024931627267222,-4.58054428,39.435,4.127,671,275.154,63.822,221.417,0
110.519,383.669,0.00260641,0.09973565081358317,-2.30523209,44.313,3.238,704,150.146,49.731,171.809,0
117.038,390.188,0.00256287,0.1337315197771542,-2.01192107,36.856,10.412,608,97.44,50.771,87.362,0
113.968,387.118,0.00258319,0.1166217246601314,-2.1488197,45.87,12.965,1096,137.882,63.401,189.766,0
78.626,351.776,0.00284272,0.02030490745621847,-3.89689268,35.407,6.333,450,98.528,49.592,125.337,0
65.396,338.546,0.00295381,0.009608038988200625,-4.64515514,40.975,7.337,1110,30.706,45.79,43.955,0
163.803,436.953,0.00228858,0.8484058797187728,-0.16439613,49.317,14.467,1195,36.002,58.031,165.241,0
58.275,331.425,0.00301727,0.006265885419938787,-5.07263537,39.492,6.289,1134,162.587,55.767,41.306,0
117.544,390.694,0.00255955,0.1367550583098914,-1.98956385,44.675,2.421,333,203.981,63.724,230.087,0
108.159,381.309,0.00262254,0.08946670642414607,-2.41388872,41.225,5.27,304,25.226,51.411,208.298,0
83.6,356.75,0.00280308,0.02651809038073702,-3.62992812,42.611,4.154,1102,240.167,62.96,145.731,0
105.719,378.869,0.00263943,0.07984628792509031,-2.52765189,36.784,6.332,199,54.751,53.236,43.31,0
74.509,347.659,0.00287638,0.01618551708090694,-4.12363844,41.687,1.537,126,245.272,59.154,67.427,0
117.937,391.087,0.00255698,0.139144911543667,-1.97223936,42.544,4.356,805,24.818,47.641,243.89,0
126.5,399.65,0.00250219,0.2012477307858977,-1.60321864,37.172,13.22,943,238.038,47.86,55.664,0
78.702,351.852,0.0028421,0.02038905952216626,-3.89275682,43.684,11.262,804,231.491,54.642,155.277,0
110.631,383.781,0.00260565,0.1002479448215153,-2.30010871,45.328,8.364,627,296.126,51.633,34.862,0
146.334,419.484,0.00238388,0.4464899778145313,-0.80633833,43.523,1.82,105,91.587,48.029,157.8,0
27.761,300.911,0.00332324,0.0007979052796701392,-7.13352066,43.666,10.735,936,215.35,53.537,145.449,0
105.192,378.342,0.00264311,0.07789328245368114,-2.55241556,38.447,4.466,114,255.146,49.033,63.382,0
68.602,341.752,0.0029261,0.01157958462057307,-4.45851168,38.886,9.319,238,69.706,45.163,23.715,0
136.894,410.044,0.00243876,0.3085103906664151,-1.17599975,39.512,14.24,931,155.84,59.811,234.057,0
89.894,363.044,0.00275449,0.03678734525736124,-3.30260137,37.972,2.968,1090,45.035,46.735,230.779,0
79.27,352.42,0.00283752,0.02102794050988033,-3.86190323,36.785,1.103,265,260.588,53.841,62.607,0
92.66,365.81,0.00273366,0.04232763720281177,-3.16231504,39.095,5.617,1183,77.257,45.698,88.906,0
99.294,372.444,0.00268497,0.05875712062638676,-2.83434293,41.141,13.113,954,41.585,48.298,73.372,0
71.8,344.95,0.00289897,0.01390105773015502,-4.27579035,39.914,6.924,1109,215.623,57.854,211.18,0
146.03,419.18,0.00238561,0.4413208038518989,-0.81798322,42.865,12.38,1182,194.529,63.114,225.709,0
39.527,312.677,0.00319819,0.001852519024463781,-6.29120893,37.207,10.081,1002,167.8,64.459,215.981,0
54.097,327.247,0.0030558,0.004833886928261273,-5.33210439,38.49,4.025,373,76.748,52.662,39.674,0
162.165,435.315,0.00229719,0.8005954316028251,-0.22239954,45.148,8.328,641,69.811,54.602,169.704,0
96.827,369.977,0.00270287,0.05208215134563456,-2.95493297,44.699,12.667,340,41.64,51.359,142.042,0
68.544,341.694,0.0029266,0.01154091015636622,-4.46185715,38.068,14.023,379,289.218,50.963,223.683,0
124.486,397.636,0.00251486,0.1847813419356727,-1.68858209,45.164,8.219,749,206.352,64.369,123.674,0
42.519,315.669,0.00316788,0.002272148034106102,-6.08702962,42.572,3.938,925,148.396,63.767,184.162,0
95.303,368.453,0.00271405,0.04830428958889656,-3.03023491,43.972,6.931,120,183.501,46.97,119.133,0
70.032,343.182,0.00291391,0.01257070600055045,-4.37638609,38.959,4.877,246,277.891,44.934,224.426,0
135.384,408.534,0.00244778,0.290336467705717,-1.2367148,42.241,5.589,1063,111.991,48.607,201.857,0
46.241,319.391,0.00313096,0.002913578720105479,-5.83837315,35.857,8.454,153,68.796,64.577,41.718,0
98.821,371.971,0.00268838,0.05742130829824518,-2.85733982,43.616,2.054,192,257.397,59.112,175.399,0
32.935,306.085,0.00326707,0.001164872055775603,-6.75514402,38.015,8.12,648,231.573,55.304,169.475,0
107.85,381.0,0.00262467,0.08819411585968231,-2.42821503,38.176,4.556,1059,99.529,46.281,92.715,0
104.673,377.823,0.00264674,0.07601148510976229,-2.57687083,36.5,9.078,381,168.813,58.469,24.834,0
48.093,321.243,0.00311291,0.003290245779911785,-5.71679301,39.217,14.251,467,206.771,54.378,215.766,0
149.922,423.072,0.00236366,0.5116255509252831,-0.67016227,42.551,1.432,223,110.156,53.375,222.336,0
50.377,323.527,0.00309093,0.003815171073332465,-5.56876977,42.935,2.507,631,104.033,64.58,82.934,0
71.768,344.918,0.00289924,0.01387589773780032,-4.27760192,41.115,1.294,653,20.793,46.888,195.622,0
111.049,384.199,0.00260282,0.1021805495696791,-2.28101394,41.519,11.697,590,294.986,46.643,25.76,0
151.82,424.97,0.00235311,0.5493293991961492,-0.59905702,45.109,4.348,814,159.003,48.782,248.245,0
77.778,350.928,0.00284959,0.01938682389733233,-3.94316162,37.616,5.211,1061,117.674,63.098,121.199,0
97.896,371.046,0.00269508,0.05488681963382525,-2.90248204,38.76,7.973,730,158.076,55.715,212.509,0
43.35,316.5,0.00315956,0.002403075944336231,-6.03100572,38.673,12.068,332,40.322,67.067,224.524,0
154.005,427.155,0.00234107,0.5957213486055405,-0.51798226,44.876,2.781,719,132.793,46.802,76.649,0
82.185,355.335,0.00281425,0.02459742924977544,-3.70511334,38.704,11.293,778,54.452,49.882,126.933,0
147.5,420.65,0.00237727,0.4668113328176464,-0.7618301,45.021,14.52,582,86.475,52.321,227.052,0
88.555,361.705,0.00276468,0.03434552077715328,-3.37128367,44.916,6.831,645,115.959,44.952,92.076,0
50.917,324.067,0.00308578,0.003949848696643445,-5.53407801,41.495,4.647,714,277.593,49.671,195.436,0
64.883,338.033,0.00295829,0.00932227116509293,-4.67534899,44.503,10.642,802,287.882,66.295,199.792,0
28.073,301.223,0.0033198,0.000816620805090317,-7.1103357,43.684,5.218,852,163.238,57.486,248.809,0
146.616,419.766,0.00238228,0.4513323778474886,-0.79555123,43.079,11.916,521,151.681,64.455,42.169,0
90.64,363.79,0.00274884,0.03821391496306448,-3.26455556,43.432,8.141,410,178.69,45.884,215.094,0
112.277,385.427,0.00259453,0.1080504658164536,-2.22515688,45.958,1.693,338,119.979,49.42,100.71,1
168.603,441.753,0.00226371,1.003104904603397,0.00310009,46.989,12.574,646,45.199,60.512,55.752,0
114.271,387.421,0.00258117,0.118219559406841,-2.13521171,36.244,8.254,183,90.466,46.968,187.524,0
131.619,404.769,0.00247054,0.2490570769906858,-1.39007318,39.599,9.945,327,37.282,46.974,64.054,0
164.422,437.572,0.00228534,0.8671097673732828,-0.1425897,46.99,13.68,1045,113.247,51.937,246.812,0
32.864,306.014,0.00326782,0.001158939756824101,-6.76024969,38.222,9.215,1175,220.155,61.557,147.621,0
106.741,379.891,0.00263233,0.08375796175469356,-2.47982405,38.301,14.86,804,187.139,59.826,111.702,0
47.199,320.349,0.0031216,0.00310324532608034,-5.77530684,37.483,6.183,361,286.961,64.14,58.09,0
96.312,369.462,0.00270664,0.05077709053116074,-2.98031,40.641,12.477,976,280.505,62.289,18.357,0
151.332,424.482,0.00235581,0.5394105242677003,-0.61727836,47.34,9.647,1060,75.18,60.057,244.626,0
66.099,339.249,0.00294769,0.01001244278946095,-4.60392668,42.187,13.834,136,117.954,52.888,20.223,0
32.851,306.001,0.00326796,0.001157856540887435,-6.76118479,39.447,3.141,452,120.47,46.268,59.82,0
167.381,440.531,0.00226999,0.9615628833597021,-0.03919531,49.554,6.794,304,234.892,65.258,143.259,1
149.768,422.918,0.00236452,0.5086680680887428,-0.6759596,42.507,9.496,230,48.208,53.483,145.747,0
112.03,385.18,0.00259619,0.1068463602692983,-2.23636336,38.086,6.235,634,37.758,55.086,103.784,0
74.225,347.375,0.00287873,0.01593116464410801,-4.13947805,43.767,7.555,1052,265.28,56.82,34.895,0
40.893,314.043,0.00318428,0.002034494172291592,-6.19750805,35.147,10.369,1065,23.208,57.944,185.097,0
48.794,321.944,0.00310613,0.003443941504245787,-5.67113868,43.781,11.535,332,188.154,57.57,55.359,0
40.688,313.838,0.00318636,0.00200618970416188,-6.21151803,38.436,6.938,582,292.059,57.645,66.704,0
35.361,308.511,0.00324138,0.001384937595515591,-6.5821002,37.544,12.374,786,26.104,50.657,246.082,0
72.441,345.591,0.00289359,0.01441374620874998,-4.23957293,36.966,10.766,290,128.464,52.316,66.609,0
74.477,347.627,0.00287665,0.01615667674112648,-4.12542189,38.254,7.944,1066,295.523,57.854,182.696,0
72.898,346.048,0.00288977,0.01478956068079618,-4.21383371,44.06,1.969,281,80.913,58.681,114.463,0
97.201,370.351,0.00270014,0.05304853288164678,-2.93654807,43.557,10.374,1155,151.454,49.173,168.425,0
134.94,408.09,0.00245044,0.2851748121856472,-1.25465291,42.102,14.963,560,291.48,62.581,206.785,0
31.518,304.668,0.00328226,0.001051547985100908,-6.85749193,44.156,12.774,492,204.371,46.154,80.153,0
65.354,338.504,0.00295417,0.009584350102702194,-4.64762371,39.374,9.168,893,192.531,62.518,37.741,0
141.943,415.093,0.0024091,0.3767421703368926,-0.97619422,42.821,7.141,708,284.399,63.646,59.479,0
164.772,437.922,0.00228351,0.8778434332972544,-0.13028702,44.465,8.827,1145,17.383,59.396,73.85,0
62.577,335.727,0.00297861,0.008129841532363308,-4.81221385,36.968,4.592,879,51.73,58.654,183.047,0
160.812,433.962,0.00230435,0.7628903236881516,-0.270641,40.817,1.679,415,26.347,55.995,177.912,0
121.31,394.46,0.00253511,0.1612227868214036,-1.8249681,40.719,3.714,384,243.992,56.374,115.44,0
30.812,303.962,0.00328988,0.0009989143978957698,-6.90884147,40.928,8.222,717,292.15,58.125,99.325,0
92.983,366.133,0.00273125,0.0430208110457686,-3.1460713,37.543,10.425,900,264.824,63.25,120.886,0
141.853,415.003,0.00240962,0.3754187305687683,-0.97971326,47.954,12.259,632,148.492,62.801,177.735,0
142.655,415.805,0.00240497,0.3873570408063139,-0.94840843,44.526,4.709,779,70.107,62.486,28.045,0
47.05,320.2,0.00312305,0.003073031005468042,-5.78509091,40.613,5.756,369,107.035,60.893,27.108,0
97.63,370.78,0.00269702,0.05417665541498648,-2.91550518,42.422,12.17,832,125.338,66.48,229.21,0
141.54,414.69,0.00241144,0.3708477847437281,-0.99196358,41.651,7.26,932,38.87,48.502,85.112,0
146.654,419.804,0.00238206,0.4519884018066881,-0.79409876,43.861,3.41,194,153.65,47.897,101.134,0
89.303,362.453,0.00275898,0.03569111852245969,-3.3328534,40.263,4.89,1124,297.398,47.149,216.296,0
28.405,301.555,0.00331614,0.0008369742849619247,-7.08571721,42.006,9.51,146,196.562,55.158,241.512,0
59.268,332.418,0.00300826,0.006658069105972842,-5.01192576,36.106,7.409,383,36.901,61.311,106.833,0
92.845,365.995,0.00273228,0.04272342794878751,-3.15300785,42.911,11.619,766,254.663,53.19,110.429,0
167.3,440.45,0.00227041,0.9588629242418887,-0.04200715,48.786,13.548,527,15.319,65.715,158.19,0
83.858,357.008,0.00280106,0.02688239464200371,-3.61628368,44.095,14.297,732,71.13,59.095,49.717,0
28.687,301.837,0.00331305,0.0008546240775298966,-7.06484886,35.937,8.246,297,245.881,51.712,167.104,0
82.9,356.05,0.00280859,0.02555179950986167,-3.66704753,38.244,8.606,997,226.828,50.287,168.04,0
113.121,386.271,0.00258886,0.1122560940943334,-2.18697246,39.062,6.841,824,284.912,56.118,59.713,0
151.121,424.271,0.00235698,0.535170534900923,-0.62516983,45.739,1.697,317,134.967,64.685,123.772,0
139.391,412.541,0.002424,0.3407609809214279,-1.07657398,39.693,11.332,166,66.195,58.747,30.226,0
71.972,345.122,0.00289753,0.01403699557444424,-4.26605889,43.996,12.365,750,55.751,55.109,92.563,0
151.348,424.498,0.00235572,0.5397332342182488,-0.61668027,42.618,1.499,1104,248.295,58.656,127.344,0
69.98,343.13,0.00291435,0.01253337134852935,-4.37936048,38.302,12.133,610,71.869,45.805,55.255,0
98.471,371.621,0.00269091,0.0564503250229212,-2.87439423,43.531,6.249,831,68.853,53.266,228.081,0
52.725,325.875,0.00306866,0.004432632014683893,-5.41876174,38.556,7.724,935,265.08,64.033,133.621,0
165.641,438.791,0.00227899,0.9049947985874974,-0.09982608,49.483,5.153,220,85.165,44.993,172.812,1
63.694,336.844,0.00296873,0.008689116041245337,-4.74568407,43.272,9.724,995,35.412,60.393,138.092,0
125.722,398.872,0.00250707,0.1947395977635603,-1.63609201,38.294,3.19,1145,247.217,54.348,114.814,0
117.787,390.937,0.00255796,0.138228433094002,-1.97884765,38.968,9.771,166,231.229,55.574,27.652,0
71.871,345.021,0.00289837,0.01395702773740025,-4.27177212,37.518,6.639,961,189.696,47.892,149.001,0
89.64,362.79,0.00275642,0.03631258102900992,-3.31559101,39.084,6.103,719,84.306,45.684,248.923,0
139.089,412.239,0.00242578,0.336709405762204,-1.08853502,44.431,5.954,474,247.328,55.877,104.406,0
91.32,364.47,0.00274371,0.03955704687111636,-3.23001142,38.882,3.219,508,185.288,54.884,150.723,0
61.568,334.718,0.00298759,0.007652730699630106,-4.87269274,39.974,8.592,661,242.767,58.564,231.854,0
66.963,340.113,0.0029402,0.01053039333390462,-4.5534896,42.507,11.136,823,58.685,60.759,85.753,0
99.723,372.873,0.00268188,0.05999249885281898,-2.81353574,39.731,2.442,924,53.812,47.407,66.261,0
123.599,396.749,0.00252049,0.1779144422757044,-1.72645251,46.261,7.848,760,81.936,64.498,145.426,0
142.45,415.6,0.00240616,0.3842742493579291,-0.95639879,46.464,8.844,702,263.534,46.41,108.383,0
96.367,369.517,0.00270624,0.05091506339541198,-2.97759646,41.787,8.519,815,190.962,53.435,187.383,0
168.003,441.153,0.00226679,0.9825170299672812,-0.0176376,51.185,12.618,609,145.132,62.044,48.167,1
50.582,323.732,0.00308897,0.003865801975066664,-5.55558612,40.235,12.391,1185,217.163,47.311,144.493,0
79.473,352.623,0.00283589,0.02126058406079577,-3.85090043,42.224,11.385,919,295.985,57.139,28.707,0
62.134,335.284,0.00298255,0.007917164194262586,-4.83872219,42.566,11.73,769,137.645,56.035,158.138,0
140.784,413.934,0.00241584,0.3600081395204706,-1.02162864,41.838,13.303,709,238.692,64.71,155.73,0
135.276,408.426,0.00244842,0.2890734326543253,-1.24107453,46.571,14.662,345,289.884,48.541,161.466,0
140.9,414.05,0.00241517,0.3616530972307571,-1.01706982,47.631,5.016,710,245.327,46.871,200.973,1
144.753,417.903,0.0023929,0.4201747818220714,-0.86708451,43.754,14.773,1196,224.601,56.987,96.274,0
145.392,418.542,0.00238925,0.4306424195340397,-0.84247719,39.16,11.194,212,158.026,46.89,72.198,0
100.612,373.762,0.0026755,0.06262630595648773,-2.77056987,40.886,11.258,742,239.595,58.43,209.926,0
106.108,379.258,0.00263673,0.08131563433215042,-2.50941698,43.96,14.667,1115,176.947,66.883,54.563,0
71.374,344.524,0.00290256,0.01356944779389491,-4.2999345,37.231,7.899,769,137.245,52.819,34.4,0
52.702,325.852,0.00306888,0.00442616983064194,-5.42022067,35.644,4.493,376,108.769,46.926,23.518,0
34.842,307.992,0.00324684,0.001334910991215001,-6.61889066,36.022,6.054,960,106.316,44.998,198.925,0
73.537,346.687,0.00288445,0.01532978473781027,-4.17795763,38.956,14.986,841,79.258,46.102,42.263,0
129.495,402.645,0.00248358,0.2281265689004904,-1.47785468,43.585,14.236,639,163.755,50.484,143.988,0
65.295,338.445,0.00295469,0.009551161592339187,-4.6510925,39.521,4.014,634,176.093,49.254,242.869,0
78.572,351.722,0.00284315,0.02024530435667135,-3.8998324,41.155,9.338,566,100.795,66.969,157.215,0
68.628,341.778,0.00292588,0.01159695921925172,-4.45701235,38.151,5.619,929,13.729,54.483,51.995,0
66.736,339.886,0.00294216,0.01039202936828426,-4.56671617,38.465,6.427,812,78.918,58.793,34.611,0
48.673,321.823,0.0031073,0.00341695698276595,-5.6790049,38.249,7.136,301,178.794,65.672,91.573,0
95.681,368.831,0.00271127,0.04921781505809746,-3.01149963,43.813,12.355,332,166.685,47.732,203.767,0
88.737,361.887,0.00276329,0.03466868795329395,-3.36191836,36.761,6.267,740,62.202,65.28,13.327,0
53.257,326.407,0.00306366,0.004584503649672367,-5.38507343,36.653,3.992,683,36.949,55.388,105.191,0
133.594,406.744,0.00245855,0.2700165058360089,-1.30927219,38.006,5.066,295,174.328,46.941,175.717,0
111.827,384.977,0.00259756,0.1058656640526127,-2.24558431,40.042,3.669,242,101.366,59.826,52.466,0
28.923,302.073,0.00331046,0.0008696545305189087,-7.04741452,41.004,9.726,274,148.952,51.928,199.683,0
28.416,301.566,0.00331602,0.0008376564835706782,-7.08490247,35.422,6.825,486,260.022,57.775,172.097,0
55.202,328.352,0.00304551,0.005180583332897611,-5.26283762,36.35,6.971,1079,70.723,62.519,208.7,0
109.434,382.584,0.00261381,0.09489160550240845,-2.35502003,41.119,9.777,941,278.958,64.061,112.997,0
105.304,378.454,0.00264233,0.07830475697865771,-2.54714692,42.849,8.403,710,97.669,53.628,147.004,0
66.602,339.752,0.00294332,0.01031112131654874,-4.57453223,36.883,13.051,1025,298.034,53.503,171.16,0
144.721,417.871,0.00239308,0.4196564925061382,-0.86831878,47.054,6.066,1148,297.523,47.886,90.591,1
136.753,409.903,0.0024396,0.3067720737844528,-1.18165024,39.465,9.933,308,116.896,50.174,150.87,0
126.932,400.082,0.00249949,0.2049436429259811,-1.58502025,41.441,1.687,860,172.599,67.091,15.024,0
139.251,412.401,0.00242482,0.3388774790525548,-1.08211666,40.884,7.452,769,137.558,57.177,238.992,0
38.79,311.94,0.00320574,0.001760593472712498,-6.34210433,35.831,1.094,956,176.468,50.567,153.582,0
156.286,429.436,0.00232864,0.6477661046215468,-0.4342256,49.606,9.074,354,40.202,48.712,185.181,0
103.161,376.311,0.00265738,0.07075721600928093,-2.64850075,41.57,6.513,736,140.212,52.258,192.882,0
66.435,339.585,0.00294477,0.01021108113083458,-4.58428176,44.665,10.264,501,191.287,58.502,228.429,0
95.296,368.446,0.0027141,0.04828751583033822,-3.03058222,35.92,7.897,1102,27.32,45.833,58.319,0
75.197,348.347,0.0028707,0.01681685676834278,-4.08537352,42.658,6.027,635,183.966,62.455,196.418,0
157.944,431.094,0.00231968,0.6880448025495358,-0.37390132,46.449,9.936,1180,273.158,61.829,233.122,0
166.79,439.94,0.00227304,0.9420140550085647,-0.05973508,46.097,12.5,259,161.68,49.982,233.173,0
75.707,348.857,0.0028665,0.01729901121741617,-4.05710593,36.749,12.591,845,221.129,52.451,31.021,0
146.538,419.688,0.00238272,0.4499884131208243,-0.79853345,41.11,12.007,222,68.087,65.315,96.536,0
32.41,305.56,0.00327268,0.001121651268888906,-6.79295333,41.266,2.977,830,184.986,65.678,125.488,0
60.313,333.463,0.00299883,0.007094556646463837,-4.94842746,38.645,10.49,104,202.05,46.683,39.237,0
144.968,418.118,0.00239167,0.4236715997854721,-0.85879665,42.621,4.87,1002,50.144,59.223,124.474,0
39.296,312.446,0.00320055,0.001823248671308057,-6.30713538,40.972,11.911,503,158.818,57.302,196.264,0
30.427,303.577,0.00329406,0.0009712328301396922,-6.93694433,38.833,11.948,650,104.295,65.3,213.202,0
77.019,350.169,0.00285576,0.01859682208818518,-3.98476457,36.036,11.687,110,100.737,53.782,206.612,0
37.549,310.699,0.00321855,0.001615113078521662,-6.42835031,35.667,7.92,141,23.259,46.375,49.205,0
89.719,362.869,0.00275582,0.03645965474095647,-3.31154898,44.913,8.741,697,273.929,58.162,96.088,0
126.057,399.207,0.00250497,0.1975188383580403,-1.62192132,46.63,3.822,1147,125.042,57.295,73.603,1
38.265,311.415,0.00321115,0.001697656599875104,-6.37850645,36.479,6.655,493,227.309,59.728,242.159,0
89.675,362.825,0.00275615,0.03637767482903928,-3.31380002,42.141,7.009,1005,40.828,51.842,62.721,0
57.14,330.29,0.00302764,0.005843218065516246,-5.1424736,35.997,14.739,316,220.493,48.72,16.828,0
59.906,333.056,0.0030025,0.006921581453498855,-4.973111,41.176,2.061,760,16.58,59.977,44.007,0
98.565,371.715,0.00269023,0.0567096579389688,-2.86981075,42.417,12.342,231,210.798,52.476,24.191,0
137.772,410.922,0.00243355,0.3195307611305854,-1.14090173,45.498,12.015,899,118.551,45.389,122.608,0
33.767,306.917,0.00325821,0.001236475617596714,-6.69549019,40.383,14.622,599,127.66,56.461,125.506,0
59.558,332.708,0.00300564,0.006776705332221555,-4.99426423,39.47,5.223,784,87.75,51.843,47.246,0
42.215,315.365,0.00317093,0.002225890336518752,-6.10759829,37.949,8.182,237,288.128,47.827,143.886,0
76.832,349.982,0.00285729,0.01840666825654495,-3.99504227,41.417,9.783,963,117.84,58.831,187.792,0
162.769,435.919,0.002294,0.8179447481005085,-0.20096049,42.542,2.573,481,145.431,49.463,186.977,0
118.04,391.19,0.0025563,0.1397773328873046,-1.9677046,38.048,12.529,996,204.151,50.278,243.396,0
88.85,362.0,0.00276243,0.03487069872893353,-3.35610838,44.877,6.136,145,76.63,54.102,171.058,0
126.402,399.552,0.0025028,0.2004175271878325,-1.60735245,45.19,2.027,777,77.382,54.624,168.306,0
25.862,299.012,0.00334435,0.0006921690803310267,-7.2756803,43.925,13.339,326,94.231,51.001,175.567,0
152.833,425.983,0.00234751,0.5704292771325874,-0.56136608,45.066,5.604,146,161.302,57.92,169.636,0
54.876,328.026,0.00304854,0.005076037450033779,-5.28322435,39.828,5.868,844,13.922,53.626,127.747,0
81.207,354.357,0.00282201,0.02334366251465289,-3.75742974,44.319,7.363,180,97.922,52.412,243.396,0
67.414,340.564,0.00293631,0.0108102170555775,-4.52726357,40.563,13.318,726,141.487,53.963,157.118,0
153.981,427.131,0.0023412,0.5951937623857155,-0.51886828,45.773,6.143,659,215.221,51.908,80.36,0
42.562,315.712,0.00316744,0.00227876092389236,-6.08412344,43.236,12.083,1189,249.601,59.715,240.413,0
105.383,378.533,0.00264178,0.07859615273199709,-2.54343253,44.606,13.838,773,76.407,58.83,128.944,0
56.271,329.421,0.00303563,0.005537181121356623,-5.19626973,39.969,6.373,701,84.862,53.129,151.103,0
120.876,394.026,0.0025379,0.1582188649610839,-1.84377598,41.064,12.148,892,126.191,47.85,102.06,0
37.725,310.875,0.00321673,0.001635058160074049,-6.4160769,35.018,7.327,934,46.003,46.828,221.506,0
49.318,322.468,0.00310108,0.003563038662637576,-5.63714154,44.615,5.135,1001,292.759,61.025,214.539,0
105.552,378.702,0.0026406,0.07922275233336816,-2.53549174,41.237,2.603,487,125.213,53.327,178.461,0
34.083,307.233,0.00325486,0.001264703128122329,-6.67291787,37.618,3.983,305,114.577,60.777,180.362,0
107.873,381.023,0.00262451,0.08828828335895618,-2.42714787,39.314,1.798,1132,164.515,61.902,226.969,0
161.239,434.389,0.00230208,0.7746191550587124,-0.25538378,46.969,9.902,1102,58.466,64.09,67.917,0
167.327,440.477,0.00227027,0.9597621774899943,-0.04106976,48.853,4.486,828,217.085,57.113,128.075,1
138.426,411.576,0.00242968,0.3279626943023513,-1.11485541,41.123,9.302,1032,117.261,48.978,110.805,0
121.974,395.124,0.00253085,0.1659161279355074,-1.79627287,36.775,4.581,701,28.64,49.954,42.691,0
76.648,349.798,0.00285879,0.0182212674846102,-4.00516582,36.823,6.669,1096,84.228,51.089,134.157,0
126.294,399.444,0.00250348,0.199506106518047,-1.61191043,44.791,6.907,970,277.911,49.093,104.086,0
135.114,408.264,0.0024494,0.2871879327596325,-1.24761846,46.411,9.272,422,72.056,62.015,241.404,0
44.005,317.155,0.00315303,0.002511050253873576,-5.98705419,41.342,6.619,559,43.202,57.95,237.964,0
153.569,426.719,0.00234346,0.5862002665886028,-0.5340938,47.197,2.026,276,162.148,47.716,81.563,1
73.08,346.23,0.00288825,0.01494166001458176,-4.20360199,44.76,1.428,465,130.449,52.568,52.277,0
50.627,323.777,0.00308855,0.003876997039135173,-5.55269438,35.245,3.079,1080,34.278,54.438,135.385,0
38.815,311.965,0.00320549,0.001763642602872966,-6.34037395,41.163,2.267,798,156.461,58.072,240.76,0
93.363,366.513,0.00272842,0.04384924961285144,-3.12699767,40.891,2.044,637,127.633,50.02,238.05,0
89.508,362.658,0.00275742,0.03606801851167736,-3.32234872,38.739,12.552,324,125.509,50.135,222.423,0
117.959,391.109,0.00255683,0.1392797790147008,-1.97127057,40.956,1.697,482,189.199,54.333,72.677,0
31.37,304.52,0.00328386,0.001040309829334314,-6.8682367,37.227,8.032,1183,285.461,66.551,80.585,0
112.088,385.238,0.0025958,0.1071280329383199,-2.23373059,37.564,2.521,762,97.044,49.511,55.871,0
127.828,400.978,0.0024939,0.2128004403390483,-1.54740045,40.199,2.26,1037,23.649,54.803,168.661,0
152.069,425.219,0.00235173,0.5544515954947522,-0.58977577,42.318,11.317,724,161.714,52.884,212.416,0
55.022,328.172,0.00304718,0.005122620840621307,-5.27408909,42.039,11.437,515,222.112,54.81,196.966,0
44.09,317.24,0.00315219,0.002525379688600914,-5.98136386,39.875,12.775,268,70.282,51.776,204.962,0
70.576,343.726,0.00290929,0.01296731479806145,-4.34532333,38.068,13.058,1003,60.916,50.764,32.666,0
120.646,393.796,0.00253939,0.1566470489531768,-1.8537601,37.785,1.284,196,212.839,61.124,114.246,0
51.143,324.293,0.00308363,0.004007478039186701,-5.51959315,38.481,7.741,1158,84.913,62.231,156.894,0
51.584,324.734,0.00307944,0.004122124803127195,-5.49138652,40.671,2.431,1026,129.593,53.156,129.095,0
35.032,308.182,0.00324484,0.001353031412326767,-6.60540771,36.095,13.05,381,200.893,55.637,67.685,0
147.541,420.691,0.00237704,0.4675403840583092,-0.76026955,45.354,11.674,429,271.697,54.764,206.717,0
37.979,311.129,0.0032141,0.001664236814383463,-6.39838863,39.688,1.047,199,185.789,51.727,73.959,0
85.391,358.541,0.00278908,0.02914082138363909,-3.53561529,37.44,11.544,252,31.245,52.592,245.259,0
79.793,352.943,0.00283332,0.02163199447846225,-3.83358183,35.999,11.021,109,40.674,65.732,211.169,0
51.466,324.616,0.00308056,0.00409116150323533,-5.49892636,39.001,13.184,559,84.089,61.681,193.151,0
147.317,420.467,0.00237831,0.4635693908429113,-0.76879919,44.275,13.978,685,170.109,46.049,12.461,0
36.71,309.86,0.00322726,0.001523035595651757,-6.48704983,42.737,7.182,712,108.769,48.864,160.127,0
164.528,437.678,0.00228478,0.8703484134663385,-0.13886167,43.276,11.146,468,243.484,60.466,81.338,0
74.478,347.628,0.00287664,0.01615757730370321,-4.12536616,44.723,10.53,236,297.709,44.822,185.527,0
125.961,399.111,0.00250557,0.1967188476556508,-1.62597974,37.091,10.735,540,270.621,51.376,90.304,0
97.259,370.409,0.00269972,0.05319982031904902,-2.93370026,44.612,3.688,965,212.722,50.067,18.791,0
165.36,438.51,0.00228045,0.896136323931562,-0.10966273,50.087,6.616,301,130.187,48.137,128.625,1
53.597,326.747,0.00306047,0.004684009644562839,-5.36360077,38.579,11.448,803,10.861,66.779,72.97,0
62.263,335.413,0.0029814,0.007978571986981476,-4.83099583,37.886,9.01,1046,15.56,51.116,22.919,0
98.149,371.299,0.00269325,0.05556995033005058,-2.89011269,36.532,7.0,954,62.039,63.604,245.898,0
43.237,316.387,0.00316069,0.002384879684242008,-6.0386066,35.757,10.435,875,86.063,55.12,60.467,0
35.536,308.686,0.00323954,0.001402186009142379,-6.56972283,37.295,1.023,753,141.37,60.215,51.494,0
61.594,334.744,0.00298736,0.007664701284277466,-4.87112974,43.524,4.948,515,77.442,58.18,75.183,0
90.887,364.037,0.00274697,0.03869700824018176,-3.25199299,39.007,1.77,443,21.004,46.331,218.477,0
140.243,413.393,0.00241901,0.3524227586432333,-1.04292381,46.294,7.691,698,292.774,47.877,6.633,0
87.101,360.251,0.00277584,0.03185875779436795,-3.44644296,38.849,10.646,420,152.837,50.941,34.177,0
83.031,356.181,0.00280756,0.02573020194682273,-3.6600898,39.943,12.841,1042,299.129,64.175,137.966,0
76.777,349.927,0.00285774,0.01835107321919258,-3.99806722,43.046,8.625,864,39.058,65.098,240.188,0
137.935,411.085,0.00243259,0.3216142892074924,-1.13440231,42.511,5.894,529,177.151,65.471,59.056,0
44.004,317.154,0.00315304,0.002510882111522868,-5.98712115,44.814,14.327,362,193.177,58.292,133.059,0
28.514,301.664,0.00331495,0.000843756636917175,-7.07764645,38.71,14.53,414,201.195,59.678,161.339,0
92.279,365.429,0.00273651,0.04152280302030715,-3.18151253,41.114,3.395,932,126.194,52.187,196.013,0
127.393,400.543,0.00249661,0.2089535067613101,-1.56564351,41.556,4.061,1041,209.083,63.519,92.468,0
102.673,375.823,0.00266083,0.06913166274335507,-2.67174244,41.605,6.355,883,160.491,59.99,102.226,0
79.929,353.079,0.00283223,0.021791594969466,-3.82623094,44.268,4.623,749,237.12,55.177,24.705,0
162.12,435.27,0.00229742,0.7993157735185268,-0.2239992,49.011,6.793,365,247.725,49.584,227.299,1
47.089,320.239,0.00312267,0.003080913622300362,-5.7825291,40.712,5.205,448,56.961,50.489,231.604,0
35.16,308.31,0.00324349,0.001365364528817396,-6.59633383,37.96,8.731,326,165.407,57.474,210.412,0
78.969,352.119,0.00283995,0.0206871807136324,-3.87824106,36.438,1.518,532,56.696,63.526,199.304,0
80.057,353.207,0.0028312,0.0219427692389,-3.81931761,36.434,5.476,335,175.144,60.543,180.555,0
151.375,424.525,0.00235557,0.5402781898797153,-0.61567111,48.655,7.907,937,207.449,55.899,151.438,1
80.909,354.059,0.00282439,0.02297317188641621,-3.77342818,43.555,4.11,359,264.24,63.887,169.622,0
150.888,424.038,0.00235828,0.5305223316321741,-0.63389323,42.397,12.257,441,210.793,49.861,20.663,0
52.963,326.113,0.00306642,0.004500003667030723,-5.40367707,40.598,9.444,555,296.809,66.232,12.421,0
77.443,350.593,0.00285231,0.0190345083544168,-3.96150172,41.841,14.572,342,72.879,60.791,135.878,0
81.324,354.474,0.00282108,0.02349057900237665,-3.75115583,39.889,13.532,434,198.091,63.608,218.612,0
121.959,395.109,0.00253095,0.165808786595181,-1.79692004,40.552,5.046,438,184.543,57.609,115.738,0
44.638,317.788,0.00314675,0.002619554431291812,-5.94475104,36.991,4.177,346,59.399,55.455,207.975,0
59.936,333.086,0.00300223,0.006934200500126407,-4.97128952,36.391,11.733,941,25.403,62.169,27.496,0
166.548,439.698,0.00227429,0.9341095566075451,-0.06816155,46.633,11.627,292,66.568,49.752,137.499,0
84.307,357.457,0.00279754,0.02752707849564683,-3.59258509,41.751,8.505,1149,71.238,63.002,55.008,0
81.33,354.48,0.00282103,0.02349813543297772,-3.7508342,39.92,14.39,504,195.603,58.69,38.239,0
144.43,417.58,0.00239475,0.4149689402117346,-0.8795516,40.271,4.682,426,109.443,45.393,103.575,0
147.286,420.436,0.00237848,0.4630221655265023,-0.76998035,44.977,1.268,1042,147.815,47.059,83.367,1
98.224,371.374,0.0026927,0.0557739078770003,-2.88644912,42.644,5.859,917,159.409,45.673,85.241,0
58.232,331.382,0.00301767,0.00624938320607805,-5.07527251,43.386,7.768,976,66.336,47.983,97.572,0
123.29,396.44,0.00252245,0.175575690443304,-1.73968504,38.84,4.965,563,253.235,51.959,120.738,0
109.892,383.042,0.00261068,0.09691033086481012,-2.33396915,42.64,11.193,134,294.75,64.418,16.633,0
101.001,374.151,0.00267272,0.06381075737577527,-2.75183349,40.534,5.363,266,287.701,46.771,241.953,0
104.689,377.839,0.00264663,0.0760688896141726,-2.57611591,43.727,9.159,1089,251.459,61.109,84.211,0
124.277,397.427,0.00251619,0.1831426156172966,-1.69749011,43.151,10.042,414,122.572,65.313,240.328,0
158.998,432.148,0.00231402,0.7147706901278895,-0.3357935,40.693,13.804,452,105.635,61.066,87.091,0
36.16,309.31,0.003233,0.001465289190477704,-6.52570266,42.975,9.725,524,286.782,54.631,84.595,0
72.437,345.587,0.00289363,0.01441049499095849,-4.23979852,44.542,13.43,841,162.707,46.15,149.676,0
82.934,356.084,0.00280833,0.02559799581703131,-3.66524122,36.338,9.611,1007,150.671,48.092,51.368,0
104.705,377.855,0.00264652,0.07612633260392791,-2.57536105,39.052,3.235,126,19.922,59.428,173.587,0
74.129,347.279,0.00287953,0.01584600060029146,-4.14483814,35.462,8.972,313,159.509,66.102,55.227,0
137.188,410.338,0.00243702,0.3121628141503476,-1.16423039,47.638,2.572,545,285.02,64.126,18.856,1
133.975,407.125,0.00245625,0.2742336057928317,-1.29377496,40.401,12.309,372,233.779,63.384,137.372,0
48.545,321.695,0.00310853,0.00338861964742664,-5.68733262,39.572,11.615,154,24.016,64.392,157.024,0
39.311,312.461,0.0032004,0.001825136528458886,-6.30610048,37.148,6.399,1001,174.946,66.955,105.912,0
103.147,376.297,0.00265748,0.07071011236448879,-2.64916668,43.868,8.492,192,41.055,50.071,241.51,0
26.737,299.887,0.00333459,0.0007391912291847521,-7.2099539,44.979,1.22,1035,35.065,63.726,172.135,1
86.107,359.257,0.00278352,0.030252564172676,-3.49817433,35.982,11.181,676,12.038,46.365,96.596,0
115.023,388.173,0.00257617,0.122269148949645,-2.10153053,46.145,10.961,500,208.257,57.588,110.779,0
81.259,354.409,0.0028216,0.02340885692091374,-3.75464083,44.721,6.744,949,99.606,62.913,151.517,0
44.908,318.058,0.00314408,0.002667114044995172,-5.92675827,41.702,13.994,361,91.204,65.074,242.817,0
100.463,373.613,0.00267657,0.06217782475323595,-2.77775686,35.868,3.531,806,75.981,66.801,42.844,0
43.88,317.03,0.00315428,0.002490111325589602,-5.99542786,43.096,9.149,128,67.813,62.802,247.823,0
117.432,390.582,0.00256028,0.1360806585518041,-1.99450749,37.634,1.264,781,132.353,46.903,88.513,0
87.387,360.537,0.00277364,0.03233479672564912,-3.43161133,44.407,14.897,950,80.3,56.458,156.826,0
30.377,303.527,0.0032946,0.0009676894989275153,-6.94059929,37.167,11.314,974,178.779,47.754,200.523,0
40.259,313.409,0.00319072,0.001948109701404,-6.24089576,40.828,4.393,655,95.671,67.149,229.233,0
97.065,370.215,0.00270113,0.05269529051924304,-2.94322919,39.277,10.969,160,72.639,60.752,206.82,0
58.796,331.946,0.00301254,0.006468976309601122,-5.0407374,39.154,1.669,815,17.486,65.024,120.298,0
161.066,434.216,0.002303,0.7698484026113294,-0.26156166,44.082,11.494,167,264.27,61.431,98.394,0
33.475,306.625,0.00326131,0.001210902270011718,-6.71638952,36.209,14.417,685,257.671,58.673,194.859,0
75.859,349.009,0.00286526,0.01744508963273005,-4.04869707,42.629,13.652,893,127.906,46.466,71.511,0
141.735,414.885,0.00241031,0.3736897306208457,-0.98432942,45.845,13.113,1122,228.82,63.678,227.993,0
100.015,373.165,0.00267978,0.06084652070667834,-2.79940064,42.727,11.495,105,151.406,64.938,117.557,0
54.931,328.081,0.00304803,0.005093540908592271,-5.27978203,37.333,3.576,919,85.463,66.364,229.664,0
163.044,436.194,0.00229256,0.8259516818826406,-0.191219,44.276,9.36,1180,197.938,61.237,43.743,0
80.682,353.832,0.0028262,0.02269449269969351,-3.785633,38.861,13.416,373,176.218,49.346,13.114,0
45.463,318.613,0.0031386,0.002767339447536126,-5.88986891,44.834,1.057,109,240.683,62.449,28.4,0
107.668,380.818,0.00262593,0.08745210003072673,-2.43666406,37.228,3.768,525,67.583,50.272,206.2,0
120.933,394.083,0.00253754,0.1586105487152303,-1.84130346,43.491,8.084,316,151.095,46.42,5.76,0
88.977,362.127,0.00276146,0.03509899071168037,-3.3495829,38.155,10.135,659,290.346,50.683,176.823,0
146.595,419.745,0.0023824,0.4509701959928092,-0.79635403,46.794,4.946,995,126.259,55.142,29.47,1
154.081,427.231,0.00234065,0.5973947331990789,-0.51517719,43.423,7.065,916,27.305,55.195,197.958,0
54.94,328.09,0.00304794,0.00509641029171649,-5.27921885,43.914,4.258,690,31.409,44.961,92.187,0
78.117,351.267,0.00284684,0.01974928176124078,-3.92463815,36.943,2.441,1124,115.038,63.334,216.671,0
76.573,349.723,0.00285941,0.0181461778596915,-4.00929533,36.645,10.745,246,203.647,47.979,73.892,0
119.257,392.407,0.00254837,0.1474443808954998,-1.91430425,36.585,7.039,262,160.14,66.717,126.304,0
35.634,308.784,0.00323851,0.001411930129645084,-6.56279762,37.584,12.729,762,139.474,52.653,133.324,0
110.151,383.301,0.00260892,0.09806869261397969,-2.3220871,37.841,12.598,1026,54.221,61.667,23.748,0
112.61,385.76,0.00259229,0.1096928300291476,-2.21007127,43.418,2.591,1095,113.427,53.632,108.874,0
63.436,336.586,0.00297101,0.00855694863676087,-4.76101162,39.227,5.024,230,248.094,49.112,52.519,0
140.55,413.7,0.00241721,0.3567098219379982,-1.03083265,41.46,4.457,895,239.27,58.864,224.6,0
67.628,340.778,0.00293446,0.01094531715416073,-4.51484357,38.438,14.555,1111,261.841,50.872,96.573,0
159.852,433.002,0.00230946,0.7370844398273743,-0.30505282,46.814,12.915,1014,264.089,60.905,183.18,0
35.622,308.772,0.00323864,0.001410733676526308,-6.56364537,40.847,10.78,221,296.62,55.366,62.721,0
143.655,416.805,0.0023992,0.4027079297454133,-0.90954372,48.306,5.288,1183,198.246,45.976,127.892,1
43.655,316.805,0.00315652,0.002452819432712727,-6.01051713,41.997,12.809,1156,280.111,66.036,173.761,0
148.651,421.801,0.00237079,0.4876605075090103,-0.7181358,39.793,11.853,420,123.689,57.607,118.982,0
134.513,407.663,0.00245301,0.280287038032058,-1.27194107,42.62,8.319,510,30.666,61.759,196.879,0
114.911,388.061,0.00257691,0.1216583467944575,-2.1065386,40.549,2.73,692,116.901,63.74,197.23,0
71.411,344.561,0.00290224,0.01359796534726115,-4.2978351,39.319,4.831,413,108.006,59.278,145.538,0
50.968,324.118,0.0030853,0.00396278770671156,-5.53080754,42.783,3.436,694,172.623,63.362,244.753,0
122.532,395.682,0.00252728,0.1699530629609014,-1.77223298,39.032,2.573,776,270.01,45.263,6.488,0
53.193,326.343,0.00306426,0.004565988038253792,-5.38912035,40.545,10.473,534,65.111,51.289,209.554,0
25.712,298.862,0.00334603,0.0006843874716804726,-7.28698632,39.967,11.678,906,276.815,53.895,219.136,0
138.012,411.162,0.00243213,0.3226026737654834,-1.13133383,40.136,11.765,246,83.448,46.552,13.578,0
133.743,406.893,0.00245765,0.2716588745823252,-1.30320814,47.322,1.073,186,80.932,55.075,161.201,1
152.357,425.507,0.00235014,0.5604280684938893,-0.57905438,46.79,7.127,458,137.873,58.752,124.616,0
35.15,308.3,0.00324359,0.00136439733921327,-6.59704246,36.0,12.801,689,138.754,52.253,159.665,0
77.556,350.706,0.00285139,0.0191527026651292,-3.95531144,43.327,1.325,918,175.218,47.98,149.544,0
139.387,412.537,0.00242402,0.3407070393668162,-1.07673229,43.998,8.452,824,63.401,62.385,139.165,0
51.863,325.013,0.0030768,0.004196178543672437,-5.47358104,36.44,11.469,635,251.025,46.425,61.769,0
132.634,405.784,0.00246437,0.2596425585704696,-1.34844937,38.544,3.909,296,167.029,67.061,208.589,0
34.345,307.495,0.00325209,0.001288549623578202,-6.65423802,44.614,9.562,135,171.151,51.337,78.372,0
62.239,335.389,0.00298161,0.007967114913335087,-4.83243285,42.706,3.267,353,159.749,50.157,223.864,0
88.848,361.998,0.00276245,0.0348671142041452,-3.35621118,44.465,5.36,637,193.596,47.561,84.049,0
164.829,437.979,0.00228321,0.8796023878402639,-0.12828531,49.753,7.448,905,31.444,57.835,31.239,1
140.261,413.411,0.0024189,0.352672864216878,-1.04221438,46.085,12.302,409,146.32,54.035,193.362,0
89.215,362.365,0.00275965,0.03553040838071119,-3.33736638,42.675,2.032,457,111.222,65.365,19.696,0
168.444,441.594,0.00226452,0.9976129464391496,-0.00238991,50.711,14.967,130,232.909,56.315,19.699,0
73.086,346.236,0.0028882,0.01494669808690789,-4.20326487,39.165,14.175,687,209.011,58.724,219.953,0
81.039,354.189,0.00282335,0.02313414328794725,-3.76644569,36.381,8.199,499,160.121,52.29,30.158,0
105.091,378.241,0.00264382,0.07752386760363479,-2.55716942,41.161,3.385,130,276.79,62.99,112.977,0
119.147,392.297,0.00254909,0.1467364310890891,-1.91911729,38.134,9.118,683,181.82,53.232,129.44,0
28.468,301.618,0.00331545,0.0008408882808764866,-7.08105175,45.001,8.788,894,19.736,53.518,159.1,0
39.519,312.669,0.00319827,0.001851498248983633,-6.2917601,42.388,6.797,1183,132.828,62.364,129.604,0
96.426,369.576,0.0027058,0.05106344162105012,-2.97468647,37.705,5.759,373,84.806,64.24,64.643,0
57.769,330.919,0.00302189,0.006074162750669051,-5.10371112,42.015,4.094,336,69.229,51.187,147.169,0
51.806,324.956,0.00307734,0.00418095231333151,-5.47721623,41.058,3.196,593,57.301,66.837,67.821,0
137.967,411.117,0.0024324,0.3220247231077267,-1.13312696,40.218,9.041,550,66.978,52.965,236.958,0
50.885,324.035,0.00308609,0.003941749609404046,-5.53613059,42.375,3.297,952,45.214,48.572,140.882,0
155.125,428.275,0.00233495,0.6208006978174712,-0.47674519,47.016,12.218,700,113.609,62.67,80.657,0
51.99,325.14,0.0030756,0.004230283972934912,-5.46548616,43.872,11.285,732,212.728,59.087,47.835,0
134.627,407.777,0.00245232,0.2815847110184038,-1.26732195,42.622,12.658,840,262.736,55.565,205.521,0
162.981,436.131,0.00229289,0.8241113664220255,-0.1934496,44.436,12.558,496,174.826,66.325,115.013,0
131.545,404.695,0.002471,0.2483003957612216,-1.39311599,37.279,3.585,924,139.104,58.391,34.193,0
49.779,322.929,0.00309666,0.003670882884665883,-5.60732308,43.776,13.303,301,293.525,50.79,245.383,0
69.996,343.146,0.00291421,0.0125448483129304,-4.37844519,42.629,4.814,443,142.285,57.011,32.793,0
95.307,368.457,0.00271402,0.04831387692348688,-3.03003645,38.996,6.422,822,108.793,64.63,223.81,0
75.809,348.959,0.00286567,0.01739691594926594,-4.05146233,37.512,10.216,932,150.932,61.946,111.48,0
80.143,353.293,0.00283051,0.02204486599957158,-3.81467554,42.357,3.54,1089,53.725,54.952,166.926,0
100.344,373.494,0.00267742,0.06182169507023339,-2.78350092,36.289,4.2,698,265.501,65.265,225.496,0
59.608,332.758,0.00300519,0.006797351316338171,-4.99122225,38.074,1.1,932,93.283,66.659,26.556,0
116.021,389.171,0.00256956,0.127832777687429,-2.05703229,45.714,12.895,949,290.716,57.817,74.402,0
81.804,354.954,0.00281727,0.0241020110997129,-3.72545999,39.907,8.891,481,142.759,63.917,50.025,0
90.97,364.12,0.00274635,0.03886056164584552,-3.24777538,39.417,8.825,331,107.687,48.926,196.746,0
32.041,305.191,0.00327664,0.001092151449116017,-6.81960572,37.812,1.332,487,292.096,62.767,203.559,0
145.92,419.07,0.00238624,0.4394633312757089,-0.822201,39.343,13.979,566,192.239,46.581,24.207,0
130.207,403.357,0.00247919,0.2349633211236465,-1.44832586,39.462,14.356,706,218.303,50.97,135.819,0
63.223,336.373,0.00297289,0.008449200292602665,-4.77368348,37.791,13.598,826,48.203,48.112,103.944,0
76.096,349.246,0.00286331,0.01767506349734837,-4.03560047,36.058,1.469,1105,299.106,63.799,247.701,0
65.215,338.365,0.00295539,0.009506325341393599,-4.65579788,36.866,5.201,316,288.036,58.66,17.618,0
33.132,306.282,0.00326496,0.00118147694859401,-6.74098997,38.783,13.265,964,208.457,52.572,31.625,0
82.604,355.754,0.00281093,0.02515275900652843,-3.68278769,41.506,13.612,264,244.568,49.145,181.674,0
111.973,385.123,0.00259657,0.1065701832605751,-2.23895151,41.905,9.176,706,291.198,60.163,123.577,0
31.627,304.777,0.00328109,0.001059895219690317,-6.84958523,43.885,13.642,294,59.257,63.085,60.055,0
82.523,355.673,0.00281157,0.02504453789294821,-3.68709952,37.58,14.45,993,11.448,61.025,217.914,0
42.783,315.933,0.00316523,0.002313024105739336,-6.06919947,41.347,4.764,1178,45.896,46.812,189.804,0
29.794,302.944,0.00330094,0.0009272335436999575,-6.98330509,37.302,12.167,710,126.553,60.159,135.052,0
122.23,395.38,0.00252921,0.1677575673374473,-1.78523539,40.395,7.836,195,110.404,60.086,189.035,0
52.907,326.057,0.00306695,0.004484068845955548,-5.40722442,36.807,5.88,292,284.059,65.648,238.657,0
166.138,439.288,0.00227641,0.9208492092720254,-0.08245898,44.377,8.308,100,154.371,58.965,42.061,0
81.216,354.366,0.00282194,0.02335493452250906,-3.75694699,37.362,14.204,473,217.257,46.053,6.579,0
110.431,383.581,0.00260701,0.09933476284911304,-2.30925969,41.64,2.184,488,225.377,53.008,222.692,0
35.398,308.548,0.00324099,0.001388568252200243,-6.5794821,41.811,6.855,628,294.172,54.677,93.154,0
56.105,329.255,0.00303716,0.005480393380844396,-5.2065784,42.259,2.178,249,211.401,59.338,150.07,0
81.118,354.268,0.00282272,0.02323245668607648,-3.76220498,40.609,13.907,272,186.559,52.324,80.666,0
150.566,423.716,0.00236007,0.5241567323932005,-0.64596453,39.804,8.441,670,236.591,65.258,116.79,0
43.455,316.605,0.00315851,0.002420096621109382,-6.02394781,37.495,12.825,438,116.164,48.275,12.65,0
76.77,349.92,0.0028578,0.01834400829211727,-3.99845228,40.48,13.37,223,179.101,53.985,216.488,0
167.635,440.785,0.00226868,0.9700723188022295,-0.03038465,50.645,11.057,964,99.58,58.474,8.585,1
112.668,385.818,0.0025919,0.1099811366853872,-2.20744641,44.815,12.782,1132,55.957,62.021,101.425,0
78.253,351.403,0.00284574,0.01989639030425834,-3.91721696,41.684,3.604,849,148.084,50.269,71.753,0
77.903,351.053,0.00284857,0.01951977406242348,-3.93632727,37.3,12.934,309,139.259,65.678,153.808,0
72.184,345.334,0.00289575,0.01420618777486878,-4.25407765,40.38,13.573,206,58.386,52.177,244.239,0
169.595,442.745,0.00225864,1.037966109164276,0.03726313,49.913,10.888,260,151.364,50.745,88.038,0
138.355,411.505,0.0024301,0.3270379479251086,-1.11767907,40.8,12.501,477,107.835,63.956,139.175,0
29.859,303.009,0.00330023,0.0009316665537013596,-6.97853558,37.467,14.632,687,251.974,48.105,197.521,0
89.038,362.188,0.002761,0.03520911622141282,-3.34645025,39.732,5.599,780,43.043,48.583,71.465,0
63.404,336.554,0.00297129,0.008540682553210303,-4.76291435,36.904,1.036,1130,109.507,64.301,41.431,0
97.758,370.908,0.00269609,0.05451736134773435,-2.90923607,42.643,7.438,967,90.839,57.416,87.955,0
161.346,434.496,0.00230152,0.7775827228347623,-0.25156524,41.431,9.231,525,111.569,52.842,234.992,0
74.685,347.835,0.00287493,0.01634496577046572,-4.11383533,35.472,3.572,555,164.504,46.755,125.646,0
140.844,413.994,0.00241549,0.3608581585235192,-1.01927031,47.512,2.369,396,299.964,62.151,182.476,1
47.375,320.525,0.00311988,0.003139280858756321,-5.76376153,38.056,10.299,163,200.712,46.693,229.788,0
155.934,429.084,0.00233055,0.6394846416256266,-0.44709267,49.128,8.56,1147,39.504,48.095,21.405,1
127.948,401.098,0.00249316,0.2138725827759129,-1.54237485,41.093,4.04,846,149.645,50.26,106.575,0
167.931,441.081,0.00226716,0.9800713371073636,-0.02012992,41.963,5.965,570,251.616,45.256,32.368,0
106.046,379.196,0.00263716,0.08107985005233283,-2.51232081,45.229,7.226,165,126.789,59.923,138.347,0
163.13,436.28,0.00229211,0.8284696327522119,-0.1881751,49.106,11.776,518,172.923,52.813,36.173,0
49.482,322.632,0.00309951,0.003601071257356872,-5.62652391,39.637,1.208,1001,75.927,51.11,121.459,0
62.821,335.971,0.00297645,0.008249166046916185,-4.79764317,41.59,2.436,818,60.171,59.011,132.157,0
81.511,354.661,0.00281959,0.02372711264299593,-3.74113689,40.117,6.04,382,107.748,48.164,64.267,0
148.842,421.992,0.00236971,0.4911979350758574,-0.71090811,43.456,1.862,1167,23.912,61.694,125.637,0
121.504,394.654,0.00253387,0.1625817592750617,-1.81657427,41.554,2.005,676,217.779,59.21,16.799,0
100.221,373.371,0.0026783,0.06145550177921917,-2.78944191,45.194,3.428,886,228.829,49.414,43.803,1
59.642,332.792,0.00300488,0.006811422946121786,-4.98915423,44.183,1.282,1150,246.356,52.046,40.389,1
25.887,299.037,0.00334407,0.0006934738254147317,-7.27379706,37.397,4.506,900,37.314,52.294,50.669,0
27.168,300.318,0.0033298,0.0007634066175662229,-7.17771975,38.747,11.221,1027,39.503,47.908,223.384,0
138.102,411.252,0.0024316,0.3237613076086691,-1.12774874,38.941,1.756,956,195.237,48.231,128.412,0
25.627,298.777,0.00334698,0.0006800133630469516,-7.29339811,35.58,13.784,349,86.956,61.936,36.945,0
95.263,368.413,0.00271435,0.04820850939160681,-3.03221973,41.558,6.621,926,37.549,64.697,87.537,0
129.052,402.202,0.00248631,0.2239617492504484,-1.49628,43.239,2.122,1053,138.663,59.313,131.997,0
53.435,326.585,0.00306199,0.004636357285101866,-5.37382629,42.958,3.493,400,282.458,50.067,194.707,0
87.856,361.006,0.00277004,0.03312919401054389,-3.40734039,43.956,9.227,217,103.474,53.026,194.918,0
72.688,345.838,0.00289153,0.01461578878433299,-4.22565291,43.373,14.381,786,15.558,58.215,133.88,0
54.732,327.882,0.00304988,0.005030467065766502,-5.29224244,41.554,10.068,684,121.221,51.351,134.977,0
68.45,341.6,0.0029274,0.01147847727947774,-4.46728154,37.794,12.47,943,23.36,50.355,70.852,0
67.161,340.311,0.00293849,0.01065243075933682,-4.54196717,44.307,2.564,306,59.586,52.574,60.148,0
45.203,318.353,0.00314117,0.002719970079508966,-5.9071344,43.19,8.206,958,237.986,64.134,227.034,0
169.291,442.441,0.00226019,1.027172719355763,0.0268101,47.99,3.155,1162,109.766,50.396,48.606,1
62.951,336.101,0.0029753,0.008313382268538623,-4.78988874,44.3,12.818,765,107.298,62.73,134.883,0
157.033,430.183,0.00232459,0.6656512646159498,-0.40698937,45.24,2.126,557,56.868,65.036,12.327,1
116.919,390.069,0.00256365,0.1330290941767406,-2.01718742,43.567,5.033,1071,247.278,49.832,239.524,0
102.084,375.234,0.002665,0.06721392065009198,-2.6998749,39.577,14.067,889,271.643,58.169,140.098,0
91.267,364.417,0.00274411,0.03945086904971393,-3.2326992,43.909,5.45,864,122.283,50.558,49.585,0
92.468,365.618,0.0027351,0.04192032994907015,-3.17198437,35.457,6.927,177,35.253,53.552,30.889,0
56.269,329.419,0.00303565,0.005536493784155383,-5.19639387,43.689,5.196,1033,157.546,55.219,221.423,0
93.119,366.269,0.00273023,0.04331568786092371,-3.1392404,41.674,5.729,203,227.587,66.984,29.741,0
58.252,331.402,0.00301748,0.006257053773853945,-5.07404585,40.485,5.146,257,290.741,52.411,187.996,0
82.282,355.432,0.00281348,0.02472500518737068,-3.69994019,44.359,1.005,740,138.388,47.076,153.791,0
130.219,403.369,0.00247912,0.2350800760160563,-1.44782907,39.089,2.764,314,169.352,57.383,227.555,0
125.497,398.647,0.00250848,0.1928923516733085,-1.64562301,38.814,9.153,960,166.868,49.582,76.434,0
128.427,401.577,0.00249018,0.21819977471272,-1.52234424,45.804,4.695,1106,134.794,47.183,73.125,1
76.66,349.81,0.00285869,0.01823330763023544,-4.00450527,37.416,9.026,952,139.698,49.334,123.465,0
42.897,316.047,0.00316409,0.00233088023510647,-6.0615093,43.47,10.42,1119,34.038,53.099,201.723,0
46.102,319.252,0.00313232,0.002886948733619669,-5.84755514,37.348,4.225,434,55.05,60.945,229.358,0
123.439,396.589,0.0025215,0.1767000297263578,-1.73330173,42.083,11.449,367,107.78,64.273,123.264,0
97.958,371.108,0.00269463,0.05505353223191687,-2.89944925,40.135,3.989,173,296.597,65.269,78.555,0
124.407,397.557,0.00251536,0.1841604051469751,-1.69194813,42.22,13.264,420,20.547,59.354,201.155,0
159.811,432.961,0.00230968,0.7359994626753203,-0.30652589,47.459,2.176,832,234.061,45.859,82.394,1
27.875,301.025,0.00332198,0.0008046978731769039,-7.12504366,35.174,1.984,524,284.292,51.086,42.446,0
82.487,355.637,0.00281186,0.02499657344073415,-3.68901653,40.384,10.712,188,278.353,49.54,158.808,0
122.372,395.522,0.0025283,0.1687867487157287,-1.7791192,43.04,12.162,115,92.433,45.704,114.274,0
147.833,420.983,0.00237539,0.4727615312914673,-0.74916418,40.275,12.325,219,83.732,57.94,72.372,0
118.262,391.412,0.00255485,0.1411490615031382,-1.95793877,41.274,5.0,1010,179.978,56.011,67.717,0
127.753,400.903,0.00249437,0.2121327582471416,-1.55054298,41.194,1.141,1029,176.435,46.218,147.665,0
70.326,343.476,0.00291141,0.01278367542110134,-4.35958628,35.984,2.359,930,45.647,58.319,59.019,0
34.772,307.922,0.00324758,0.001328290822163718,-6.62386226,44.858,1.682,434,97.144,47.309,227.817,0
48.558,321.708,0.00310841,0.003391487928786666,-5.68648654,42.009,7.973,296,260.923,54.705,206.865,0
136.533,409.683,0.00244091,0.304076987061361,-1.19047436,37.774,8.87,756,223.716,64.248,160.221,0
32.6,305.75,0.00327065,0.00113712177243836,-6.77925497,44.561,1.499,902,112.424,46.693,218.728,0
71.251,344.401,0.00290359,0.01347503168447141,-4.30691681,40.49,8.385,959,86.27,60.52,91.537,0
109.728,382.878,0.0026118,0.09618313637754668,-2.34150123,42.589,2.661,375,264.455,52.483,51.021,0
53.337,326.487,0.00306291,0.00460774350437439,-5.38001702,39.579,5.987,605,25.831,59.027,105.182,0
74.164,347.314,0.00287924,0.01587700257801935,-4.1428836,38.399,1.463,920,82.877,54.919,97.351,0
53.753,326.903,0.00305901,0.004730314629334913,-5.35376356,37.17,6.82,518,220.63,60.686,231.209,0
121.565,394.715,0.00253347,0.1630111497364013,-1.81393668,39.867,12.281,1158,257.253,55.123,170.019,0
125.647,398.797,0.00250754,0.1941221237704066,-1.63926781,37.36,7.761,504,58.168,44.989,36.577,0
113.874,387.024,0.00258382,0.116129926695699,-2.15304566,36.273,1.347,773,56.81,56.979,9.751,0
72.511,345.661,0.00289301,0.01447074917640194,-4.23562597,37.645,2.219,853,121.431,59.641,161.78,0
69.237,342.387,0.00292067,0.01201068454728599,-4.42195865,36.082,9.436,584,63.606,57.214,169.616,0
104.373,377.523,0.00264885,0.07494224792815224,-2.59103749,40.527,13.534,1142,129.621,45.769,144.49,0
113.333,386.483,0.00258744,0.1133349911174836,-2.17740732,43.8,4.904,1118,232.992,63.504,137.802,0
139.621,412.771,0.00242265,0.343875252174176,-1.06747633,45.258,6.809,1025,212.782,66.746,194.854,0
78.27,351.42,0.0028456,0.01991484770940628,-3.91628971,40.94,8.232,1101,146.15,63.862,189.283,0
46.992,320.142,0.00312361,0.003061341889427136,-5.78890193,40.596,8.659,1189,241.172,63.063,48.628,0
147.248,420.398,0.0023787,0.4623521444973006,-0.77142846,40.0,10.309,618,116.167,62.203,26.462,0
138.081,411.231,0.00243172,0.3234906334638806,-1.12858512,40.16,6.506,554,134.854,51.492,140.362,0
44.521,317.671,0.00314791,0.002599184845213709,-5.9525574,37.088,13.49,899,243.476,59.162,235.034,0
124.396,397.546,0.00251543,0.1840740917186011,-1.69241693,41.512,3.924,960,270.942,50.796,108.308,0
140.49,413.64,0.00241756,0.3558683811832123,-1.03319433,39.45,4.299,1159,29.002,58.217,25.31,0
160.72,433.87,0.00230484,0.7603836249790581,-0.2739322,49.804,14.643,169,43.974,56.256,209.776,0
126.676,399.826,0.00250109,0.202746320709437,-1.59579973,38.417,7.455,1022,203.96,55.731,119.603,0
129.435,402.585,0.00248395,0.2275585223110935,-1.48034783,44.265,11.534,559,223.324,46.578,112.827,0
144.015,417.165,0.00239713,0.4083633084238372,-0.89559804,44.574,9.054,767,189.062,45.723,10.489,0
158.076,431.226,0.00231897,0.691343410556316,-0.3691186,44.021,14.451,938,253.409,64.546,73.363,0
154.512,427.662,0.0023383,0.6069624437773845,-0.49928836,49.25,14.539,1097,24.497,48.14,55.048,0
89.793,362.943,0.00275525,0.03659790185152738,-3.30776437,39.194,5.622,848,107.662,65.757,25.182,0
128.342,401.492,0.00249071,0.2174263204439561,-1.52589524,42.744,10.863,532,53.306,66.896,42.973,0
117.547,390.697,0.00255953,0.1367731631456219,-1.98943147,39.363,13.931,1025,250.577,47.266,105.963,0
49.134,322.284,0.00310285,0.003520800597451043,-5.64906687,36.521,2.374,541,188.565,63.369,37.88,0
58.635,331.785,0.003014,0.00640559242079117,-5.05058385,38.089,2.194,900,139.565,66.422,34.693,0
30.314,303.464,0.00329528,0.000963241649534045,-6.94520624,40.791,4.068,135,34.623,59.227,113.061,0
79.738,352.888,0.00283376,0.0215677478895895,-3.83655623,37.021,8.375,1085,172.635,64.902,87.11,0
130.163,403.313,0.00247946,0.2345356564288125,-1.45014765,44.203,5.819,647,200.963,57.415,24.234,0
92.663,365.813,0.00273364,0.04233402927056121,-3.16216404,40.538,4.04,619,102.55,56.269,36.702,0
128.128,401.278,0.00249204,0.215489718704706,-1.53484208,44.504,2.71,1148,297.392,55.895,65.756,1
119.541,392.691,0.00254653,0.1492861505560111,-1.90189034,39.279,3.61,819,230.461,53.805,28.951,0
66.87,340.02,0.002941,0.01047350775695042,-4.55890628,43.729,6.282,593,294.125,52.306,152.312,0
88.639,361.789,0.00276404,0.03449433921059638,-3.36696005,42.525,10.736,856,38.907,61.344,13.048,0
97.047,370.197,0.00270126,0.05264869508886948,-2.94411383,36.883,6.232,967,174.525,52.677,23.259,0
66.403,339.553,0.00294505,0.01019201169704674,-4.58615103,42.099,7.079,288,268.677,60.707,181.049,0
48.993,322.143,0.00310421,0.003488740397147057,-5.65821453,39.888,13.338,421,192.088,51.123,25.242,0
143.191,416.341,0.00240188,0.3955200779521555,-0.92755373,42.122,14.372,988,245.506,62.355,208.654,0
54.558,327.708,0.0030515,0.004975895730595844,-5.30314988,41.611,10.758,859,188.577,49.687,211.545,0
141.944,415.094,0.00240909,0.3767568981703776,-0.97615513,45.097,5.553,739,214.445,53.942,138.474,0
118.468,391.618,0.00255351,0.1424325546613268,-1.94888669,45.797,10.813,895,126.628,61.5,245.917,0
26.928,300.078,0.00333247,0.0007498347289357154,-7.19565774,39.391,9.836,896,36.359,50.819,81.885,0
143.378,416.528,0.0024008,0.3984032655291626,-0.92029056,43.623,7.008,307,26.759,63.197,233.423,0
53.247,326.397,0.00306375,0.004581606123093288,-5.38570566,36.089,3.166,1062,176.054,59.013,14.838,0
36.41,309.56,0.00323039,0.00149128641693269,-6.50811616,38.279,12.497,634,62.636,65.14,17.19,0
128.808,401.958,0.00248782,0.2216965251726306,-1.50644584,39.66,6.89,478,51.741,55.994,145.205,0
161.666,434.816,0.00229982,0.7865047391773772,-0.24015653,50.596,5.238,760,253.135,45.423,175.115,1
60.919,334.069,0.00299339,0.007359329123470923,-4.9117865,39.471,12.178,895,209.634,61.747,85.012,0
55.158,328.308,0.00304592,0.00516636032775496,-5.26558684,40.511,9.5,1126,257.623,65.859,26.696,0
30.57,303.72,0.00329251,0.0009814320170559256,-6.92649781,35.789,4.893,111,147.528,63.773,178.192,0
142.958,416.108,0.00240322,0.3919532548464699,-0.93661269,47.112,2.167,940,66.992,58.698,244.257,1
26.893,300.043,0.00333286,0.0007478739641337855,-7.19827609,40.31,11.816,251,112.53,45.835,157.306,0
128.629,401.779,0.00248893,0.2200475964090483,-1.51391141,44.581,1.894,757,288.593,54.096,124.738,0
54.13,327.28,0.00305549,0.004843929478982282,-5.33002901,35.479,7.585,517,167.374,58.771,138.255,0
40.924,314.074,0.00318396,0.002038805736193066,-6.19539107,39.47,11.652,698,175.59,47.17,184.192,0
56.037,329.187,0.00303779,0.00545728304302155,-5.21080422,40.23,9.168,987,115.402,52.689,22.237,0
91.965,365.115,0.00273886,0.04086978670186851,-3.1973642,41.831,11.911,114,166.451,66.489,103.066,0
126.358,399.508,0.00250308,0.2000457656228581,-1.60920911,39.2,9.984,827,256.413,63.493,5.545,0
30.206,303.356,0.00329646,0.000955660021723143,-6.95310833,43.576,14.819,661,251.705,55.723,99.195,0
65.801,338.951,0.00295028,0.009839184562266843,-4.62138244,41.793,1.495,917,141.046,65.408,36.822,0
118.83,391.98,0.00255115,0.1447130176122963,-1.93300269,42.038,11.533,637,236.089,49.739,204.07,0
34.002,307.152,0.00325572,0.001257412321595313,-6.67869938,37.893,7.65,960,219.337,61.153,177.841,0
83.828,356.978,0.00280129,0.02683980504197063,-3.61786923,41.819,4.273,1151,248.729,58.283,47.623,0
105.966,379.116,0.00263772,0.08077650885613306,-2.51606909,39.535,8.349,510,89.641,45.136,33.892,0
152.152,425.302,0.00235127,0.5561682428851511,-0.58668444,45.673,9.789,578,228.551,52.737,191.969,0
114.597,387.747,0.002579,0.1199602889048406,-2.12059452,42.75,10.409,724,36.715,64.815,232.72,0
39.012,312.162,0.00320346,0.00178783790484057,-6.32674826,39.213,14.15,439,40.017,62.123,203.409,0
149.259,422.409,0.00236737,0.498999097501556,-0.69515099,44.941,5.26,115,173.922,61.226,176.632,0
111.36,384.51,0.00260071,0.1036397855689769,-2.26683399,37.925,14.142,867,226.93,59.536,216.182,0
78.937,352.087,0.00284021,0.02065124614997256,-3.87997962,40.797,9.249,1187,259.471,49.238,249.849,0
39.577,312.727,0.00319768,0.001858910446314065,-6.28776474,39.398,10.81,309,200.978,65.28,82.628,0
118.373,391.523,0.00255413,0.1418393766532298,-1.95306001,41.714,11.413,827,261.599,55.485,229.566,0
46.437,319.587,0.00312904,0.002951506777257684,-5.82543947,36.337,4.377,1001,38.728,56.012,110.189,0
126.262,399.412,0.00250368,0.1992367584668875,-1.61326142,39.024,14.938,1003,79.763,52.312,201.324,0
102.997,376.147,0.00265854,0.07020717564540817,-2.65630476,37.623,6.047,1119,12.439,58.108,61.283,0
128.468,401.618,0.00248993,0.2185737182532149,-1.52063194,37.372,5.512,923,80.946,47.907,172.698,0
127.321,400.471,0.00249706,0.2083227185049289,-1.56866687,38.045,5.325,702,46.949,62.501,40.404,0
41.713,314.863,0.00317598,0.002151369626600515,-6.1416506,43.72,11.636,1140,87.013,62.286,69.63,0
52.506,325.656,0.00307072,0.004371445059633522,-5.43266165,40.534,12.305,544,279.244,50.225,63.401,0
104.435,377.585,0.00264841,0.07516212228298413,-2.58810787,45.407,11.524,841,24.542,66.371,69.524,0
97.236,370.386,0.00269989,0.0531397811412371,-2.93482946,41.557,13.017,1012,272.519,47.09,210.977,0
92.541,365.691,0.00273455,0.04207477803620859,-3.16830681,36.64,4.178,649,123.241,64.344,157.122,0
50.129,323.279,0.0030933,0.003754721650218165,-5.58474112,44.332,3.23,115,40.605,66.386,84.194,0
32.558,305.708,0.0032711,0.001133685370525016,-6.78228156,41.725,2.107,864,214.875,65.584,236.945,0
60.181,333.331,0.00300002,0.007038034575496928,-4.95642633,44.538,9.255,313,221.437,62.818,140.31,0
47.434,320.584,0.00311931,0.003151445421926165,-5.75989407,43.846,7.05,1178,121.424,48.698,50.622,0
168.744,441.894,0.00226299,1.007997088246176,0.00796528,43.454,11.149,788,52.615,56.69,68.541,0
161.526,434.676,0.00230056,0.7825904468411704,-0.24514578,46.76,5.919,286,170.183,66.869,145.076,0
72.233,345.383,0.00289534,0.0142455529656127,-4.25131049,35.162,6.547,825,15.021,55.404,41.645,0
117.592,390.742,0.00255923,0.1370449900552449,-1.98744601,42.308,1.344,517,73.047,56.356,196.941,0
82.894,356.044,0.00280864,0.02554365496419672,-3.66736633,38.54,4.671,809,246.481,50.855,212.559,0
28.849,301.999,0.00331127,0.0008649158964271716,-7.05287829,43.243,1.828,561,64.445,48.393,117.779,0
147.923,421.073,0.00237489,0.4743810407987525,-0.7457444,46.788,12.661,719,13.709,54.656,60.717,0
56.891,330.041,0.00302993,0.005754004792090781,-5.15785918,37.026,14.463,987,118.837,60.704,151.226,0
66.288,339.438,0.00294605,0.01012374495341495,-4.59287163,38.204,1.677,875,124.3,55.404,134.922,0
155.465,428.615,0.0023331,0.6285941688056069,-0.46426943,46.115,3.197,484,58.373,60.53,53.21,1
59.806,332.956,0.0030034,0.006879667275680725,-4.97918499,37.387,4.389,1096,277.7,46.187,134.631,0
70.083,343.233,0.00291347,0.0126074196654086,-4.37346978,40.144,4.536,750,88.277,52.378,36.213,0
75.293,348.443,0.00286991,0.01690668390651941,-4.08004624,39.537,14.349,913,208.358,49.884,15.841,0
74.282,347.432,0.00287826,0.01598192480312249,-4.1362969,35.226,5.483,622,80.571,63.646,198.291,0
65.403,338.553,0.00295375,0.009611992251866269,-4.64474377,42.909,8.34,936,37.985,59.755,127.681,0
137.523,410.673,0.00243503,0.3163708261355747,-1.15084025,43.891,4.533,682,274.709,61.305,47.907,0
30.997,304.147,0.00328788,0.00101246957887127,-6.8953628,39.395,4.133,1091,296.399,66.658,20.917,0
44.148,317.298,0.00315161,0.002535199891080266,-5.97748279,41.46,10.801,185,245.109,58.832,246.656,0
66.46,339.61,0.00294455,0.010226001441776,-4.58282164,41.001,6.228,770,135.696,59.404,208.743,0
139.346,412.496,0.00242427,0.3401545702927857,-1.07835515,41.776,12.214,705,35.496,48.607,7.719,0
60.285,333.435,0.00299909,0.007082533055654924,-4.95012366,37.457,2.551,1014,279.992,49.799,56.414,0
124.063,397.213,0.00251754,0.1814779801583679,-1.70662095,37.952,14.707,717,157.935,52.625,209.388,0
154.191,427.341,0.00234005,0.5998240059938905,-0.51111899,44.641,14.602,270,228.045,55.083,48.627,0
61.73,334.88,0.00298614,0.00772759189574471,-4.86295799,41.182,13.282,619,204.753,57.287,108.543,0
39.363,312.513,0.00319987,0.001831694838084024,-6.3025136,38.654,14.321,1055,145.108,56.73,76.153,0
108.201,381.351,0.00262226,0.08964093096319388,-2.41194324,42.985,1.424,827,299.188,56.136,102.742,0
60.312,333.462,0.00299884,0.007094126916031253,-4.94848803,35.639,12.845,794,252.738,56.692,60.492,0
45.848,318.998,0.00313482,0.002838855231580698,-5.8643544,39.462,4.572,786,200.132,59.004,230.812,0
161.593,434.743,0.00230021,0.7844615932341563,-0.24275767,41.631,4.686,436,288.628,59.42,5.467,0
106.357,379.507,0.002635,0.08226871498507861,-2.49776438,40.473,4.914,489,250.456,66.414,203.949,0
167.107,440.257,0.0022714,0.95245622965244,-0.04871113,46.918,3.528,923,90.866,46.559,242.73,1
46.648,319.798,0.00312697,0.002992836500897993,-5.81153368,39.486,11.589,1129,17.755,48.663,17.63,0
89.428,362.578,0.00275803,0.03592051512001961,-3.32644669,37.567,11.809,1070,294.973,60.444,147.618,0
28.851,302.001,0.00331125,0.000865043657947098,-7.05273058,44.394,8.483,838,254.418,47.853,94.496,0
134.369,407.519,0.00245387,0.2786553873505577,-1.27777943,44.284,10.597,977,177.4,66.147,182.633,0
25.659,298.809,0.00334662,0.0006816570872694829,-7.29098383,43.423,11.657,931,160.441,59.733,138.086,0
68.14,341.29,0.00293006,0.0112747265240673,-4.48519165,42.415,7.6,890,49.946,52.447,156.985,0
159.213,432.363,0.00231287,0.7203321176552562,-0.3280429,46.44,7.845,412,122.943,47.941,137.869,0
83.611,356.761,0.002803,0.02653353218349756,-3.62934598,44.385,8.24,572,249.468,59.412,105.071,0
84.295,357.445,0.00279763,0.02750967049146393,-3.59321768,36.415,12.11,416,49.762,60.632,173.336,0
162.882,436.032,0.00229341,0.8212266536723212,-0.19695614,50.488,4.917,449,104.248,56.997,37.694,1
93.465,366.615,0.00272766,0.04407402641320106,-3.12188464,37.367,12.254,803,147.583,46.358,197.509,0
70.004,343.154,0.00291414,0.01255059033391569,-4.37798758,44.543,14.916,1144,28.335,63.706,179.459,0
100.537,373.687,0.00267604,0.06240020220484918,-2.77418676,42.118,13.83,503,220.768,66.717,185.232,0
57.357,330.507,0.00302565,0.005921981467623656,-5.12908418,36.162,5.599,973,58.196,48.796,93.705,0
75.091,348.241,0.00287157,0.01671816991467298,-4.09125913,40.04,1.705,490,275.425,60.143,158.109,0
108.873,382.023,0.00261764,0.09246973810772231,-2.38087384,41.73,11.115,418,68.618,45.881,61.356,0
56.774,329.924,0.003031,0.00571251114081131,-5.16509657,43.915,7.805,430,78.812,45.429,219.12,0
50.465,323.615,0.00309009,0.003836831422447405,-5.5631084,41.723,8.716,509,81.304,61.85,29.606,0
166.347,439.497,0.00227533,0.9275881534164028,-0.07516744,50.199,3.355,156,144.732,61.592,196.229,1
112.133,385.283,0.00259549,0.1073470249137925,-2.23168847,42.875,5.229,309,41.164,53.648,59.694,0
58.43,331.58,0.00301586,0.006325696707724733,-5.0631351,36.228,7.45,944,217.983,66.116,67.768,0
38.889,312.039,0.00320473,0.001772696131732099,-6.33525365,35.71,10.817,258,59.414,47.116,84.845,0
110.548,383.698,0.00260622,0.0998680753142502,-2.30390521,43.496,10.285,123,181.34,67.086,71.24,0
45.382,318.532,0.0031394,0.00275250258499685,-5.89524475,36.808,2.186,245,194.801,59.846,61.8,0
152.909,426.059,0.00234709,0.5720404569305962,-0.55854556,48.575,4.008,708,275.36,61.985,165.631,1
160.695,433.845,0.00230497,0.7597036979443756,-0.27482679,45.205,9.987,1097,224.506,45.555,92.314,0
96.378,369.528,0.00270615,0.05094269798619792,-2.97705385,36.02,8.163,400,145.013,56.756,153.172,0
54.154,327.304,0.00305526,0.004851244979062548,-5.32851991,40.179,14.172,896,229.744,54.155,96.623,0
167.598,440.748,0.00226887,0.9688286974880136,-0.03166747,49.638,7.441,1176,130.884,56.0,179.637,1
91.532,364.682,0.00274212,0.0399843111463693,-3.21926812,42.652,5.935,638,157.744,49.017,140.394,0
105.26,378.41,0.00264264,0.07814287674336247,-2.54921637,40.836,7.214,656,146.636,64.925,72.98,0
63.908,337.058,0.00296685,0.00880013411442195,-4.73298832,43.257,5.399,150,73.989,67.164,221.875,0
104.078,377.228,0.00265092,0.0739038754389178,-2.60499001,37.27,4.302,901,157.484,61.924,89.459,0
90.239,363.389,0.00275187,0.0374410701565403,-3.28498704,42.525,6.941,1067,228.229,61.655,5.905,0
29.481,302.631,0.00330435,0.0009061544552027164,-7.00630079,44.298,5.748,534,122.583,61.363,16.267,0
62.06,335.21,0.0029832,0.007882130420461243,-4.84315705,35.632,4.717,639,261.23,51.05,241.549,0
49.754,322.904,0.0030969,0.003664959670242982,-5.60893795,39.211,3.32,741,274.463,59.469,237.764,0
61.118,334.268,0.00299161,0.007448197534793003,-4.89978322,37.074,12.188,1029,75.12,66.272,185.218,0
124.863,398.013,0.00251248,0.1877700485135784,-1.67253721,46.437,3.71,933,260.346,48.26,243.137,1
106.159,379.309,0.00263637,0.08151004181324426,-2.50702905,39.961,6.467,898,253.33,50.947,119.605,0
159.26,432.41,0.00231262,0.7215528828505263,-0.32634961,44.041,8.023,722,218.16,64.644,226.952,0
165.9,439.05,0.00227764,0.9132270759299348,-0.09077072,45.378,3.127,299,282.713,56.468,169.438,0
115.418,388.568,0.00257355,0.1244450322738478,-2.08389117,44.043,14.359,903,169.802,54.635,131.207,0
111.516,384.666,0.00259966,0.1043786780155038,-2.25972986,42.213,1.285,890,246.978,53.39,119.445,0
50.401,323.551,0.0030907,0.003821067452118897,-5.56722546,35.952,6.791,824,172.419,45.229,190.12,0
154.078,427.228,0.00234067,0.5973286008201364,-0.5152879,41.994,3.257,161,95.335,53.435,119.273,0
60.874,334.024,0.0029938,0.007339366151599767,-4.9145028,42.0,4.001,197,108.238,46.114,130.428,0
129.776,402.926,0.00248185,0.2308035689616796,-1.46618828,46.825,11.214,838,51.859,61.7,207.734,0
57.139,330.289,0.00302765,0.005842857298222474,-5.14253534,35.573,5.139,117,66.326,61.489,18.349,0
99.765,372.915,0.00268158,0.06011467750202769,-2.81150125,38.503,4.16,617,271.214,50.151,111.976,0
137.354,410.504,0.00243603,0.3142417941820891,-1.15759254,43.381,12.903,717,98.493,59.515,131.314,0
166.554,439.704,0.00227426,0.9343048365136138,-0.06795252,42.142,10.054,119,258.352,59.81,42.056,0
49.245,322.395,0.00310179,0.003546226644043877,-5.64187116,38.427,8.492,410,176.01,61.675,103.819,0
93.117,366.267,0.00273025,0.04331133841977643,-3.13934082,43.533,1.945,135,39.312,53.958,89.057,0
36.429,309.579,0.00323019,0.001493279229036146,-6.50678075,35.904,12.335,138,77.078,54.753,221.427,0
152.468,425.618,0.00234952,0.5627464821805512,-0.57492605,42.664,12.96,281,189.668,54.834,171.422,0
154.874,428.024,0.00233632,0.6151015237439236,-0.48596795,43.246,12.549,1157,291.585,46.431,180.356,0
116.248,389.398,0.00256807,0.1291290750944058,-2.04694279,42.575,3.176,477,261.269,50.126,13.778,0
122.276,395.426,0.00252892,0.1680903559439895,-1.78325361,37.257,7.956,701,268.986,59.67,218.918,0
128.856,402.006,0.00248753,0.2221405420330068,-1.50444503,41.999,4.993,505,167.103,49.846,198.322,0
151.269,424.419,0.00235616,0.5381414924610497,-0.61963376,48.402,8.69,355,228.478,47.01,138.292,0
94.64,367.79,0.00271894,0.04673840777977568,-3.06318902,42.585,7.635,1014,186.134,48.482,98.405,0
102.922,376.072,0.00265907,0.06995690095598919,-2.65987593,43.704,11.357,334,80.536,47.701,23.618,0
52.666,325.816,0.00306922,0.004416072189731026,-5.42250462,41.171,1.899,819,143.809,64.251,16.791,0
155.708,428.858,0.00233177,0.6342164005347466,-0.45536506,41.664,12.167,135,217.265,59.297,63.015,0
63.403,336.553,0.0029713,0.00854017468684544,-4.76297382,41.03,13.496,347,33.323,50.105,58.147,0
62.399,335.549,0.00298019,0.008043776077863007,-4.82285664,36.375,2.117,675,274.519,58.742,242.35,0
102.357,375.507,0.00266307,0.06809683094466959,-2.6868246,40.085,4.826,184,207.56,66.599,220.1,0
45.622,318.772,0.00313704,0.002796674418044855,-5.87932428,43.107,2.002,521,213.133,59.151,199.688,0
106.202,379.352,0.00263607,0.0816742743535333,-2.50501621,43.379,1.5,1091,229.93,48.649,56.066,0
142.407,415.557,0.00240641,0.3836303507399366,-0.95807582,40.852,12.382,1025,298.14,58.166,153.979,0
149.973,423.123,0.00236338,0.5126082855464394,-0.6682433,43.164,9.579,728,93.483,65.636,21.809,0
46.433,319.583,0.00312908,0.002950728289606768,-5.82570326,38.957,6.828,314,179.441,57.199,132.094,0
92.154,365.304,0.00273745,0.04126173817535169,-3.18781964,38.422,13.277,450,146.415,60.664,226.494,0
48.059,321.209,0.00311324,0.003282951506484643,-5.71901241,40.95,13.708,1189,92.722,60.826,49.186,0
124.387,397.537,0.00251549,0.1840034981806926,-1.69280051,37.784,1.543,1074,63.905,52.597,166.33,0
140.937,414.087,0.00241495,0.362179166836779,-1.01561625,39.958,8.217,1162,155.526,45.561,44.616,0
140.721,413.871,0.00241621,0.3591175101326531,-1.02410562,43.61,12.872,373,145.746,59.639,39.235,0
72.176,345.326,0.00289581,0.01419977008373298,-4.25452951,43.281,11.576,462,55.644,57.299,76.889,0
71.841,344.991,0.00289863,0.01393335380942176,-4.27346976,43.251,4.228,1180,65.336,48.358,114.39,0
164.112,437.262,0.00228696,0.8576983524211789,-0.15350281,48.334,4.512,126,58.161,61.043,11.499,1
26.555,299.705,0.00333661,0.000729177492592783,-7.22359338,36.785,6.475,696,21.778,47.874,69.447,0
156.302,429.452,0.00232855,0.6481447477063815,-0.43364123,43.459,8.134,390,40.946,66.434,203.38,0
42.123,315.273,0.00317185,0.002212060512659548,-6.11383084,40.867,5.046,111,17.942,51.959,226.083,0
107.061,380.211,0.00263012,0.08501722008572926,-2.46490145,43.327,3.961,707,191.546,54.194,242.602,0
151.659,424.809,0.002354,0.5460395119787552,-0.60506394,44.844,7.035,733,259.601,53.823,210.722,0
160.469,433.619,0.00230617,0.7535811546415557,-0.28291856,48.865,13.738,1003,68.583,55.963,41.784,0
131.564,404.714,0.00247088,0.2484944855269592,-1.39233462,46.855,3.592,452,126.147,66.708,212.44,0
146.074,419.224,0.00238536,0.4420657153217389,-0.81629673,42.87,11.461,556,229.552,50.803,126.765,0
58.643,331.793,0.00301393,0.006408728663208563,-5.05009436,41.227,12.498,497,229.137,46.246,64.353,0
129.579,402.729,0.00248306,0.2289239314450384,-1.47436551,39.431,10.173,205,193.538,63.472,57.061,0
52.517,325.667,0.00307062,0.0043745000833775,-5.43196303,41.354,6.325,1177,260.9,47.353,236.78,0
45.185,318.335,0.00314134,0.002716717997089639,-5.90833075,39.786,12.751,513,140.912,63.697,59.558,0
52.326,325.476,0.00307242,0.004321726791534595,-5.44410024,35.378,7.746,288,125.439,47.992,168.012,0
167.127,440.277,0.0022713,0.953118402980506,-0.04801614,48.153,3.153,1155,112.674,61.627,249.846,1
32.827,305.977,0.00326822,0.00115585917552753,-6.76291134,40.339,9.601,781,288.26,56.173,47.023,0
128.202,401.352,0.00249158,0.2161576591003765,-1.53174723,38.816,7.181,706,261.005,53.698,134.655,0
41.76,314.91,0.00317551,0.002158249434352522,-6.13845783,35.653,11.405,334,261.418,51.505,210.49,0
140.471,413.621,0.00241767,0.3556022881629362,-1.03394234,44.982,1.86,243,69.931,54.909,182.427,0
126.892,400.042,0.00249974,0.2045989341373093,-1.58670363,45.186,11.948,260,219.979,57.431,16.724,0
67.14,340.29,0.00293867,0.01063942739765983,-4.54318861,37.788,10.981,542,120.84,61.431,13.518,0
150.365,423.515,0.00236119,0.5202171123801926,-0.65350903,44.088,9.519,542,223.005,52.004,119.873,0
163.313,436.463,0.00229114,0.8338498441470265,-0.18170194,49.3,12.902,879,108.036,55.258,200.107,0
54.392,327.542,0.00305304,0.004924332119761596,-5.31356662,36.594,12.105,636,153.438,64.214,190.267,0
108.171,381.321,0.00262246,0.08951645419665431,-2.41333282,41.038,5.142,956,28.998,65.471,24.087,0
143.525,416.675,0.00239995,0.4006826416506456,-0.91458558,44.145,12.026,756,200.541,58.129,49.517,0
156.939,430.089,0.0023251,0.663377224339216,-0.41041148,47.962,8.37,922,170.394,51.535,231.173,0
44.166,317.316,0.00315143,0.002538254565472976,-5.97627861,40.502,2.135,1164,254.608,50.719,77.709,0
142.351,415.501,0.00240673,0.3827932031469308,-0.96026038,39.389,14.196,304,285.66,46.256,26.037,0
70.316,343.466,0.0029115,0.01277637866854465,-4.36015723,39.22,1.607,900,218.337,55.947,34.406,0
137.873,411.023,0.00243295,0.3208203802636302,-1.13687388,47.094,2.682,567,76.144,57.621,108.242,1
94.725,367.875,0.00271831,0.04693660147803114,-3.05895749,41.511,11.35,730,217.062,64.892,220.152,0
145.638,418.788,0.00238784,0.4347326803786626,-0.83302396,46.109,8.276,504,202.838,56.469,17.726,0
116.944,390.094,0.00256348,0.1331763913011413,-2.01608078,40.896,8.315,444,219.435,55.373,120.19,0
79.742,352.892,0.00283373,0.02157241460238603,-3.83633988,44.437,2.529,895,26.163,51.174,86.428,0
60.132,333.282,0.00300046,0.007017156380082784,-4.95939722,44.379,8.696,539,173.634,55.986,219.026,0
49.348,322.498,0.00310079,0.003569968581417459,-5.63519848,44.376,7.992,900,179.281,60.586,241.155,0
159.71,432.86,0.00231022,0.7333326491747025,-0.31015586,46.137,1.496,267,164.726,64.78,204.471,0
98.507,371.657,0.00269065,0.0565495190860917,-2.87263858,37.427,14.918,754,64.82,55.151,186.268,0
43.153,316.303,0.00316153,0.002371434253773784,-6.04426034,43.414,6.21,255,170.632,60.204,238.649,0
132.054,405.204,0.00246789,0.2535462892870937,-1.37220887,37.29,5.026,326,234.322,58.616,220.294,0
39.626,312.776,0.00319718,0.001865193440627917,-6.28439051,40.695,12.979,876,122.367,48.514,113.289,0
66.066,339.216,0.00294797,0.009993122317339039,-4.60585819,39.939,13.099,523,270.726,65.931,186.986,0
64.441,337.591,0.00296216,0.00908221144112494,-4.70143757,37.035,2.163,654,273.409,65.896,52.794,0
86.429,359.579,0.00278103,0.03076477337373415,-3.48138497,38.418,7.066,753,260.705,48.843,158.806,0
124.581,397.731,0.00251426,0.1855304827617122,-1.68453608,41.787,1.727,953,21.093,66.82,154.283,0
44.801,317.951,0.00314514,0.002648173598894694,-5.93388508,38.436,2.557,513,143.894,57.588,97.869,0
156.779,429.929,0.00232597,0.659522099172624,-0.4162398,40.514,6.233,957,25.153,47.05,179.498,0
45.525,318.675,0.00313799,0.00277874494088428,-5.88575591,41.16,13.671,479,61.116,63.293,98.537,0
142.297,415.447,0.00240705,0.3819874707716038,-0.96236747,45.101,14.096,1121,102.717,60.511,117.681,0
103.664,376.814,0.00265383,0.07246818221288624,-2.62460768,42.44,3.967,149,214.962,54.765,146.326,0
72.606,345.756,0.00289221,0.0145484339052425,-4.23027193,36.591,11.661,342,227.0,49.478,22.061,0
78.29,351.44,0.00284544,0.01993658193673163,-3.91519895,42.984,12.398,1059,126.038,52.081,34.611,0
57.777,330.927,0.00302181,0.006077152311297581,-5.10321906,39.53,13.404,731,251.287,55.44,45.607,0
68.472,341.622,0.00292721,0.01149306196393352,-4.46601173,38.516,8.914,352,225.872,60.362,102.278,0
147.277,420.427,0.00237853,0.4628633995878764,-0.7703233,41.103,6.722,1176,47.368,65.111,177.383,0
120.912,394.062,0.00253767,0.158466144676923,-1.84221431,39.948,5.958,158,116.604,53.417,185.905,0
133.563,406.713,0.00245874,0.2696759041854213,-1.3105344,46.235,11.304,313,102.69,66.916,94.881,0
102.813,375.963,0.00265984,0.06959458131202828,-2.66506857,42.454,10.177,1182,65.687,45.429,93.022,0
54.98,328.13,0.00304757,0.005109180765378796,-5.27671621,35.352,5.509,525,90.984,60.371,22.39,0
53.906,327.056,0.00305758,0.004776130208930535,-5.34412464,38.362,13.656,974,162.8,54.791,83.697,0
119.17,392.32,0.00254894,0.1468842081262036,-1.9181107,42.133,1.29,125,256.345,51.299,133.218,0
55.412,328.562,0.00304357,0.005248953890793905,-5.24972648,41.809,3.181,872,250.799,48.3,235.664,0
140.281,413.431,0.00241878,0.3529509419041373,-1.04142621,40.586,2.858,380,131.41,47.022,15.734,0
77.251,350.401,0.00285387,0.01883518031898197,-3.97202886,39.634,3.976,215,136.345,45.496,97.894,0
162.204,435.354,0.00229698,0.8017059111752114,-0.22101343,48.824,5.953,740,215.937,64.055,104.641,1
94.4,367.55,0.00272072,0.04618282001489921,-3.07514741,41.328,5.21,177,253.593,52.456,229.973,0
40.652,313.802,0.00318672,0.002001256186072729,-6.2139802,41.553,3.445,633,139.286,65.289,160.871,0
162.012,435.162,0.00229799,0.7962518582504571,-0.22783974,48.769,14.153,570,122.331,52.987,86.093,0
63.419,336.569,0.00297116,0.008548303811417527,-4.7620224,39.2,2.269,311,105.793,65.51,26.569,0
68.222,341.372,0.00292936,0.01132830325951817,-4.48045097,38.726,10.563,786,57.137,59.187,233.911,0
73.98,347.13,0.00288077,0.0157146274128388,-4.15316332,43.956,9.551,662,46.403,62.906,155.142,0
141.843,414.993,0.00240968,0.3752719336252553,-0.98010436,38.617,8.398,213,145.064,57.431,218.767,0
87.318,360.468,0.00277417,0.03221937053459542,-3.43518744,40.827,11.068,726,136.982,45.953,241.1,0
142.499,415.649,0.00240588,0.3850091490076907,-0.95448818,44.272,10.621,407,285.269,65.442,142.576,0
55.176,328.326,0.00304575,0.005172174564710026,-5.26446207,40.824,8.673,450,135.68,62.571,104.715,0
65.97,339.12,0.00294881,0.009937107789264281,-4.61147927,38.629,5.141,352,48.982,57.492,114.88,0
64.555,337.705,0.00296116,0.009143588981442515,-4.6947023,42.811,8.413,430,68.89,52.81,33.887,0
141.686,414.836,0.00241059,0.3729738102298617,-0.98624708,44.149,7.875,828,110.149,49.513,38.58,0
66.555,339.705,0.00294373,0.01028287756902314,-4.57727514,44.34,3.226,629,16.23,54.692,102.235,0
132.889,406.039,0.00246282,0.2623633610727708,-1.33802486,38.297,5.666,432,108.869,61.233,218.51,0
53.019,326.169,0.0030659,0.004515989614028069,-5.40013093,40.004,11.122,331,278.752,50.15,16.589,0
88.773,361.923,0.00276302,0.03473293169513975,-3.360067,39.534,12.977,1063,83.349,49.13,138.68,0
40.818,313.968,0.00318504,0.002024097145989831,-6.20263153,40.574,12.055,205,99.236,62.102,205.93,0
71.091,344.241,0.00290494,0.01335309668504032,-4.31600696,44.641,4.628,894,294.742,61.608,101.618,0
60.588,333.738,0.00299636,0.007213626510648787,-4.93178347,44.945,4.345,1145,50.169,54.591,12.559,0
56.765,329.915,0.00303108,0.005709330528949488,-5.16565351,43.152,9.915,483,50.585,56.523,29.978,0
48.528,321.678,0.0031087,0.003384872128582871,-5.68843915,40.485,8.103,1144,200.02,48.702,91.474,0
103.796,376.946,0.0026529,0.07292322590438002,-2.61834809,39.272,4.638,705,73.533,47.554,127.271,0
81.45,354.6,0.00282008,0.02364972148753468,-3.74440394,40.251,14.183,239,239.266,59.196,163.002,0
96.83,369.98,0.00270285,0.05208984029955046,-2.95478535,41.825,2.313,916,71.175,64.953,89.985,0
29.254,302.404,0.00330683,0.0008911409435757693,-7.02300796,42.307,2.271,971,15.982,60.86,25.978,0
155.877,429.027,0.00233086,0.6381523379141301,-0.44917825,46.284,14.04,684,133.871,47.741,21.364,0
163.208,436.358,0.0022917,0.8307591312302024,-0.18541538,45.531,11.761,621,177.15,66.371,231.301,0
149.558,422.708,0.0023657,0.5046592334064693,-0.68387186,39.854,7.451,266,115.741,62.594,41.74,0
37.269,310.419,0.00322145,0.001583837055560553,-6.44790486,43.225,7.963,561,293.171,50.374,226.99,0
149.25,422.4,0.00236742,0.498829589802112,-0.69549074,43.153,11.679,483,195.324,45.581,80.491,0
72.898,346.048,0.00288977,0.01478956068079618,-4.21383371,40.473,8.906,486,274.08,55.54,71.982,0
89.335,362.485,0.00275873,0.03574971920739571,-3.33121286,44.338,3.908,1095,182.388,54.928,73.949,0
102.021,375.171,0.00266545,0.06701162247833327,-2.7028892,36.167,11.299,939,131.057,57.025,195.044,0
114.897,388.047,0.00257701,0.1215821866689371,-2.10716481,42.342,14.573,908,236.723,66.12,141.905,0
123.367,396.517,0.00252196,0.1761559342067277,-1.73638569,42.627,13.111,646,78.468,45.281,211.039,0
151.163,424.313,0.00235675,0.536012184041881,-0.62359839,48.255,11.282,549,62.986,47.73,145.299,0
52.079,325.229,0.00307476,0.004254333661945853,-5.45981713,41.114,5.86,686,52.893,47.45,90.809,0
43.566,316.716,0.0031574,0.002438208604073732,-6.01649169,35.046,8.587,122,127.57,50.842,231.69,0
75.877,349.027,0.00286511,0.01746246140835594,-4.04770176,40.322,3.794,860,93.827,60.249,124.782,0
63.39,336.54,0.00297141,0.008533574897211918,-4.76374691,39.154,10.412,262,60.539,56.066,16.232,0
67.801,340.951,0.00293297,0.01105564078505191,-4.5048145,38.965,6.899,1152,245.804,64.815,40.88,0
81.536,354.686,0.0028194,0.02375889573455372,-3.73979826,39.626,8.012,295,253.287,62.736,10.834,0
48.441,321.591,0.00310954,0.003365752264495195,-5.69410379,41.717,2.644,474,258.567,55.985,97.536,0
64.156,337.306,0.00296467,0.008930386190308889,-4.71829564,43.278,7.064,630,145.033,58.846,72.907,0
98.585,371.735,0.00269009,0.05676497170221054,-2.86883584,36.184,3.541,765,108.496,46.09,129.602,0
57.906,331.056,0.00302064,0.00612554252387031,-5.09528795,36.533,2.188,238,81.381,61.464,205.946,0
127.337,400.487,0.00249696,0.2084627484921012,-1.56799492,38.364,5.234,1181,42.558,47.836,119.936,0
39.93,313.08,0.00319407,0.00190460605795765,-6.26348009,38.306,5.436,415,209.673,54.44,146.311,0
139.464,412.614,0.00242357,0.3417467315352255,-1.07368537,47.667,13.126,852,290.07,49.407,60.951,0
150.529,423.679,0.00236028,0.5234295762505662,-0.64735278,47.168,6.313,358,201.618,56.865,169.531,0
87.704,360.854,0.0027712,0.03286984711968862,-3.41519954,38.151,1.331,1029,109.458,59.475,59.35,0
158.991,432.141,0.00231406,0.7145902513074667,-0.33604598,44.765,3.095,109,182.421,46.04,124.19,0
90.055,363.205,0.00275327,0.03709113865547172,-3.29437719,43.568,13.229,1117,24.787,63.059,248.147,0
55.806,328.956,0.00303992,0.005379431065728218,-5.22517266,36.039,3.015,1117,198.517,48.263,35.544,0
31.94,305.09,0.00327772,0.00108420090289118,-6.82691206,43.748,8.916,295,223.16,50.86,217.256,0
137.445,410.595,0.00243549,0.3153866273389181,-1.153956,40.686,4.925,402,204.003,52.356,217.37,0
156.45,429.6,0.00232775,0.6516563608885784,-0.42823791,46.84,4.119,636,211.902,46.441,106.582,1
143.779,416.929,0.00239849,0.4046480959128496,-0.90473749,41.079,12.521,998,287.965,50.439,29.01,0
165.95,439.1,0.00227739,0.9148237959248908,-0.08902381,49.155,1.696,785,248.179,56.314,48.702,1
97.096,370.246,0.00270091,0.05277562425204357,-2.94170586,43.36,5.58,775,180.135,46.073,130.057,0
165.533,438.683,0.00227955,0.9015811488507994,-0.10360523,43.21,7.718,990,198.712,63.974,156.923,0
118.254,391.404,0.0025549,0.141099423966802,-1.9582905,41.502,7.182,1107,196.73,48.72,165.938,0
51.13,324.28,0.00308375,0.004004142592710046,-5.52042581,43.813,5.603,479,76.673,60.563,25.854,0
30.025,303.175,0.00329843,0.0009430754420904748,-6.96636428,41.462,3.079,1146,22.185,61.152,66.824,0
110.122,383.272,0.00260911,0.09793838474190183,-2.32341673,35.938,13.999,130,203.334,63.093,27.017,0
124.144,397.294,0.00251703,0.1821064760537279,-1.70316373,41.819,14.545,626,80.663,53.716,212.807,0
52.436,325.586,0.00307139,0.00435204911193465,-5.43710848,43.308,9.622,687,33.721,50.688,5.981,0
127.594,400.744,0.00249536,0.2107233726658539,-1.55720904,44.238,2.216,829,98.208,53.911,154.183,0
53.944,327.094,0.00305723,0.004787571175306538,-5.34173206,37.684,4.498,123,192.073,62.012,120.907,0
75.673,348.823,0.00286678,0.01726648623601451,-4.05898787,41.97,9.647,1128,114.571,57.726,123.987,0
114.802,387.952,0.00257764,0.1210664991969667,-2.1114153,44.376,13.198,1150,214.527,54.564,247.554,0
103.624,376.774,0.00265411,0.07233078896426255,-2.62650539,41.874,3.738,716,195.66,46.211,8.469,0
162.822,435.972,0.00229373,0.8194826243953073,-0.19908208,41.632,1.024,1122,13.421,61.941,121.537,0
107.906,381.056,0.00262429,0.0884235490015398,-2.42561695,42.254,9.703,1091,117.576,57.552,75.724,0
38.249,311.399,0.00321131,0.001695770998893115,-6.37961777,39.518,12.246,385,229.793,53.722,20.415,0
166.334,439.484,0.0022754,0.9271677375173176,-0.07562078,45.219,10.535,817,146.21,54.251,38.419,0
93.813,366.963,0.00272507,0.0448486600225455,-3.10446157,44.515,12.801,318,193.673,57.232,97.244,0
99.234,372.384,0.0026854,0.0585861564289154,-2.83725685,39.236,5.242,433,17.796,46.002,173.938,0
136.294,409.444,0.00244234,0.3011727322255556,-1.20007132,46.193,4.785,281,259.014,53.558,93.299,0
68.408,341.558,0.00292776,0.01145067996390225,-4.46970617,44.349,11.046,501,287.05,49.603,69.406,0
56.983,330.133,0.00302908,0.005786822994982065,-5.15217184,38.116,2.089,1109,261.416,56.114,100.174,0
67.916,341.066,0.00293198,0.01112952924434786,-4.49815341,38.484,7.858,999,226.823,59.389,22.579,0
164.174,437.324,0.00228663,0.8595734916901501,-0.15131895,49.309,13.293,559,202.974,66.335,27.453,0
145.015,418.165,0.0023914,0.4244394064993903,-0.85698602,39.209,9.533,381,13.2,44.852,6.684,0
108.589,381.739,0.00261959,0.09126471690787645,-2.39399102,44.386,3.888,960,25.225,65.639,116.747,0
134.457,407.607,0.00245334,0.2796515120794923,-1.27421105,42.601,12.211,1027,267.699,52.794,16.272,0
136.989,410.139,0.0024382,0.3096864692937714,-1.17219488,40.98,5.815,968,255.577,54.365,5.59,0
121.122,394.272,0.00253632,0.1599154227769605,-1.83311021,45.982,11.82,810,172.537,63.132,181.623,0
158.734,431.884,0.00231544,0.7079929985356922,-0.34532107,44.844,14.347,734,280.483,48.955,107.091,0
30.735,303.885,0.00329072,0.000993321334220612,-6.91445635,40.557,9.002,359,231.255,55.934,55.465,0
36.685,309.835,0.00322752,0.00152036657912469,-6.4888038,43.13,8.063,1148,208.702,61.784,120.424,0
37.472,310.622,0.00321935,0.001606456761071749,-6.43372429,44.992,6.278,1042,284.041,50.11,92.429,0
124.649,397.799,0.00251383,0.1860683533990105,-1.68164118,45.863,8.011,620,113.078,51.377,131.191,0
110.133,383.283,0.00260904,0.09798779379203375,-2.32291236,43.809,12.288,114,254.49,45.386,106.586,0
31.496,304.646,0.0032825,0.001049870491684542,-6.85908846,35.351,8.094,799,274.187,64.259,177.27,0
39.356,312.506,0.00319994,0.00183081074520982,-6.30299638,40.526,3.133,306,299.358,61.29,211.644,0
35.419,308.569,0.00324077,0.001390632739204175,-6.57799643,41.622,4.276,996,124.911,66.904,135.212,0
31.961,305.111,0.0032775,0.001085849639317628,-6.82539252,37.658,12.741,893,23.582,66.812,243.912,0
124.445,397.595,0.00251512,0.1844588535197287,-1.69032886,42.876,14.758,121,297.604,63.224,212.942,0
117.866,391.016,0.00255744,0.1387104444686787,-1.97536665,36.368,3.791,577,241.809,48.401,133.375,0
91.37,364.52,0.00274333,0.03965744816106453,-3.2274765,41.317,4.017,1066,160.109,50.942,172.673,0
67.099,340.249,0.00293902,0.01061408099974125,-4.54557376,35.628,7.142,930,282.167,45.798,63.498,0
78.115,351.265,0.00284685,0.01974712568869105,-3.92474733,43.531,3.519,938,267.836,58.765,188.668,0
51.029,324.179,0.00308472,0.003978314080125387,-5.52689715,39.376,5.919,1023,179.672,66.609,194.917,0
122.455,395.605,0.00252777,0.169390889438946,-1.77554628,40.465,10.302,1159,287.065,51.791,32.764,0
43.805,316.955,0.00315502,0.002477624017047841,-6.00045524,36.844,11.157,851,293.244,61.581,212.02,0
120.417,393.567,0.00254086,0.1550957824754757,-1.8637124,36.523,11.942,555,260.772,57.466,67.768,0
112.185,385.335,0.00259514,0.1076005759856825,-2.22932928,43.264,11.0,453,74.51,59.272,46.103,0
60.214,333.364,0.00299972,0.007052126923958932,-4.95442602,40.791,1.322,215,258.522,49.265,165.272,0
108.201,381.351,0.00262226,0.08964093096319388,-2.41194324,45.128,14.598,912,211.82,58.296,224.845,0
108.456,381.606,0.0026205,0.09070519622471454,-2.40014063,43.306,8.768,932,166.322,62.801,119.164,0
38.271,311.421,0.00321109,0.001698364190667857,-6.37808973,36.248,7.332,510,18.353,53.535,73.297,0
80.51,353.66,0.00282757,0.02248535368570515,-3.79489113,42.822,8.343,748,292.045,48.43,173.876,0
32.236,305.386,0.00327454,0.00110765168853298,-6.8055131,41.697,13.823,1119,232.212,51.42,23.4,0
29.127,302.277,0.00330822,0.0008828404296336069,-7.03236609,39.462,11.202,692,166.84,58.228,231.923,0
147.747,420.897,0.00237588,0.4712185221311311,-0.75243334,46.664,2.398,589,153.085,49.11,188.213,1
151.554,424.704,0.00235458,0.5439032211607737,-0.60898395,42.338,14.948,278,224.847,59.145,107.686,0
31.868,305.018,0.0032785,0.00107856536117016,-6.83212349,35.033,1.36,348,231.251,59.611,179.443,0
104.7,377.85,0.00264655,0.07610837753411244,-2.57559693,41.608,5.295,408,282.026,65.866,131.564,0
126.196,399.346,0.00250409,0.1986822401541543,-1.61604851,43.279,2.078,933,135.547,48.725,57.569,0
104.352,377.502,0.00264899,0.07486790394217985,-2.59203,43.788,4.918,456,48.914,50.774,23.935,0
131.981,405.131,0.00246834,0.252787993435355,-1.37520411,44.004,12.515,855,293.15,47.601,147.827,0
66.977,340.127,0.00294008,0.01053898076601243,-4.55267444,37.851,12.92,557,18.224,55.707,97.06,0
42.739,315.889,0.00316567,0.002306165486993982,-6.0721691,41.034,1.374,314,67.336,46.6,50.095,0
159.598,432.748,0.00231081,0.7303852408670917,-0.31418316,47.747,12.824,161,274.449,50.591,196.905,0
30.685,303.835,0.00329126,0.0009897047473927413,-6.91810389,38.004,9.108,1152,152.927,57.461,14.479,0
123.723,396.873,0.0025197,0.1788606703627161,-1.72114815,38.067,6.547,913,144.451,62.198,166.246,0
30.65,303.8,0.00329164,0.0009871802689930074,-6.92065789,43.172,10.759,1127,129.002,46.661,166.332,0
63.453,336.603,0.00297086,0.008565601330009196,-4.76000094,44.885,14.52,676,126.069,55.905,140.932,0
80.949,354.099,0.00282407,0.0230225944598996,-3.77127918,35.26,8.256,221,27.677,53.962,233.566,0
43.093,316.243,0.00316213,0.002361872466304778,-6.04830056,35.545,9.916,766,298.687,50.393,94.007,0
124.458,397.608,0.00251504,0.1845610521600088,-1.68977496,46.508,11.021,1106,268.844,66.353,204.783,0
121.957,395.107,0.00253096,0.1657944790489132,-1.79700634,37.19,13.016,519,177.452,51.857,196.34,0
98.287,371.437,0.00269225,0.05594574664240213,-2.88337287,39.455,13.476,698,55.288,62.378,156.458,0
147.877,421.027,0.00237514,0.4735526860511763,-0.7474921,46.093,3.174,1172,126.119,56.511,109.971,1
68.767,341.917,0.00292469,0.01169024448049344,-4.44900059,40.169,10.379,277,266.964,52.344,198.313,0
122.131,395.281,0.00252985,0.1670433201960971,-1.7895021,37.429,13.89,712,29.397,53.657,147.918,0
35.626,308.776,0.00323859,0.001411132391870367,-6.56336278,40.354,9.043,686,147.707,51.176,189.089,0
148.626,421.776,0.00237093,0.4871991467896092,-0.71908231,43.375,12.555,850,291.606,47.863,143.947,0
99.291,372.441,0.00268499,0.05874856188964369,-2.8344886,35.824,6.209,764,86.794,50.878,7.019,0
96.701,369.851,0.00270379,0.05176012615579597,-2.96113519,38.811,10.491,529,246.584,47.661,93.701,0
140.875,414.025,0.00241531,0.3612980242991117,-1.01805211,44.238,5.928,265,63.59,55.05,136.56,0
120.046,393.196,0.00254326,0.1526113779104808,-1.8798606,40.753,12.329,301,74.364,56.496,70.931,0
153.389,426.539,0.00234445,0.5823084698732051,-0.54075495,45.903,4.307,1178,150.705,64.671,128.55,1
141.91,415.06,0.00240929,0.3762564349194819,-0.97748436,41.066,2.839,873,269.343,46.914,7.449,0
154.185,427.335,0.00234008,0.5996912781560707,-0.51134029,46.974,8.723,848,79.356,63.26,8.537,0
133.289,406.439,0.00246039,0.2666818120030645,-1.32169905,40.259,7.616,1020,173.146,55.271,108.523,0
153.433,426.583,0.00234421,0.583257708140281,-0.53912615,44.39,4.664,387,55.326,47.032,205.644,0
156.247,429.397,0.00232885,0.6468439705423537,-0.43565017,43.061,2.654,223,137.834,48.634,182.496,0
26.366,299.516,0.00333872,0.0007189095557092604,-7.237775,41.166,3.87,329,64.519,61.051,194.52,0
150.142,423.292,0.00236244,0.5158766048261081,-0.66188768,41.429,8.579,1046,88.877,54.125,220.821,0
70.38,343.53,0.00291095,0.01282314259016356,-4.35650373,44.084,2.249,710,193.011,50.565,168.067,0
120.595,393.745,0.00253971,0.1563003894914333,-1.85597555,38.703,6.396,132,18.572,66.513,76.509,0
156.513,429.663,0.00232741,0.6531561985979367,-0.42593898,46.038,13.707,189,55.124,51.151,153.823,0
46.31,319.46,0.00313028,0.002926880328955221,-5.83381816,37.429,4.42,981,94.309,45.358,50.1,0
52.561,325.711,0.00307021,0.004386739473589365,-5.42916904,44.972,13.982,625,48.636,56.768,32.292,0
156.182,429.332,0.0023292,0.6453096254845282,-0.43802504,46.059,14.089,224,81.099,59.644,35.169,0
67.953,341.103,0.00293167,0.01115339624309377,-4.49601123,43.913,2.027,454,119.209,56.467,233.642,0
128.218,401.368,0.00249148,0.2163023181884311,-1.53107823,41.154,12.813,371,42.24,58.742,206.531,0
121.468,394.618,0.0025341,0.1623288173188644,-1.81813126,38.362,14.634,639,202.565,45.83,167.654,0
158.186,431.336,0.00231838,0.6941027754774601,-0.36513524,41.873,10.866,546,40.204,49.734,10.63,0
46.851,320.001,0.00312499,0.003033092864867708,-5.79817243,39.851,5.499,455,292.437,48.372,45.101,0
36.447,309.597,0.00323001,0.001495169386625653,-6.50551578,39.959,12.952,669,55.571,65.221,79.19,0
32.699,305.849,0.00326959,0.001145259366182294,-6.77212415,38.799,3.615,611,289.638,65.979,47.942,0
49.232,322.382,0.00310191,0.00354324025877846,-5.64271364,41.838,11.583,581,99.718,54.443,51.094,0
138.63,411.78,0.00242848,0.3306324963590864,-1.1067478,44.228,14.231,273,231.128,54.681,151.139,0
160.229,433.379,0.00230745,0.7471264482679202,-0.29152083,47.589,10.847,1139,167.232,46.437,50.057,0
100.535,373.685,0.00267605,0.06239418271901956,-2.77428323,40.385,3.76,512,115.811,46.437,88.981,0
58.669,331.819,0.00301369,0.00641893101342601,-5.04850368,37.535,9.996,241,32.555,65.324,69.897,0
109.208,382.358,0.00261535,0.09390927065190365,-2.36542617,44.176,12.696,926,72.838,60.593,245.159,0
138.307,411.457,0.00243039,0.3264140647915025,-1.11958857,43.963,8.424,427,194.421,63.564,125.483,0
28.355,301.505,0.00331669,0.000833879752954435,-7.08942135,36.452,1.571,635,228.035,44.885,157.314,0
68.442,341.592,0.00292747,0.01147317788257501,-4.46774333,38.467,6.361,203,268.714,46.627,30.842,0
126.172,399.322,0.00250424,0.1984809346669781,-1.61706223,43.207,13.06,1083,123.426,65.936,95.887,0
26.19,299.34,0.00334068,0.0007094665090744997,-7.25099727,41.717,11.025,295,295.34,64.33,168.916,0
75.469,348.619,0.00286846,0.01707248492211383,-4.07028718,44.214,5.428,731,235.007,46.501,162.13,0
130.389,403.539,0.00247808,0.2367395985597819,-1.44079448,39.819,10.358,614,106.82,55.268,155.016,0
32.369,305.519,0.00327312,0.001118338106029394,-6.79591153,43.147,5.187,700,33.688,49.667,150.302,0
102.289,375.439,0.00266355,0.06787595363103764,-2.69007345,40.381,14.235,1092,44.398,63.554,213.006,0
59.302,332.452,0.00300795,0.006671880636339163,-5.0098535,40.39,1.325,992,59.543,51.873,111.735,0
150.834,423.984,0.00235858,0.5294501164451249,-0.63591633,42.004,1.482,759,75.291,59.227,15.978,0
49.741,322.891,0.00309702,0.003661883014956378,-5.60977778,37.535,13.877,536,62.835,56.564,186.69,0
151.791,424.941,0.00235327,0.5487355350839397,-0.60013867,49.119,12.246,499,117.121,48.807,140.838,0
152.918,426.068,0.00234704,0.572231517521516,-0.55821162,41.517,8.143,711,50.767,61.617,228.667,0
72.572,345.722,0.0028925,0.01452058805562603,-4.23218777,37.189,9.203,393,260.44,47.744,20.056,0
98.569,371.719,0.0026902,0.05672071685400084,-2.86961576,42.654,7.675,290,75.88,47.687,98.363,0
82.934,356.084,0.00280833,0.02559799581703131,-3.66524122,41.226,10.299,1158,180.561,58.185,211.364,0
122.14,395.29,0.00252979,0.1671081406565844,-1.78911413,44.816,3.301,253,44.49,50.199,207.588,0
59.0,332.15,0.00301069,0.00655010062682448,-5.02827487,38.798,5.549,690,224.225,62.231,216.156,0
132.558,405.708,0.00246483,0.25883646778616,-1.35155882,42.478,6.015,770,246.654,58.414,19.754,0
75.237,348.387,0.00287037,0.01685423260954959,-4.08315346,39.77,13.622,379,15.969,57.063,36.977,0
70.887,344.037,0.00290666,0.01319906662990004,-4.32760916,37.114,1.306,182,35.225,62.318,134.078,0
166.808,439.958,0.00227294,0.9426043094330805,-0.05910869,47.889,14.271,566,245.627,64.192,7.978,0
60.661,333.811,0.00299571,0.007245535053647086,-4.92736985,43.993,14.711,846,126.31,59.23,140.573,0
111.194,384.344,0.00260184,0.1028586201923339,-2.27439985,43.9,14.685,646,175.883,53.152,124.985,0
59.899,333.049,0.00300256,0.006918639988482203,-4.97353606,42.734,14.386,829,119.127,55.65,34.594,0
31.608,304.758,0.00328129,0.001058435874336349,-6.85096305,37.068,5.433,824,35.413,63.59,62.867,0
68.277,341.427,0.00292888,0.011364366950914,-4.47727252,39.067,5.211,714,75.198,48.041,124.086,0
71.887,345.037,0.00289824,0.01396966858886001,-4.27086683,41.242,11.352,1105,117.449,49.961,77.67,0
107.951,381.101,0.00262398,0.08860829833316336,-2.42352977,45.19,3.368,1000,30.176,61.866,14.882,1
33.696,306.846,0.00325896,0.001230212677052483,-6.70056822,40.563,10.526,895,227.149,65.651,249.204,0
115.507,388.657,0.00257296,0.124939997057773,-2.07992168,40.101,14.947,1196,201.443,62.59,41.094,0
109.238,382.388,0.00261514,0.09403914800724814,-2.36404412,36.065,10.618,1144,21.701,51.091,116.334,0
80.203,353.353,0.00283003,0.02211634789659317,-3.81143822,40.558,13.757,932,205.142,45.712,121.902,0
82.859,356.009,0.00280892,0.0254961913680779,-3.6692262,36.579,13.044,406,48.495,46.443,180.871,0
153.539,426.689,0.00234363,0.5855500607315566,-0.5352036,45.742,13.149,390,193.068,51.058,25.227,0
133.915,407.065,0.00245661,0.2735656788340141,-1.29621354,46.552,1.63,283,155.304,65.607,12.405,1
142.507,415.657,0.00240583,0.3851292495403179,-0.95417629,40.755,8.412,433,23.955,52.118,107.19,0
88.237,361.387,0.00276712,0.03378731434480118,-3.38766986,41.131,6.339,901,108.771,57.021,190.777,0
119.0,392.15,0.00255004,0.1457950418312598,-1.92555347,42.532,7.755,1064,293.928,45.291,117.098,0
67.513,340.663,0.00293545,0.01087252918496378,-4.52151593,40.353,8.948,370,123.189,62.652,105.886,0
25.718,298.868,0.00334596,0.0006846971989515921,-7.28653386,37.651,6.235,687,65.42,46.393,176.978,0
70.929,344.079,0.00290631,0.01323064765652908,-4.32521935,37.248,8.356,872,214.571,64.554,118.124,0
62.038,335.188,0.0029834,0.007871741928143052,-4.8444759,44.462,6.726,831,114.063,60.399,242.417,0
49.616,322.766,0.00309822,0.003632418746158439,-5.61785653,40.48,3.867,1181,130.098,45.45,13.65,0
54.438,327.588,0.00305261,0.004938572296657195,-5.310679,36.446,6.558,471,227.511,52.858,194.231,0
39.896,313.046,0.00319442,0.001900160857983368,-6.26581673,35.534,4.908,629,122.144,58.364,100.1,0
64.349,337.499,0.00296297,0.009032949263176361,-4.70687636,41.932,2.063,578,243.821,58.289,12.576,0
168.863,442.013,0.00226238,1.012142068849626,0.01206895,42.808,3.518,360,257.748,64.164,117.954,0
28.782,301.932,0.003312,0.0008606457991351303,-7.05782752,44.723,7.538,366,64.795,62.881,238.956,0
47.805,320.955,0.0031157,0.003228920165861693,-5.73560751,36.422,3.755,549,117.532,58.176,85.143,0
113.174,386.324,0.0025885,0.1125249623865866,-2.18458019,37.622,6.315,277,135.428,63.604,217.939,0
89.209,362.359,0.00275969,0.03551947442455632,-3.33767416,35.848,10.82,499,253.416,46.843,220.017,0
111.98,385.13,0.00259653,0.1066040656463879,-2.23863363,39.531,6.64,553,140.871,50.275,42.706,0
57.818,330.968,0.00302144,0.006092494644463169,-5.10069765,44.351,13.741,630,106.823,52.182,6.63,0
52.212,325.362,0.0030735,0.004290503348784754,-5.45135122,37.337,14.896,261,138.813,47.765,9.566,0
37.561,310.711,0.00321842,0.001616465921914708,-6.42751304,36.233,11.443,187,107.583,65.184,162.029,0
112.368,385.518,0.00259391,0.1084971034418686,-2.2210318,37.647,1.395,253,89.828,64.959,236.501,0
107.176,380.326,0.00262932,0.08547385147308616,-2.45954478,39.366,3.499,714,152.154,52.203,154.023,0
70.895,344.045,0.0029066,0.01320507684024863,-4.32715391,38.536,6.151,1091,111.657,52.636,55.878,0
90.556,363.706,0.00274947,0.0380508542364297,-3.26883174,44.278,6.436,1040,245.623,64.933,219.357,0
161.551,434.701,0.00230043,0.7832881806807408,-0.2442546,48.419,10.093,704,143.897,54.942,89.482,0
124.247,397.397,0.00251638,0.1829084468737362,-1.69876954,39.032,13.179,168,272.528,59.331,199.727,0
64.052,337.202,0.00296558,0.008875554618610138,-4.72445445,39.481,4.847,1132,12.706,65.627,212.808,0
72.348,345.498,0.00289437,0.01433832540722206,-4.24481923,37.5,9.645,303,71.788,49.512,155.004,0
35.963,309.113,0.00323506,0.001445094080564822,-6.53958085,41.145,14.416,621,63.283,62.696,202.012,0
112.215,385.365,0.00259494,0.1077470965744848,-2.2279685,37.992,6.189,892,50.206,60.831,126.315,0
130.956,404.106,0.0024746,0.2423493884584333,-1.41737484,45.466,8.41,571,12.054,59.658,140.995,0
151.852,425.002,0.00235293,0.5499853492103187,-0.59786364,48.58,2.214,583,221.704,60.221,166.344,1
69.213,342.363,0.00292088,0.01199413243235676,-4.42333771,42.454,4.481,173,115.637,61.214,130.902,0
102.529,375.679,0.00266185,0.0686583738244142,-2.67861218,35.961,3.925,497,172.886,61.051,127.156,0
57.646,330.796,0.00302301,0.0060283648911983,-5.11127947,44.464,5.125,1090,261.458,64.2,15.762,0
160.535,433.685,0.00230582,0.7553646939858377,-0.28055461,49.76,6.726,522,130.849,61.512,118.538,1
35.684,308.834,0.00323799,0.001416925278316612,-6.55926605,39.946,7.2,1147,89.01,52.498,19.829,0
113.723,386.873,0.00258483,0.1153437528612366,-2.15983845,38.637,13.12,782,130.21,67.055,186.335,0
82.149,355.299,0.00281453,0.02455023150384067,-3.70703399,35.577,10.66,566,110.989,46.514,145.508,0
157.553,430.703,0.00232179,0.6783543248126074,-0.38808552,44.362,11.586,392,163.982,64.098,168.23,0
40.642,313.792,0.00318682,0.001999887718246671,-6.21466424,44.843,10.847,518,129.863,56.382,241.266,0
44.372,317.522,0.00314939,0.002573451794438877,-5.96250717,43.064,7.884,561,42.81,51.834,142.832,0
50.678,323.828,0.00308806,0.00388972019655044,-5.54941805,37.329,6.963,159,213.739,62.944,20.138,0
83.101,356.251,0.00280701,0.02582598739165773,-3.65637403,44.765,8.742,422,286.797,47.228,123.746,0
29.789,302.939,0.00330099,0.0009268933393059971,-6.98367206,43.225,1.206,968,274.232,55.155,228.296,0
122.515,395.665,0.00252739,0.1698288052970963,-1.77296438,44.974,1.474,374,215.578,65.645,68.288,0
74.192,347.342,0.00287901,0.01590184331546685,-4.14132024,44.141,4.411,1035,120.475,54.045,197.148,0
39.912,313.062,0.00319426,0.00190225154322476,-6.26471707,42.726,10.069,1138,169.515,49.528,195.673,0
160.819,433.969,0.00230431,0.763081345126141,-0.27039064,41.397,5.831,1131,130.295,45.751,249.593,0
89.902,363.052,0.00275443,0.03680238800340588,-3.30219254,38.881,14.688,309,240.103,48.763,43.517,0
54.49,327.64,0.00305213,0.004954714643438527,-5.3074157,35.301,1.725,910,126.531,62.301,244.648,0
161.534,434.684,0.00230052,0.7828136627521144,-0.24486059,50.433,6.907,477,136.734,66.259,50.079,1
128.57,401.72,0.0024893,0.2195064666544386,-1.51637359,39.634,12.693,885,45.252,52.626,188.289,0
138.766,411.916,0.00242768,0.3324229447058157,-1.10134719,44.308,7.515,522,229.635,48.665,35.721,0
137.514,410.664,0.00243508,0.3162571272756523,-1.1511997,47.241,6.964,793,112.902,67.11,30.847,1
130.434,403.584,0.0024778,0.2371806062577094,-1.43893338,39.616,14.244,1050,171.958,58.677,88.557,0
35.995,309.145,0.00323473,0.001448357211379503,-6.53732532,43.099,6.761,183,196.724,56.092,210.869,0
29.535,302.685,0.00330376,0.0009097596787337172,-7.00233008,44.207,1.623,1188,246.648,59.075,107.54,1
156.099,429.249,0.00232965,0.6433550019364132,-0.4410586,49.737,13.887,230,145.501,44.924,40.945,0
34.529,307.679,0.00325014,0.001305540223906745,-6.64113836,40.051,2.268,741,155.273,49.925,153.782,0
30.542,303.692,0.00329281,0.0009794273345887978,-6.92854251,44.062,7.243,678,52.974,57.66,244.846,0
41.2,314.35,0.00318117,0.00207755939416827,-6.17656144,36.227,7.411,355,80.443,52.34,165.076,0
127.607,400.757,0.00249528,0.2108382949689648,-1.55666381,43.737,4.621,530,247.911,64.746,212.321,0
38.961,312.111,0.00320399,0.001781545425205119,-6.33027407,44.899,3.39,610,256.995,50.578,130.584,0
51.036,324.186,0.00308465,0.003980099306950128,-5.52644851,43.124,11.46,128,228.137,50.547,65.577,0
166.639,439.789,0.00227382,0.9370751174514779,-0.06499183,41.983,6.809,712,184.31,61.475,160.489,0
126.238,399.388,0.00250383,0.1990349578169497,-1.6142748,44.006,1.977,655,186.088,46.662,79.725,0
34.138,307.288,0.00325428,0.001269675552507674,-6.66899388,43.735,7.704,713,262.871,67.134,37.843,0
46.671,319.821,0.00312675,0.002997373148718298,-5.81001899,39.521,3.82,716,239.307,60.868,195.043,0
33.591,306.741,0.00326008,0.00122100342050416,-6.70808228,35.819,3.621,788,270.41,53.891,50.951,0
146.021,419.171,0.00238566,0.4411685710574667,-0.81832823,41.676,10.497,134,127.115,56.995,105.949,0
35.989,309.139,0.00323479,0.001447744865082958,-6.5377482,44.897,3.936,346,21.792,46.889,104.632,0
92.878,366.028,0.00273203,0.0427943741131198,-3.15134863,38.676,8.437,246,265.979,64.058,69.758,0
143.362,416.512,0.00240089,0.3981558572227449,-0.92091175,48.033,13.426,1176,291.313,51.734,62.315,0
129.259,402.409,0.00248503,0.2258994302347651,-1.48766538,41.428,2.943,1180,197.572,60.947,161.219,0
169.708,442.858,0.00225806,1.042003164189671,0.04114498,42.689,12.132,952,259.678,57.043,7.846,0
87.932,361.082,0.00276945,0.03325955127755793,-3.4034133,42.139,8.467,939,137.774,51.015,110.124,0
28.063,301.213,0.00331991,0.0008160148011975167,-7.11107806,40.318,4.962,1116,49.456,59.343,117.736,0
87.193,360.343,0.00277513,0.03201120180651213,-3.44166938,37.308,10.864,735,42.355,46.854,93.36,0
139.098,412.248,0.00242572,0.3368295341342717,-1.08817831,45.53,2.092,468,32.704,63.499,133.298,0
127.731,400.881,0.00249451,0.2119372552381355,-1.55146501,45.673,8.521,1153,273.09,45.691,74.642,0
108.894,382.044,0.0026175,0.09255939929839575,-2.37990469,43.948,12.544,1023,114.894,48.398,185.225,0
134.191,407.341,0.00245495,0.2766500287371665,-1.28500201,46.3,8.008,904,118.827,64.394,194.83,0
105.685,378.835,0.00263967,0.07971898861275864,-2.52924747,44.771,6.815,662,201.08,63.625,131.195,0
145.585,418.735,0.00238815,0.4338485817944183,-0.8350597,45.28,7.726,276,296.767,60.062,227.062,0
94.805,367.955,0.00271772,0.04712382023710689,-3.05497667,42.521,5.463,950,204.312,59.777,236.673,0
152.058,425.208,0.00235179,0.5542244358085425,-0.59018556,47.614,9.617,872,151.107,64.887,182.676,0
59.679,332.829,0.00300455,0.006826766014395227,-4.98690421,41.806,5.218,211,178.604,54.998,158.87,0
117.648,390.798,0.00255887,0.1373839304001094,-1.98497586,37.319,8.005,177,277.161,45.415,240.628,0
61.216,334.366,0.00299073,0.007492316106099679,-4.8938773,40.238,13.567,562,223.925,52.149,68.414,0
36.529,309.679,0.00322915,0.001503807627298969,-6.49975497,44.487,11.745,364,22.514,62.08,223.711,0
122.791,395.941,0.00252563,0.1718561131208438,-1.7610977,42.954,3.135,297,285.812,65.87,233.654,0
98.844,371.994,0.00268822,0.05748563289145549,-2.85622023,35.615,10.463,447,62.694,57.425,163.9,0
88.338,361.488,0.00276634,0.03396372220689606,-3.38246232,41.799,11.508,1054,86.584,52.095,24.28,0
76.493,349.643,0.00286006,0.01806638802586177,-4.01370208,37.355,7.331,1160,180.035,51.234,242.329,0
144.998,418.148,0.0023915,0.424161548611984,-0.85764089,44.008,6.87,950,185.946,49.974,31.8,0
104.438,377.588,0.00264839,0.07517277587732635,-2.58796614,39.87,4.825,913,187.943,61.85,195.247,0
39.999,313.149,0.00319337,0.001913656206129378,-6.25873962,36.242,6.679,659,97.913,54.113,138.197,0
88.914,362.064,0.00276194,0.03498557732205215,-3.35281938,42.356,8.57,436,100.592,51.75,6.423,0
53.637,326.787,0.0030601,0.004695843531951576,-5.36107752,45.012,12.201,504,172.014,46.655,168.916,0
63.665,336.815,0.00296899,0.008674168920109146,-4.74740576,38.744,1.671,293,27.029,62.592,127.898,0
52.245,325.395,0.00307319,0.004299520689225639,-5.44925173,36.246,4.376,189,295.992,44.811,13.636,0
151.641,424.791,0.0023541,0.5456727707966192,-0.6057358,48.46,3.134,123,137.47,45.651,143.376,1
94.089,367.239,0.00272302,0.04547162615586937,-3.09066675,39.36,14.615,1037,54.614,58.474,9.989,0
68.315,341.465,0.00292856,0.01138934391279623,-4.47507711,38.312,10.436,138,289.065,57.12,111.211,0
73.801,346.951,0.00288225,0.0155580955259008,-4.16317416,37.311,2.678,262,172.078,45.912,230.398,0
88.012,361.162,0.00276884,0.03339726399612567,-3.3992813,37.276,2.941,1156,17.925,63.543,188.194,0
129.978,403.128,0.0024806,0.2327450083543863,-1.45781181,46.341,6.655,994,95.792,54.603,59.347,0
121.789,394.939,0.00253204,0.1645965285797777,-1.80425808,40.083,5.299,216,106.744,45.507,91.194,0
85.134,358.284,0.00279108,0.0287507682262214,-3.54909079,40.729,2.2,859,111.198,47.747,165.901,0
47.798,320.948,0.00311577,0.00322744257176779,-5.73606523,35.62,14.417,574,97.814,46.719,200.238,0
122.721,395.871,0.00252608,0.1713399299609541,-1.7641058,44.861,1.994,652,86.643,57.339,19.149,1
65.185,338.335,0.00295565,0.009489560619783916,-4.65756297,42.589,11.164,994,270.732,53.384,136.405,0
28.61,301.76,0.00331389,0.0008497714851602566,-7.07054309,37.497,6.078,257,125.295,62.428,45.639,0
134.663,407.813,0.0024521,0.2819955980682828,-1.26586382,39.549,9.667,821,294.977,58.976,79.191,0
124.727,397.877,0.00251334,0.1866870156265222,-1.67832178,41.359,5.853,1056,67.996,45.524,194.257,0
104.881,378.031,0.00264529,0.07676075191890036,-2.56706181,43.805,13.949,455,104.909,55.923,56.283,0
137.761,410.911,0.00243362,0.3193905827865418,-1.14134053,44.075,8.959,886,59.773,49.129,93.277,0
40.633,313.783,0.00318692,0.001998656822794982,-6.21527991,37.005,7.78,568,251.611,67.104,241.981,0
160.774,433.924,0.00230455,0.7618540768588479,-0.27200024,41.797,7.981,414,31.499,53.842,11.036,0
131.695,404.845,0.00247008,0.2498363201214823,-1.3869493,39.284,11.391,767,35.928,59.058,32.391,0
93.978,367.128,0.00272385,0.04522016462800266,-3.09621217,42.893,14.157,1131,131.001,53.599,211.875,0
98.984,372.134,0.0026872,0.05787855829411248,-2.84940829,39.466,3.957,182,240.835,55.86,5.477,0
52.162,325.312,0.00307397,0.004276873262824574,-5.45453308,39.627,1.357,1106,232.632,66.814,88.441,0
35.955,309.105,0.00323515,0.001444279341837876,-6.54014481,44.323,3.316,1062,178.386,58.117,100.187,0
166.531,439.681,0.00227438,0.9335564562406297,-0.06875384,50.072,8.997,586,125.636,49.574,79.151,1
148.549,421.699,0.00237136,0.4857805539174833,-0.72199829,45.229,13.948,732,162.98,50.845,229.221,0
86.735,359.885,0.00277867,0.03125869522623001,-3.46545769,44.541,6.582,492,231.674,53.165,207.946,0
60.435,333.585,0.00299774,0.007147160074018011,-4.94104019,41.35,8.144,509,44.426,52.096,75.057,0
36.281,309.431,0.00323174,0.001477820006427555,-6.51718725,38.776,1.211,742,200.369,65.24,106.258,0
140.412,413.562,0.00241802,0.3547771114201912,-1.03626554,38.818,14.793,937,52.284,62.33,186.452,0
33.707,306.857,0.00325885,0.001231181100444541,-6.69978133,43.315,8.642,1091,295.026,45.321,93.7,0
57.341,330.491,0.0030258,0.005916141499102767,-5.13007082,37.979,6.713,1160,43.229,66.064,78.79,0
27.393,300.543,0.00332731,0.0007763330789261347,-7.1609289,38.905,12.736,1130,41.498,55.756,38.469,0
146.38,419.53,0.00238362,0.4472767545206621,-0.80457774,41.17,14.187,675,285.785,51.758,119.253,0
160.321,433.471,0.00230696,0.7495950357732011,-0.28822217,45.624,5.732,575,67.809,53.45,108.994,0
113.762,386.912,0.00258457,0.115546351818905,-2.15808352,36.7,4.429,359,45.129,62.159,184.763,0
114.677,387.827,0.00257847,0.1203909120243769,-2.11701123,37.686,3.87,816,121.79,51.756,138.652,0
135.091,408.241,0.00244953,0.2869211163703289,-1.24854796,41.264,8.182,438,218.467,53.142,92.627,0
29.352,302.502,0.00330576,0.0008975945510308645,-7.01579209,44.311,2.115,484,75.478,53.883,242.071,0
69.773,342.923,0.00291611,0.01238573596693084,-4.39120979,37.743,1.079,358,232.257,63.019,54.201,0
71.194,344.344,0.00290407,0.01343147819745814,-4.31015421,42.7,14.458,889,158.173,62.818,129.408,0
163.29,436.44,0.00229127,0.8331719761555992,-0.1825152,47.908,5.804,469,160.868,60.701,132.545,1
114.25,387.4,0.00258131,0.1181081968403388,-2.13615415,44.97,8.107,1057,58.221,62.703,199.359,0
71.036,344.186,0.00290541,0.01331141088712759,-4.31913365,42.325,13.381,290,164.394,65.383,108.125,0
103.374,376.524,0.00265587,0.07147731028335172,-2.63837522,42.452,11.326,1011,88.181,59.488,156.615,0
116.514,389.664,0.00256631,0.1306628664168082,-2.03513481,42.088,6.747,807,177.361,59.823,125.809,0
85.021,358.171,0.00279196,0.02858074792750007,-3.55502194,43.497,8.82,897,32.269,47.203,205.373,0
113.992,387.142,0.00258303,0.1167475851152361,-2.14774107,39.444,7.193,213,289.26,57.495,210.433,0
63.841,336.991,0.00296744,0.008765239637237573,-4.73696142,44.047,6.753,627,141.043,51.647,71.192,0
129.236,402.386,0.00248518,0.2256834058915383,-1.48862212,45.734,9.38,805,94.561,56.153,78.354,0
124.436,397.586,0.00251518,0.1843881298555057,-1.69071234,40.935,2.582,952,180.812,66.117,153.422,0
143.246,416.396,0.00240156,0.3963661699867467,-0.92541682,40.996,2.905,1072,56.316,63.19,15.501,0
40.784,313.934,0.00318538,0.002019399718301609,-6.20495498,36.379,1.143,810,205.87,52.441,173.97,0
84.03,357.18,0.00279971,0.02712774329396312,-3.60719834,38.919,14.549,1117,189.894,63.117,237.712,0
86.466,359.616,0.00278074,0.03082412309683193,-3.47945768,43.89,11.18,413,250.348,62.607,26.34,0
169.874,443.024,0.00225721,1.047958434539883,0.04684392,44.879,3.975,891,41.086,45.216,217.254,0
111.418,384.568,0.00260032,0.1039139591110367,-2.26419204,45.046,11.9,819,59.036,48.705,203.254,0
94.998,368.148,0.0027163,0.04757822638406699,-3.04538005,35.74,13.899,1116,278.415,63.21,120.081,0
154.411,427.561,0.00233885,0.6047084391209914,-0.50300886,45.514,2.915,226,119.636,46.161,55.799,0
55.104,328.254,0.00304642,0.005148952992638282,-5.26896189,36.674,12.968,236,48.891,56.781,80.659,0
56.823,329.973,0.00303055,0.005729855861778142,-5.1620649,43.657,13.984,787,99.623,56.057,38.628,0
58.374,331.524,0.00301637,0.006304028339508595,-5.06656643,44.04,14.777,974,267.533,64.48,156.815,0
82.643,355.793,0.00281062,0.02520501448047942,-3.68071232,44.751,5.571,955,59.772,48.455,232.008,0
71.041,344.191,0.00290536,0.0133151956713312,-4.31884936,35.64,10.801,178,116.51,61.739,102.378,0
99.287,372.437,0.00268502,0.05873715196549268,-2.83468284,44.518,2.518,970,123.17,55.191,223.978,0
71.736,344.886,0.00289951,0.01385077862713039,-4.27941383,42.017,1.504,1160,21.978,65.363,42.974,0
166.142,439.292,0.00227639,0.9209777835816533,-0.08231937,48.108,10.032,856,48.688,45.171,67.862,0
134.627,407.777,0.00245232,0.2815847110184038,-1.26732195,41.695,13.788,326,14.618,54.681,144.917,0
129.709,402.859,0.00248226,0.2301627823987418,-1.46896847,37.579,14.378,945,239.038,48.115,155.434,0
85.164,358.314,0.00279085,0.0287960579175765,-3.54751678,38.867,12.658,870,176.109,48.196,66.359,0
69.247,342.397,0.00292059,0.01201758731594723,-4.42138409,43.92,13.568,822,253.564,61.687,50.747,0
67.288,340.438,0.00293739,0.01073137505300151,-4.53458358,43.424,4.717,1073,174.101,60.664,136.451,0
53.644,326.794,0.00306003,0.00469791723561187,-5.36063601,43.118,12.426,1010,215.929,65.012,176.923,0
66.536,339.686,0.0029439,0.01027147964178361,-4.57838419,39.627,4.636,1106,122.454,50.33,229.851,0
104.448,377.598,0.00264832,0.07520829754235873,-2.58749371,42.29,1.358,1072,193.775,65.259,208.573,0
141.18,414.33,0.00241354,0.3656508732456981,-1.0060763,42.946,12.328,931,124.224,59.485,29.038,0
72.588,345.738,0.00289236,0.01453368602170394,-4.23128615,39.866,12.91,541,126.48,58.128,218.236,0
73.946,347.096,0.00288105,0.01568478687906019,-4.15506402,40.123,8.178,445,78.758,56.479,180.866,0
70.477,343.627,0.00291013,0.0128943122142812,-4.35096898,42.248,11.034,306,152.251,57.249,165.147,0
122.364,395.514,0.00252836,0.1687286188874989,-1.77946366,37.834,1.522,389,248.761,61.414,52.324,0
57.368,330.518,0.00302555,0.005925999461290772,-5.12840592,39.496,5.501,1165,201.8,52.364,39.171,0
34.988,308.138,0.0032453,0.001348815335480644,-6.6085286,43.4,11.633,173,166.673,59.163,242.996,0
64.879,338.029,0.00295833,0.009320073328149396,-4.67558478,43.731,11.563,896,71.07,60.24,142.386,0
91.243,364.393,0.00274429,0.03940287218726552,-3.23391657,40.431,5.301,772,256.971,58.523,62.842,0
151.243,424.393,0.00235631,0.5376185261721301,-0.62060603,46.772,11.436,808,10.227,56.462,175.446,0
82.366,355.516,0.00281281,0.02483596115394958,-3.69546263,43.717,1.992,907,241.226,63.828,139.927,0
73.863,347.013,0.00288174,0.01561215423353934,-4.15970555,36.398,8.014,1175,280.754,51.035,76.772,0
136.251,409.401,0.00244259,0.3006528038027496,-1.20179916,40.079,11.873,720,280.37,52.583,169.226,0
158.504,431.654,0.00231667,0.7021339287744013,-0.35363111,44.672,8.339,384,230.276,52.076,8.607,0
91.932,365.082,0.00273911,0.04080169218017002,-3.19903172,38.626,1.453,851,290.687,58.882,123.772,0
120.263,393.413,0.00254186,0.1540602173794391,-1.87041173,39.894,7.132,943,230.805,55.004,113.548,0
99.008,372.158,0.00268703,0.05794615627623666,-2.84824104,39.068,13.231,1199,163.59,63.543,60.675,0
25.432,298.582,0.00334916,0.0006700747426412493,-7.3081213,36.076,10.308,1079,229.677,59.29,138.428,0
151.209,424.359,0.0023565,0.5369353174181735,-0.62187764,47.582,3.164,1123,235.547,57.907,165.314,1
76.332,349.482,0.00286138,0.01790676340733722,-4.02257679,43.388,11.691,970,259.002,60.47,217.72,0
132.273,405.423,0.00246656,0.2558331965402363,-1.36322962,37.502,7.604,564,44.881,53.718,83.668,0
141.823,414.973,0.0024098,0.3749784907139517,-0.98088661,47.027,2.149,281,207.436,52.457,185.703,1
70.438,343.588,0.00291046,0.01286565509848102,-4.35319391,35.657,12.858,147,207.103,47.316,202.842,0
125.79,398.94,0.00250664,0.1953009367845514,-1.63321364,40.909,1.875,997,239.053,50.857,30.147,0
77.705,350.855,0.00285018,0.01930955673744622,-3.94715514,39.042,5.602,877,250.683,56.817,222.561,0
130.208,403.358,0.00247919,0.2349730487480974,-1.44828446,39.955,8.036,1140,58.464,57.891,126.886,0
157.663,430.813,0.00232119,0.6810684380318897,-0.38409248,47.462,8.447,897,16.422,65.428,14.353,0
79.947,353.097,0.00283208,0.02181279735879482,-3.82525845,39.279,5.277,256,116.591,59.673,179.779,0
117.576,390.726,0.00255934,0.1369482858245883,-1.9881519,41.497,3.833,1036,112.328,61.365,72.729,0
33.036,306.186,0.00326599,0.001173358532790706,-6.7478851,39.419,13.836,785,203.464,59.911,198.358,0
74.819,347.969,0.00287382,0.01646730712290558,-4.10637825,39.394,5.133,906,20.879,45.446,160.471,0
146.958,420.108,0.00238034,0.4572667124326391,-0.78248844,39.529,7.363,340,28.989,61.635,168.242,0
93.479,366.629,0.00272755,0.04410495813375284,-3.12118307,42.242,11.758,1096,204.287,45.047,207.001,0
143.666,416.816,0.00239914,0.4028797111632048,-0.90911725,46.967,1.842,501,272.267,44.906,17.159,1
128.504,401.654,0.00248971,0.2189025241805579,-1.51912874,43.169,10.973,378,138.273,47.474,84.708,0
164.686,437.836,0.00228396,0.8751953634953342,-0.13330814,41.466,13.109,486,278.05,64.623,160.923,0
149.697,422.847,0.00236492,0.5073095956312323,-0.67863382,39.771,5.284,853,111.198,66.177,98.008,0
58.573,331.723,0.00301456,0.006381333415239872,-5.0543782,38.935,9.131,889,294.879,63.58,6.416,0
126.892,400.042,0.00249974,0.2045989341373093,-1.58670363,44.824,11.507,592,68.793,58.29,178.345,0
110.37,383.52,0.00260743,0.09905771316598745,-2.31205264,42.085,14.797,312,40.24,57.106,119.364,0
42.682,315.832,0.00316624,0.002297307861164503,-6.07601734,41.261,3.727,733,20.164,47.162,241.016,0
150.545,423.695,0.00236019,0.5237439138576113,-0.64675243,46.609,9.017,160,169.724,54.799,34.075,0
80.25,353.4,0.00282965,0.02217248688243724,-3.80890309,41.686,8.874,753,87.537,48.749,161.644,0
93.691,366.841,0.00272598,0.04457572309402911,-3.11056589,38.826,9.443,188,153.884,64.709,235.297,0
126.132,399.282,0.0025045,0.1981458250115579,-1.61875203,45.17,9.781,194,41.228,46.746,121.307,0
38.237,311.387,0.00321144,0.001694358045713842,-6.38045134,44.244,9.05,792,199.488,57.753,249.24,0
82.459,355.609,0.00281208,0.02495932457518444,-3.6905078,40.421,8.338,1180,272.902,60.598,160.01,0
133.327,406.477,0.00246016,0.267095297342315,-1.32014977,41.601,14.75,1111,109.958,54.347,199.609,0
123.3,396.45,0.00252239,0.1756509513708033,-1.73925648,46.587,11.007,867,220.218,52.235,16.945,0
122.786,395.936,0.00252566,0.1718191974401575,-1.76131253,46.377,7.033,796,143.333,63.053,62.07,0
118.763,391.913,0.00255159,0.144288526026751,-1.93594033,40.173,1.338,681,67.496,53.678,146.551,0
155.131,428.281,0.00233492,0.6209374951935481,-0.47652485,46.035,6.575,500,173.736,65.493,174.912,0
32.255,305.405,0.00327434,0.001109172612666287,-6.80414094,43.229,7.631,773,230.791,52.242,201.417,0
83.668,356.818,0.00280255,0.02661367763499245,-3.62633,37.768,1.086,171,172.197,45.5,33.952,0
140.881,414.031,0.00241528,0.3613832139059935,-1.01781635,40.555,5.583,1119,144.402,57.197,210.967,0
116.549,389.699,0.00256608,0.130865875662481,-2.03358233,40.345,10.373,295,187.684,45.386,144.547,0
76.779,349.929,0.00285772,0.01835309221757492,-3.99795721,37.662,4.173,562,68.225,61.854,57.484,0
100.572,373.722,0.00267579,0.06250562681521199,-2.7724987,38.591,5.188,855,226.768,45.75,126.914,0
138.799,411.949,0.00242748,0.3328586725343931,-1.10003729,42.266,12.654,755,274.557,58.493,76.797,0
161.373,434.523,0.00230137,0.7783320975015618,-0.25060199,40.951,9.713,751,227.127,55.875,148.971,0
31.255,304.405,0.0032851,0.001031653023304492,-6.87659289,44.253,10.695,895,56.115,61.681,131.384,0
81.87,355.02,0.00281674,0.02418718697305546,-3.72193225,43.417,14.063,580,11.114,50.129,194.834,0
100.388,373.538,0.0026771,0.06195316139954358,-2.78137664,36.869,12.968,408,228.542,63.155,242.951,0
87.266,360.416,0.00277457,0.0321326259567844,-3.43788338,43.674,14.867,1110,143.943,46.373,78.274,0
105.145,378.295,0.00264344,0.07772118260054847,-2.55462744,36.831,11.318,1105,95.434,50.318,48.215,0
162.491,435.641,0.00229547,0.8099192340819839,-0.21082075,47.281,14.655,853,268.014,50.83,116.006,0
101.809,374.959,0.00266696,0.06633484078717419,-2.71304002,44.204,7.704,367,20.403,52.762,98.9,0
80.37,353.52,0.00282869,0.02231639945715874,-3.80243347,40.09,5.661,880,85.007,66.185,64.343,0
142.266,415.416,0.00240723,0.3815255927708264,-0.96357735,40.752,3.033,286,247.72,54.432,240.713,0
161.562,434.712,0.00230037,0.7835953551664884,-0.24386252,49.248,13.695,445,268.71,57.803,34.524,0
100.088,373.238,0.00267926,0.0610617080304473,-2.79587032,41.818,13.691,238,127.329,54.167,97.758,0
54.018,327.168,0.00305653,0.00480992199012742,-5.33707441,39.536,14.427,1016,288.143,55.85,147.163,0
148.005,421.155,0.00237442,0.4758608179401773,-0.74262987,48.865,13.13,450,273.722,61.694,28.622,0
72.027,345.177,0.00289706,0.01408071513768207,-4.26294914,44.555,14.663,203,227.584,46.306,59.125,0
61.0,334.15,0.00299267,0.007395385771047469,-4.90689902,45.043,11.522,245,30.517,47.337,84.451,0
94.886,368.036,0.00271713,0.04731405664936039,-3.05094785,41.649,8.419,315,235.606,53.406,38.93,0
76.796,349.946,0.00285758,0.01837026174216709,-3.99702213,39.628,14.572,1073,205.634,58.518,203.677,0
139.214,412.364,0.00242504,0.3383812253048752,-1.08358213,42.91,11.934,316,224.852,59.917,76.216,0
64.27,337.42,0.00296367,0.008990840052285485,-4.71154899,41.211,2.045,218,242.155,66.61,102.889,0
161.264,434.414,0.00230195,0.7753106952113098,-0.25449143,42.738,14.931,177,62.797,48.579,15.876,0
51.273,324.423,0.0030824,0.004040970868612937,-5.5112703,39.151,11.803,558,239.401,65.901,37.993,0
137.289,410.439,0.00243642,0.3134262919449205,-1.16019106,40.761,12.92,1079,153.043,49.462,239.022,0
152.209,425.359,0.00235096,0.5573498332039869,-0.58456217,40.418,9.906,626,25.956,50.606,113.907,0
120.757,393.907,0.00253867,0.1574038909933048,-1.84894022,39.819,1.623,115,280.728,45.957,20.136,0
53.125,326.275,0.0030649,0.004546389221791608,-5.39342194,43.165,13.313,258,252.867,50.044,99.732,0
113.568,386.718,0.00258586,0.1145416564992008,-2.16681671,39.598,12.334,637,174.685,58.038,235.979,0
125.2,398.35,0.00251036,0.1904776497833927,-1.65822042,40.45,9.664,537,189.335,54.492,148.186,0
114.847,387.997,0.00257734,0.1213105304637193,-2.10940165,40.57,12.595,265,139.843,46.661,210.195,0
107.161,380.311,0.00262943,0.08541416774191045,-2.46024329,45.613,2.117,1080,58.287,65.005,110.63,1
63.451,336.601,0.00297088,0.008564582957523074,-4.76011984,43.831,3.324,416,279.587,64.5,247.996,0
138.323,411.473,0.00243029,0.3266219096507335,-1.11895202,44.109,14.26,866,33.311,60.642,182.564,0
93.275,366.425,0.00272907,0.0436561460302769,-3.1314112,44.161,2.326,944,84.237,56.338,174.623,0
50.883,324.033,0.00308611,0.003941243915157894,-5.53625889,36.986,11.245,182,82.841,45.96,195.703,0
75.169,348.319,0.00287093,0.01679073791262462,-4.08692786,38.543,13.964,848,176.24,47.572,92.943,0
153.618,426.768,0.00234319,0.5872636254996543,-0.53228145,48.464,11.121,242,73.661,54.018,219.714,0
71.961,345.111,0.00289762,0.01402826629624469,-4.26668096,44.909,10.26,910,221.6,49.602,26.784,0
49.056,322.206,0.0031036,0.003503032394935816,-5.65412629,40.43,10.794,1086,169.726,51.203,210.067,0
82.916,356.066,0.00280847,0.0255735296530946,-3.66619746,38.424,13.386,461,196.81,56.877,121.51,0
65.083,338.233,0.00295654,0.00943275930938367,-4.66356662,42.813,3.989,790,63.844,60.306,27.509,0
41.975,315.125,0.00317334,0.002189975885383124,-6.12386475,37.725,3.648,305,149.214,53.508,103.015,0
72.352,345.502,0.00289434,0.01434156200952952,-4.24459352,39.651,4.789,143,253.646,45.685,98.934,0
133.801,406.951,0.0024573,0.2723005567580085,-1.30084883,43.319,9.253,1036,46.764,53.633,69.955,0
96.412,369.562,0.00270591,0.05102819843676783,-2.97537689,39.387,2.998,1024,90.353,64.537,15.773,0
27.064,300.214,0.00333096,0.0007574982309451431,-7.18548936,38.045,6.589,943,53.402,46.222,143.077,0
155.142,428.292,0.00233486,0.621188358719105,-0.47612093,49.828,11.486,298,78.206,57.877,99.233,0
120.823,393.973,0.00253825,0.157855434325358,-1.84607564,43.078,2.571,146,55.492,47.218,16.136,0
48.51,321.66,0.00310887,0.003380908253629771,-5.68961089,35.347,5.721,288,65.334,63.998,245.092,0
167.082,440.232,0.00227153,0.9516290753821328,-0.04957995,44.396,13.856,808,186.406,49.633,86.395,0
40.695,313.845,0.00318629,0.00200715027910355,-6.21103933,40.372,8.599,857,180.27,48.108,148.055,0
111.994,385.144,0.00259643,0.1066718590408061,-2.23799789,45.16,2.603,1132,104.503,66.491,88.752,1
117.521,390.671,0.0025597,0.1366163249372174,-1.99057883,45.466,9.285,289,174.14,66.908,171.966,0
99.495,372.645,0.00268352,0.05933308846779625,-2.82458814,39.695,3.42,228,291.029,55.596,79.29,0
50.214,323.364,0.00309249,0.003775341967062015,-5.57926431,43.275,8.304,475,217.879,61.849,227.89,0
92.925,366.075,0.00273168,0.04289559993194211,-3.14898602,38.643,14.68,774,225.532,51.598,178.178,0
149.847,422.997,0.00236408,0.5101833455995625,-0.67298512,49.08,10.206,839,89.894,60.302,238.138,0
123.725,396.875,0.00251969,0.1788759684146879,-1.72106263,41.956,9.09,299,260.761,53.232,170.964,0
49.603,322.753,0.00309834,0.003629366801252717,-5.61869708,43.057,1.333,309,71.063,48.298,120.888,0
44.541,317.691,0.00314771,0.00260265662822299,-5.95122258,37.818,14.237,330,174.403,48.567,132.176,0
72.325,345.475,0.00289457,0.014319727661497,-4.24611714,41.199,4.24,468,55.628,45.573,150.626,0
123.01,396.16,0.00252423,0.1734799025157817,-1.75169352,45.62,2.065,1164,238.7,49.976,105.006,1
96.88,370.03,0.00270248,0.05221813837515773,-2.95232537,38.955,5.276,357,263.097,51.425,30.105,0
146.641,419.791,0.00238214,0.4517638786885506,-0.79459563,43.094,10.675,401,28.047,64.748,185.922,0
148.186,421.336,0.0023734,0.4791414593004856,-0.7357594,43.887,3.441,1033,171.383,60.582,107.3,0
130.825,403.975,0.0024754,0.2410430121978271,-1.42277989,44.621,12.859,139,283.565,54.832,67.102,0
166.837,439.987,0.00227279,0.9435559512088686,-0.05809961,43.571,6.319,851,28.462,60.429,99.148,0
45.757,318.907,0.00313571,0.002821802146980316,-5.87037954,36.126,7.447,1151,209.924,64.725,237.692,0
115.68,388.83,0.00257182,0.1259071046454086,-2.07221091,40.93,13.398,591,72.693,44.937,227.007,0
58.06,331.21,0.00301923,0.006183765476764368,-5.08582789,41.992,12.872,714,79.034,55.185,164.327,0
146.084,419.234,0.0023853,0.4422351668265139,-0.81591349,43.453,9.696,256,112.255,66.492,95.01,0
158.19,431.34,0.00231836,0.694203296705209,-0.36499043,40.625,5.963,887,68.281,55.984,241.814,0
36.632,309.782,0.00322808,0.001514722304462029,-6.49252315,42.231,4.854,704,53.195,49.795,129.38,0
57.822,330.972,0.0030214,0.006093993325818937,-5.10045169,40.467,3.826,524,194.686,49.184,146.01,0
49.077,322.227,0.0031034,0.003507808147051691,-5.6527639,35.095,6.059,466,78.992,49.239,86.999,0
159.403,432.553,0.00231186,0.7252782224468015,-0.32119994,43.048,2.604,889,82.568,51.972,184.668,0
110.695,383.845,0.00260522,0.1005417298725668,-2.29718242,41.291,6.915,1152,271.107,66.39,106.373,0
30.655,303.805,0.00329159,0.0009875405497186455,-6.920293,44.908,11.61,633,110.304,49.258,220.7,0
75.684,348.834,0.00286669,0.01727700302029696,-4.05837897,37.016,8.979,597,246.194,45.661,7.912,0
54.383,327.533,0.00305313,0.004921550337738784,-5.31413169,38.518,14.901,694,71.712,57.475,243.163,0
136.032,409.182,0.0024439,0.2980170110389552,-1.21060471,42.875,8.515,1195,21.972,49.155,70.082,0
67.126,340.276,0.00293879,0.01063076641908317,-4.54400299,41.663,7.214,440,45.587,46.971,199.506,0
57.628,330.778,0.00302318,0.006021688948615683,-5.1123875,35.92,14.869,406,108.044,61.186,43.076,0
136.946,410.096,0.00243845,0.3091536521125797,-1.17391687,44.612,5.46,290,251.264,46.805,60.513,0
155.081,428.231,0.00233519,0.619798320571569,-0.47836114,43.434,11.393,360,153.219,65.99,234.054,0
121.42,394.57,0.0025344,0.1619921018243051,-1.8202077,45.721,5.783,369,167.629,47.219,136.887,0
145.85,419.0,0.00238663,0.4382848704682544,-0.82488619,48.44,2.639,585,64.628,65.509,226.686,1
97.694,370.844,0.00269655,0.05434677079081924,-2.91237008,36.198,5.465,343,264.574,58.494,100.958,0
106.839,379.989,0.00263166,0.0841418399848692,-2.47525133,37.442,11.269,818,170.037,54.454,36.882,0
54.993,328.143,0.00304745,0.0051133373836954,-5.27590298,36.229,2.104,456,92.625,45.172,178.186,0
119.245,392.395,0.00254845,0.1473670036462084,-1.91482918,45.453,4.807,1189,220.732,58.125,38.753,1
30.339,303.489,0.00329501,0.0009650044381008157,-6.94337786,37.227,13.939,767,64.489,66.63,247.442,0
66.098,339.248,0.0029477,0.01001185682743254,-4.60398521,35.594,4.705,480,94.595,51.063,154.621,0
161.125,434.275,0.00230269,0.7714725382255389,-0.2594542,45.376,8.6,1108,120.741,50.965,231.361,0
141.864,415.014,0.00240956,0.375580265355432,-0.97928307,47.276,3.612,870,71.625,47.516,82.193,1
27.108,300.258,0.00333047,0.0007599928308973882,-7.18220156,40.575,4.231,888,92.88,50.708,143.17,0
151.898,425.048,0.00235268,0.5509294764019282,-0.59614847,49.248,1.251,607,122.221,54.992,93.414,1
148.277,421.427,0.00237289,0.4807983048664105,-0.73230742,41.437,6.348,164,102.296,60.178,245.008,0
26.32,299.47,0.00333923,0.0007164304966965385,-7.24122932,42.068,7.874,704,30.373,59.98,30.876,0
66.593,339.743,0.0029434,0.01030570754609899,-4.57505741,37.562,2.86,778,52.612,58.957,194.878,0
60.986,334.136,0.00299279,0.007389142405613842,-4.9077436,41.728,13.316,267,287.882,65.151,66.279,0
73.052,346.202,0.00288849,0.01491816914988553,-4.2051754,44.226,3.811,711,23.466,61.592,56.926,0
49.744,322.894,0.00309699,0.003662592804993422,-5.60958397,36.181,14.152,719,241.126,57.701,179.866,0
121.012,394.162,0.00253703,0.1591548242264376,-1.83787781,42.847,14.109,788,182.637,50.573,63.066,0
169.129,442.279,0.00226102,1.021460899372827,0.02123386,45.97,8.144,1044,245.834,65.853,217.322,0
63.971,337.121,0.00296629,0.008833059326556527,-4.72925385,35.99,9.802,202,63.625,58.62,97.145,0
50.74,323.89,0.00308747,0.00390523838429047,-5.54543645,38.413,1.193,428,149.766,45.152,186.019,0
164.208,437.358,0.00228646,0.8606033075489989,-0.15012162,44.469,13.192,1077,272.97,52.905,227.319,0
102.388,375.538,0.00266285,0.06819773677160924,-2.6853439,37.853,10.68,1001,208.7,46.874,239.721,0
34.815,307.965,0.00324712,0.001332353954278065,-6.62080801,43.561,2.45,190,298.72,60.171,212.552,0
56.521,329.671,0.00303333,0.005623707005777211,-5.18076422,35.525,3.019,485,169.757,45.057,191.32,0
135.873,409.023,0.00244485,0.2961160940373149,-1.21700369,41.653,10.84,1134,126.105,55.172,138.636,0
26.975,300.125,0.00333195,0.0007524751221460176,-7.19214262,40.593,11.865,702,96.792,64.929,67.601,0
53.58,326.73,0.00306063,0.004678988401992979,-5.36467335,44.803,7.391,968,171.491,67.117,27.246,0
68.356,341.506,0.00292821,0.01141634805494185,-4.47270891,42.004,5.009,703,255.879,48.419,159.925,0
165.232,438.382,0.00228112,0.8921262136517579,-0.11414766,50.65,9.443,437,172.045,52.485,12.801,1
37.277,310.427,0.00322137,0.001584722970738793,-6.44734567,37.666,10.188,1005,77.917,55.805,8.828,0
107.805,380.955,0.00262498,0.08801013269319218,-2.43030333,40.728,11.788,969,109.654,49.075,239.009,0
77.799,350.949,0.00284942,0.0194091026748388,-3.94201311,41.049,5.049,481,141.012,60.681,84.44,0
112.688,385.838,0.00259176,0.1100807082298694,-2.20654147,39.739,14.936,385,246.077,54.894,83.026,0
76.996,350.146,0.00285595,0.01857333963988835,-3.98602808,38.224,6.759,591,116.986,45.653,79.862,0
78.109,351.259,0.0028469,0.01974065873597949,-3.92507487,35.517,10.535,256,104.159,49.17,182.924,0
167.808,440.958,0.00226779,0.9759055161506183,-0.0243895,43.344,8.97,762,121.243,50.037,59.348,0
48.887,322.037,0.00310523,0.003464812504351111,-5.66509676,38.491,8.24,435,90.359,63.696,137.249,0
108.831,381.981,0.00261793,0.09229064669942973,-2.38281248,35.933,1.716,252,22.928,50.442,191.283,0
99.696,372.846,0.00268207,0.05991407209318635,-2.81484388,38.028,6.427,636,27.509,46.173,135.834,0
106.37,379.52,0.00263491,0.08231874534598616,-2.49715643,42.404,3.843,924,42.913,58.442,63.41,0
67.578,340.728,0.00293489,0.01091361656669652,-4.51774404,42.736,12.411,469,169.81,54.873,32.714,0
88.814,361.964,0.00276271,0.03480622757807549,-3.35795895,41.936,2.183,862,278.184,51.987,151.166,0
93.345,366.495,0.00272855,0.04380968934177112,-3.12790027,42.453,3.927,1144,161.239,58.874,227.941,0
58.595,331.745,0.00301436,0.006389931952648292,-5.05303166,36.777,5.019,818,295.428,54.111,181.775,0
76.122,349.272,0.0028631,0.01770045736874552,-4.0341648,41.342,13.76,1078,180.026,50.273,197.517,0
123.025,396.175,0.00252414,0.1735916146991324,-1.75104978,44.407,13.239,1190,152.641,47.934,244.038,0
36.525,309.675,0.00322919,0.001503385200585473,-6.50003591,39.602,10.285,1091,45.561,48.969,124.235,0
85.748,358.898,0.00278631,0.02969049167848624,-3.51692843,43.129,10.248,150,54.937,61.629,167.167,0
51.171,324.321,0.00308336,0.00401467060734986,-5.51779998,35.705,13.59,444,170.931,55.59,101.26,0
133.906,407.056,0.00245666,0.2734656132435069,-1.29657939,47.128,1.441,845,281.397,61.902,28.433,1
148.939,422.089,0.00236917,0.4930030081307619,-0.70724,46.45,7.852,427,62.286,51.125,93.684,0
31.446,304.596,0.00328304,0.001046067054917277,-6.86271781,43.533,4.481,1149,180.288,54.555,183.758,0
76.503,349.653,0.00285998,0.01807634453020633,-4.01315113,43.078,3.224,1148,100.899,45.585,40.576,0
107.384,380.534,0.00262789,0.086305287606176,-2.44986441,40.038,6.137,202,291.459,65.851,38.411,0
111.942,385.092,0.00259678,0.1064202473117797,-2.24035943,36.93,13.741,727,259.312,60.984,100.026,0
27.942,301.092,0.00332124,0.0008087145374034944,-7.12006456,38.952,8.991,331,21.676,45.594,164.811,0
27.343,300.493,0.00332786,0.0007734434264985975,-7.16465803,37.976,10.793,930,196.194,64.339,5.163,0
98.529,371.679,0.00269049,0.05661021398937998,-2.87156585,43.964,2.444,253,294.786,50.356,49.417,0
28.662,301.812,0.00331332,0.0008530458019551679,-7.06669732,40.623,13.224,1197,149.328,65.208,92.257,0
136.477,409.627,0.00244125,0.3033942946288002,-1.19272202,42.338,6.018,499,189.798,62.078,29.41,0
58.955,332.105,0.0030111,0.006532127142098634,-5.03102264,39.553,11.89,363,135.316,45.203,149.782,0
58.011,331.161,0.00301968,0.006165186096436451,-5.08883696,35.309,3.024,1196,97.02,56.85,169.122,0
77.878,351.028,0.00284878,0.01949311887995613,-3.93769375,36.448,9.267,272,63.653,63.599,106.299,0
37.465,310.615,0.00321942,0.001605671915267456,-6.43421297,38.69,3.887,974,122.57,66.567,42.207,0
132.2,405.35,0.002467,0.2550688863318075,-1.36622163,44.962,14.826,298,18.073,62.187,184.23,0
36.924,310.074,0.00322504,0.001546057050700501,-6.47204743,44.916,8.43,409,268.701,45.509,153.454,0
36.99,310.14,0.00322435,0.001553220604455372,-6.46742469,41.621,13.553,1155,56.628,60.621,97.91,0
122.932,396.082,0.00252473,0.1729000210994792,-1.75504176,39.624,12.38,493,85.397,60.559,15.165,0
49.17,322.32,0.00310251,0.003529028761088702,-5.64673258,36.783,8.645,905,240.578,63.42,25.726,0
168.104,441.254,0.00226627,0.9859567308735373,-0.01414281,42.459,2.777,580,142.334,67.187,54.015,0
54.17,327.32,0.00305511,0.004856127518915309,-5.32751397,39.198,1.445,1122,173.139,61.333,130.174,0
108.013,381.163,0.00262355,0.08886340257989765,-2.42065489,38.14,5.387,1145,158.526,64.563,17.797,0
79.212,352.362,0.00283799,0.02096189091405396,-3.86504921,40.643,9.87,646,63.868,48.899,39.424,0
43.795,316.945,0.00315512,0.00247596333569701,-6.00112573,43.163,2.602,951,154.447,54.382,171.214,0
101.09,374.24,0.00267208,0.06408453300892407,-2.74755224,39.754,8.72,949,120.019,50.063,53.356,0
31.362,304.512,0.00328394,0.001039705485235566,-6.86881779,39.322,11.129,884,294.809,47.106,39.218,0
131.438,404.588,0.00247165,0.2472098525149827,-1.3975177,45.627,14.578,1050,174.118,66.29,204.641,0
67.82,340.97,0.00293281,0.01106781795745849,-4.50371366,36.255,11.052,349,66.22,57.837,170.1,0
80.389,353.539,0.00282854,0.02233926211855266,-3.80140952,39.217,14.255,896,246.724,64.752,211.294,0
43.437,316.587,0.00315869,0.002417171056208075,-6.02515741,40.674,12.427,1130,289.893,61.815,196.48,0
154.757,427.907,0.00233696,0.6124605799200363,-0.4902707,44.465,8.649,929,135.29,52.265,241.954,0
137.403,410.553,0.00243574,0.3148577885285405,-1.15563421,47.082,8.137,757,75.98,51.424,132.162,0
72.181,345.331,0.00289577,0.01420378083570551,-4.25424709,38.935,12.241,198,268.368,53.138,56.75,0
58.559,331.709,0.00301469,0.00637586705107167,-5.05523519,36.189,4.802,989,210.22,53.119,64.381,0
48.067,321.217,0.00311316,0.003284666488797624,-5.71849016,36.295,9.617,1128,178.977,51.77,206.685,0
141.965,415.115,0.00240897,0.3770662993013226,-0.97533425,39.112,6.953,424,186.313,54.25,206.987,0
32.5,305.65,0.00327172,0.001128955385413017,-6.78646251,36.414,1.301,778,171.721,61.107,191.731,0
73.649,346.799,0.00288351,0.01542627420319735,-4.17168311,42.358,5.785,224,130.242,60.734,130.397,0
101.385,374.535,0.00266998,0.06499947292703123,-2.73337612,41.177,11.953,1104,159.281,57.533,48.072,0
59.712,332.862,0.00300425,0.006840476641906016,-4.98489787,37.917,7.665,687,56.195,56.984,48.18,0
168.206,441.356,0.00226574,0.9894411036794579,-0.01061504,45.077,11.332,387,123.753,54.034,130.108,0
62.572,335.722,0.00297865,0.008127412691069102,-4.81251265,41.625,10.354,889,180.762,49.223,126.009,0
106.155,379.305,0.0026364,0.08149477927604082,-2.50721632,44.415,6.558,1186,162.632,49.024,197.555,0
92.117,365.267,0.00273772,0.04118474417681804,-3.18968738,44.354,8.973,1045,79.238,57.775,27.62,0
152.925,426.075,0.002347,0.5723801587378027,-0.5579519,44.629,14.931,731,287.36,64.581,166.787,0
48.23,321.38,0.00311158,0.003319786204182521,-5.70785489,36.953,8.245,416,174.92,54.274,24.652,0
132.474,405.624,0.00246534,0.2579480869535076,-1.35499693,40.124,4.38,684,46.112,47.547,249.588,0
87.691,360.841,0.0027713,0.03284775051100552,-3.41587201,42.577,6.693,186,233.131,53.895,144.213,0
126.653,399.803,0.00250123,0.2025499253084491,-1.59676888,38.481,7.949,1072,137.821,45.604,245.155,0
157.818,430.968,0.00232036,0.6849089422684984,-0.37846938,44.171,11.569,324,292.252,52.456,207.268,0
64.507,337.657,0.00296159,0.009117700465841663,-4.69753765,42.594,11.956,635,288.471,51.644,106.812,0
110.582,383.732,0.00260599,0.1000235300095303,-2.30234982,36.328,9.727,680,24.249,58.853,143.649,0
102.444,375.594,0.00266245,0.0683803550672429,-2.6826697,44.452,4.515,779,160.266,56.394,237.901,0
95.543,368.693,0.00271228,0.04888253812952722,-3.01833504,37.844,12.419,1011,42.328,66.14,164.132,0
42.753,315.903,0.00316553,0.002308345773020226,-6.07122413,35.348,8.262,475,238.834,65.895,43.732,0
82.483,355.633,0.00281189,0.0249912491320163,-3.68922955,40.208,13.164,176,185.725,55.699,123.748,0
129.732,402.882,0.00248212,0.2303825771363376,-1.46801397,37.23,8.448,311,73.474,48.291,8.844,0
165.706,438.856,0.00227865,0.9070547239828385,-0.0975525,46.235,6.346,915,146.884,62.331,76.192,0
63.377,336.527,0.00297153,0.008526979698544261,-4.76452006,40.669,6.149,123,231.131,53.259,72.113,0
78.699,351.849,0.00284213,0.02038573181833163,-3.89292004,37.33,12.217,1158,249.316,52.648,249.954,0
105.691,378.841,0.00263963,0.07974144010003698,-2.52896588,35.908,12.747,1037,295.207,49.135,199.675,0
122.51,395.66,0.00252742,0.1697922741869372,-1.77317951,39.223,9.506,1035,277.479,57.972,196.876,0
152.608,425.758,0.00234875,0.5656825529227386,-0.56972222,42.434,9.72,492,38.753,56.89,141.306,0
77.693,350.843,0.00285028,0.01929688172208307,-3.94781176,41.311,7.038,931,245.938,56.723,6.279,0
82.213,355.363,0.00281402,0.02463419470340375,-3.70361977,43.603,13.289,992,37.708,62.766,59.679,0
107.804,380.954,0.00262499,0.08800604804752664,-2.43034974,38.141,7.712,826,231.288,48.198,183.714,0
145.9,419.05,0.00238635,0.4391263454262802,-0.8229681,45.672,12.461,770,166.279,63.108,35.503,0
159.849,432.999,0.00230947,0.7370050040214757,-0.3051606,46.433,2.38,586,138.327,65.847,50.782,1
40.474,313.624,0.00318853,0.001977023976864009,-6.22616261,42.277,3.207,601,169.674,48.764,82.337,0
168.4,441.55,0.00226475,0.996097782251092,-0.00390985,51.113,9.688,1024,94.693,54.75,142.657,1
76.314,349.464,0.00286153,0.01788899596949968,-4.02356951,42.329,12.907,698,145.536,52.054,207.258,0
59.278,332.428,0.00300817,0.006662128643318981,-5.01131623,35.412,8.716,1152,112.638,54.093,110.487,0
76.201,349.351,0.00286245,0.01777781641972036,-4.02980387,37.244,11.547,1107,216.252,61.296,39.16,0
81.322,354.472,0.0028211,0.02348806067537594,-3.75126304,35.441,14.629,103,243.345,45.059,57.372,0
93.299,366.449,0.00272889,0.04370873533808135,-3.1302073,37.242,8.158,544,196.23,48.455,79.015,0
154.043,427.193,0.00234086,0.5965575285838479,-0.5165796,45.568,11.11,330,297.294,65.34,183.883,0
147.739,420.889,0.00237592,0.471075210680635,-0.75273751,44.634,1.449,768,237.484,57.345,128.514,0
158.056,431.206,0.00231908,0.6908427368426291,-0.36984307,46.239,3.512,484,115.09,62.298,188.354,0
149.841,422.991,0.00236412,0.510068122892601,-0.67321099,39.526,7.905,339,263.209,56.093,168.508,0
164.935,438.085,0.00228266,0.8828815800958009,-0.1245642,48.527,13.747,453,96.692,51.576,191.046,0
167.636,440.786,0.00226867,0.9701059494356932,-0.03034999,47.663,6.835,267,99.777,53.09,200.74,0
73.341,346.491,0.00288608,0.01516223015178739,-4.1889478,38.843,10.189,671,63.251,61.768,185.388,0
74.446,347.596,0.0028769,0.01612878161799156,-4.12714992,45.007,10.726,158,177.323,51.272,188.652,0
133.442,406.592,0.00245947,0.2683500710699334,-1.31546292,46.984,11.386,425,256.219,48.672,235.957,0
108.943,382.093,0.00261716,0.0927689085481649,-2.37764373,40.663,5.628,967,118.601,61.724,232.428,0
85.566,358.716,0.00278772,0.02940912091730162,-3.52645042,40.888,6.829,984,208.157,53.128,76.072,0
79.961,353.111,0.00283197,0.02182930087082693,-3.82450214,38.221,13.52,704,105.851,58.191,87.516,0
50.582,323.732,0.00308897,0.003865801975066664,-5.55558612,38.572,10.875,495,248.055,65.142,29.337,0
72.41,345.56,0.00289385,0.01438856647891481,-4.24132138,42.115,4.504,753,112.589,58.335,171.975,0
166.682,439.832,0.0022736,0.9384792718428733,-0.06349451,51.375,1.514,1045,68.215,51.646,52.761,1
160.881,434.031,0.00230398,0.7647750689943259,-0.26817352,49.623,7.444,681,293.734,64.961,168.946,1
50.215,323.365,0.00309248,0.003775585167084383,-5.5791999,36.469,6.746,185,280.887,46.826,224.843,0
125.671,398.821,0.00250739,0.1943195273875733,-1.63825143,46.521,10.093,171,280.6,60.981,36.108,0
64.688,337.838,0.00296,0.009215667611588813,-4.68685024,36.44,4.366,1008,286.41,62.853,153.608,0
105.221,378.371,0.00264291,0.07799964040011884,-2.55105106,44.962,14.175,221,182.196,52.009,237.248,0
103.535,376.685,0.00265474,0.07202591868517028,-2.63072924,37.401,12.405,921,75.049,58.918,188.571,0
108.206,381.356,0.00262222,0.08966169200691912,-2.41171167,41.362,5.599,849,90.611,59.262,63.28,0
161.111,434.261,0.00230276,0.7710868802807367,-0.25995423,41.916,9.734,652,204.88,54.855,63.481,0
84.3,357.45,0.00279759,0.02751692263030777,-3.5929541,42.67,13.831,123,131.052,60.967,211.342,0
95.402,368.552,0.00271332,0.04854207476997179,-3.02532434,38.456,8.838,406,233.634,64.575,158.749,0
138.717,411.867,0.00242797,0.3317768784595043,-1.10329259,45.615,12.094,612,290.377,57.756,94.257,0
164.53,437.68,0.00228477,0.8704096210163343,-0.13879135,44.377,1.396,354,157.328,59.118,241.114,0
155.281,428.431,0.0023341,0.62436599146413,-0.47101856,47.514,11.025,1010,52.452,59.46,104.437,0
162.115,435.265,0.00229745,0.7991736992879254,-0.22417696,41.649,6.994,172,215.39,49.743,53.978,0
80.874,354.024,0.00282467,0.02293000503940107,-3.77530896,44.084,6.617,158,227.434,47.123,119.193,0
140.302,413.452,0.00241866,0.353243130468118,-1.0405987,39.918,9.173,519,226.062,50.825,209.025,0
49.016,322.166,0.00310399,0.003493951987516523,-5.65672181,36.541,5.294,570,175.85,66.029,235.784,0
121.155,394.305,0.00253611,0.1601442272882238,-1.83168045,38.464,4.636,880,284.493,55.064,77.129,0
43.063,316.213,0.00316243,0.002357104684730298,-6.05032124,40.337,3.125,859,175.255,52.416,242.635,0
46.441,319.591,0.003129,0.002952285450801398,-5.82517568,39.246,14.964,587,253.175,49.915,222.37,0
105.93,379.08,0.00263797,0.08064033420457305,-2.51775633,42.66,2.805,772,61.419,50.428,77.836,0
92.719,365.869,0.00273322,0.04245350591386192,-3.15934578,41.775,1.788,321,101.44,47.242,143.416,0
106.601,379.751,0.0026333,0.08321225969531909,-2.48636059,43.158,5.722,397,296.21,65.6,111.737,0
41.592,314.742,0.00317721,0.002133749157364691,-6.14987468,38.853,12.94,1137,287.343,60.574,191.728,0
112.948,386.098,0.00259002,0.1113824212251397,-2.19478576,36.327,4.325,780,59.411,44.937,21.388,0
146.245,419.395,0.00238439,0.4449711750771028,-0.80974577,46.74,6.574,831,212.762,67.068,93.06,0
92.774,365.924,0.00273281,0.04257114150933192,-3.15657868,44.159,13.32,1037,31.761,51.872,136.874,0
82.895,356.045,0.00280863,0.02554501222723143,-3.6673132,35.311,4.608,451,162.486,56.874,109.074,0
131.661,404.811,0.00247029,0.2494874465987914,-1.38834668,46.308,10.256,190,69.052,64.894,133.666,0
140.518,413.668,0.0024174,0.356260836617607,-1.03209213,45.291,14.986,228,71.996,45.738,137.651,0
