Temperature (C),Temperature (K),1/T (1/K),Rate Constant k (1/s),ln(k),Conversion (%),Pressure (bar),Agitation RPM,Residence Time (min),Heat Duty (kJ/mol),Cooling Load (kW),Scale-Up Success
108.942,382.092,0.00261717,0.1945005182893014,-1.63732045,46.051,2.858,1159,63.358,49.586,139.805,1
101.829,374.979,0.00266682,0.1425835207032698,-1.94782734,39.72,13.885,103,265.168,55.558,236.999,0
43.628,316.778,0.00315678,0.006655293263635851,-5.01234276,44.383,2.026,725,43.372,51.718,92.493,0
75.652,348.802,0.00286696,0.04077829799167251,-3.19960525,44.885,8.884,690,115.284,49.218,93.205,0
72.909,346.059,0.00288968,0.03537546970435527,-3.34173665,37.378,9.325,368,60.436,61.237,17.167,0
56.618,329.768,0.00303243,0.01448568042765374,-4.23459467,40.92,10.535,607,160.233,47.367,115.207,0
75.231,348.381,0.00287042,0.03990417169394401,-3.22127441,41.558,14.285,156,26.806,56.079,187.187,0
52.428,325.578,0.00307146,0.01134836965243073,-4.47868119,38.318,5.994,592,52.782,59.191,221.848,0
51.671,324.821,0.00307862,0.01085150506099828,-4.52345149,36.368,4.851,305,257.993,56.419,56.031,0
62.719,335.869,0.00297735,0.02044384333047054,-3.8900735,38.966,13.315,1139,193.006,45.18,60.2,0
141.132,414.282,0.00241381,0.6938993979211233,-0.36542829,49.673,4.102,1020,90.333,41.859,97.878,1
62.028,335.178,0.00298349,0.01967386460567258,-3.92846419,45.122,4.164,233,274.181,53.36,117.36,0
96.1,369.25,0.00270819,0.1100725401057075,-2.20661568,45.271,1.716,494,24.143,43.923,162.768,0
75.115,348.265,0.00287138,0.03966626455745283,-3.22725421,36.897,10.954,667,221.184,47.478,111.958,0
90.722,363.872,0.00274822,0.08569471131373359,-2.45696417,45.48,9.445,472,161.631,55.367,50.943,0
143.587,416.737,0.00239959,0.7584408813312252,-0.27649042,44.164,7.184,1010,101.19,56.968,102.797,0
63.227,336.377,0.00297285,0.02102694528565542,-3.86195055,43.345,2.779,289,265.045,47.123,198.601,0
156.676,429.826,0.00232652,1.197863953955306,0.18053993,52.401,10.123,634,283.183,43.07,86.458,1
141.59,414.74,0.00241115,0.7055650394176622,-0.34875632,47.646,6.761,902,13.44,58.243,75.243,1
129.666,402.816,0.00248252,0.4515067175338564,-0.79516503,41.849,11.404,971,165.25,49.927,249.668,0
168.884,442.034,0.00226227,1.790354313481993,0.58241354,47.552,1.919,913,276.372,59.856,176.638,1
57.827,330.977,0.00302136,0.01552484229057764,-4.16531381,41.713,2.395,1177,207.058,62.238,205.55,0
127.032,400.182,0.00249886,0.4076429538486209,-0.8973636,38.727,12.257,678,81.605,50.443,52.579,0
101.288,374.438,0.00267067,0.1391884370408376,-1.9719266,45.031,5.649,210,104.009,45.754,159.648,0
164.234,437.384,0.00228632,1.540313362048667,0.43198588,51.938,11.799,810,162.975,60.617,244.671,1
175.399,448.549,0.00222941,2.198835499728535,0.7879279,46.98,14.683,908,266.702,44.422,185.241,0
82.52,355.67,0.0028116,0.0576509144302535,-2.85334917,37.134,3.452,459,299.864,45.588,36.214,0
105.742,378.892,0.00263927,0.16938707642467,-1.77556879,36.997,13.919,663,160.515,51.61,35.32,0
98.961,372.111,0.00268737,0.1253828355834455,-2.07638354,45.006,11.142,975,105.865,44.925,144.794,0
90.751,363.901,0.002748,0.08581217697783838,-2.45559436,45.218,12.025,377,154.554,60.844,222.877,0
96.23,369.38,0.00270724,0.1107306780219244,-2.20065435,42.385,14.126,992,104.903,61.244,229.857,0
40.893,314.043,0.00318428,0.005603888868956435,-5.18429448,43.899,3.689,813,189.549,58.482,118.316,0
119.424,392.574,0.00254729,0.3011178786659091,-1.20025347,44.36,3.29,376,261.516,61.345,95.779,0
171.104,444.254,0.00225096,1.921526707637578,0.65312003,55.471,7.195,785,182.583,61.73,91.962,1
66.714,339.864,0.00294235,0.02544645305577312,-3.67117891,38.889,4.898,108,281.715,60.58,10.606,0
144.68,417.83,0.00239332,0.7888096135058102,-0.23723029,45.267,1.948,809,129.247,42.414,30.311,1
82.088,355.238,0.00281501,0.05643113532804426,-2.87473423,44.908,14.107,1117,240.205,56.632,172.339,0
147.948,421.098,0.00237474,0.8859802082508402,-0.12106067,45.591,10.459,502,272.524,53.068,74.426,0
35.578,308.728,0.0032391,0.003977244504368064,-5.52716604,43.607,1.798,387,242.274,48.244,179.986,0
86.833,359.983,0.00277791,0.07117174712541621,-2.64265935,40.984,3.612,878,216.431,57.652,81.09,0
170.358,443.508,0.00225475,1.876557662767155,0.62943907,53.161,2.56,350,64.994,42.026,202.008,1
157.329,430.479,0.00232299,1.224598404427641,0.20261296,48.863,14.33,239,117.064,55.078,245.794,0
178.3,451.45,0.00221508,2.40495378128943,0.87753069,51.033,10.332,787,65.333,58.545,206.588,1
108.286,381.436,0.00262167,0.1891013167649557,-1.66547234,39.0,4.141,609,122.013,51.838,51.803,0
119.248,392.398,0.00254843,0.2989737866275687,-1.20739938,45.819,14.988,753,113.528,47.031,171.482,0
84.93,358.08,0.00279267,0.06489432272862705,-2.73499514,43.151,12.039,222,111.905,54.361,160.094,0
103.623,376.773,0.00265412,0.1543693001425296,-1.86840749,41.744,5.647,290,262.202,57.52,19.534,0
95.326,368.476,0.00271388,0.1062250244497605,-2.24219556,40.271,4.597,800,168.473,57.159,36.488,0
162.623,435.773,0.00229477,1.461000086531173,0.37912119,45.385,11.098,873,118.201,45.143,206.794,0
164.449,437.599,0.0022852,1.551173320617445,0.43901163,50.759,5.821,1038,291.216,44.868,144.294,1
98.003,371.153,0.00269431,0.1200594895456796,-2.11976791,40.221,9.632,251,73.232,43.422,95.328,0
133.459,406.609,0.00245937,0.5218768123922102,-0.65032371,48.491,9.579,933,120.147,43.561,18.257,1
162.165,435.315,0.00229719,1.439103815489615,0.36402057,47.624,4.343,779,150.369,47.606,222.128,1
132.849,405.999,0.00246306,0.5099539548397454,-0.67343484,48.458,12.993,493,49.472,47.378,130.181,0
39.098,312.248,0.00320258,0.004997663076431523,-5.29878486,38.017,14.418,694,288.317,44.49,128.547,0
178.673,451.823,0.00221326,2.432617900442495,0.888968,48.08,10.357,505,209.806,59.944,41.418,0
125.298,398.448,0.00250974,0.3808384787611802,-0.96537993,42.899,6.341,1039,210.345,48.101,57.402,0
55.383,328.533,0.00304383,0.01348884916069819,-4.30589192,41.192,10.963,168,117.969,45.349,91.354,0
46.761,319.911,0.00312587,0.008075007569428324,-4.81898147,44.997,1.129,1093,236.751,46.038,68.614,1
97.438,370.588,0.00269841,0.1170142115825354,-2.14545989,44.348,2.856,824,16.039,57.345,225.848,0
122.912,396.062,0.00252486,0.346475001315412,-1.05994461,40.73,4.346,160,82.529,44.674,13.434,0
136.942,410.092,0.00243848,0.5947108261995835,-0.51968,41.656,9.393,533,228.194,55.503,6.822,0
48.367,321.517,0.00311026,0.008903383203623981,-4.72132394,43.355,14.726,1111,263.45,55.955,51.591,0
152.387,425.537,0.00234997,1.034457711306048,0.03387734,42.997,3.001,532,226.046,59.439,245.364,0
124.442,397.592,0.00251514,0.3681829379909759,-0.99917535,42.477,1.733,1010,101.651,57.592,89.593,0
166.923,440.073,0.00227235,1.680956123864522,0.51936275,48.068,1.211,943,66.063,43.473,24.127,1
128.641,401.791,0.00248886,0.4339718871316668,-0.83477552,48.484,8.626,280,50.684,48.979,43.171,0
86.406,359.556,0.00278121,0.0697182723735178,-2.66329284,44.929,9.735,704,281.644,46.257,164.936,0
137.753,410.903,0.00243366,0.6128849025846694,-0.48957812,40.743,6.792,135,106.546,58.663,108.423,0
123.37,396.52,0.00252194,0.3528527774483552,-1.04170437,46.331,9.137,946,274.523,55.834,147.934,0
98.8,371.95,0.00268853,0.1244739246637331,-2.08365903,40.362,9.923,870,147.651,44.681,202.815,0
33.0,306.15,0.00326637,0.003353465804159324,-5.6977609,37.687,12.591,1179,214.233,47.464,97.669,0
121.095,394.245,0.00253649,0.3221539462664094,-1.13272575,44.997,12.151,1043,101.973,52.43,205.058,0
60.752,333.902,0.00299489,0.01831977804077202,-3.99977404,42.665,4.253,1178,220.652,59.751,37.521,0
76.135,349.285,0.00286299,0.04180207684691475,-3.17480926,42.581,7.719,843,296.775,55.719,217.897,0
87.043,360.193,0.00277629,0.07189635737331208,-2.63252968,38.497,10.13,1121,191.648,52.544,74.316,0
77.506,350.656,0.0028518,0.04483358633920811,-3.10479773,41.755,11.767,665,225.804,49.892,166.45,0
43.94,317.09,0.00315368,0.006785851101771281,-4.99291555,41.907,12.281,810,121.681,50.265,57.642,0
128.801,401.951,0.00248787,0.4366693024065666,-0.82857912,39.004,7.764,342,125.705,42.874,180.583,0
117.926,391.076,0.00255705,0.2832910325569717,-1.26128053,44.279,7.782,1135,42.975,46.926,150.164,0
101.704,374.854,0.00266771,0.1417926666360984,-1.95338938,39.48,5.051,907,157.353,45.087,49.485,0
67.074,340.224,0.00293924,0.02594681960564241,-3.65170624,39.554,14.997,829,30.61,59.794,80.57,0
48.134,321.284,0.00311251,0.00877865880321965,-4.73543164,43.356,8.426,738,162.102,44.907,220.505,0
166.277,439.427,0.00227569,1.646199173989682,0.4984691,48.639,1.362,159,208.668,47.684,164.116,1
160.865,434.015,0.00230407,1.378484801057727,0.32098493,43.685,9.225,378,93.089,55.946,186.179,0
171.992,445.142,0.00224647,1.976257996527732,0.68120516,53.802,11.222,765,189.446,60.983,156.878,1
154.135,427.285,0.00234036,1.098566070271191,0.09400576,44.004,11.278,990,125.018,42.798,196.418,0
48.822,321.972,0.00310586,0.00915153698751808,-4.69383344,38.96,2.23,795,58.542,55.087,237.871,0
53.016,326.166,0.00306592,0.01174827049536744,-4.44404924,38.473,1.377,726,252.653,60.815,123.243,0
130.915,404.065,0.00247485,0.4737053254466732,-0.74716983,48.834,14.268,925,76.195,62.186,148.389,0
162.366,435.516,0.00229613,1.44867827939337,0.37065161,49.618,1.76,1174,191.558,59.37,123.534,1
47.756,320.906,0.00311618,0.00857964805870208,-4.75836239,44.535,8.57,834,99.521,59.499,136.783,0
73.178,346.328,0.00288744,0.03587557558624875,-3.32769856,38.044,13.098,876,260.024,51.132,81.337,0
179.921,453.071,0.00220716,2.527166143966749,0.92709857,50.655,12.763,498,240.759,42.056,98.181,0
158.152,431.302,0.00231856,1.259024483161417,0.2303372,45.294,4.146,1038,35.682,54.701,119.112,0
32.029,305.179,0.00327677,0.003142418856222109,-5.76276244,39.969,13.175,258,17.856,50.774,155.554,0
84.197,357.347,0.0027984,0.06261042320889676,-2.77082351,43.417,5.307,955,11.845,48.668,11.246,0
119.861,393.011,0.00254446,0.3064998027953993,-1.18253817,41.253,7.4,840,149.017,58.835,47.791,0
87.336,360.486,0.00277403,0.07291826699894363,-2.6184161,40.912,11.585,1159,82.646,42.675,11.441,0
41.596,314.746,0.00317717,0.005858797247077466,-5.13981094,36.608,4.132,363,51.172,53.379,196.483,0
85.692,358.842,0.00278674,0.06734649344475532,-2.69790444,42.864,7.256,340,160.27,49.362,205.767,0
106.442,379.592,0.00263441,0.1746226720481603,-1.74512779,41.184,7.283,362,184.181,43.215,66.293,0
173.496,446.646,0.00223891,2.072007634400759,0.72851801,56.01,7.508,757,54.298,41.645,231.346,1
37.513,310.663,0.00321892,0.004512153514584069,-5.40098074,43.955,5.729,221,174.209,61.116,45.048,0
158.042,431.192,0.00231915,1.254375425358879,0.22663778,44.915,1.968,947,287.485,59.227,155.859,1
122.502,395.652,0.00252747,0.3408512785791419,-1.07630903,42.946,9.256,492,76.061,42.914,95.854,0
172.211,445.361,0.00224537,1.989959603198358,0.68811434,53.727,14.524,255,146.204,49.259,199.526,1
145.332,418.482,0.00238959,0.8074223765326313,-0.21390836,45.76,11.713,596,166.587,60.01,62.06,0
96.273,369.423,0.00270692,0.1109491322607911,-2.19868345,39.046,4.912,534,184.434,47.797,223.527,0
45.368,318.518,0.00313954,0.00741326393643737,-4.90448446,37.11,10.441,420,136.209,45.115,247.06,0
95.909,369.059,0.00270959,0.1091118413825365,-2.21538186,38.599,6.962,510,233.924,51.336,144.127,0
54.478,327.628,0.00305224,0.01279783393298446,-4.35847935,39.175,6.499,708,164.935,49.912,247.027,0
75.556,348.706,0.00286775,0.04057748872905552,-3.20454183,36.59,9.255,815,137.698,47.494,128.28,0
142.611,415.761,0.00240523,0.7321847343142415,-0.31172243,42.257,10.66,102,113.821,62.238,231.462,0
114.028,387.178,0.00258279,0.2411600619534063,-1.42229441,38.713,6.319,800,195.326,53.161,117.963,0
163.375,436.525,0.00229082,1.497574052922278,0.4038465,49.696,1.672,1107,15.622,50.991,59.18,1
91.332,364.482,0.00274362,0.08819571401297104,-2.42819691,43.247,6.304,882,72.235,49.756,89.936,0
170.694,443.844,0.00225304,1.896698753608365,0.64011488,47.531,12.672,935,205.478,61.147,37.137,0
127.564,400.714,0.00249555,0.4161898095478874,-0.87661385,38.838,12.215,1187,262.68,61.971,130.537,0
41.399,314.549,0.00317915,0.005786333665571937,-5.15225641,44.953,9.833,914,208.818,42.82,78.108,0
122.592,395.742,0.0025269,0.3420788765147001,-1.07271394,39.732,2.837,1131,182.58,44.95,173.428,0
139.196,412.346,0.00242515,0.6464166057720075,-0.43631108,49.875,3.528,450,95.867,54.765,114.93,1
39.504,312.654,0.00319842,0.005129362270988427,-5.27277394,43.099,7.749,466,291.99,48.392,120.621,0
43.561,316.711,0.00315745,0.006627553006311219,-5.01651962,42.086,12.182,869,136.419,50.579,71.234,0
60.114,333.264,0.00300062,0.01767447572702151,-4.03563373,39.217,8.46,113,91.685,48.368,78.519,0
65.74,338.89,0.00295081,0.02413551874455568,-3.72407072,38.594,6.679,794,15.379,44.882,150.57,0
159.934,433.084,0.00230902,1.336435528299586,0.29000602,47.702,13.542,1195,93.227,50.083,165.221,0
81.108,354.258,0.0028228,0.05374847485992951,-2.92343999,44.119,5.78,273,47.294,50.279,234.116,0
179.38,452.53,0.0022098,2.485801244360295,0.91059504,52.515,11.691,1079,139.764,56.475,24.741,1
44.244,317.394,0.00315066,0.006915270343689254,-4.97402322,41.114,11.008,665,35.285,51.865,121.743,0
48.68,321.83,0.00310723,0.00907343335854127,-4.70240455,44.031,8.151,815,239.653,52.792,238.768,0
141.844,414.994,0.00240967,0.7121076669708553,-0.33952616,44.797,9.169,490,177.553,58.081,219.302,0
124.32,397.47,0.00251591,0.3664094561337863,-1.00400384,48.09,8.484,1178,236.077,48.917,150.728,1
174.585,447.735,0.00223346,2.143794493469346,0.76257739,48.139,11.01,987,95.335,54.964,198.147,0
47.175,320.325,0.00312183,0.008281647886634935,-4.79371331,42.209,5.583,1039,223.16,49.693,234.629,0
36.318,309.468,0.00323135,0.004174658232001705,-5.47872278,41.248,3.601,1025,49.446,55.523,160.934,0
39.46,312.61,0.00319887,0.005114940079769854,-5.27558959,35.525,6.937,938,255.12,58.032,173.501,0
92.751,365.901,0.00273298,0.09426467579558528,-2.36164875,44.066,14.126,1042,221.635,46.815,66.648,0
159.374,432.524,0.00231201,1.311678809453515,0.27130785,52.383,13.105,616,132.149,57.575,99.077,1
122.095,395.245,0.00253008,0.335347728460146,-1.09258729,45.959,1.337,1066,18.292,51.943,34.344,1
49.354,322.504,0.00310074,0.009449541411956218,-4.66178907,41.206,13.347,709,190.364,47.68,6.472,0
49.543,322.693,0.00309892,0.009557488284826214,-4.65043032,41.041,4.205,153,176.758,50.825,120.086,0
45.453,318.603,0.0031387,0.00745220214344179,-4.8992457,38.716,3.932,668,169.123,47.739,144.71,0
32.763,305.913,0.0032689,0.00330080699756927,-5.7135883,35.803,3.845,821,223.971,59.98,47.876,0
77.717,350.867,0.00285008,0.04531707549823364,-3.09407137,45.093,5.306,374,126.181,61.322,98.563,0
106.431,379.581,0.00263448,0.1745393113314485,-1.74560528,45.861,12.537,997,84.366,53.108,41.142,0
172.731,445.881,0.00224275,2.022819871643625,0.70449251,51.195,1.099,588,119.546,45.184,50.759,1
157.267,430.417,0.00232333,1.222038151138414,0.20052008,46.479,2.186,139,121.166,60.967,114.969,1
42.318,315.468,0.00316989,0.006131404005123744,-5.09433152,45.003,1.025,329,45.494,45.126,124.443,0
144.981,418.131,0.00239159,0.797355597109934,-0.22645453,44.668,5.731,208,266.82,59.585,20.663,0
70.694,343.844,0.0029083,0.03148751648121065,-3.45816411,37.437,14.997,580,57.509,59.787,47.448,0
138.34,411.49,0.00243019,0.6263384043908573,-0.46786447,42.84,11.189,421,150.124,50.255,138.024,0
117.276,390.426,0.0025613,0.2758476444099885,-1.28790658,37.731,14.687,215,299.452,58.262,57.175,0
166.784,439.934,0.00227307,1.673424692673398,0.51487224,45.41,10.69,229,228.158,42.697,249.548,0
47.885,321.035,0.00311493,0.008647104591684659,-4.75053074,35.397,6.038,371,182.424,49.543,108.282,0
166.708,439.858,0.00227346,1.669319063078166,0.5124158,45.029,10.233,618,100.024,58.814,39.99,0
145.795,418.945,0.00238695,0.8208696097342361,-0.197391,44.034,6.827,1110,180.553,60.861,128.991,0
111.871,385.021,0.00259726,0.2202935361560212,-1.51279437,45.105,1.197,236,158.257,57.728,131.867,0
82.865,356.015,0.00280887,0.05864176636980016,-2.8363081,36.813,9.43,788,28.432,57.216,233.748,0
79.284,352.434,0.00283741,0.04905497956966789,-3.01481358,40.301,10.076,909,109.609,58.6,143.37,0
110.638,383.788,0.00260561,0.2090914504301414,-1.56498356,40.304,6.668,136,281.028,42.375,141.602,0
52.164,325.314,0.00307395,0.01117282320547928,-4.49427095,44.375,9.28,275,129.021,56.559,181.818,0
60.282,333.432,0.00299911,0.0178423980468063,-4.02617774,44.315,2.286,1133,151.996,62.284,112.613,0
150.423,423.573,0.00236087,0.9663074861626173,-0.03427319,45.513,6.792,771,93.558,55.715,56.759,0
83.894,357.044,0.00280078,0.06168732195177039,-2.78567685,41.59,5.767,990,233.367,49.581,125.724,0
31.237,304.387,0.00328529,0.002979236301847043,-5.81608829,40.231,10.602,642,24.109,59.489,15.664,0
105.512,378.662,0.00264088,0.1676971848492274,-1.7855954,46.334,13.469,766,168.61,53.536,100.286,0
95.639,368.789,0.00271158,0.1077664031935517,-2.22778933,41.517,12.452,162,216.045,54.734,153.622,0
103.88,377.03,0.00265231,0.15612597396837,-1.85709207,37.621,11.876,562,291.236,46.935,221.753,0
176.272,449.422,0.00222508,2.259206864174556,0.81501381,49.545,9.353,525,32.118,42.299,71.861,1
134.213,407.363,0.00245481,0.5369488239498053,-0.62185249,43.182,13.829,162,251.67,56.081,141.796,0
163.484,436.634,0.00229025,1.502940148178494,0.40742329,52.14,4.768,536,288.48,47.346,45.102,1
112.857,386.007,0.00259063,0.2296268091612398,-1.47129986,43.923,14.993,883,171.84,53.729,121.155,0
39.478,312.628,0.00319869,0.00512083564987363,-5.27443764,35.663,7.76,102,212.65,61.863,224.005,0
139.28,412.43,0.00242465,0.6484166706626557,-0.43322178,47.726,14.338,528,185.536,55.782,144.347,0
104.057,377.207,0.00265106,0.1573460236081617,-1.84930793,44.79,1.753,821,241.406,57.269,235.073,0
162.829,435.979,0.00229369,1.470941733625285,0.38590283,49.028,8.216,1021,95.54,47.003,228.896,1
48.801,321.951,0.00310606,0.009139948582659976,-4.69510052,37.355,11.175,145,71.315,52.866,218.945,0
43.999,317.149,0.00315309,0.006810797096168374,-4.98924612,44.163,4.777,937,203.259,48.981,82.876,0
175.988,449.138,0.00222649,2.23941329734586,0.80621391,49.016,5.906,722,42.743,48.225,25.513,1
152.307,425.457,0.00235041,1.031602731372858,0.03111364,43.841,14.394,228,126.531,60.98,126.174,0
74.694,347.844,0.00287485,0.0388133785346141,-3.24899028,45.271,4.776,151,38.814,54.738,113.261,0
84.501,357.651,0.00279602,0.06354884585878273,-2.75594644,42.638,7.168,815,47.644,52.99,168.721,0
84.395,357.545,0.00279685,0.06322022783137851,-2.76113097,43.552,4.493,375,219.95,42.646,228.231,0
109.731,382.881,0.00261178,0.2011732654635247,-1.60358873,43.352,12.916,1000,107.673,54.501,104.668,0
100.646,373.796,0.00267526,0.1352520107586299,-2.00061549,44.877,1.319,1143,161.205,50.692,62.567,1
73.466,346.616,0.00288504,0.03641796468051388,-3.31269309,36.856,7.439,399,217.009,49.108,159.146,0
147.036,420.186,0.0023799,0.8578737635143605,-0.15329832,44.803,13.592,848,255.176,47.254,225.748,0
111.679,384.829,0.00259856,0.2185153167309677,-1.52089917,42.407,2.196,1112,257.203,57.983,21.118,0
141.778,414.928,0.00241006,0.7104025746566294,-0.34192346,42.517,2.758,419,204.923,54.149,213.877,0
34.479,307.629,0.00325067,0.003699561822425944,-5.59954089,38.277,11.344,947,76.071,46.921,107.222,0
37.6,310.75,0.00321802,0.004537658219666469,-5.39534421,43.175,10.318,255,110.37,50.063,185.937,0
68.731,341.881,0.00292499,0.02836479256089431,-3.5626066,39.619,1.809,1114,189.594,56.452,15.001,0
107.831,380.981,0.0026248,0.1854341655666744,-1.68505536,42.556,3.852,761,202.871,56.805,228.354,0
57.426,330.576,0.00302502,0.01517301653176281,-4.18823666,39.385,14.431,1031,161.68,42.174,124.362,0
33.561,306.711,0.0032604,0.003481146705565104,-5.66039353,37.346,7.615,429,280.72,52.137,112.583,0
114.298,387.448,0.00258099,0.2438902034537911,-1.41103714,42.487,2.34,442,62.53,51.385,163.719,0
40.622,313.772,0.00318703,0.005508319442143346,-5.2014957,42.477,11.025,710,81.607,51.897,22.609,0
31.133,304.283,0.00328641,0.002958386415548545,-5.82311129,36.61,3.562,949,225.416,42.889,214.198,0
128.008,401.158,0.00249278,0.4234420877043779,-0.85933852,45.101,12.819,220,75.594,56.394,168.531,0
83.886,357.036,0.00280084,0.0616631138771201,-2.78606936,38.617,6.699,253,72.324,57.61,112.198,0
32.519,305.669,0.00327151,0.003247373350532279,-5.72990881,41.835,12.593,307,140.135,52.528,11.727,0
135.04,408.19,0.00244984,0.55391406543426,-0.59074572,48.246,12.602,275,52.2,43.33,97.044,0
52.402,325.552,0.00307171,0.01133097196137078,-4.48021542,42.843,1.057,537,258.753,45.979,77.689,0
33.773,306.923,0.00325815,0.003530527142504078,-5.64630809,40.609,14.127,361,257.828,53.272,166.952,0
75.006,348.156,0.00287228,0.03944386339461511,-3.2328768,39.3,8.428,493,170.91,58.99,155.786,0
141.887,415.037,0.00240942,0.7132204690295019,-0.33796469,49.292,4.281,1157,258.705,50.097,227.22,1
69.185,342.335,0.00292112,0.02906138948507747,-3.53834481,35.583,3.613,834,196.31,58.997,39.819,0
80.655,353.805,0.00282642,0.05254711080541816,-2.94604516,37.574,8.295,241,229.347,53.285,68.118,0
134.657,407.807,0.00245214,0.5460000599040434,-0.60513619,45.304,11.957,1006,232.187,56.984,80.648,0
81.1,354.25,0.00282287,0.05372704924204123,-2.92383869,36.005,13.808,674,131.015,60.514,163.024,0
141.64,414.79,0.00241086,0.7068488205311303,-0.34693847,45.576,12.728,236,37.112,48.047,72.66,0
143.022,416.172,0.00240285,0.7431436924092898,-0.29686586,45.058,2.044,144,285.927,48.369,46.866,0
38.807,311.957,0.00320557,0.004905148999753699,-5.31746981,41.406,11.221,799,57.654,52.706,94.596,0
96.126,369.276,0.002708,0.1102038910105644,-2.20542307,37.652,9.239,489,102.694,56.19,134.044,0
101.788,374.938,0.00266711,0.1423236938068149,-1.94965128,42.505,13.111,1101,237.401,57.867,189.024,0
152.954,426.104,0.00234684,1.054888731962623,0.05343529,47.888,1.554,987,56.248,57.282,191.878,1
32.985,306.135,0.00326653,0.003350110639271116,-5.69876191,36.952,3.573,906,242.851,53.121,14.158,0
32.758,305.908,0.00326896,0.003299704133143744,-5.71392247,42.466,9.431,907,101.046,49.79,163.743,0
108.126,381.276,0.00262277,0.1878045753679941,-1.67235335,46.322,4.315,320,175.865,58.411,131.539,0
83.592,356.742,0.00280315,0.06077928397621341,-2.80050627,43.827,4.653,489,254.222,52.684,31.99,0
161.935,435.085,0.0022984,1.428214833179251,0.3564253,46.808,14.277,993,253.483,48.228,224.592,0
117.044,390.194,0.00256283,0.2732326871304055,-1.29743151,38.087,9.168,1185,298.081,46.508,157.178,0
91.222,364.372,0.00274445,0.08774000462122236,-2.43337733,39.646,10.011,860,266.512,53.786,16.226,0
50.851,324.001,0.00308641,0.01033536496688829,-4.57218377,38.5,9.45,184,247.918,47.102,80.818,0
144.891,418.041,0.00239211,0.7947919542119498,-0.22967489,41.466,2.006,150,276.532,57.433,7.781,0
79.393,352.543,0.00283653,0.04932488091145371,-3.00932664,37.969,11.953,160,109.034,53.533,212.11,0
162.245,435.395,0.00229677,1.44290800155255,0.36666052,48.496,11.232,850,105.883,45.897,224.869,0
142.186,415.336,0.00240769,0.7210001146888836,-0.32711598,48.103,3.899,1157,265.595,43.128,192.337,1
34.15,307.3,0.00325415,0.003619903419046595,-5.62130793,42.255,13.518,324,275.506,54.967,67.541,0
99.238,372.388,0.00268537,0.1269603043030516,-2.06388081,41.828,13.93,359,290.841,56.939,13.566,0
81.37,354.52,0.00282072,0.05445436433645624,-2.91039228,35.759,12.233,188,152.613,61.462,232.488,0
168.675,441.825,0.00226334,1.778411131871699,0.57572034,46.659,13.168,1115,254.613,44.374,146.563,0
51.18,324.33,0.00308328,0.0105397460372715,-4.55260183,42.279,9.361,550,92.671,43.943,150.304,0
157.306,430.456,0.00232312,1.223648093883167,0.20183664,51.662,8.849,835,203.289,58.429,140.52,1
60.058,333.208,0.00300113,0.01761881622185949,-4.03878784,42.298,4.385,813,175.636,45.277,236.042,0
138.086,411.236,0.00243169,0.6204858067230865,-0.47725255,48.634,1.604,483,92.079,43.244,165.971,1
128.271,401.421,0.00249115,0.4277896675890867,-0.84912364,42.277,12.464,1080,219.68,49.308,96.324,0
130.753,403.903,0.00247584,0.4707734814881228,-0.75337823,46.396,4.933,936,74.008,57.795,40.118,1
109.725,382.875,0.00261182,0.2011217736215769,-1.60384472,45.626,1.219,751,170.974,46.934,237.312,1
168.03,441.18,0.00226665,1.741983346436053,0.55502432,47.371,8.661,1146,287.568,62.115,25.429,1
99.099,372.249,0.00268637,0.1261665506986862,-2.07015241,45.655,13.6,1135,59.573,53.271,191.048,0
101.423,374.573,0.00266971,0.1400289062139323,-1.9659064,37.941,14.723,927,92.856,55.435,149.471,0
105.843,378.993,0.00263857,0.170133875819342,-1.77116965,38.228,5.966,120,270.324,50.127,67.664,0
117.371,390.521,0.00256068,0.2769247284448803,-1.28400955,43.902,13.182,1154,180.774,54.286,68.937,0
82.656,355.806,0.00281052,0.05803972523139458,-2.84662759,35.863,13.159,874,210.442,47.286,33.405,0
48.615,321.765,0.00310786,0.009037881624927245,-4.70633047,39.722,6.714,637,222.274,41.915,236.745,0
114.953,388.103,0.00257664,0.2506261400766636,-1.38379293,47.161,9.371,270,100.795,47.971,245.027,0
173.155,446.305,0.00224062,2.049956922467023,0.71781878,52.558,6.915,163,76.2,56.778,48.392,1
54.687,327.837,0.0030503,0.01295453881461806,-4.34630906,39.803,10.667,675,24.519,48.688,192.066,0
135.504,408.654,0.00244706,0.5636352442883058,-0.57334797,39.568,7.238,849,48.103,49.445,95.076,0
101.986,375.136,0.0026657,0.1435823317474956,-1.94084667,44.95,6.895,677,284.38,44.928,20.083,0
142.577,415.727,0.00240542,0.7312844622043304,-0.31295275,46.622,6.222,796,114.002,57.193,58.037,0
88.685,361.835,0.00276369,0.07779091013197649,-2.55373069,42.548,5.413,574,142.658,50.4,208.236,0
53.014,326.164,0.00306594,0.0117468891667433,-4.44416683,36.025,7.042,823,252.611,45.858,149.237,0
64.54,337.69,0.0029613,0.02260340605748416,-3.78965467,42.073,6.351,983,86.937,55.054,206.15,0
87.989,361.139,0.00276902,0.07524212841761335,-2.58704399,39.642,14.774,1082,157.964,60.238,179.61,0
175.223,448.373,0.00223029,2.186833284903983,0.78245451,52.469,10.474,546,76.519,61.574,125.679,1
134.975,408.125,0.00245023,0.5525639723661087,-0.59318607,43.363,14.239,817,246.405,45.368,204.534,0
90.65,363.8,0.00274876,0.08540368650290363,-2.46036601,41.531,5.255,1091,134.123,45.863,119.418,0
160.329,433.479,0.00230692,1.354139022119886,0.30316584,47.796,11.048,906,294.074,51.046,85.203,0
106.134,379.284,0.00263655,0.1723017483499453,-1.75850799,44.429,3.671,1099,283.944,60.922,134.884,0
162.669,435.819,0.00229453,1.463215036480441,0.38063609,47.638,7.351,854,230.683,49.04,230.603,0
140.44,413.59,0.00241785,0.6765910250755817,-0.39068829,43.132,14.524,645,125.203,53.206,69.196,0
96.343,369.493,0.00270641,0.1113055684605508,-2.19547599,40.661,9.211,362,56.129,52.952,243.141,0
95.805,368.955,0.00271036,0.1085918544351079,-2.22015888,41.798,1.46,526,277.114,44.567,85.545,0
63.454,336.604,0.00297085,0.02129226866577685,-3.84941125,41.658,14.374,1183,264.87,52.85,9.425,0
42.265,315.415,0.00317043,0.006111011608966524,-5.09766295,38.41,13.926,109,62.75,50.398,41.101,0
41.96,315.11,0.00317349,0.005994839828207964,-5.11685621,40.093,12.38,382,256.631,44.545,40.483,0
39.356,312.506,0.00319994,0.005080996241418638,-5.28224793,38.411,2.817,932,146.776,42.289,111.556,0
159.163,432.313,0.00231314,1.302453878970706,0.26425008,50.183,6.707,950,188.674,49.242,89.319,1
148.757,421.907,0.00237019,0.9115757905677327,-0.09258054,44.768,14.472,299,241.645,56.428,119.206,0
144.821,417.971,0.00239251,0.7928029495158103,-0.23218058,49.817,7.949,1094,244.617,43.795,55.262,1
47.921,321.071,0.00311458,0.008666014416553833,-4.74834629,35.605,3.163,330,21.345,51.891,52.261,0
174.876,448.026,0.00223201,2.163334149656067,0.77165062,55.113,9.207,1032,136.027,56.169,96.977,1
98.608,371.758,0.00268992,0.1233975992922923,-2.09234362,44.374,5.809,873,167.098,56.968,66.551,0
130.688,403.838,0.00247624,0.4696015740822431,-0.75587066,40.804,3.943,544,208.042,48.972,20.521,0
58.46,331.61,0.00301559,0.01609507917159054,-4.1292417,44.358,11.167,196,208.609,41.882,243.567,0
37.876,311.026,0.00321517,0.004619431325642721,-5.37748367,40.225,7.376,1137,194.805,47.472,43.702,0
149.75,422.9,0.00236463,0.9438653026950895,-0.05777181,43.685,7.148,1033,175.431,52.789,56.454,0
143.058,416.208,0.00240264,0.7441103388162338,-0.29556595,44.842,6.257,683,266.771,57.476,44.772,0
118.242,391.392,0.00255498,0.2869727210120851,-1.24836812,41.701,9.032,887,31.409,60.821,28.697,0
97.518,370.668,0.00269783,0.1174412202459951,-2.14181732,36.341,10.525,1009,249.864,50.81,93.281,0
110.78,383.93,0.00260464,0.2103555579599577,-1.55895605,44.647,8.182,814,289.189,50.845,200.933,0
114.494,387.644,0.00257969,0.2458890103915176,-1.40287502,45.378,6.469,787,24.61,57.063,175.192,0
45.989,319.139,0.00313343,0.007702001991620664,-4.86627499,41.294,5.163,1025,46.597,53.241,108.592,0
82.475,355.625,0.00281195,0.05752277304474437,-2.85557436,37.844,2.056,476,113.999,54.802,23.375,0
142.37,415.52,0.00240662,0.7258240757621447,-0.32044761,41.565,11.919,263,75.935,59.503,188.503,0
179.649,452.799,0.00220849,2.506296029629383,0.91880598,47.698,12.36,981,205.639,56.935,60.017,0
103.719,376.869,0.00265344,0.1550234448785368,-1.86417892,43.719,3.771,125,45.584,42.299,196.089,0
77.754,350.904,0.00284978,0.04540233333185124,-3.09219178,44.465,6.731,1016,233.438,58.296,239.756,0
59.87,333.02,0.00300282,0.01743310284913136,-4.04938442,40.03,6.02,946,110.393,53.649,106.986,0
62.465,335.615,0.0029796,0.02015774089720283,-3.9041669,40.207,10.219,958,65.201,45.931,42.911,0
68.695,341.845,0.0029253,0.02831019755092963,-3.5645332,36.526,11.807,1105,203.337,51.411,53.667,0
41.811,314.961,0.003175,0.005938812383495804,-5.1262461,38.208,3.724,729,115.669,48.657,142.746,0
156.119,429.269,0.00232954,1.17545919439858,0.16165887,42.955,14.515,769,247.149,48.74,41.13,0
76.735,349.885,0.00285808,0.04310561037560113,-3.14410212,36.037,9.906,455,12.409,60.859,139.805,0
94.166,367.316,0.00272245,0.1006807975036643,-2.29580019,45.104,11.522,1199,210.263,47.89,211.822,0
124.266,397.416,0.00251626,0.3656268561329366,-1.00614198,47.044,13.429,816,18.338,56.234,16.761,0
31.209,304.359,0.00328559,0.002973609862513504,-5.81797862,38.777,10.558,263,164.627,53.631,120.754,0
138.122,411.272,0.00243148,0.6213124088654656,-0.47592125,46.931,4.524,745,244.221,61.7,216.273,1
87.029,360.179,0.0027764,0.07184784773504298,-2.63320462,41.501,6.683,378,25.049,41.843,80.463,0
176.998,450.148,0.00222149,2.310488194580673,0.83745884,51.673,11.77,1172,225.967,57.253,56.213,1
153.947,427.097,0.00234139,1.091510456534151,0.08756248,47.837,6.863,283,240.993,53.411,247.938,0
34.341,307.491,0.00325213,0.003665958428254487,-5.60866547,40.186,1.968,1127,231.149,46.353,122.57,0
145.055,418.205,0.00239117,0.7994688446764349,-0.22380772,47.214,8.88,947,65.21,57.336,14.498,0
77.559,350.709,0.00285137,0.04495459875814017,-3.10210221,42.711,4.222,120,115.603,43.032,97.905,0
137.809,410.959,0.00243333,0.6141574469817875,-0.48750396,46.564,10.86,543,28.771,42.945,231.552,0
85.58,358.73,0.00278761,0.06698100450581594,-2.70334621,37.301,11.707,169,249.748,49.714,124.99,0
111.683,384.833,0.00259853,0.2185522341885028,-1.52073023,44.848,12.256,1097,124.712,53.299,161.347,0
72.636,345.786,0.00289196,0.0348742757694234,-3.35600581,38.879,14.347,227,30.841,48.058,136.913,0
179.433,452.583,0.00220954,2.489827872189007,0.91221358,53.318,5.285,741,41.074,43.822,160.018,1
93.702,366.852,0.00272589,0.09853564112659496,-2.31733696,42.665,7.921,240,175.433,50.139,232.231,0
64.466,337.616,0.00296194,0.02251183115264477,-3.79371428,40.207,1.701,735,112.259,54.85,127.314,0
175.918,449.068,0.00222683,2.234557479011024,0.80404321,51.592,7.214,123,148.8,59.295,218.889,1
64.819,337.969,0.00295885,0.02295166375161279,-3.77436485,39.79,10.798,1066,41.788,58.588,95.667,0
54.888,328.038,0.00304843,0.0131068634323186,-4.33461926,43.436,9.514,922,112.186,43.16,126.017,0
100.624,373.774,0.00267541,0.1351188727196731,-2.00160035,40.266,8.123,460,164.226,57.322,158.234,0
33.83,306.98,0.00325754,0.003543911271671479,-5.64252428,40.642,7.766,1160,204.734,55.384,123.018,0
59.117,332.267,0.00300963,0.01670666938937975,-4.09194727,44.103,12.594,756,13.781,57.131,197.22,0
161.304,434.454,0.00230174,1.398704614112525,0.33554653,51.386,13.433,551,165.01,51.219,115.624,1
148.026,421.176,0.0023743,0.8884206171108208,-0.11830998,49.651,10.96,545,195.711,47.687,64.975,0
178.975,452.125,0.00221178,2.455215207591817,0.89821442,57.339,6.112,917,48.72,51.293,144.682,1
142.802,415.952,0.00240412,0.7372600290552274,-0.30481463,45.632,13.443,1169,23.068,44.98,249.094,0
84.013,357.163,0.00279984,0.06204841239552657,-2.77984035,35.788,8.099,267,298.54,43.074,166.665,0
95.83,368.98,0.00271017,0.1087166513322719,-2.21901031,42.697,5.502,1142,242.527,45.771,108.643,0
153.535,426.685,0.00234365,1.076184850805645,0.07342224,45.823,3.283,1052,221.229,48.537,100.252,1
87.01,360.16,0.00277654,0.07178205954884992,-2.6341207,39.451,3.15,968,150.134,53.319,131.655,0
178.293,451.443,0.00221512,2.404437199764351,0.87731586,48.497,13.488,1143,262.344,57.648,118.168,0
167.778,440.928,0.00226794,1.727926232795828,0.54692198,46.145,13.383,617,61.381,59.666,225.98,0
47.289,320.439,0.00312072,0.008339376085299624,-4.78676688,36.222,11.05,836,57.081,51.761,113.066,0
141.252,414.402,0.00241312,0.6969396026869348,-0.36105653,46.525,10.812,148,159.257,52.398,123.72,0
154.197,427.347,0.00234002,1.100901539331625,0.09612943,43.299,12.967,832,81.091,41.882,75.497,0
129.496,402.646,0.00248357,0.4485565029359864,-0.80172062,43.685,11.134,1139,201.662,43.084,10.483,0
72.401,345.551,0.00289393,0.03444791383325515,-3.36830684,45.125,11.663,206,100.329,52.299,76.804,0
70.21,343.36,0.0029124,0.03069042152380091,-3.48380468,38.879,5.376,336,146.768,50.286,61.526,0
31.331,304.481,0.00328428,0.002998195416424689,-5.8097447,35.544,4.965,381,44.682,52.692,186.472,0
115.237,388.387,0.00257475,0.2535970382245658,-1.37200874,46.196,14.459,1140,154.038,59.219,135.11,0
150.581,423.731,0.00235999,0.9716425963947634,-0.02876724,51.11,6.585,740,201.774,47.043,141.376,1
107.773,380.923,0.0026252,0.1849712221879724,-1.68755502,45.468,3.593,564,74.074,57.596,60.929,0
129.46,402.61,0.00248379,0.4479339110417674,-0.80310958,42.907,3.448,933,249.362,50.825,139.758,0
130.458,403.608,0.00247765,0.4654751993441204,-0.76469646,44.716,13.278,992,214.442,46.084,135.673,0
88.183,361.333,0.00276753,0.07594503047817847,-2.57774548,41.01,12.017,809,105.964,59.649,196.078,0
97.617,370.767,0.00269711,0.1179715446690791,-2.13731183,40.54,10.885,747,182.953,46.802,225.39,0
56.298,329.448,0.00303538,0.014221261482544,-4.25301715,38.181,1.716,1130,47.312,59.062,97.69,0
177.209,450.359,0.00222045,2.325577862900629,0.84396855,50.697,1.142,492,80.823,48.303,239.625,1
132.843,405.993,0.0024631,0.5098378681059591,-0.67366251,44.812,14.186,1187,34.246,53.404,126.581,0
76.748,349.898,0.00285798,0.04313424872070319,-3.14343796,45.298,13.601,457,101.252,53.068,163.373,0
89.598,362.748,0.00275673,0.08124997572390863,-2.51022476,37.552,13.382,1050,182.929,46.78,209.875,0
108.305,381.455,0.00262154,0.1892558257893192,-1.6646556,44.492,10.593,824,150.486,45.299,103.574,0
32.743,305.893,0.00326912,0.003296397534235935,-5.71492506,38.544,13.188,873,83.91,56.639,66.089,0
90.827,363.977,0.00274743,0.08612069332261794,-2.45200556,43.474,6.15,437,93.636,60.589,68.518,0
58.62,331.77,0.00301414,0.01624214722765128,-4.12014573,43.168,9.563,313,52.664,41.621,225.005,0
146.107,419.257,0.00238517,0.8300402462673107,-0.18628109,44.082,7.115,774,112.003,55.138,240.654,0
113.552,386.702,0.00258597,0.2364120929186863,-1.44217884,40.906,14.157,372,128.609,43.574,206.62,0
123.723,396.873,0.0025197,0.357838120071807,-1.02767457,43.589,1.969,1147,264.332,59.341,115.104,0
85.646,358.796,0.0027871,0.06719616881788143,-2.70013904,36.832,1.085,745,137.927,49.593,159.093,0
103.949,377.099,0.00265182,0.1566005934648281,-1.85405671,41.265,7.19,361,255.497,61.753,162.509,0
44.703,317.853,0.00314611,0.007114881146379515,-4.94556675,41.017,13.004,173,270.566,46.243,197.716,0
71.045,344.195,0.00290533,0.03207704804175619,-3.43961452,36.107,4.057,936,133.545,49.384,159.609,0
82.027,355.177,0.0028155,0.05626075429693782,-2.87775807,36.681,6.252,1082,190.691,56.148,181.837,0
104.107,377.257,0.00265071,0.157692185564828,-1.84711034,41.324,5.054,261,159.789,49.972,180.818,0
172.846,445.996,0.00224217,2.030149536042549,0.70810945,53.404,9.14,1030,266.374,62.276,195.933,1
140.265,413.415,0.00241888,0.6722737269464878,-0.39708969,49.373,12.447,564,280.537,41.806,189.267,0
127.65,400.8,0.00249501,0.4175860121445647,-0.87326474,42.262,6.483,110,91.005,48.657,136.611,0
136.419,409.569,0.00244159,0.5832406440798269,-0.53915541,44.549,3.821,839,91.456,44.939,214.529,0
129.052,402.202,0.00248631,0.4409303140606497,-0.81886843,41.058,13.034,337,46.083,51.905,37.514,0
31.9,305.05,0.00327815,0.003115301907205278,-5.77142921,41.362,10.295,479,116.196,47.579,225.818,0
94.66,367.81,0.0027188,0.1030098488121643,-2.27293068,36.081,2.24,800,144.855,49.86,10.705,0
106.57,379.72,0.00263352,0.1755952625864907,-1.73957358,45.586,11.486,421,224.835,48.169,147.471,0
135.758,408.908,0.00244554,0.5690193042153602,-0.56384092,44.136,10.016,755,35.959,51.173,169.444,0
177.497,450.647,0.00221903,2.346310286370818,0.852844,55.556,10.445,1040,24.707,55.459,198.949,1
117.099,390.249,0.00256247,0.2738506422405713,-1.29517242,40.203,8.987,351,183.064,46.778,209.7,0
83.566,356.716,0.00280335,0.06070166499104068,-2.80178415,43.841,10.594,744,282.743,60.732,47.483,0
174.625,447.775,0.00223326,2.146471359150638,0.76382527,53.997,3.57,151,184.507,48.341,16.312,1
97.52,370.67,0.00269782,0.1174519130378128,-2.14172628,45.293,4.852,195,124.333,57.434,5.712,0
179.152,452.302,0.00221091,2.468542600029638,0.90362794,48.229,3.369,619,202.581,53.258,23.584,1
77.337,350.487,0.00285317,0.04444964571183465,-3.11339829,35.935,3.987,819,295.271,59.886,81.495,0
104.831,377.981,0.00264564,0.1627802047793863,-1.81535443,46.317,12.552,238,135.09,57.084,34.022,0
119.14,392.29,0.00254913,0.2976647143116828,-1.21178755,38.646,2.688,1183,236.139,60.212,43.363,0
163.78,436.93,0.0022887,1.517595836807416,0.4171274,50.024,12.404,670,271.037,52.213,98.203,0
145.189,418.339,0.00239041,0.803307885668351,-0.21901722,41.419,1.032,190,168.786,44.244,166.156,0
44.565,317.715,0.00314747,0.007054330133458835,-4.95411365,43.702,13.322,328,250.456,42.128,130.766,0
53.121,326.271,0.00306494,0.01182099489313486,-4.4378781,35.517,8.955,873,279.157,52.938,201.181,0
87.071,360.221,0.00277607,0.07199346359790448,-2.63117995,44.456,7.358,413,296.891,47.618,55.098,0
155.336,428.486,0.0023338,1.144575604907313,0.13503392,43.006,8.019,1056,115.526,55.385,166.638,0
153.15,426.3,0.00234577,1.062031908517074,0.06018397,48.312,2.562,191,110.129,43.92,216.958,1
97.806,370.956,0.00269574,0.1189898466222598,-2.12871711,39.274,13.477,960,209.914,54.847,85.627,0
63.23,336.38,0.00297283,0.02103043243312004,-3.86178473,37.749,13.38,425,299.936,62.365,40.003,0
139.67,412.82,0.00242236,0.6577732229297348,-0.41889505,45.615,5.468,835,97.53,45.266,189.876,0
85.656,358.806,0.00278702,0.06722882279227349,-2.69965321,39.038,13.621,160,136.511,51.638,117.515,0
40.662,313.812,0.00318662,0.005522332746147952,-5.19895491,35.225,1.387,592,217.335,60.515,121.921,0
64.606,337.756,0.00296072,0.02268536116335695,-3.78603545,41.205,9.559,900,12.735,42.497,81.327,0
136.077,409.227,0.00244363,0.5758444634758486,-0.55191768,39.564,3.977,1169,242.078,58.733,82.498,0
115.009,388.159,0.00257626,0.2512095261038692,-1.38146792,44.183,2.383,309,272.655,61.771,243.938,0
70.461,343.611,0.00291027,0.03110151986374997,-3.47049859,39.92,14.195,320,27.977,47.001,116.019,0
60.352,333.502,0.00299848,0.01791278531274806,-4.02224056,40.666,14.392,970,58.891,57.257,163.636,0
99.809,372.959,0.00268126,0.1302673206763571,-2.03816663,43.52,5.344,701,273.89,53.711,112.407,0
142.506,415.656,0.00240584,0.7294075765516317,-0.31552261,50.394,2.588,1092,237.561,60.508,136.22,1
103.867,377.017,0.0026524,0.1560366946652555,-1.85766408,40.886,11.412,190,31.576,49.63,163.957,0
172.144,445.294,0.00224571,1.985759165011663,0.68600129,55.257,10.145,729,205.724,62.344,224.685,1
126.367,399.517,0.00250302,0.3971749161662549,-0.9233785,43.785,6.386,1078,269.291,42.113,88.268,0
51.056,324.206,0.00308446,0.01046229337626191,-4.55997759,36.886,9.828,777,230.769,45.43,143.34,0
45.81,318.96,0.00313519,0.007617756282320699,-4.8772734,35.259,7.796,328,217.536,50.321,68.707,0
134.204,407.354,0.00245487,0.5367667107168903,-0.62219171,40.905,14.497,176,108.528,59.624,42.468,0
161.302,434.452,0.00230175,1.398611920601034,0.33548026,53.67,14.76,913,18.18,61.239,84.208,1
156.904,430.054,0.00232529,1.207140712878004,0.18825452,47.456,14.541,1060,178.225,55.95,116.101,0
80.955,354.105,0.00282402,0.05334002030563369,-2.93106838,41.999,10.143,469,62.653,46.038,67.235,0
178.614,451.764,0.00221355,2.428224034876728,0.88716014,51.508,12.62,198,135.558,56.129,53.674,1
146.632,419.782,0.00238219,0.8456719141779208,-0.1676238,47.318,6.665,232,128.359,55.117,232.671,0
74.243,347.393,0.00287858,0.03791783513565566,-3.27233369,40.032,11.603,362,231.579,56.258,119.995,0
61.639,334.789,0.00298696,0.01925189004315918,-3.95014604,42.06,14.121,1020,79.199,53.304,49.892,0
141.85,415.0,0.00240964,0.7122628512195766,-0.33930826,44.296,8.344,1054,74.647,48.797,209.846,0
99.925,373.075,0.00268043,0.1309483445111508,-2.03295235,43.392,11.094,417,173.073,53.064,171.075,0
62.77,335.92,0.0029769,0.02050172410391224,-3.88724629,38.473,13.026,930,69.549,60.239,152.381,0
91.618,364.768,0.00274147,0.08939035908524738,-2.41474244,36.303,9.923,943,268.728,45.733,11.009,0
97.191,370.341,0.00270021,0.1157044454684455,-2.15671622,40.694,7.45,1180,110.954,44.991,48.564,0
75.354,348.504,0.00286941,0.04015781952022779,-3.2149381,36.627,7.638,711,227.274,48.808,43.202,0
146.248,419.398,0.00238437,0.8342136888707284,-0.18126569,41.337,14.526,674,98.858,50.93,208.505,0
141.566,414.716,0.00241129,0.7049495431722461,-0.34962905,43.463,2.035,354,156.021,54.283,237.479,0
169.813,442.963,0.00225752,1.844278624484421,0.61208821,47.052,9.61,215,225.699,48.927,22.729,0
162.947,436.097,0.00229307,1.476662646225014,0.38978457,47.402,7.91,684,121.0,57.156,114.901,0
85.565,358.715,0.00278773,0.06693218867348814,-2.70407528,44.863,7.344,208,46.233,48.801,106.706,0
157.675,430.825,0.00232113,1.238971373792892,0.2142815,52.5,13.773,471,35.026,58.557,69.775,1
174.516,447.666,0.00223381,2.139183622703781,0.76042427,48.517,11.248,848,159.451,44.798,221.419,0
95.261,368.411,0.00271436,0.1059073797749511,-2.24519034,40.069,12.511,155,169.328,57.966,46.428,0
104.757,377.907,0.00264615,0.1622536199783715,-1.81859461,37.777,2.61,1190,44.557,61.786,236.76,0
178.58,451.73,0.00221371,2.425695061920063,0.88611811,52.312,9.539,585,42.138,52.21,74.716,1
131.482,404.632,0.00247138,0.4840923626117505,-0.72547956,45.551,3.738,213,77.546,51.397,140.546,0
149.717,422.867,0.00236481,0.9427765601195648,-0.05892597,49.446,10.241,949,127.611,51.756,113.966,1
30.44,303.59,0.00329392,0.00282278397222664,-5.87003166,42.263,13.715,1147,225.798,60.028,194.593,0
126.267,399.417,0.00250365,0.3956212328777134,-0.92729801,43.859,5.801,592,208.555,54.076,232.71,0
85.586,358.736,0.00278757,0.06700053966232862,-2.7030546,36.421,4.541,308,168.208,60.68,152.203,0
114.502,387.652,0.00257963,0.2459708982738843,-1.40254205,45.78,2.947,834,72.983,58.374,51.374,1
156.762,429.912,0.00232606,1.201355833525644,0.18345078,49.951,6.348,505,288.855,60.07,237.427,1
179.603,452.753,0.00220871,2.502781137391028,0.91740257,48.7,6.04,169,14.773,47.942,230.939,0
34.609,307.759,0.0032493,0.003731470966324072,-5.59095276,36.172,13.082,836,33.179,44.635,25.078,0
122.926,396.076,0.00252477,0.3466684531154153,-1.05938642,45.004,3.799,932,290.741,47.324,35.272,0
40.26,313.41,0.00319071,0.005382946436050632,-5.22451939,40.19,2.847,910,116.496,51.061,156.765,0
111.925,385.075,0.0025969,0.2207959410430814,-1.51051635,39.146,4.534,1163,274.992,49.291,235.913,0
154.431,427.581,0.00233874,1.109754713787615,0.10413901,46.155,1.416,264,267.769,54.731,98.68,1
96.311,369.461,0.00270665,0.1111425010957377,-2.19694211,41.461,3.832,649,189.519,54.933,169.504,0
40.827,313.977,0.00318495,0.005580477271288096,-5.18848097,40.136,9.575,790,222.04,53.076,187.718,0
130.639,403.789,0.00247654,0.4687198164434241,-0.7577501,40.716,12.796,1137,83.225,61.959,160.362,0
134.843,407.993,0.00245102,0.5498310474420945,-0.59814423,40.536,1.475,423,154.705,58.86,127.404,0
35.434,308.584,0.00324061,0.003939821604892355,-5.53661983,36.231,9.153,1066,193.771,41.797,249.597,0
100.934,374.084,0.0026732,0.1370055926179178,-1.98773353,43.206,8.463,706,42.345,62.335,63.618,0
104.647,377.797,0.00264692,0.1614736264768538,-1.82341345,46.387,13.88,945,139.681,59.042,26.369,0
173.672,446.822,0.00223803,2.083467977910839,0.7340338,47.023,9.735,716,34.078,47.494,166.918,0
95.225,368.375,0.00271463,0.1057318143102699,-2.24684944,38.539,3.246,958,299.867,55.034,157.619,0
47.211,320.361,0.00312148,0.00829983897359632,-4.79151917,38.564,6.756,762,288.832,47.221,177.894,0
33.915,307.065,0.00325664,0.003563955066825926,-5.63688438,44.524,8.895,950,68.482,45.246,58.337,0
118.127,391.277,0.00255573,0.2856280500273037,-1.25306484,47.461,2.083,241,33.906,54.86,207.408,1
139.288,412.438,0.00242461,0.6486074329135619,-0.43292763,46.453,9.137,496,207.775,55.975,188.162,0
154.39,427.54,0.00233896,1.108199090420352,0.10273626,44.115,3.724,552,124.117,46.937,89.158,0
143.261,416.411,0.00240147,0.7495815797216301,-0.28824012,43.578,2.867,937,211.581,60.003,16.632,0
176.641,449.791,0.00222325,2.285148188465029,0.82643087,49.515,10.559,646,129.594,59.732,159.506,0
177.767,450.917,0.0022177,2.365890403153875,0.86115444,47.619,7.871,850,246.256,45.709,194.972,0
95.722,368.872,0.00271097,0.1081784343622406,-2.22397325,43.28,12.062,279,103.811,45.436,173.104,0
105.886,379.036,0.00263827,0.1704526972677544,-1.76929746,41.66,3.113,594,293.598,62.166,48.878,0
103.458,376.608,0.00265528,0.153250659602439,-1.8756804,37.031,7.558,790,92.801,61.729,102.829,0
83.121,356.271,0.00280685,0.05938673096739743,-2.82368446,44.318,2.679,238,55.011,56.762,212.183,0
169.523,442.673,0.002259,1.827297739948404,0.60283823,52.413,9.337,419,128.324,61.85,138.222,1
178.895,452.045,0.00221217,2.449211753728788,0.89576624,52.892,7.561,826,68.37,51.986,214.779,1
63.13,336.28,0.00297371,0.0209144718943375,-3.86731392,36.083,7.613,773,268.249,59.185,97.106,0
55.919,329.069,0.00303888,0.01391368194845572,-4.27488261,40.836,1.894,965,261.197,46.272,162.443,0
50.167,323.317,0.00309294,0.009921782169337137,-4.61302272,35.472,1.512,417,207.67,48.645,117.935,0
31.071,304.221,0.00328708,0.002946019434221084,-5.82730036,43.939,1.177,1059,133.325,43.242,153.336,0
67.038,340.188,0.00293955,0.02589639138460506,-3.65365165,36.476,8.214,173,126.846,50.363,212.065,0
112.785,385.935,0.00259111,0.2289337300234166,-1.47432271,42.883,6.643,307,98.473,61.506,171.049,0
165.917,439.067,0.00227756,1.627099366874559,0.4867989,48.665,2.453,872,202.553,61.678,52.715,1
105.34,378.49,0.00264208,0.1664431416587187,-1.79310152,37.871,13.631,718,61.506,52.203,110.094,0
77.83,350.98,0.00284917,0.04557790432243168,-3.08833223,35.845,2.038,1057,266.77,49.361,235.177,0
85.125,358.275,0.00279115,0.065514197649955,-2.7254884,40.926,12.906,228,248.469,61.811,22.013,0
112.486,385.636,0.00259312,0.2260751069294236,-1.486888,43.929,14.932,573,250.367,62.174,216.51,0
57.828,330.978,0.00302135,0.01552572870329058,-4.16525671,44.802,13.218,491,64.072,54.774,177.798,0
112.038,385.188,0.00259613,0.2218505218788589,-1.50575145,40.989,6.379,1017,172.114,49.972,51.251,0
72.318,345.468,0.00289462,0.03429843819602985,-3.37265546,37.823,8.18,900,110.94,62.186,106.825,0
46.978,320.128,0.00312375,0.008182734453560055,-4.8057289,43.772,4.136,715,27.881,42.229,38.532,0
146.053,419.203,0.00238548,0.82844670135708,-0.18820278,48.426,14.652,424,205.645,57.075,204.635,0
41.934,315.084,0.00317376,0.005985029125622111,-5.11849407,41.436,10.672,1182,257.396,59.549,90.471,0
67.065,340.215,0.00293932,0.02593420435266989,-3.65219255,43.358,14.435,416,242.814,51.368,58.823,0
135.761,408.911,0.00244552,0.5690831616614661,-0.5637287,41.13,13.124,142,123.058,48.94,15.332,0
36.694,309.844,0.00322743,0.004278310746082206,-5.45419703,38.502,9.667,870,147.425,59.008,96.94,0
172.535,445.685,0.00224374,2.010379860555826,0.69832369,53.03,12.112,985,166.156,53.59,173.484,1
67.645,340.795,0.00293432,0.02675845508410573,-3.62090478,42.851,4.903,165,179.204,42.82,236.94,0
88.64,361.79,0.00276403,0.07762383924643156,-2.55588069,36.095,5.371,274,162.096,44.301,39.2,0
75.025,348.175,0.00287212,0.03948255063901263,-3.23189646,40.241,10.727,723,181.622,47.029,249.946,0
100.96,374.11,0.00267301,0.1371648827460203,-1.98657155,45.719,11.517,548,196.897,58.006,69.473,0
159.847,432.997,0.00230948,1.332563187127529,0.2871043,52.434,4.041,1172,119.924,53.986,90.651,1
150.385,423.535,0.00236108,0.9650281430391238,-0.03559801,46.083,7.727,457,48.777,52.385,245.737,0
149.97,423.12,0.0023634,0.9511514118680192,-0.05008202,43.212,10.694,686,170.96,51.636,195.66,0
165.73,438.88,0.00227853,1.617253474282419,0.48072932,48.361,8.937,202,207.27,49.424,216.675,0
106.634,379.784,0.00263308,0.176083340136156,-1.73679787,40.074,12.419,448,239.165,51.332,235.554,0
113.987,387.137,0.00258306,0.2407478355836337,-1.42400522,46.251,3.082,234,149.677,41.927,60.152,0
35.167,308.317,0.00324342,0.003871272086059515,-5.55417212,40.337,5.428,228,197.859,49.882,75.281,0
30.498,303.648,0.00329329,0.00283391399016127,-5.86609649,35.835,9.534,273,181.454,50.741,32.301,0
127.194,400.344,0.00249785,0.4102292094682686,-0.89103923,41.335,9.624,490,142.821,46.213,222.287,0
168.543,441.693,0.00226402,1.770903373403025,0.5714898,46.982,13.891,319,176.299,52.354,54.855,0
97.097,370.247,0.0027009,0.1152093976600305,-2.16100396,38.741,12.27,1169,146.083,58.054,203.806,0
149.506,422.656,0.00236599,0.9358408438561316,-0.06630986,46.621,7.362,343,270.643,51.303,215.638,0
62.349,335.499,0.00298063,0.02002827298300007,-3.91061035,44.424,6.086,613,216.702,51.484,115.776,0
104.237,377.387,0.0026498,0.1585953427147783,-1.84139934,37.388,12.546,516,87.536,49.663,108.043,0
104.22,377.37,0.00264992,0.1584769796355239,-1.84214594,36.587,12.57,1153,70.142,41.773,63.226,0
138.471,411.621,0.00242942,0.6293755645425673,-0.46302712,48.91,4.283,763,240.771,50.397,130.453,1
138.572,411.722,0.00242882,0.6317259150686099,-0.45929966,47.959,11.62,551,250.765,59.099,157.712,0
134.705,407.855,0.00245185,0.546986472912951,-0.60333121,40.396,1.55,620,116.017,42.986,146.079,0
119.863,393.013,0.00254445,0.3065246260934868,-1.18245718,47.231,13.683,447,277.774,58.262,210.914,0
49.361,322.511,0.00310067,0.009453519861605782,-4.66136813,41.034,9.055,950,243.6,51.052,8.912,0
104.469,377.619,0.00264817,0.1602184374599151,-1.83121716,45.602,1.319,711,102.876,56.398,80.421,1
119.138,392.288,0.00254915,0.2976405195826184,-1.21186883,43.702,1.195,622,27.951,48.506,52.331,0
144.545,417.695,0.00239409,0.7850025488645481,-0.24206831,49.575,1.902,530,100.066,42.487,220.645,1
105.586,378.736,0.00264036,0.1682392649766288,-1.78236812,42.026,14.149,1194,180.504,50.603,200.145,0
42.177,315.327,0.00317131,0.00607728718952086,-5.10319687,36.057,4.445,839,39.44,55.219,180.404,0
87.112,360.262,0.00277576,0.07213586423136413,-2.62920393,39.822,6.972,541,190.716,56.708,180.645,0
128.785,401.935,0.00248796,0.436398904994198,-0.82919853,42.207,6.04,1029,99.999,48.139,175.723,0
42.453,315.603,0.00316854,0.006183623593912345,-5.08585084,43.876,14.217,127,23.762,48.34,14.546,0
122.094,395.244,0.00253008,0.3353343024080505,-1.09262733,39.36,8.717,585,79.128,45.428,171.498,0
93.166,366.316,0.00272988,0.09610791966870787,-2.34228356,42.17,7.232,627,107.97,48.7,154.617,0
31.872,305.022,0.00327845,0.003109444024555464,-5.77331134,43.517,13.947,533,288.273,60.674,38.839,0
171.447,444.597,0.00224923,1.942511113248611,0.66398152,53.249,3.331,1040,35.481,43.984,122.397,1
77.738,350.888,0.00284991,0.04536544761995184,-3.09300453,42.003,12.499,186,223.121,61.338,237.48,0
169.774,442.924,0.00225772,1.841987135066512,0.61084495,49.02,9.893,805,259.206,57.915,228.507,0
51.737,324.887,0.00307799,0.01089403556075179,-4.51953984,40.944,1.346,1153,134.871,42.64,40.011,0
151.411,424.561,0.00235537,1.000089091609468,8.909e-05,48.649,11.548,413,69.361,47.03,141.486,0
167.773,440.923,0.00226797,1.727648310643104,0.54676113,53.518,14.325,1075,191.486,51.556,26.215,1
179.274,452.424,0.00221032,2.477764695331225,0.90735682,49.444,7.059,241,26.799,43.239,106.375,1
119.361,392.511,0.0025477,0.3003488511404602,-1.20281064,38.986,11.167,951,154.125,48.805,121.434,0
93.8,366.95,0.00272517,0.09898532163554215,-2.31278371,37.807,7.036,211,25.836,49.156,187.186,0
74.142,347.292,0.00287942,0.03771981657291851,-3.27756968,43.108,5.777,804,29.116,55.582,183.947,0
173.787,446.937,0.00223745,2.090985582431198,0.73763553,52.738,7.837,796,23.725,45.994,213.57,1
162.725,435.875,0.00229424,1.465915397453573,0.38247989,46.56,3.434,136,91.287,41.719,172.001,0
163.343,436.493,0.00229099,1.49600181911112,0.4027961,44.445,6.149,1049,216.633,44.064,62.31,0
152.854,426.004,0.0023474,1.051260268932755,0.0499897,43.331,4.88,271,142.062,62.095,162.19,0
77.21,350.36,0.00285421,0.04416304647214768,-3.11986689,37.546,7.056,563,52.2,56.578,145.929,0
160.374,433.524,0.00230668,1.356168634692308,0.30466354,46.118,6.435,187,29.965,45.165,179.887,0
110.042,383.192,0.00260966,0.2038581512601461,-1.59033086,42.462,2.873,332,138.788,47.819,6.979,0
148.582,421.732,0.00237117,0.9059854819902755,-0.098732,46.157,7.047,601,153.351,61.397,21.549,0
80.563,353.713,0.00282715,0.05230605535743208,-2.95064313,44.647,9.014,723,177.299,62.043,208.52,0
155.729,428.879,0.00233166,1.159987876759465,0.14840955,46.471,4.876,998,161.053,48.825,8.761,1
44.055,317.205,0.00315254,0.006834550844977036,-4.98576452,35.807,10.054,813,281.203,56.077,117.317,0
96.803,369.953,0.00270305,0.1136730885828782,-2.17442859,36.518,1.124,1157,50.962,46.86,105.665,0
50.353,323.503,0.00309116,0.01003275241433702,-4.6019003,43.695,7.544,856,273.101,44.995,247.508,0
78.352,351.502,0.00284493,0.04680017457496787,-3.06186835,43.97,6.89,284,208.309,48.445,59.646,0
141.415,414.565,0.00241217,0.7010877181835312,-0.35512227,40.88,2.435,673,151.127,46.482,18.23,0
171.57,444.72,0.00224861,1.950083868500669,0.66787238,48.299,5.677,1065,264.21,56.539,206.496,1
82.132,355.282,0.00281467,0.05655431689921384,-2.87255374,43.436,12.348,309,89.882,61.075,234.613,0
72.224,345.374,0.00289541,0.03412984947772275,-3.37758293,36.022,11.659,863,265.273,43.496,191.507,0
69.298,342.448,0.00292015,0.02923712194334657,-3.53231608,35.764,7.982,204,253.077,43.183,191.864,0
107.017,380.167,0.00263042,0.1790291656985215,-1.72020655,44.466,13.263,193,138.751,62.355,231.574,0
166.421,439.571,0.00227495,1.653892875196405,0.50313183,45.4,6.687,1180,239.308,44.439,146.743,0
38.607,311.757,0.00320763,0.004842462417048454,-5.33033192,39.258,6.625,1013,277.784,57.434,224.93,0
35.523,308.673,0.00323967,0.00396291338801802,-5.53077582,35.333,6.428,218,154.879,45.081,9.601,0
168.707,441.857,0.00226318,1.780235305126323,0.57674555,45.3,2.309,392,238.82,52.381,104.849,0
123.824,396.974,0.00251906,0.3592757882099988,-1.02366497,40.442,5.228,480,150.224,47.987,17.376,0
165.281,438.431,0.00228086,1.593821688563885,0.46613471,45.213,2.093,1128,283.426,52.283,8.929,1
63.85,337.0,0.00296736,0.02176228306051043,-3.82757694,40.273,2.967,181,270.727,51.803,83.239,0
93.976,367.126,0.00272386,0.09979746052893151,-2.30461254,41.685,3.203,494,265.849,47.499,185.122,0
159.174,432.324,0.00231308,1.302933414354072,0.2646182,50.913,12.775,1101,262.449,47.262,94.864,1
61.297,334.447,0.00299001,0.0188875955782732,-3.96924989,42.976,12.447,715,130.07,55.817,18.738,0
121.706,394.856,0.00253257,0.3301602977994158,-1.10817699,45.604,4.639,555,41.418,44.283,69.572,0
151.151,424.301,0.00235682,0.991101725068259,-0.0089381,49.211,11.546,1161,58.295,58.102,208.031,0
163.991,437.141,0.00228759,1.528117871445127,0.42403683,52.891,9.001,1092,266.181,43.959,30.733,1
48.942,322.092,0.0031047,0.009218009649773538,-4.68659614,37.138,10.59,980,118.988,43.199,41.904,0
141.213,414.363,0.00241334,0.6959502711997446,-0.36247707,43.449,5.543,995,140.52,49.538,237.325,0
33.573,306.723,0.00326027,0.003483925103540611,-5.65959572,41.989,5.018,168,98.505,46.156,172.289,0
93.92,367.07,0.00272428,0.09953841711879584,-2.30721161,39.88,2.755,1086,160.763,58.611,100.64,0
55.773,328.923,0.00304023,0.01379679221969886,-4.28331916,43.41,6.833,181,56.915,47.178,47.824,0
113.041,386.191,0.00258939,0.2314063741394106,-1.46357992,38.725,5.238,622,260.36,45.281,185.539,0
166.866,440.016,0.00227264,1.677864179733701,0.51752166,49.617,9.393,1149,179.991,56.989,88.97,1
130.656,403.806,0.00247644,0.4690255688739175,-0.75709799,45.658,13.009,1073,245.127,46.025,175.34,0
161.405,434.555,0.0023012,1.403392520503429,0.33889253,45.631,10.959,1167,13.645,41.831,124.1,0
70.848,343.998,0.00290699,0.03174497339794959,-3.45002088,39.035,13.891,824,135.58,55.429,53.938,0
123.889,397.039,0.00251864,0.3602036848879478,-1.02108562,39.285,2.747,300,12.801,58.317,168.525,0
48.203,321.353,0.00311184,0.00881542994435385,-4.73125169,44.604,6.758,1069,275.704,58.637,20.661,0
89.334,362.484,0.00275874,0.08023605815664796,-2.52278226,40.701,7.553,684,12.437,49.261,122.044,0
76.537,349.687,0.0028597,0.04267150870732726,-3.15422382,42.929,3.019,782,47.563,59.371,10.088,0
152.505,425.655,0.00234932,1.038681265628459,0.03795189,45.239,5.315,217,120.314,57.074,224.428,0
44.678,317.828,0.00314636,0.007103877250945949,-4.94711455,40.262,12.804,915,111.081,55.797,202.982,0
153.068,426.218,0.00234622,1.059038370135446,0.0573613,45.125,12.357,468,56.465,48.003,75.225,0
47.175,320.325,0.00312183,0.008281647886634935,-4.79371331,36.145,13.075,341,181.453,53.136,187.98,0
30.399,303.549,0.00329436,0.002814940028912531,-5.87281432,44.728,5.303,763,159.665,60.325,74.197,0
81.73,354.88,0.00281785,0.05543769203396261,-2.89249555,39.864,6.077,180,241.661,44.895,222.616,0
150.415,423.565,0.00236091,0.9660380289826673,-0.03455208,42.833,9.665,732,221.846,52.074,39.861,0
137.536,410.686,0.00243495,0.6079754001158248,-0.49762086,44.477,13.542,332,90.155,51.916,139.888,0
76.266,349.416,0.00286192,0.04208365461688678,-3.16809587,38.02,7.75,971,80.886,42.288,200.629,0
160.255,433.405,0.00230731,1.350807125859343,0.30070228,50.075,10.624,936,196.297,45.917,156.313,1
95.914,369.064,0.00270956,0.1091368959889673,-2.21515226,40.02,13.904,260,193.361,54.334,109.513,0
107.386,380.536,0.00262787,0.1819081687516279,-1.70425329,41.657,14.704,871,254.758,46.364,20.137,0
113.992,387.142,0.00258303,0.2407980740136693,-1.42379656,39.788,11.978,901,28.698,61.598,144.426,0
155.894,429.044,0.00233076,1.166511855332298,0.15401798,43.52,11.543,1087,62.989,50.181,158.203,0
78.579,351.729,0.0028431,0.04734071318929242,-3.05038461,45.373,9.96,1047,200.175,56.281,138.907,0
146.283,419.433,0.00238417,0.8352524602656938,-0.18002125,43.123,12.472,665,203.354,53.788,121.885,0
103.063,376.213,0.00265807,0.1506016192241499,-1.89311721,45.708,10.644,867,42.083,44.899,111.712,0
59.029,332.179,0.00301043,0.01662356497684733,-4.09693401,35.552,13.269,945,29.555,52.886,101.467,0
60.579,333.729,0.00299644,0.01814275090692319,-4.0094842,36.317,7.312,997,177.346,61.838,75.118,0
160.383,433.533,0.00230663,1.35657487149028,0.30496305,44.944,4.657,882,214.005,60.475,7.889,0
82.007,355.157,0.00281566,0.05620499101321982,-2.87874972,42.753,9.785,187,290.058,50.955,35.092,0
114.89,388.04,0.00257705,0.2499712495405986,-1.38640937,46.398,2.327,916,39.306,58.081,240.718,1
163.084,436.234,0.00229235,1.483328733518882,0.39428871,51.076,4.499,148,172.266,47.384,247.725,1
99.919,373.069,0.00268047,0.1309130423958898,-2.03322197,40.716,13.423,846,36.503,56.371,222.502,0
107.289,380.439,0.00262854,0.1811474453032734,-1.70844396,45.523,10.017,239,277.63,55.73,207.671,0
69.911,343.061,0.00291493,0.03020702510547658,-3.49968076,42.891,1.815,411,298.51,58.527,77.424,0
115.854,389.004,0.00257067,0.2601579191370982,-1.34646645,44.946,13.624,435,120.994,42.507,180.202,0
100.378,373.528,0.00267718,0.1336379876728477,-2.01262072,36.948,5.318,1044,169.638,43.656,8.972,0
102.324,375.474,0.0026633,0.1457535604651311,-1.92583803,39.466,2.844,970,85.387,42.275,222.12,0
163.434,436.584,0.00229051,1.500476586358047,0.40578278,48.818,3.92,1059,278.365,48.651,123.021,1
42.116,315.266,0.00317192,0.006054008339791609,-5.10703469,40.197,6.327,486,222.503,44.513,84.308,0
52.323,325.473,0.00307245,0.01127825625442943,-4.48487863,41.294,9.276,1007,187.827,57.504,122.666,0
127.951,401.101,0.00249314,0.4225049315358804,-0.86155416,44.953,8.427,760,283.152,52.804,79.473,0
109.168,382.318,0.00261562,0.1963916976085678,-1.62764416,44.462,8.209,1063,236.638,42.788,64.112,0
73.437,346.587,0.00288528,0.03636302093009128,-3.31420293,36.52,14.481,508,128.423,59.609,11.166,0
97.403,370.553,0.00269867,0.1168278260577248,-2.147054,43.746,4.272,1198,40.969,52.346,219.491,0
167.003,440.153,0.00227194,1.685303951808086,0.52194593,45.214,1.114,459,299.143,48.046,38.547,1
85.495,358.645,0.00278827,0.06670479765658051,-2.7074784,36.497,11.432,414,214.986,56.703,31.627,0
89.362,362.512,0.00275853,0.08034306194157284,-2.52144954,38.4,13.884,994,263.8,47.998,66.671,0
68.9,342.05,0.00292355,0.02862234124165802,-3.5535677,37.508,1.992,483,147.864,47.027,54.089,0
115.243,388.393,0.00257471,0.2536601349315745,-1.37175996,45.42,2.448,470,107.028,49.731,88.122,0
166.992,440.142,0.00227199,1.684705553088822,0.5215908,44.905,12.995,640,251.367,47.817,88.948,0
77.532,350.682,0.00285159,0.04489291473369874,-3.1034753,35.446,10.148,337,291.81,43.471,96.631,0
83.632,356.782,0.00280283,0.06089886950034177,-2.79854067,42.395,2.056,248,256.708,52.212,112.929,0
95.527,368.677,0.0027124,0.1072126038472265,-2.23294146,37.92,1.898,148,72.786,45.882,209.673,0
79.521,352.671,0.0028355,0.04964351076536742,-3.0028876,38.321,10.812,408,186.458,42.977,57.814,0
67.683,340.833,0.00293399,0.02681326353159394,-3.61885861,35.541,1.967,114,136.335,48.497,39.007,0
125.367,398.517,0.0025093,0.3818749447071297,-0.96266209,41.151,7.68,240,159.796,41.655,204.354,0
177.408,450.558,0.00221947,2.339886569348691,0.85010245,48.621,14.95,1122,292.293,59.648,203.581,0
31.609,304.759,0.00328128,0.003054905013196601,-5.79100678,37.539,8.708,947,27.446,60.568,214.155,0
65.544,338.694,0.00295252,0.02387911601538188,-3.73475101,39.03,13.986,1003,263.382,53.299,161.554,0
60.132,333.282,0.00300046,0.01769239961520622,-4.03462013,36.031,8.97,756,187.509,61.038,53.449,0
152.146,425.296,0.0023513,1.025877713752511,0.02554855,45.381,12.197,645,105.726,43.394,16.586,0
157.56,430.71,0.00232175,1.234178178196457,0.21040531,48.799,9.536,202,140.307,56.963,13.096,0
70.034,343.184,0.00291389,0.0304050536025351,-3.49314645,39.532,8.896,1096,78.132,61.874,148.627,0
90.856,364.006,0.00274721,0.08623867475584875,-2.45063654,38.322,7.079,951,191.501,53.787,20.385,0
129.526,402.676,0.00248339,0.4490759053014323,-0.80056335,41.748,8.367,314,227.57,53.557,155.838,0
33.036,306.186,0.00326599,0.003361530570874807,-5.69535888,42.659,14.864,858,220.812,44.509,181.344,0
36.309,309.459,0.00323145,0.004172205160176195,-5.47931057,42.41,2.655,1190,85.106,42.553,102.998,0
120.817,393.967,0.00253828,0.3185676438633141,-1.14392044,47.035,9.335,1083,137.079,50.883,217.807,0
106.121,379.271,0.00263664,0.1722043863538302,-1.75907321,40.192,2.639,460,212.905,50.592,242.758,0
152.969,426.119,0.00234676,1.055433933322357,0.05395199,49.365,12.019,934,93.687,45.998,66.879,0
118.904,392.054,0.00255067,0.2948215812870221,-1.22138491,45.664,9.414,595,87.73,62.305,29.222,0
154.726,427.876,0.00233713,1.121003296294196,0.11422408,49.826,10.717,763,274.601,58.245,241.629,0
179.708,452.858,0.0022082,2.510810440015269,0.92060559,50.31,6.069,103,297.649,60.401,5.659,1
150.239,423.389,0.00236189,0.9601263839344047,-0.04069035,50.627,8.978,990,88.16,45.436,89.065,1
172.211,445.361,0.00224537,1.989959603198358,0.68811434,51.762,1.618,233,199.121,62.305,103.091,1
139.106,412.256,0.00242568,0.6442796245257009,-0.43962245,40.325,2.671,891,158.771,51.92,123.287,0
70.027,343.177,0.00291395,0.0303937527499306,-3.49351819,40.135,13.587,102,268.768,55.117,70.456,0
162.107,435.257,0.00229749,1.436351182140909,0.362106,53.741,3.982,957,207.538,58.098,186.024,1
130.508,403.658,0.00247734,0.466369540933299,-0.76277695,42.347,7.169,996,208.24,46.816,7.78,0
131.537,404.687,0.00247105,0.4851103936494646,-0.7233788,48.415,5.897,251,90.673,51.084,167.792,1
48.06,321.21,0.00311323,0.008739376083263396,-4.73991648,35.131,3.849,677,103.952,48.769,116.78,0
106.309,379.459,0.00263533,0.1736171068570963,-1.75090294,39.503,14.158,255,22.551,51.434,205.405,0
85.817,358.967,0.00278577,0.06775648900124037,-2.69183505,44.115,11.899,902,184.141,49.295,58.594,0
71.824,344.974,0.00289877,0.03342066371194577,-3.3985809,36.538,6.511,436,274.777,57.807,207.386,0
36.623,309.773,0.00322817,0.004258562293473667,-5.45882367,36.571,10.638,292,241.484,48.998,122.716,0
96.041,369.191,0.00270863,0.1097749866153124,-2.20932258,44.666,8.132,617,37.244,61.768,111.473,0
36.797,309.947,0.00322636,0.004307106589753746,-5.44748893,36.308,12.385,309,167.369,55.009,39.259,0
131.094,404.244,0.00247375,0.4769633099044452,-0.74031571,45.858,7.942,894,129.617,51.896,185.701,0
30.851,304.001,0.00328946,0.002902512283223614,-5.84217861,43.962,9.558,157,234.783,42.146,182.065,0
173.648,446.798,0.00223815,2.081902011782041,0.7332819,53.553,5.623,159,276.963,59.939,171.278,1
133.327,406.477,0.00246016,0.5192764250341355,-0.65531893,44.035,2.554,853,67.982,41.958,213.401,0
63.098,336.248,0.002974,0.02087748523103346,-3.86908396,44.189,1.691,280,149.439,45.035,115.797,0
48.777,321.927,0.00310629,0.009126720811246127,-4.69654882,42.614,8.115,228,74.16,59.437,129.715,0
132.681,405.831,0.00246408,0.5067122062971643,-0.67981208,45.595,14.025,743,214.71,45.33,209.332,0
40.646,313.796,0.00318678,0.005516723580412898,-5.19997115,43.506,6.33,511,177.658,45.2,118.435,0
153.555,426.705,0.00234354,1.076924497440154,0.07410929,45.441,14.768,859,299.039,51.701,145.088,0
124.58,397.73,0.00251427,0.3701980344747386,-0.99371719,39.932,10.386,675,217.206,51.26,91.552,0
63.062,336.212,0.00297431,0.02083594502272327,-3.87107566,44.451,1.111,377,12.466,46.032,194.473,0
44.834,317.984,0.00314481,0.007172792294833144,-4.93746026,40.046,5.554,910,220.442,42.886,129.234,0
102.317,375.467,0.00266335,0.1457083028714114,-1.92614858,37.149,11.857,869,143.335,48.861,235.355,0
158.352,431.502,0.00231749,1.267515379879726,0.23705859,48.795,8.556,181,72.375,53.476,117.375,0
50.844,323.994,0.00308648,0.01033105530399796,-4.57260084,44.957,13.935,856,100.309,59.536,67.689,0
39.73,312.88,0.00319611,0.005204018292524648,-5.2583242,38.211,13.562,303,120.035,50.21,78.009,0
46.617,319.767,0.00312728,0.008004225131116783,-4.82778574,40.995,14.562,588,251.669,53.449,108.834,0
71.999,345.149,0.0028973,0.0337293029482871,-3.3893883,36.349,4.167,988,172.151,53.667,25.176,0
106.66,379.81,0.0026329,0.1762819618415636,-1.73567051,38.514,1.421,777,194.041,42.894,229.855,0
174.598,447.748,0.0022334,2.144664160891835,0.76298297,47.451,12.511,596,144.091,54.352,148.765,0
58.622,331.772,0.00301412,0.01624399315496535,-4.12003209,38.334,12.934,688,46.963,53.338,170.633,0
98.187,371.337,0.00269297,0.1210661914610967,-2.11141785,43.906,3.014,362,220.567,43.756,48.581,0
150.907,424.057,0.00235817,0.9827310091032312,-0.01741984,44.129,7.273,434,266.46,57.964,23.653,0
159.014,432.164,0.00231394,1.295973321480925,0.25926201,50.508,8.834,866,26.44,60.184,223.218,1
68.35,341.5,0.00292826,0.02779172252339422,-3.58301705,42.559,11.713,737,102.664,59.241,15.933,0
31.655,304.805,0.00328079,0.003064381404089708,-5.78790956,36.43,5.26,183,149.83,56.41,117.956,0
179.435,452.585,0.00220953,2.489979929571979,0.91227465,48.792,7.754,615,190.117,43.015,208.761,1
84.184,357.334,0.0027985,0.06257056841463224,-2.77146026,44.475,14.028,657,255.933,54.539,42.957,0
101.242,374.392,0.002671,0.1389030710214484,-1.97397892,38.556,9.273,1142,129.636,56.0,98.825,0
57.413,330.563,0.00302514,0.01516173101413604,-4.18898072,42.8,13.397,241,98.12,55.222,205.56,0
53.417,326.567,0.00306216,0.01202818393026172,-4.42050272,38.903,13.167,789,42.495,42.217,144.173,0
48.393,321.543,0.00311,0.008917399082975364,-4.71975096,38.754,11.281,1088,33.136,52.466,11.083,0
171.937,445.087,0.00224675,1.972829693492585,0.6794689,53.909,2.334,228,192.886,56.421,206.548,1
171.665,444.815,0.00224813,1.955950064012125,0.67087604,47.741,9.292,463,204.94,45.156,33.093,0
47.629,320.779,0.00311741,0.00851369905494301,-4.76607876,40.181,5.273,918,117.592,53.548,140.637,0
60.27,333.42,0.00299922,0.01783035649999413,-4.02685285,43.593,6.812,125,211.628,45.508,144.238,0
32.442,305.592,0.00327234,0.003230673836956484,-5.73506455,36.481,1.915,909,87.223,56.043,208.996,0
39.316,312.466,0.00320035,0.005067994999742383,-5.28481,43.236,9.455,836,238.967,55.821,206.939,0
145.117,418.267,0.00239082,0.8012431371607415,-0.22159084,49.793,3.482,411,12.38,62.024,10.988,1
148.17,421.32,0.00237349,0.8929412719915362,-0.11323447,49.615,13.147,704,89.837,55.196,187.92,0
109.109,382.259,0.00261603,0.1958964324110046,-1.63016917,39.747,2.451,612,137.521,60.326,95.912,0
176.352,449.502,0.00222468,2.26480948591399,0.81749064,51.401,14.759,251,281.974,60.752,103.33,0
49.396,322.546,0.00310033,0.009473434652836605,-4.65926375,39.399,1.276,1065,139.365,48.367,162.927,0
83.3,356.45,0.00280544,0.05991259375536581,-2.81486855,41.906,6.418,255,49.128,47.696,139.753,0
41.483,314.633,0.00317831,0.005817132675845864,-5.14694781,37.696,3.735,481,209.398,43.136,44.357,0
103.534,376.684,0.00265475,0.1537650233592938,-1.87232966,41.867,4.957,591,120.332,59.83,149.239,0
88.734,361.884,0.00276332,0.07797319332765909,-2.55139019,39.047,8.363,969,245.636,45.772,143.772,0
127.02,400.17,0.00249894,0.4074519462414259,-0.89783228,39.909,5.495,270,226.133,42.507,62.745,0
132.708,405.858,0.00246392,0.5072319889461215,-0.67878681,40.479,8.988,360,208.064,57.959,100.621,0
115.045,388.195,0.00257602,0.2515851877464902,-1.37997363,44.243,12.642,255,256.219,56.325,181.287,0
137.239,410.389,0.00243671,0.6013113376240429,-0.50864245,45.487,11.61,772,34.037,54.298,97.781,0
82.314,355.464,0.00281322,0.05706637634474519,-2.86354019,38.35,13.152,659,112.477,44.371,238.724,0
36.713,309.863,0.00322723,0.004283609518175861,-5.45295928,38.125,4.913,482,13.561,45.452,157.393,0
67.16,340.31,0.0029385,0.02606764144515231,-3.64706053,39.321,14.808,1183,109.25,50.658,115.702,0
52.707,325.857,0.00306883,0.01153657217798072,-4.4622331,40.079,14.427,640,207.222,54.782,121.105,0
119.383,392.533,0.00254756,0.3006172050439238,-1.20191757,45.762,14.313,699,202.835,59.897,143.742,0
114.459,387.609,0.00257992,0.2455310316464222,-1.40433194,41.017,10.261,176,223.951,60.103,50.863,0
177.136,450.286,0.00222081,2.32034775117951,0.84171707,47.832,10.755,396,287.976,52.637,93.775,0
98.417,371.567,0.0026913,0.1223350248942435,-2.10099189,46.016,1.087,1013,289.792,46.644,84.442,1
166.718,439.868,0.00227341,1.669858782455369,0.51273906,52.391,3.483,1117,35.531,46.67,232.04,1
106.867,380.017,0.00263146,0.1778703308279515,-1.72670047,38.351,12.314,520,146.53,46.945,172.528,0
158.24,431.39,0.00231809,1.262754417137016,0.23329538,48.926,1.156,422,223.061,56.875,249.298,1
175.544,448.694,0.00222869,2.20876603746573,0.79243401,50.129,9.401,652,104.721,45.914,201.039,1
95.459,368.609,0.0027129,0.1068775946800337,-2.23607107,42.011,2.801,606,126.602,59.991,226.046,0
150.217,423.367,0.00236202,0.9593896322223786,-0.041458,49.688,13.513,400,145.916,55.525,38.292,0
86.672,359.822,0.00277915,0.07062059676832197,-2.65043344,42.585,11.548,914,141.063,44.453,215.059,0
66.692,339.842,0.00294254,0.02541615586408279,-3.67237025,36.951,14.002,771,50.804,44.522,234.716,0
150.191,423.341,0.00236216,0.9585195558982357,-0.04236531,42.501,5.258,956,94.148,57.014,108.482,0
146.708,419.858,0.00238176,0.8479557682732887,-0.1649268,44.892,6.731,1173,154.528,42.827,95.772,0
42.56,315.71,0.00316746,0.006225296135340441,-5.07913427,39.968,10.121,882,68.728,56.677,126.188,0
74.588,347.738,0.00287573,0.03860122302235354,-3.25447132,40.966,6.743,525,223.75,46.925,6.56,0
157.345,430.495,0.00232291,1.225259865328695,0.20315296,46.804,10.738,1093,176.876,57.14,241.128,0
38.287,311.437,0.00321092,0.004743662947865481,-5.35094567,42.069,12.721,485,58.127,52.162,226.064,0
92.401,365.551,0.0027356,0.09273447039908297,-2.37801503,42.428,3.501,1088,255.938,45.913,197.816,0
144.098,417.248,0.00239666,0.7725103282983302,-0.2581099,49.129,3.469,872,239.896,60.367,243.062,1
60.762,333.912,0.0029948,0.01833005783220374,-3.99921306,43.61,13.982,828,126.762,46.954,155.743,0
88.045,361.195,0.00276859,0.07544443476110721,-2.58435886,41.942,12.066,1095,233.423,53.036,27.034,0
80.697,353.847,0.00282608,0.05265748503549606,-2.94394688,38.506,7.643,1021,207.562,49.71,56.071,0
63.362,336.512,0.00297166,0.02118437880690316,-3.85449122,39.097,13.233,695,202.205,55.141,22.441,0
102.485,375.635,0.00266216,0.1467979048025325,-1.91869844,43.617,3.27,261,266.781,50.211,186.31,0
161.379,434.529,0.00230134,1.402184441550277,0.33803134,50.308,13.562,983,77.201,55.359,100.895,0
153.114,426.264,0.00234596,1.060716773431193,0.05894488,47.561,8.05,497,12.687,55.481,109.071,0
78.605,351.755,0.00284289,0.04740297739531977,-3.04907024,37.463,14.609,208,225.568,56.385,216.884,0
162.613,435.763,0.00229483,1.460518957708135,0.37879182,50.457,6.792,883,248.292,44.885,191.264,1
58.108,331.258,0.0030188,0.01577571197614656,-4.14928374,39.946,2.097,792,137.356,53.099,168.589,0
47.403,320.553,0.00311961,0.008397465194879264,-4.77982538,37.185,9.952,138,93.432,49.681,208.78,0
90.056,363.206,0.00275326,0.08303586193318635,-2.48848269,38.958,6.206,1015,137.323,59.617,144.97,0
61.617,334.767,0.00298715,0.01922826846085002,-3.95137377,37.832,10.273,204,157.59,54.228,123.744,0
89.99,363.14,0.00275376,0.08277638639972427,-2.49161245,45.105,1.659,559,296.342,54.214,195.929,0
121.217,394.367,0.00253571,0.3237388978456318,-1.12781796,45.922,6.062,984,195.979,42.42,249.771,0
159.981,433.131,0.00230877,1.338531513080238,0.29157313,50.735,12.51,364,82.081,44.7,62.054,0
169.546,442.696,0.00225889,1.828639581555258,0.60357229,53.632,4.302,699,154.223,44.773,163.629,1
88.56,361.71,0.00276465,0.07732760767158108,-2.55970424,45.458,2.287,435,94.56,52.715,72.027,0
168.108,441.258,0.00226625,1.746354215523364,0.55753031,54.965,14.84,866,125.646,58.424,168.004,1
81.014,354.164,0.00282355,0.05349720170102047,-2.92812593,36.118,11.155,197,195.119,53.513,137.007,0
88.459,361.609,0.00276542,0.0769550434005758,-2.56453388,40.078,7.778,460,109.992,55.018,209.372,0
132.09,405.24,0.00246767,0.4954502681444915,-0.7022883,40.323,2.345,912,79.737,46.414,206.279,0
43.501,316.651,0.00315805,0.006602799229737779,-5.02026159,40.815,9.975,790,214.67,49.82,13.774,0
161.654,434.804,0.00229989,1.415007664353942,0.34713495,44.463,1.827,146,100.245,58.256,159.673,0
162.352,435.502,0.0022962,1.448009629478359,0.37018994,44.757,5.126,820,234.303,55.437,80.18,0
64.483,337.633,0.0029618,0.0225328392984939,-3.79278151,35.753,2.791,838,92.511,48.458,75.499,0
46.308,319.458,0.0031303,0.007854214548763803,-4.84670501,39.392,12.476,247,192.294,62.233,244.661,0
176.246,449.396,0.00222521,2.257388569307235,0.81420864,56.38,3.208,689,294.639,58.98,88.84,1
72.581,345.731,0.00289242,0.03477407044506966,-3.35888327,40.144,8.892,1053,222.39,58.555,225.766,0
123.938,397.088,0.00251833,0.3609045586470263,-1.01914174,38.544,7.094,1139,96.613,50.645,128.535,0
173.495,446.645,0.00223891,2.071942673514529,0.72848666,48.405,3.324,277,238.219,48.788,62.653,1
62.99,336.14,0.00297495,0.02075308584025728,-3.87506033,42.931,14.776,229,295.788,45.942,99.7,0
151.316,424.466,0.0023559,0.9967971141692705,-0.00320803,49.859,14.078,738,82.841,51.792,200.006,0
149.054,422.204,0.00236852,0.9211316534803091,-0.08215231,42.875,6.094,1125,29.826,44.778,88.298,0
173.378,446.528,0.0022395,2.064354290557507,0.72481749,53.55,14.458,875,265.926,45.793,175.685,1
164.256,437.406,0.00228621,1.541421601605345,0.43270511,53.985,6.204,952,116.27,43.391,58.929,1
106.511,379.661,0.00263393,0.175146369454001,-1.74213326,46.129,7.447,644,113.854,55.256,26.989,0
62.566,335.716,0.00297871,0.02027107514963281,-3.89856028,43.74,12.629,673,23.709,54.458,204.574,0
113.052,386.202,0.00258932,0.2315131430544936,-1.46311863,41.497,9.128,435,137.444,56.45,93.84,0
114.734,387.884,0.00257809,0.2483560628231315,-1.39289183,37.606,8.545,706,96.091,61.839,10.276,0
49.917,323.067,0.00309533,0.009774362540435804,-4.62799239,41.152,14.291,416,172.081,58.353,195.421,0
97.97,371.12,0.00269455,0.1198797220869077,-2.12126635,36.881,14.104,1166,13.312,51.865,192.167,0
64.503,337.653,0.00296162,0.02255757715271698,-3.79168425,35.286,7.664,1066,232.134,53.308,138.2,0
71.887,345.037,0.00289824,0.03353148315282391,-3.39527049,39.729,1.107,1146,170.4,51.176,95.331,0
165.907,439.057,0.00227761,1.626571547598866,0.48647445,46.54,12.08,178,172.409,55.794,113.074,0
74.563,347.713,0.00287594,0.03855133680943597,-3.2557645,38.913,11.357,1200,73.769,43.093,149.338,0
161.987,435.137,0.00229813,1.430670464544186,0.35814319,46.767,8.529,374,280.605,53.57,204.201,0
135.451,408.601,0.00244738,0.5625174004521618,-0.57533321,45.198,11.634,198,214.932,50.407,211.021,0
119.618,392.768,0.00254603,0.3034968208522221,-1.19238414,47.568,5.298,853,248.697,43.156,173.745,1
54.908,328.058,0.00304824,0.01312210746030503,-4.33345688,44.196,3.162,504,81.569,58.033,23.063,0
119.881,393.031,0.00254433,0.3067481148878249,-1.18172834,39.021,3.852,350,265.559,44.049,19.651,0
171.751,444.901,0.00224769,1.961273561713752,0.67359404,45.986,12.381,168,193.171,49.764,198.546,0
63.073,336.223,0.00297422,0.0208486300308284,-3.87046704,44.039,1.796,492,283.235,53.402,120.122,0
136.658,409.808,0.00244017,0.588458196830338,-0.53024939,47.355,4.708,479,209.508,57.602,246.8,0
84.519,357.669,0.00279588,0.06360479892286466,-2.75506636,36.693,10.047,286,23.756,43.956,130.867,0
55.212,328.362,0.00304542,0.01335577878638962,-4.31580612,36.957,7.821,799,112.585,56.826,42.538,0
118.819,391.969,0.00255122,0.2938034051747595,-1.22484443,38.413,13.357,444,132.503,61.227,161.922,0
160.136,433.286,0.00230794,1.34546388576586,0.29673885,44.968,3.892,496,171.954,42.792,144.933,0
54.683,327.833,0.00305033,0.0129515236287404,-4.34654184,40.531,9.401,1098,240.754,57.939,52.197,0
97.563,370.713,0.0026975,0.1176820157253513,-2.13976907,36.371,14.822,862,77.726,42.313,131.273,0
54.56,327.71,0.00305148,0.01285911278517971,-4.35370255,36.664,10.693,782,215.474,43.3,202.333,0
162.673,435.823,0.00229451,1.463407777328926,0.38076781,51.264,1.146,739,102.583,42.157,110.048,1
106.59,379.74,0.00263338,0.1757476589788863,-1.73870607,44.732,4.852,609,78.932,49.552,228.693,0
164.473,437.623,0.00228507,1.552389670876255,0.43979547,51.064,13.254,333,91.99,54.285,61.508,0
175.451,448.601,0.00222915,2.20239238865148,0.78954422,50.152,13.451,372,41.589,51.67,165.775,0
89.93,363.08,0.00275421,0.08254112172652486,-2.49445866,45.668,12.12,768,128.754,61.893,165.203,0
152.334,425.484,0.00235026,1.032565525092359,0.03204651,48.013,8.716,129,132.827,46.673,73.708,0
169.896,443.046,0.0022571,1.84916353032535,0.61473339,51.877,10.529,359,155.301,57.656,88.707,1
148.173,421.323,0.00237348,0.893035663556114,-0.11312876,47.189,11.192,573,174.209,49.419,238.861,0
97.014,370.164,0.00270151,0.1147738342933844,-2.16479175,37.287,12.279,669,117.639,44.68,193.255,0
176.651,449.801,0.00222321,2.285854739677423,0.82674002,56.276,3.713,203,219.047,52.66,134.183,1
87.148,360.298,0.00277548,0.07226110435524596,-2.62746927,41.899,5.11,643,223.913,61.663,64.576,0
92.634,365.784,0.00273385,0.0937506876000833,-2.36711628,45.395,4.598,899,80.323,58.095,177.983,0
156.038,429.188,0.00232998,1.172231355674479,0.15890907,42.918,3.248,994,74.209,41.609,100.502,0
153.715,426.865,0.00234266,1.082857490688142,0.07960337,42.481,5.775,124,96.837,44.377,186.42,0
130.898,404.048,0.00247495,0.4733969179656479,-0.74782109,47.248,6.833,290,49.788,54.118,242.474,0
30.79,303.94,0.00329012,0.002890552094592446,-5.84630776,36.817,7.452,1005,62.403,59.593,212.844,0
123.906,397.056,0.00251854,0.3604467104355803,-1.02041115,40.316,7.496,824,273.705,41.601,235.288,0
130.233,403.383,0.00247903,0.4614691210547954,-0.77334014,48.336,4.093,662,123.096,56.857,78.324,1
179.198,452.348,0.00221069,2.472016329467877,0.90503415,53.097,10.758,130,173.232,62.052,160.697,1
132.835,405.985,0.00246315,0.5096831215652924,-0.67396608,41.08,5.558,1042,157.985,42.622,220.506,0
140.742,413.892,0.00241609,0.6840980472654136,-0.37965403,45.948,10.547,1111,123.285,62.356,235.847,0
53.75,326.9,0.00305904,0.0122651541455216,-4.40099303,38.429,7.083,149,47.876,61.525,79.539,0
172.996,446.146,0.00224142,2.039744180433471,0.7128244,53.154,3.408,1077,224.434,53.832,159.852,1
138.744,411.894,0.00242781,0.6357460361729742,-0.45295611,40.289,11.3,937,28.026,53.55,128.546,0
89.25,362.4,0.00275938,0.07991580236484194,-2.52678167,35.825,9.683,1115,110.973,43.241,198.53,0
32.529,305.679,0.00327141,0.003249547822979262,-5.72923942,35.74,7.772,865,178.685,51.732,105.27,0
151.776,424.926,0.00235335,1.012824772996873,0.01274323,49.837,8.383,458,127.705,59.257,120.162,1
63.65,336.8,0.00296912,0.02152375756505072,-3.83859795,42.773,4.601,1143,128.632,43.707,157.162,0
39.631,312.781,0.00319713,0.005171195467315598,-5.26465139,43.475,13.527,565,78.861,55.47,158.965,0
92.889,366.039,0.00273195,0.09487411524547508,-2.35520437,35.916,4.441,507,122.435,45.758,157.321,0
99.922,373.072,0.00268045,0.1309306924056696,-2.03308716,39.211,7.897,119,243.518,47.433,159.079,0
103.938,377.088,0.0026519,0.1565248445767204,-1.85454053,40.685,2.663,113,172.115,49.211,206.489,0
154.273,427.423,0.0023396,1.103770219070815,0.09873179,51.059,1.043,328,132.027,42.621,24.13,1
164.007,437.157,0.00228751,1.528918304288282,0.42456049,46.945,3.368,567,293.202,59.029,170.827,1
157.024,430.174,0.00232464,1.212048057829088,0.19231154,48.939,14.5,717,10.222,46.664,230.994,0
54.93,328.08,0.00304804,0.01313889421900557,-4.33217842,35.523,10.322,707,244.462,57.941,88.72,0
89.356,362.506,0.00275858,0.0803201219445112,-2.5217351,45.649,14.256,664,295.556,52.412,223.14,0
79.743,352.893,0.00283372,0.05020046675439174,-2.99173095,36.544,2.23,746,30.893,46.254,214.923,0
30.854,304.004,0.00328943,0.002903101640191467,-5.84197558,37.003,4.629,1087,241.957,45.776,144.985,0
173.062,446.212,0.00224109,2.043978123956799,0.71489797,52.97,11.332,279,137.003,55.116,53.195,1
156.77,429.92,0.00232601,1.201681105422386,0.1837215,51.31,10.167,490,123.17,58.067,154.425,1
51.457,324.607,0.00308065,0.01071462458683289,-4.53614569,43.386,9.008,1024,46.512,45.358,179.76,0
139.177,412.327,0.00242526,0.6459649535996719,-0.43701003,48.226,13.549,279,26.161,42.434,102.559,0
36.262,309.412,0.00323194,0.004159415762968161,-5.48238066,41.026,9.528,1184,279.767,61.998,163.695,0
58.19,331.34,0.00301805,0.01584959947367421,-4.14461105,39.889,14.676,864,127.788,53.012,59.702,0
143.752,416.902,0.00239865,0.7629593725217606,-0.2705505,45.778,10.709,583,288.787,48.748,87.223,0
46.529,319.679,0.00312814,0.007961243896932393,-4.83317002,40.017,5.606,1163,181.855,42.183,124.342,0
125.442,398.592,0.00250883,0.3830043289863477,-0.95970899,46.783,12.157,569,124.002,51.853,207.339,0
176.27,449.42,0.00222509,2.259066950827451,0.81495187,46.821,11.569,948,131.922,55.711,148.331,0
143.518,416.668,0.00239999,0.7565582193132052,-0.27897579,44.363,11.352,471,220.207,49.866,237.412,0
141.152,414.302,0.0024137,0.6944052982980494,-0.36469949,41.086,6.648,671,112.835,61.272,71.621,0
145.838,418.988,0.0023867,0.822128274590573,-0.19585884,41.121,11.401,489,262.852,59.467,9.251,0
44.091,317.241,0.00315218,0.006849860395131138,-4.98352701,43.839,5.095,687,11.537,60.596,134.178,0
32.211,305.361,0.00327481,0.003181039164918489,-5.75054735,41.964,11.773,1053,219.145,59.228,31.779,0
73.156,346.306,0.00288762,0.03583443995590412,-3.32884584,42.221,3.422,548,25.536,56.732,53.528,0
141.265,414.415,0.00241304,0.6972696508527292,-0.36058307,47.781,1.343,999,145.887,61.41,67.481,1
129.679,402.829,0.00248244,0.4517330163408038,-0.79466395,46.957,13.026,272,188.465,57.736,9.074,0
112.69,385.84,0.00259175,0.2280220569590925,-1.47831291,40.438,10.925,201,106.233,61.022,55.513,0
146.892,420.042,0.00238071,0.8535072251043933,-0.15840127,45.727,2.403,512,148.926,51.153,217.486,0
99.14,372.29,0.00268608,0.1264002236090067,-2.06830203,42.312,10.788,822,137.902,47.686,180.502,0
66.31,339.46,0.00294586,0.02489518741445062,-3.69308077,42.867,10.161,1102,279.208,54.029,237.194,0
153.437,426.587,0.00234419,1.0725669200658,0.07005477,51.974,12.942,822,127.732,58.011,115.562,1
137.914,411.064,0.00243271,0.6165496544759875,-0.48361642,49.257,1.396,711,275.139,53.285,190.053,1
164.298,437.448,0.00228599,1.543539236252115,0.43407798,49.219,10.795,679,285.888,60.124,149.316,0
91.62,364.77,0.00274145,0.08939876332765796,-2.41464843,38.914,12.447,405,22.086,55.432,233.755,0
106.641,379.791,0.00263303,0.176136795859626,-1.73649434,40.32,3.71,599,57.637,51.186,38.629,0
137.168,410.318,0.00243713,0.5997276764872356,-0.5112796,43.456,9.686,653,79.722,57.327,164.12,0
74.793,347.943,0.00287403,0.03901245905086413,-3.24387422,44.017,11.097,618,37.095,46.301,206.98,0
95.074,368.224,0.00271574,0.1049982086141368,-2.25381199,45.93,11.945,326,212.225,42.821,196.768,0
73.594,346.744,0.00288397,0.03666135799459769,-3.30603199,40.921,6.469,835,53.196,51.933,29.118,0
128.962,402.112,0.00248687,0.4393983133590647,-0.82234896,42.721,9.244,715,206.365,48.31,83.243,0
161.707,434.857,0.00229961,1.417490618762991,0.34888814,46.036,14.094,391,122.529,46.547,220.279,0
36.796,309.946,0.00322637,0.004306826181151572,-5.44755403,40.677,5.751,254,96.593,55.847,38.772,0
85.441,358.591,0.00278869,0.06652984930788024,-2.71010457,43.908,4.343,1128,165.526,54.925,33.597,0
45.166,318.316,0.00314153,0.007321460561176716,-4.91694544,44.693,11.408,487,283.258,59.931,63.836,0
159.374,432.524,0.00231201,1.311678809453515,0.27130785,49.964,14.295,765,141.659,53.929,230.227,0
130.645,403.795,0.0024765,0.4688277092393559,-0.75751994,39.688,9.532,979,217.153,62.004,186.282,0
126.003,399.153,0.0025053,0.3915449542665624,-0.93765494,41.721,7.31,1016,263.591,56.505,223.566,0
173.283,446.433,0.00223998,2.058210320427826,0.72183683,48.336,9.914,280,17.343,49.668,9.626,0
157.071,430.221,0.00232439,1.213974784978203,0.19389992,49.781,6.564,1129,266.763,43.41,18.81,1
113.596,386.746,0.00258568,0.2368475176323406,-1.44033873,40.697,4.976,1077,285.345,58.061,80.936,0
148.859,422.009,0.00236962,0.9148478871904905,-0.08899747,43.225,7.785,246,150.394,42.933,92.769,0
136.33,409.48,0.00244212,0.5813080048127454,-0.54247453,45.294,13.741,146,280.238,48.355,214.177,0
67.094,340.244,0.00293907,0.02597487308301104,-3.65062563,40.334,3.328,591,252.081,51.994,24.14,0
66.669,339.819,0.00294274,0.02538451590927598,-3.6736159,43.93,12.173,1110,54.515,55.826,133.514,0
105.211,378.361,0.00264298,0.1655080260294063,-1.79873559,40.586,4.648,233,204.505,54.668,171.963,0
58.306,331.456,0.00301699,0.0159546516754035,-4.13800485,36.019,1.482,721,283.898,56.489,218.256,0
78.399,351.549,0.00284455,0.04691164038147849,-3.05948944,40.472,14.08,1137,176.229,51.04,154.196,0
64.324,337.474,0.00296319,0.02233703270174895,-3.80150932,44.223,10.137,1060,228.286,54.569,126.71,0
146.578,419.728,0.0023825,0.8440524137865747,-0.16954068,50.016,13.246,332,211.563,59.711,127.877,0
160.454,433.604,0.00230625,1.359783305185507,0.30732535,44.397,12.208,798,205.167,42.807,152.671,0
148.659,421.809,0.00237074,0.9084415528848022,-0.09602473,51.284,6.654,190,190.274,60.432,46.76,1
40.676,313.826,0.00318648,0.005527244974503802,-5.19806578,43.302,7.638,612,78.429,59.774,196.662,0
54.525,327.675,0.0030518,0.01283292512035562,-4.35574114,39.681,1.935,634,97.372,51.313,213.457,0
34.585,307.735,0.00324955,0.003725561437523945,-5.59253772,44.96,4.978,654,30.803,50.712,13.347,0
170.066,443.216,0.00225624,1.859203436217435,0.62014814,47.389,8.73,1191,186.854,61.622,188.854,0
34.755,307.905,0.00324775,0.003767603045997144,-5.58131628,44.634,2.661,990,277.019,55.667,55.747,1
177.975,451.125,0.00221668,2.381069545932202,0.86754978,50.909,13.317,866,144.184,50.058,14.425,1
86.5,359.65,0.00278048,0.07003596623016883,-2.65874637,43.391,9.938,400,281.48,56.283,235.454,0
136.192,409.342,0.00244295,0.5783223333192943,-0.5476239,46.26,2.031,1057,241.868,53.642,35.675,1
66.512,339.662,0.0029441,0.02516947495115195,-3.68212333,44.288,4.298,1164,48.272,59.835,43.291,0
81.757,354.907,0.00281764,0.05551207223040493,-2.89115476,36.218,13.04,811,255.042,61.12,105.372,0
107.37,380.52,0.00262798,0.1817824956858933,-1.70494439,41.295,7.801,194,162.699,50.382,100.346,0
179.649,452.799,0.00220849,2.506296029629383,0.91880598,55.717,12.336,660,119.962,53.804,50.497,1
133.669,406.819,0.0024581,0.5260371420931337,-0.64238346,41.023,2.412,399,42.228,62.125,12.818,0
124.17,397.32,0.00251686,0.3642391694802135,-1.00994457,45.09,7.696,792,27.294,59.589,78.133,0
175.721,448.871,0.00222781,2.220940186542405,0.79793061,55.72,2.3,653,77.965,50.686,72.12,1
101.097,374.247,0.00267203,0.1380069151718589,-1.98045149,40.335,4.71,884,131.313,52.855,209.331,0
41.826,314.976,0.00317485,0.005944431335400271,-5.12530041,36.866,10.823,987,264.639,55.752,82.362,0
70.207,343.357,0.00291242,0.03068553739322681,-3.48396383,44.026,11.566,319,78.703,53.508,213.567,0
170.154,443.304,0.00225579,1.864418915980592,0.62294943,47.001,10.292,865,51.906,53.356,64.488,0
102.032,375.182,0.00266537,0.1438761409433536,-1.93880248,43.636,12.274,1134,111.298,51.088,215.244,0
141.471,414.621,0.00241184,0.7025177718453799,-0.35308458,49.619,2.185,979,283.142,54.398,9.46,1
51.523,324.673,0.00308002,0.01075667409947553,-4.53222887,41.929,13.628,865,65.548,51.257,193.794,0
175.53,448.68,0.00222876,2.207805554519945,0.79199906,47.953,13.621,1056,28.959,47.195,215.565,0
168.381,441.531,0.00226485,1.761726520135941,0.56629431,50.78,3.387,766,86.07,56.761,94.928,1
91.51,364.66,0.00274228,0.08893756510480477,-2.41982067,41.256,5.963,384,268.909,46.545,78.091,0
176.489,449.639,0.00222401,2.274431608665878,0.82173018,55.626,7.846,870,75.859,57.424,245.573,1
96.698,369.848,0.00270381,0.113128800741124,-2.17922828,36.349,1.812,761,114.266,42.915,109.168,0
157.962,431.112,0.00231958,1.251003595262948,0.22394611,51.022,9.885,958,88.379,53.908,23.024,1
61.621,334.771,0.00298712,0.01923256136802261,-3.95115053,40.933,3.134,809,192.658,46.584,24.267,0
133.529,406.679,0.00245894,0.5232603968978112,-0.64767605,46.552,12.27,808,155.269,55.445,134.372,0
172.647,445.797,0.00224317,2.017480380216377,0.7018494,55.854,5.798,642,204.574,49.889,46.945,1
42.515,315.665,0.00316792,0.006207739634301925,-5.08195844,42.591,2.508,427,167.202,42.989,43.637,0
178.943,452.093,0.00221193,2.452812317223416,0.89723525,52.585,8.559,661,86.602,59.078,227.243,1
60.912,334.062,0.00299346,0.01848487421861312,-3.99080249,37.227,9.703,501,66.091,57.622,117.267,0
131.081,404.231,0.00247383,0.4767260412289544,-0.74081329,45.577,1.11,112,210.529,43.744,15.513,1
176.499,449.649,0.00222396,2.275135321995885,0.82203953,51.182,5.803,785,83.301,42.385,145.387,1
31.687,304.837,0.00328044,0.003070989315040581,-5.78575552,38.08,4.974,1162,259.013,60.991,103.894,0
171.155,444.305,0.00225071,1.924634473860886,0.65473607,54.169,4.388,101,50.882,51.02,106.946,1
112.495,385.645,0.00259306,0.2261606934748454,-1.4865095,40.867,10.584,943,162.483,47.557,247.312,0
35.73,308.88,0.0032375,0.004017093743205157,-5.51719659,37.705,7.896,916,167.18,45.306,205.236,0
130.717,403.867,0.00247606,0.4701241108174121,-0.75475855,45.235,5.919,648,272.043,41.692,107.908,0
166.748,439.898,0.00227325,1.671478840418675,0.51370877,47.278,1.97,1106,210.315,53.267,15.609,1
57.697,330.847,0.00302255,0.01540999322139856,-4.17273907,44.945,13.879,800,192.462,51.456,51.37,0
110.57,383.72,0.00260607,0.208488466532031,-1.56787156,38.069,8.733,599,159.379,50.556,92.746,0
41.433,314.583,0.00317881,0.005798782219397973,-5.15010735,37.374,4.228,688,61.651,48.956,110.129,0
41.343,314.493,0.00317972,0.005765882554011049,-5.15579705,42.932,14.988,1162,256.054,53.35,124.353,0
151.157,424.307,0.00235678,0.9913083362481876,-0.00872966,42.339,10.408,298,188.31,43.484,172.54,0
40.084,313.234,0.0031925,0.005322924265945406,-5.23573245,44.517,6.588,627,257.632,47.034,193.142,0
128.083,401.233,0.00249232,0.4246779483544969,-0.85642417,46.307,6.782,802,224.061,59.061,6.506,0
150.034,423.184,0.00236304,0.9532801178994474,-0.04784649,42.682,9.334,1132,56.789,62.107,239.108,0
57.445,330.595,0.00302485,0.01518952426324781,-4.18714928,35.466,7.667,726,146.804,58.158,231.183,0
42.963,316.113,0.00316343,0.006384525639650945,-5.05387809,38.717,10.42,386,43.897,45.125,66.129,0
36.554,309.704,0.00322889,0.004239448864504011,-5.463322,38.313,5.922,692,223.44,48.81,232.396,0
168.106,441.256,0.00226626,1.746242024401855,0.55746606,52.91,5.694,525,234.545,58.572,24.566,1
63.219,336.369,0.00297293,0.02101764874839855,-3.86239278,35.806,11.898,1090,260.544,62.108,246.131,0
50.625,323.775,0.00308856,0.01019703532395634,-4.58565826,36.999,14.014,952,88.863,46.966,66.024,0
38.991,312.141,0.00320368,0.004963464861727687,-5.30565122,37.088,7.999,1099,99.223,50.473,62.669,0
144.003,417.153,0.0023972,0.7698776940882646,-0.26152362,48.44,4.791,607,10.301,55.351,191.093,1
153.202,426.352,0.00234548,1.063934034251537,0.06197339,51.782,14.513,531,290.814,55.19,102.616,1
165.169,438.319,0.00228144,1.588022486704612,0.46248952,44.746,12.808,622,198.295,43.0,205.69,0
104.851,378.001,0.0026455,0.1629227826483736,-1.81447892,42.878,7.736,132,90.666,48.009,190.472,0
104.305,377.455,0.00264932,0.1590695727442887,-1.83841361,44.24,12.896,150,289.5,52.318,112.747,0
83.377,356.527,0.00280484,0.06014006907646984,-2.81107895,40.399,2.119,1041,269.596,42.674,62.755,0
69.775,342.925,0.00291609,0.02998940421724769,-3.50691115,40.984,8.226,333,289.609,55.263,190.65,0
41.382,314.532,0.00317933,0.005780118406664186,-5.15333111,38.438,3.798,1165,70.373,61.129,120.036,0
116.439,389.589,0.00256681,0.2665153052093195,-1.32232361,46.076,3.078,976,98.95,55.442,55.941,1
48.951,322.101,0.00310462,0.00922301251501962,-4.68605356,43.866,5.675,596,225.138,55.94,110.543,0
157.423,430.573,0.00232249,1.228488901198552,0.20578488,52.005,8.435,1152,181.65,54.39,101.506,1
128.793,401.943,0.00248791,0.4365340854551316,-0.82888882,45.091,10.281,786,83.848,47.308,44.342,0
43.3,316.45,0.00316006,0.006520478343050033,-5.03280754,39.545,2.285,197,86.206,61.363,218.124,0
81.716,354.866,0.00281797,0.05539915931897667,-2.89319086,40.375,13.601,310,211.892,43.189,78.835,0
113.636,386.786,0.00258541,0.2372439679744155,-1.43866627,42.856,12.671,1189,13.969,62.183,217.658,0
66.529,339.679,0.00294396,0.02519268098231112,-3.68120176,41.097,14.11,1169,70.407,41.804,119.835,0
42.943,316.093,0.00316363,0.006376537918345263,-5.05512997,39.747,5.635,132,149.437,49.098,107.231,0
147.912,421.062,0.00237495,0.8848558236407056,-0.12233056,43.673,3.046,120,198.483,44.372,248.493,0
179.981,453.131,0.00220687,2.531789797836267,0.92892648,56.199,8.516,1105,88.086,46.155,19.535,1
84.947,358.097,0.00279254,0.06494815569027847,-2.73416593,43.227,5.711,889,174.389,46.195,175.994,0
155.582,428.732,0.00233246,1.154202147683799,0.14340932,51.998,11.82,573,44.515,43.138,204.983,1
30.792,303.942,0.0032901,0.002890943525349468,-5.84617235,44.412,11.134,466,280.423,42.178,185.471,0
64.649,337.799,0.00296034,0.0227388986537244,-3.78367822,44.819,5.947,672,252.238,47.357,49.561,0
156.891,430.041,0.00232536,1.206610114089364,0.18781487,44.832,1.943,1038,208.78,48.95,131.444,1
161.355,434.505,0.00230147,1.401070086631221,0.33723629,51.936,10.294,707,60.977,56.662,153.958,1
87.055,360.205,0.0027762,0.07193796012658775,-2.6319512,36.91,8.617,552,89.685,45.222,212.422,0
77.034,350.184,0.00285564,0.04376858246335621,-3.12883901,42.689,6.238,321,53.655,41.695,211.54,0
156.107,429.257,0.00232961,1.17498051275848,0.16125156,50.861,13.868,552,249.088,50.307,29.642,0
32.46,305.61,0.00327214,0.003234570664553788,-5.73385908,43.159,1.914,676,226.779,60.006,111.528,0
89.287,362.437,0.0027591,0.08005672788210108,-2.5250198,39.967,6.78,297,106.109,48.968,32.846,0
119.608,392.758,0.0025461,0.3033737944583634,-1.19278959,43.723,7.847,686,64.262,56.376,228.484,0
40.885,314.035,0.00318436,0.005601046401598708,-5.18480184,39.264,2.172,275,165.475,48.661,63.892,0
75.956,349.106,0.00286446,0.04142003162344057,-3.18399066,37.888,10.398,290,53.861,42.231,25.606,0
39.929,313.079,0.00319408,0.005270563304053273,-5.24561803,41.907,6.918,786,30.811,45.594,133.003,0
73.814,346.964,0.00288214,0.0370830711232577,-3.29459472,43.259,9.053,568,265.198,57.113,84.028,0
142.974,416.124,0.00240313,0.7418565240626177,-0.29859942,47.276,2.673,280,77.158,43.453,174.433,1
151.544,424.694,0.00235464,1.004713643124169,0.00470257,45.935,9.139,937,113.859,57.803,174.62,0
53.899,327.049,0.00305765,0.01237253306700845,-4.39227634,43.019,14.539,557,78.325,59.047,113.186,0
91.524,364.674,0.00274218,0.08899614608800495,-2.41916221,39.663,6.203,1131,137.812,52.085,23.309,0
154.385,427.535,0.00233899,1.108009509101569,0.10256517,46.141,12.369,448,223.71,56.697,187.797,0
31.432,304.582,0.00328319,0.003018687690953223,-5.80293308,43.751,12.85,1190,194.536,57.754,44.773,0
127.836,400.986,0.00249385,0.4206196802022458,-0.86602623,39.036,2.272,861,12.147,48.05,246.073,0
152.057,425.207,0.0023518,1.022724749995542,0.02247039,46.149,3.313,907,235.881,45.899,166.702,1
30.482,303.632,0.00329346,0.002830839689540187,-5.8671819,41.327,13.815,770,288.376,43.17,227.096,0
110.275,383.425,0.00260807,0.2058902090411203,-1.58041222,40.823,1.304,810,283.687,49.835,45.049,0
41.98,315.13,0.00317329,0.006002396360450061,-5.1155965,41.203,4.43,374,133.262,52.475,45.081,0
98.741,371.891,0.00268896,0.1241423019101231,-2.08632678,41.202,6.401,822,126.723,57.245,144.83,0
32.616,305.766,0.00327047,0.003268521238399011,-5.72341762,40.912,5.309,456,276.177,61.324,154.154,0
80.284,353.434,0.00282938,0.05158101425356014,-2.96460162,36.511,3.098,869,171.67,51.306,138.145,0
67.468,340.618,0.00293584,0.02650447623103148,-3.63044165,37.154,2.984,957,94.527,55.087,204.404,0
79.282,352.432,0.00283743,0.04905003951885272,-3.01491429,37.168,9.593,1100,161.648,62.385,174.023,0
147.91,421.06,0.00237496,0.8847933940515869,-0.12240111,42.988,10.048,928,109.599,48.581,22.742,0
56.377,329.527,0.00303465,0.01428613528435583,-4.24846577,44.305,8.777,849,212.743,56.381,51.088,0
92.617,365.767,0.00273398,0.09367621184379701,-2.367911,40.62,9.778,690,126.945,42.158,114.779,0
74.086,347.236,0.00287989,0.03761042071941498,-3.28047412,41.814,14.916,862,57.224,50.342,134.803,0
107.462,380.612,0.00262735,0.1825061585129029,-1.70097136,40.952,10.991,432,150.573,44.452,182.426,0
46.962,320.112,0.00312391,0.008174747629583062,-4.80670543,39.98,5.61,196,203.386,58.163,187.434,0
36.769,309.919,0.00322665,0.004299261362842417,-5.44931205,35.696,12.265,435,207.033,54.551,99.452,0
112.161,385.311,0.00259531,0.2230034461427105,-1.50056805,43.473,4.541,1168,137.813,51.405,244.876,0
104.634,377.784,0.00264702,0.1613816636082853,-1.82398314,46.05,3.384,280,107.329,47.571,121.497,0
38.411,311.561,0.00320964,0.004781730269129941,-5.34295282,38.062,10.075,709,222.604,46.794,145.741,0
67.495,340.645,0.00293561,0.02654307938409111,-3.62898623,42.433,4.822,248,88.566,54.689,188.169,0
143.723,416.873,0.00239881,0.7621635277231091,-0.27159414,43.985,14.372,418,186.617,46.721,121.664,0
149.962,423.112,0.00236344,0.9508856128440321,-0.0503615,42.691,10.485,1060,261.68,50.043,93.702,0
118.42,391.57,0.00255382,0.2890649583917617,-1.24110385,42.553,14.074,104,85.083,62.054,163.097,0
150.227,423.377,0.00236196,0.9597244587455266,-0.04110906,49.39,3.513,109,196.462,54.281,52.868,1
136.445,409.595,0.00244144,0.5838062881502869,-0.53818605,45.919,10.615,1007,39.451,45.512,170.804,0
70.352,343.502,0.00291119,0.03092239681297621,-3.47627454,35.93,12.879,285,244.014,53.66,223.431,0
39.873,313.023,0.00319465,0.005251760078743638,-5.24919201,35.624,8.315,1177,29.818,48.231,244.585,0
157.943,431.093,0.00231969,1.250203934919869,0.22330669,51.505,14.281,1197,89.811,60.17,204.431,1
55.582,328.732,0.00304199,0.01364520181289761,-4.29436733,35.156,4.012,439,285.563,61.122,176.456,0
88.022,361.172,0.00276876,0.07536128650710808,-2.58546158,39.136,14.286,768,46.604,60.586,72.09,0
143.311,416.461,0.00240119,0.7509345159983246,-0.28643683,42.858,6.878,880,110.999,46.742,241.936,0
153.309,426.459,0.00234489,1.067857281828192,0.0656541,45.817,6.608,675,70.613,50.983,104.235,0
34.217,307.367,0.00325344,0.003635999089010545,-5.61687135,44.266,9.341,840,292.748,58.832,152.49,0
119.727,392.877,0.00254533,0.3048406404743527,-1.18796613,39.267,4.336,192,163.998,47.236,207.02,0
172.653,445.803,0.00224314,2.017861371262728,0.70203822,51.255,2.362,338,297.238,41.725,183.447,1
31.659,304.809,0.00328074,0.003065206690577607,-5.78764028,35.436,6.353,1096,38.826,54.221,144.662,0
105.595,378.745,0.0026403,0.1683052985675338,-1.7819757,36.806,13.431,1031,153.164,56.75,188.32,0
159.48,432.63,0.00231144,1.316334342683137,0.27485086,47.172,1.242,857,205.462,51.739,207.749,1
159.26,432.41,0.00231262,1.306687756699175,0.26749551,45.232,3.187,214,252.605,47.922,213.44,0
100.55,373.7,0.00267594,0.1346718912265021,-2.00491389,41.686,3.465,1078,126.089,60.269,215.572,0
173.741,446.891,0.00223768,2.087975755528847,0.73619506,47.873,7.138,247,12.008,62.212,80.226,0
42.843,315.993,0.00316463,0.006336733901534375,-5.0613918,35.994,14.381,280,181.486,55.618,186.069,0
39.302,312.452,0.00320049,0.005063451644250961,-5.28570689,41.24,14.404,267,55.874,51.511,74.639,0
152.308,425.458,0.00235041,1.03163837656353,0.0311482,46.164,8.504,484,103.997,55.662,95.271,0
86.639,359.789,0.00277941,0.07050809563463914,-2.65202774,39.648,14.506,622,22.209,55.382,190.69,0
46.85,320.0,0.003125,0.008119035513186483,-4.81354391,43.286,10.82,351,124.975,55.412,116.455,0
37.414,310.564,0.00321995,0.004483288028592031,-5.40739857,43.698,11.489,289,126.845,53.26,161.611,0
144.058,417.208,0.00239689,0.7714009014304005,-0.25954706,46.63,7.407,998,292.119,57.031,54.334,0
108.361,381.511,0.00262116,0.1897118658084976,-1.66224885,42.603,4.299,135,213.562,56.508,153.811,0
122.057,395.207,0.00253032,0.3348378684881458,-1.09410884,42.059,7.536,666,133.173,51.121,40.807,0
120.608,393.758,0.00253963,0.315894492703902,-1.152347,42.067,2.523,852,79.367,48.097,95.352,0
174.249,447.399,0.00223514,2.121421525569861,0.75208639,54.537,2.944,1006,52.408,51.119,135.753,1
125.826,398.976,0.00250642,0.3888325562340065,-0.94460647,44.165,3.027,446,194.184,50.305,131.992,0
137.05,410.2,0.00243784,0.5971036913116368,-0.51566449,40.372,7.276,598,186.15,55.985,23.348,0
55.342,328.492,0.00304421,0.01345683571582014,-4.30826807,40.064,8.607,473,256.248,56.84,234.549,0
46.691,319.841,0.00312655,0.008040529560141535,-4.82326033,40.173,12.261,864,167.901,49.954,74.726,0
39.026,312.176,0.00320332,0.004974627938417503,-5.3034047,41.205,8.821,565,127.763,46.121,148.305,0
135.904,409.054,0.00244467,0.5721342676121574,-0.55838158,42.632,4.128,174,235.589,57.659,65.883,0
96.871,370.021,0.00270255,0.1140268103639245,-2.17132168,41.189,1.102,662,146.523,52.637,102.384,0
124.68,397.83,0.00251364,0.3716642579870633,-0.98976436,42.368,4.959,711,289.23,45.422,37.342,0
85.846,358.996,0.00278555,0.06785192313803254,-2.69042755,43.913,8.742,487,231.692,59.958,212.686,0
179.737,452.887,0.00220806,2.513031935339306,0.92148997,48.715,9.479,701,264.816,53.616,185.726,0
77.084,350.234,0.00285523,0.04388032666800844,-3.1262892,36.983,1.196,616,169.56,49.725,27.047,0
59.997,333.147,0.00300168,0.01755836536664576,-4.04222478,37.396,3.344,908,16.658,52.565,117.458,0
44.242,317.392,0.00315068,0.006914411704255646,-4.97414739,35.457,12.299,650,42.352,49.98,150.426,0
73.812,346.962,0.00288216,0.03707921802467125,-3.29469863,44.275,3.973,321,109.161,61.006,224.49,0
152.157,425.307,0.00235124,1.02626798842805,0.02592891,51.472,9.672,662,292.825,45.904,248.703,1
114.662,387.812,0.00257857,0.2476136805821803,-1.39588549,39.616,2.951,962,139.872,56.213,188.172,0
179.847,452.997,0.00220752,2.521473583491001,0.92484349,52.188,1.999,911,272.872,54.922,75.905,1
172.764,445.914,0.00224258,2.024920841587487,0.70553061,50.098,3.066,849,207.17,53.52,164.955,1
154.015,427.165,0.00234102,1.094057956970788,0.08989368,44.68,11.663,405,255.351,53.672,219.92,0
95.182,368.332,0.00271494,0.1055224476523443,-2.24883157,44.488,8.87,229,33.714,51.01,202.616,0
154.876,428.026,0.00233631,1.126760561602908,0.11934676,52.516,8.047,108,275.01,49.22,95.551,1
34.003,307.153,0.00325571,0.003584813945267407,-5.6310487,41.696,1.834,1169,47.848,53.81,98.717,0
137.487,410.637,0.00243524,0.6068715429614152,-0.49943814,43.309,9.924,366,203.164,57.866,149.935,0
93.316,366.466,0.00272877,0.09678193944457138,-2.33529488,43.131,4.335,396,165.889,61.115,68.527,0
155.084,428.234,0.00233517,1.134786191233317,0.12644426,43.939,10.142,560,63.283,61.324,131.174,0
39.168,312.318,0.00320186,0.005020150354871745,-5.29429539,35.809,7.623,1163,155.844,55.076,15.589,0
34.465,307.615,0.00325082,0.003696140169515483,-5.6004662,35.782,13.113,641,133.623,53.346,175.058,0
39.244,312.394,0.00320109,0.005044668200832592,-5.2894234,43.277,14.679,281,94.068,57.924,176.179,0
69.847,342.997,0.00291548,0.03010444075894906,-3.50308258,39.608,11.235,166,178.745,60.895,40.971,0
83.507,356.657,0.00280381,0.06052585525781883,-2.80468465,42.696,11.031,452,105.542,50.122,107.46,0
141.262,414.412,0.00241306,0.6971934738594272,-0.36069233,46.163,9.952,1118,55.455,59.828,112.142,0
102.536,375.686,0.0026618,0.1471300922455972,-1.9164381,43.238,4.837,982,100.465,61.692,84.243,0
42.639,315.789,0.00316667,0.006256225552034683,-5.07417822,43.311,2.808,1121,44.09,51.618,157.736,0
64.612,337.762,0.00296066,0.02269282475455945,-3.78570649,43.909,5.54,372,130.262,45.61,217.084,0
113.353,386.503,0.0025873,0.2344515346641029,-1.45050639,44.46,7.947,233,202.863,56.375,98.707,0
162.925,436.075,0.00229318,1.475594585620815,0.38906102,47.555,8.814,889,218.262,55.042,73.903,0
158.735,431.885,0.00231543,1.283913294487101,0.24991268,51.636,6.279,217,198.637,50.864,223.169,1
70.948,344.098,0.00290615,0.03191315485715338,-3.44473698,38.699,14.108,950,234.822,54.812,44.553,0
165.225,438.375,0.00228115,1.590919815646122,0.46431235,46.875,5.075,543,136.104,52.683,213.326,0
169.764,442.914,0.00225777,1.841399967489914,0.61052613,52.511,11.187,1193,101.109,53.24,157.957,1
75.958,349.108,0.00286444,0.04142428309148281,-3.18388802,45.212,11.861,303,74.252,46.639,243.117,0
76.34,349.49,0.00286131,0.04224345735377787,-3.16430579,37.958,10.11,640,131.355,48.769,66.244,0
46.778,319.928,0.0031257,0.008083400804092386,-4.8179426,44.251,5.163,915,17.209,52.045,64.229,0
36.833,309.983,0.00322598,0.004317212259935112,-5.4451454,42.771,10.892,421,99.982,54.134,74.136,0
131.22,404.37,0.00247298,0.4792683242258597,-0.73549466,40.049,1.763,1132,194.454,51.634,69.204,0
124.329,397.479,0.00251586,0.3665400315247642,-1.00364754,45.867,4.062,838,253.97,51.943,201.001,0
177.881,451.031,0.00221714,2.374199451907469,0.86466031,52.326,11.221,248,24.742,53.253,91.84,1
65.86,339.01,0.00294977,0.02429370884756066,-3.71753786,36.111,2.431,430,229.521,46.008,153.268,0
50.127,323.277,0.00309332,0.009898061879186048,-4.61541631,39.384,1.321,853,240.077,45.07,74.501,0
41.257,314.407,0.00318059,0.005734602055968862,-5.16123692,37.636,6.219,542,112.666,62.278,209.767,0
64.219,337.369,0.00296411,0.02220856005478594,-3.80727748,43.835,2.87,778,250.604,56.397,30.745,0
42.877,316.027,0.00316429,0.006350242134742244,-5.05926234,36.398,9.174,961,276.646,54.455,69.628,0
53.522,326.672,0.00306117,0.01210245777724139,-4.41434672,39.88,10.819,825,24.905,61.981,156.814,0
171.555,444.705,0.00224868,1.949159008083328,0.667398,49.725,2.917,312,296.856,47.195,247.551,1
176.11,449.26,0.00222588,2.247897895459046,0.80999551,54.266,14.968,665,33.958,52.179,16.004,1
103.585,376.735,0.00265439,0.1541110392959454,-1.8700819,45.076,13.113,493,67.653,61.793,90.158,0
176.244,449.394,0.00222522,2.257248752391201,0.81414671,49.779,3.647,124,67.37,42.175,85.07,1
130.507,403.657,0.00247735,0.4663516394460134,-0.76281534,44.608,14.388,348,262.49,52.971,86.801,0
136.878,410.028,0.00243886,0.5932967672943191,-0.52206055,42.49,14.503,292,11.301,41.819,233.244,0
115.797,388.947,0.00257104,0.2595456403956842,-1.34882271,46.84,1.165,568,80.563,42.915,186.754,1
112.701,385.851,0.00259167,0.2281274559229767,-1.47785079,45.382,8.344,901,26.093,47.559,58.087,0
66.825,339.975,0.00294139,0.02559980764861087,-3.66517044,37.709,13.595,1109,100.956,45.601,225.081,0
116.577,389.727,0.0025659,0.2680346711222671,-1.31663894,43.469,5.069,479,278.577,53.857,13.745,0
54.787,327.937,0.00304937,0.01303012297361053,-4.34049145,38.854,14.622,171,199.341,55.17,182.294,0
161.49,434.64,0.00230075,1.407348265789051,0.34170727,49.3,7.726,855,197.35,53.501,33.369,1
171.679,444.829,0.00224805,1.956815834353963,0.67131858,47.164,11.462,950,105.849,46.975,36.582,0
115.01,388.16,0.00257626,0.2512199545115881,-1.38142641,43.885,10.084,608,207.172,48.41,61.398,0
30.862,304.012,0.00328934,0.002904673786986273,-5.84143419,38.03,1.519,271,117.494,43.023,78.925,0
124.079,397.229,0.00251744,0.3629280051024487,-1.0135508,41.988,1.049,1010,276.069,49.428,203.662,0
132.556,405.706,0.00246484,0.5043118408781424,-0.68456047,41.081,2.916,592,210.959,50.614,46.035,0
35.082,308.232,0.00324431,0.003849675925219679,-5.55976631,40.165,6.224,175,39.017,56.282,55.253,0
164.385,437.535,0.00228553,1.547933726506801,0.43692096,53.923,14.804,1048,150.82,42.005,68.111,1
117.433,390.583,0.00256028,0.2776296506529397,-1.28146725,42.453,10.069,430,113.243,44.178,72.941,0
104.207,377.357,0.00265001,0.1583865191115108,-1.84271691,41.178,7.97,209,13.689,55.696,224.693,0
87.483,360.633,0.0027729,0.07343579011244136,-2.61134386,36.64,2.419,256,26.215,56.733,38.639,0
67.897,341.047,0.00293215,0.02712379361438659,-3.60734394,36.07,1.667,607,285.155,59.283,214.86,0
157.601,430.751,0.00232153,1.235885219251002,0.21178749,47.046,5.368,566,242.359,61.518,148.83,0
146.283,419.433,0.00238417,0.8352524602656938,-0.18002125,42.408,5.095,721,182.207,52.153,248.095,0
158.444,431.594,0.00231699,1.271437738330646,0.24014834,45.463,9.21,488,132.359,44.451,99.812,0
115.869,389.019,0.00257057,0.2603192551726176,-1.3458465,45.63,5.327,506,225.479,56.226,61.963,0
138.018,411.168,0.0024321,0.6189270527418709,-0.47976786,46.179,6.934,998,24.718,48.719,164.58,0
51.161,324.311,0.00308346,0.01052784505080129,-4.55373162,37.802,11.349,514,111.2,44.081,78.048,0
126.509,399.659,0.00250213,0.3993902900097784,-0.91781617,44.145,8.988,1102,238.671,50.284,191.592,0
137.94,411.09,0.00243256,0.6171432592102736,-0.4826541,48.032,5.468,439,246.926,59.419,207.297,1
52.118,325.268,0.00307439,0.01114248571156692,-4.49698994,40.209,9.204,271,105.487,42.155,231.218,0
139.858,413.008,0.00242126,0.6623252684559541,-0.4119985,49.468,3.31,245,45.251,46.908,168.314,1
158.251,431.401,0.00231803,1.263221327983718,0.23366507,45.58,1.274,1159,131.094,56.664,154.387,1
179.246,452.396,0.00221045,2.475645547573115,0.90650119,49.021,4.875,165,259.408,56.417,11.723,1
119.143,392.293,0.00254912,0.2977010096303517,-1.21166562,46.808,11.003,419,276.328,61.157,178.613,0
141.362,414.512,0.00241248,0.6997366010723642,-0.3570513,48.485,6.038,590,213.47,42.43,91.386,1
55.533,328.683,0.00304245,0.01360655315940463,-4.29720375,39.068,2.854,1185,92.688,56.09,195.163,0
152.912,426.062,0.00234708,1.05336346209521,0.05198834,47.989,11.208,749,114.936,43.398,161.472,0
156.95,430.1,0.00232504,1.209019832494039,0.18980998,44.923,2.906,677,48.971,46.221,85.771,0
108.018,381.168,0.00262352,0.1869336951066583,-1.6770013,39.491,5.337,206,284.382,59.045,38.214,0
95.815,368.965,0.00271028,0.1086417580232674,-2.21969943,37.33,5.831,590,18.774,57.29,21.033,0
177.676,450.826,0.00221815,2.359275614926594,0.85835463,53.325,4.602,1168,68.787,42.821,141.426,1
137.471,410.621,0.00243534,0.6065114770758149,-0.50003163,49.612,2.077,238,292.173,58.816,91.521,1
124.17,397.32,0.00251686,0.3642391694802135,-1.00994457,39.6,2.938,751,277.007,51.693,63.635,0
115.788,388.938,0.0025711,0.2594490802372607,-1.34919482,43.841,7.095,794,243.546,47.622,22.946,0
156.862,430.012,0.00232552,1.205427195453561,0.18683402,48.616,7.414,100,80.818,45.927,131.443,0
178.4,451.55,0.00221459,2.412343892373106,0.88059884,50.482,12.7,321,13.668,49.511,64.549,0
167.351,440.501,0.00227014,1.704329632335279,0.53317186,48.161,11.031,564,33.239,43.878,186.14,0
173.127,446.277,0.00224076,2.048155278720695,0.71693952,51.861,4.847,420,99.515,46.242,89.594,1
122.334,395.484,0.00252855,0.3385700548868092,-1.08302425,47.66,5.786,135,163.325,57.092,111.103,0
57.327,330.477,0.00302593,0.01508726187376449,-4.19390448,41.812,12.912,438,181.945,57.32,213.249,0
98.754,371.904,0.00268887,0.1242153043903463,-2.08573889,43.068,6.501,337,227.228,61.181,24.309,0
118.117,391.267,0.0025558,0.2855113830549842,-1.25347338,38.752,9.525,584,29.76,50.921,242.198,0
83.863,357.013,0.00280102,0.06159356253228909,-2.78719792,38.78,14.04,827,18.523,57.515,119.604,0
126.997,400.147,0.00249908,0.4070860664702508,-0.89873065,46.331,8.82,125,246.355,48.588,229.299,0
155.732,428.882,0.00233164,1.160106212948478,0.14851156,51.333,1.816,335,247.724,54.643,108.543,1
36.41,309.56,0.00323039,0.004199808721171,-5.4727163,35.304,5.573,511,35.112,52.106,16.562,0
160.628,433.778,0.00230533,1.367673877493485,0.3131114,47.888,12.668,1138,112.22,56.437,68.144,0
160.458,433.608,0.00230623,1.359964256335849,0.30745842,46.061,11.229,334,179.797,44.002,220.901,0
173.217,446.367,0.00224031,2.05395111199055,0.71976531,54.158,4.834,951,243.826,44.125,115.696,1
115.304,388.454,0.00257431,0.2543023989918157,-1.36923117,37.694,5.514,556,162.605,47.122,137.455,0
137.123,410.273,0.0024374,0.5987258248258822,-0.51295151,45.691,12.45,357,70.29,43.516,139.409,0
105.129,378.279,0.00264355,0.1649160150558902,-1.80231893,46.273,12.281,989,176.564,53.267,104.704,0
161.992,435.142,0.0022981,1.430906774373865,0.35830835,53.355,12.77,620,259.993,42.97,135.443,1
121.067,394.217,0.00253667,0.3217911451560789,-1.13385256,46.528,8.101,792,240.163,55.634,40.807,0
37.22,310.37,0.00322196,0.004427205160242683,-5.41998678,40.663,13.176,890,250.795,52.723,165.081,0
175.833,448.983,0.00222726,2.228673253151065,0.80140645,47.762,4.669,356,299.833,49.405,123.962,1
169.193,442.343,0.00226069,1.808138091451771,0.59229764,51.549,3.025,1184,11.143,49.263,155.797,1
86.757,359.907,0.0027785,0.0709111042778924,-2.64632824,42.949,12.572,326,144.435,50.531,104.507,0
94.418,367.568,0.00272059,0.1018630231952834,-2.28412628,40.805,7.54,1113,279.246,47.673,6.919,0
153.473,426.623,0.00234399,1.073894733400021,0.07129198,44.455,1.022,852,94.239,41.71,47.049,1
157.267,430.417,0.00232333,1.222038151138414,0.20052008,49.484,8.801,240,40.66,42.08,61.979,1
169.531,442.681,0.00225896,1.82776437156143,0.60309357,49.802,5.311,1067,235.14,55.628,162.792,1
41.359,314.509,0.00317956,0.005771719084414995,-5.15478531,35.095,9.087,426,289.264,44.465,221.771,0
167.024,440.174,0.00227183,1.686446856521187,0.52262386,54.762,2.341,368,259.847,54.734,225.037,1
133.136,406.286,0.00246132,0.5155337024510167,-0.6625526,42.37,1.692,1080,107.726,59.402,155.478,0
103.128,376.278,0.00265761,0.1510347484236719,-1.89024535,44.054,5.283,1181,223.233,43.752,71.351,0
76.362,349.512,0.00286113,0.04229107010169754,-3.16317932,41.951,5.204,1101,167.879,61.4,138.801,0
75.822,348.972,0.00286556,0.04113606475812293,-3.19087005,44.542,6.655,560,255.797,58.662,120.824,0
32.776,305.926,0.00326876,0.003303676001597471,-5.71271949,41.998,6.208,647,56.571,62.206,230.48,0
44.858,318.008,0.00314457,0.007183447747087963,-4.93597582,39.333,1.823,443,204.644,50.408,221.494,0
44.787,317.937,0.00314528,0.007151966486978562,-4.94036793,37.577,12.002,626,203.838,52.392,151.468,0
108.094,381.244,0.00262299,0.1875461661336006,-1.67373024,43.513,4.497,686,64.729,53.856,130.608,0
35.862,309.012,0.00323612,0.004051991194094204,-5.50854687,43.754,11.247,699,247.36,61.648,141.296,0
133.159,406.309,0.00246118,0.515983150153059,-0.66168117,42.518,2.345,494,216.656,54.461,153.681,0
103.594,376.744,0.00265432,0.1541721719698129,-1.8696853,43.17,1.827,333,122.349,56.264,87.586,0
78.396,351.546,0.00284458,0.04690451850885879,-3.05964126,45.362,4.063,896,220.712,59.818,140.439,0
36.147,309.297,0.00323314,0.004128271388549811,-5.48989651,37.348,5.881,203,233.095,59.597,187.483,0
173.703,446.853,0.00223787,2.085492178308626,0.73500488,49.424,8.214,242,34.51,45.96,68.456,1
73.514,346.664,0.00288464,0.03650906827951925,-3.3101946,38.271,1.141,332,154.909,43.86,123.232,0
42.958,316.108,0.00316348,0.006382527866538784,-5.05419104,44.698,11.447,1165,110.656,52.872,246.001,0
142.442,415.592,0.00240621,0.7277193168721637,-0.31783986,46.248,6.467,1045,236.042,50.689,7.365,1
177.698,450.848,0.00221804,2.360873341998952,0.85903161,49.154,1.488,1098,152.137,41.743,31.015,1
149.096,422.246,0.00236829,0.9224899557983514,-0.08067879,48.125,7.278,188,226.059,43.334,210.628,0
107.967,381.117,0.00262387,0.1865236802292129,-1.67919708,46.667,10.473,134,138.354,42.978,226.763,0
47.793,320.943,0.00311582,0.008598947590865018,-4.75611546,35.309,8.753,954,142.374,48.308,135.923,0
120.556,393.706,0.00253997,0.3152324563880794,-1.15444496,46.726,6.966,567,163.119,41.676,234.687,0
169.657,442.807,0.00225832,1.835127324177305,0.60711387,48.996,5.167,456,291.604,47.048,33.704,1
133.232,406.382,0.00246074,0.5174119170834421,-0.65891598,46.598,3.918,1116,170.026,58.288,195.248,1
82.468,355.618,0.00281201,0.05750286264467235,-2.85592055,36.5,3.749,577,107.241,46.666,110.437,0
69.282,342.432,0.00292029,0.02921218210397673,-3.53316946,44.062,4.5,911,292.219,57.417,185.848,0
108.496,381.646,0.00262023,0.1908152167536437,-1.65644977,37.685,9.275,261,206.895,46.451,32.554,0
104.405,377.555,0.00264862,0.159769234923375,-1.83402479,45.342,1.126,263,133.955,46.907,141.8,0
166.99,440.14,0.002272,1.684596772938801,0.52152623,54.33,6.984,610,87.106,52.42,114.332,1
164.116,437.266,0.00228694,1.534380856873568,0.42812695,45.926,4.527,812,131.928,47.138,73.678,0
36.856,310.006,0.00322574,0.004323679838130631,-5.44364842,38.474,12.26,539,60.188,61.76,221.656,0
163.522,436.672,0.00229005,1.504814781877297,0.40866982,45.836,1.878,462,232.353,57.512,163.892,1
152.556,425.706,0.00234904,1.040511305685995,0.03971223,42.221,12.806,518,189.237,55.126,235.328,0
35.501,308.651,0.00323991,0.003957193985381221,-5.53222009,42.365,3.613,1071,175.928,57.617,212.901,0
36.371,309.521,0.0032308,0.004189130478428011,-5.47526209,44.536,4.678,231,172.535,50.06,92.506,0
42.729,315.879,0.00316577,0.006291629886830125,-5.06853512,43.636,12.485,586,204.181,43.872,127.968,0
101.891,375.041,0.00266638,0.1429772226401499,-1.94506994,43.899,1.175,1026,269.021,55.051,205.493,0
73.275,346.425,0.00288663,0.03605744749241365,-3.32264185,37.431,4.017,1131,239.588,60.127,212.247,0
160.236,433.386,0.00230741,1.34995277925688,0.30006961,48.348,7.317,117,95.533,53.323,72.373,0
164.461,437.611,0.00228513,1.55178139324581,0.43940356,48.11,6.035,367,83.331,51.232,99.024,1
147.34,420.49,0.00237818,0.8671555580706671,-0.1425369,50.126,6.854,950,74.591,42.787,59.165,1
111.357,384.507,0.00260073,0.215561341257261,-1.53450976,46.565,14.951,661,189.037,48.793,53.269,0
59.431,332.581,0.00300679,0.01700623577462583,-4.07417519,41.915,8.853,368,17.531,53.844,238.033,0
102.812,375.962,0.00265984,0.148939313048648,-1.90421635,40.009,4.898,608,107.886,47.156,222.455,0
104.063,377.213,0.00265102,0.1573875277293768,-1.84904419,39.578,13.131,778,83.447,49.522,223.226,0
98.432,371.582,0.0026912,0.1224181804277588,-2.10031239,45.383,4.524,680,178.915,50.872,108.204,0
46.111,319.261,0.00313223,0.007759899286825564,-4.85878592,44.707,6.848,546,70.649,59.022,120.449,0
175.434,448.584,0.00222924,2.201229017750522,0.78901585,49.925,7.918,749,32.723,59.502,195.333,1
39.01,312.16,0.00320349,0.004969522016449143,-5.30443162,36.105,9.853,371,67.923,53.81,149.782,0
53.44,326.59,0.00306194,0.01204441843187653,-4.41915393,36.271,1.578,188,231.715,43.66,15.73,0
134.066,407.216,0.0024557,0.5339810271573074,-0.62739497,48.728,4.579,476,265.99,46.546,213.554,1
79.644,352.794,0.00283452,0.04995141334035006,-2.99670448,38.833,9.224,490,245.289,52.975,88.143,0
43.746,316.896,0.00315561,0.006704403067049137,-5.00499079,42.218,9.77,981,110.753,46.312,176.164,0
176.53,449.68,0.0022238,2.277318018171054,0.82299844,55.575,5.843,926,189.562,57.614,191.19,1
144.544,417.694,0.0023941,0.7849744078926535,-0.24210416,41.395,8.931,363,56.459,47.258,26.961,0
64.701,337.851,0.00295988,0.02280379219824087,-3.78082843,38.935,5.552,237,24.495,46.108,249.141,0
176.57,449.72,0.00222361,2.280137049387579,0.82423555,52.18,4.095,686,42.179,48.084,47.036,1
53.162,326.312,0.00306455,0.01184950132220805,-4.43546949,40.151,4.999,466,84.454,47.095,149.122,0
146.09,419.24,0.00238527,0.8295382886949579,-0.18688601,47.64,5.483,254,127.315,42.631,173.312,0
118.978,392.128,0.00255019,0.2957105049675564,-1.21837433,41.056,4.659,506,247.242,44.204,245.589,0
77.126,350.276,0.00285489,0.04397438750448603,-3.12414792,38.944,5.36,393,200.784,45.847,19.207,0
51.305,324.455,0.00308209,0.0106183430774894,-4.54517229,39.557,5.786,816,50.514,48.779,93.765,0
118.988,392.138,0.00255012,0.2958308093976122,-1.21796758,45.32,9.812,316,112.912,43.064,41.894,0
132.885,406.035,0.00246284,0.5106509583747575,-0.67206898,45.469,13.565,852,212.568,50.847,12.428,0
50.576,323.726,0.00308903,0.01016726334774959,-4.5885822,39.505,7.344,810,143.051,55.795,7.435,0
162.227,435.377,0.00229686,1.442051305842717,0.36606662,49.027,6.533,554,162.833,58.175,249.961,1
170.832,443.982,0.00225234,1.905024563877301,0.6444949,50.393,11.226,550,45.872,52.439,32.035,1
173.721,446.871,0.00223778,2.086668293814845,0.73556868,49.067,2.432,607,281.035,53.7,21.174,1
113.597,386.747,0.00258567,0.2368574218107926,-1.44029691,42.616,6.35,690,178.21,59.529,53.076,0
128.973,402.123,0.0024868,0.439585308724019,-0.82192348,43.825,2.723,215,91.607,52.636,220.822,0
32.138,305.288,0.0032756,0.003165497454698971,-5.75544506,43.488,11.573,407,110.683,43.645,149.556,0
87.341,360.491,0.00277399,0.07293581667456683,-2.61817545,38.615,8.568,161,182.334,61.69,207.146,0
173.676,446.826,0.00223801,2.083729070395515,0.73415911,55.14,6.246,838,290.715,41.955,203.754,1
70.995,344.145,0.00290575,0.03199247371666727,-3.4422546,38.976,11.198,820,60.325,42.546,211.043,0
138.352,411.502,0.00243012,0.62661608696598,-0.46742123,48.22,4.915,758,155.566,50.51,203.392,1
175.315,448.465,0.00222983,2.193100150231014,0.78531614,53.63,2.929,555,43.219,54.356,92.236,1
60.799,333.949,0.00299447,0.01836813787556335,-3.99713775,39.946,9.177,1123,96.358,57.926,51.934,0
163.013,436.163,0.00229272,1.479870820646525,0.3919548,45.125,3.612,369,98.986,50.694,32.425,0
50.526,323.676,0.00308951,0.01013696413108809,-4.59156672,36.85,14.782,635,164.979,53.658,137.383,0
114.259,387.409,0.00258125,0.2434941841796179,-1.41266222,43.996,14.579,159,184.248,53.911,12.037,0
143.913,417.063,0.00239772,0.7673907950782457,-0.2647591,44.566,9.262,663,66.822,43.571,34.754,0
92.67,365.82,0.00273358,0.0939085735840609,-2.36543359,40.26,7.823,812,53.078,61.21,172.502,0
54.864,328.014,0.00304865,0.01308859152393593,-4.3360143,40.07,7.37,746,51.929,56.014,249.442,0
172.533,445.683,0.00224375,2.010253260562502,0.69826071,48.41,5.833,480,121.523,48.389,174.684,1
102.227,375.377,0.00266399,0.1451275200973134,-1.93014247,45.33,9.518,609,228.543,45.566,170.662,0
136.21,409.36,0.00244284,0.5787110113382915,-0.54695204,47.409,4.48,148,212.242,46.803,195.043,0
168.334,441.484,0.00226509,1.759071755177255,0.56478626,51.653,13.447,457,297.714,52.458,185.208,0
175.698,448.848,0.00222793,2.219354993546088,0.79721661,51.557,10.091,366,93.25,58.7,233.95,1
33.245,306.395,0.00326376,0.003408697640174194,-5.68142498,42.817,11.081,397,221.159,59.058,99.142,0
68.51,341.66,0.00292689,0.0280311134577769,-3.57444019,43.28,9.108,348,230.68,46.069,142.44,0
110.397,383.547,0.00260724,0.206961276981081,-1.57522357,37.654,8.799,728,93.347,43.738,93.906,0
128.227,401.377,0.00249142,0.4270596171268983,-0.85083166,46.784,9.911,807,68.007,45.67,234.058,0
74.715,347.865,0.00287468,0.03885553212221391,-3.24790482,38.321,7.021,1051,59.515,41.701,72.531,0
152.661,425.811,0.00234846,1.044287807675688,0.04333513,43.505,14.344,1165,280.56,56.381,218.141,0
100.944,374.094,0.00267312,0.1370668387684043,-1.9872866,39.632,7.134,939,213.996,42.191,244.99,0
130.405,403.555,0.00247798,0.4645288284422901,-0.76673166,43.291,8.147,1079,262.895,41.84,247.453,0
146.303,419.453,0.00238406,0.8358465466303462,-0.17931024,44.971,12.686,1156,179.3,46.59,164.268,0
148.431,421.581,0.00237202,0.9011857060688593,-0.10404393,45.175,10.202,527,224.02,55.425,152.648,0
40.487,313.637,0.0031884,0.005461260414523805,-5.21007567,37.435,2.419,876,163.756,61.43,117.426,0
153.77,426.92,0.00234236,1.084903465252906,0.08149101,45.144,1.77,101,268.596,50.234,142.782,0
114.259,387.409,0.00258125,0.2434941841796179,-1.41266222,39.614,7.312,846,23.835,44.514,6.798,0
112.102,385.252,0.0025957,0.2224497635132257,-1.50305398,42.33,3.093,389,281.588,56.613,30.455,0
164.928,438.078,0.0022827,1.575605340725615,0.45463954,53.915,8.1,290,67.2,46.054,123.356,1
34.858,308.008,0.00324667,0.003793282916673401,-5.57452343,40.301,6.779,669,70.891,46.002,90.573,0
96.324,369.474,0.00270655,0.111208721786374,-2.19634647,37.478,9.298,1021,72.995,56.812,108.934,0
63.752,336.902,0.00296822,0.0216451124784248,-3.8329756,41.995,9.037,128,286.357,44.692,31.064,0
171.385,444.535,0.00224954,1.938703524364077,0.66201946,55.119,5.649,726,200.238,41.621,211.703,1
119.175,392.325,0.00254891,0.2980884005907301,-1.21036519,44.5,3.171,247,272.587,49.165,13.357,0
92.664,365.814,0.00273363,0.093882242959662,-2.36571402,37.695,14.355,1054,270.383,53.061,106.573,0
102.588,375.738,0.00266143,0.1474694739697539,-1.91413408,38.442,14.309,754,54.925,61.516,72.47,0
52.591,325.741,0.00306992,0.01145798617169599,-4.46906831,39.864,8.904,717,179.472,53.015,148.586,0
130.469,403.619,0.00247758,0.4656718262290102,-0.76427413,40.455,2.769,110,107.98,61.171,187.129,0
158.689,431.839,0.00231568,1.281934220937276,0.24837005,45.464,6.962,647,20.248,54.714,86.449,0
30.416,303.566,0.00329418,0.002818190004081694,-5.87166044,41.055,6.364,405,177.065,60.961,9.52,0
94.997,368.147,0.00271631,0.1046258500350856,-2.25736463,41.77,9.726,147,20.815,43.799,170.56,0
31.82,304.97,0.00327901,0.003098591466045143,-5.77680764,36.17,9.444,1117,247.398,52.351,141.816,0
104.469,377.619,0.00264817,0.1602184374599151,-1.83121716,39.351,7.544,904,53.673,59.281,47.861,0
171.7,444.85,0.00224795,1.958115106190006,0.67198233,54.705,10.204,642,180.322,53.408,131.451,1
135.866,409.016,0.00244489,0.5713221002969833,-0.55980213,43.653,4.475,560,208.011,46.54,99.119,0
141.705,414.855,0.00241048,0.7085207645610132,-0.34457591,50.302,4.869,643,177.324,51.724,57.974,1
99.452,372.602,0.00268383,0.1281909430075141,-2.05423438,44.624,7.136,812,75.224,54.229,100.64,0
36.248,309.398,0.00323208,0.004155612989690312,-5.48329533,38.106,3.81,247,211.342,45.766,53.415,0
76.239,349.389,0.00286214,0.04202548205604962,-3.16947913,41.724,14.859,787,157.089,46.533,23.263,0
162.473,435.623,0.00229556,1.453797458645542,0.37417907,44.36,12.219,145,270.331,60.043,23.212,0
105.955,379.105,0.00263779,0.1709653917537775,-1.76629413,43.045,5.357,1183,151.841,53.143,215.459,0
71.38,344.53,0.0029025,0.0326488469205567,-3.42194574,37.407,11.025,527,171.621,56.55,78.518,0
90.462,363.612,0.00275018,0.0846479017819696,-2.46925496,45.31,6.08,712,108.203,50.381,97.841,0
75.626,348.776,0.00286717,0.04072382515717514,-3.20094197,42.409,1.046,235,99.769,53.399,151.672,0
101.395,374.545,0.00266991,0.1398542204367131,-1.96715468,37.218,8.249,1150,35.954,56.864,121.508,0
68.799,341.949,0.00292441,0.02846817238083581,-3.55896857,36.79,12.179,200,78.302,43.969,102.146,0
169.84,442.99,0.00225739,1.84586647324297,0.6129488,51.471,7.856,396,28.534,59.171,61.274,1
127.92,401.07,0.00249333,0.4219960095839613,-0.86275942,47.673,13.91,146,68.12,55.271,233.812,0
31.818,304.968,0.00327903,0.003098174743455857,-5.77694213,37.149,2.198,1090,242.269,54.755,100.702,0
60.83,333.98,0.00299419,0.01840009716300363,-3.99539933,43.037,2.893,620,97.536,51.777,58.505,0
53.06,326.21,0.00306551,0.01177869655755774,-4.44146276,44.627,12.452,635,200.137,59.882,167.807,0
132.943,406.093,0.00246249,0.5117756522132407,-0.66986893,41.609,1.975,199,180.076,46.605,122.89,0
177.702,450.852,0.00221802,2.361163937296344,0.85915469,47.963,12.399,893,152.275,49.685,101.168,0
149.839,422.989,0.00236413,0.9468070305609199,-0.05465998,43.471,12.436,676,72.47,60.506,221.337,0
104.523,377.673,0.00264779,0.1605983154641454,-1.82884897,41.276,3.722,320,215.539,56.09,123.163,0
112.615,385.765,0.00259225,0.2273045647266135,-1.48146447,44.798,4.258,209,293.479,52.339,153.282,0
41.254,314.404,0.00318062,0.005733513636309911,-5.16142674,35.236,6.106,1104,265.052,53.744,239.358,0
105.281,378.431,0.00264249,0.1660148784186078,-1.79567787,42.061,8.838,148,120.371,57.447,57.088,0
53.71,326.86,0.00305941,0.0122364700408908,-4.40333444,39.688,4.064,709,224.283,49.678,145.426,0
55.911,329.061,0.00303895,0.01390725415872701,-4.27534469,36.811,8.953,1086,28.08,45.858,74.283,0
46.764,319.914,0.00312584,0.008076488159759167,-4.81879813,39.542,12.427,631,169.996,58.177,137.809,0
96.627,369.777,0.00270433,0.1127620620000539,-2.18247533,40.243,1.629,816,294.445,47.373,68.744,0
95.228,368.378,0.0027146,0.1057464349526253,-2.24671117,45.609,9.932,999,42.856,58.622,210.251,0
37.43,310.58,0.00321978,0.004487941860145462,-5.40636107,38.054,3.217,721,293.736,56.297,243.466,0
142.349,415.499,0.00240674,0.7252721039687662,-0.32120838,46.022,1.787,799,168.008,48.858,68.679,1
121.039,394.189,0.00253685,0.3214287011687339,-1.13497953,38.491,11.18,389,127.213,54.24,100.234,0
112.145,385.295,0.00259541,0.222853175641713,-1.50124213,43.619,4.896,1190,57.178,50.249,23.868,0
83.263,356.413,0.00280573,0.05980355885586857,-2.81669011,36.211,13.117,1065,285.04,60.493,77.103,0
173.85,447.0,0.00223714,2.095113770130438,0.73960786,51.998,13.232,540,274.201,44.829,214.296,1
84.233,357.383,0.00279812,0.06272090770441802,-2.76906043,37.814,4.132,133,74.705,48.797,46.549,0
87.141,360.291,0.00277553,0.07223673705255985,-2.62780654,42.672,11.761,895,170.005,42.675,220.651,0
96.47,369.62,0.00270548,0.111954824250038,-2.18965984,39.182,8.712,181,65.708,44.286,150.835,0
154.781,427.931,0.00233683,1.123111338256993,0.11610281,51.215,2.156,579,277.331,60.119,127.247,1
92.029,365.179,0.00273838,0.09113216816343336,-2.39544443,37.647,3.032,567,98.603,45.467,198.993,0
157.345,430.495,0.00232291,1.225259865328695,0.20315296,51.712,4.544,945,226.117,57.89,99.152,1
83.403,356.553,0.00280463,0.06021705155439985,-2.80979972,45.084,1.01,689,270.035,61.464,211.976,0
41.291,314.441,0.00318025,0.005746950473881709,-5.15908592,44.655,5.909,990,124.803,48.814,249.921,0
118.687,391.837,0.00255208,0.2922283339861696,-1.23021982,41.842,2.59,1194,212.922,48.466,89.871,0
36.725,309.875,0.00322711,0.004286959156601066,-5.45217762,40.207,14.064,1197,285.091,53.49,202.673,0
52.953,326.103,0.00306652,0.01170482846299811,-4.44775383,37.392,8.345,921,131.409,51.529,72.092,0
78.855,352.005,0.00284087,0.04800539121060875,-3.03644196,42.623,9.097,170,190.612,60.397,220.102,0
165.914,439.064,0.00227757,1.626941005635036,0.48670157,47.788,3.558,804,74.525,49.434,121.846,1
98.881,372.031,0.00268795,0.1249304745918136,-2.0799979,37.092,9.451,172,117.617,47.871,146.581,0
100.686,373.836,0.00267497,0.1354943758692026,-1.99882515,42.195,13.865,162,41.746,46.911,40.476,0
121.799,394.949,0.00253197,0.331394060247053,-1.1044471,45.41,6.001,1199,209.602,48.251,205.433,0
166.225,439.375,0.00227596,1.643428462983059,0.49678459,49.022,3.274,385,179.345,49.706,33.61,1
178.022,451.172,0.00221645,2.384510967587519,0.86899406,47.384,13.097,1167,179.719,52.295,215.378,0
36.655,309.805,0.00322784,0.004267452815500635,-5.45673816,44.153,11.162,400,92.154,45.136,119.707,0
127.392,400.542,0.00249662,0.4134096097316897,-0.88331639,41.207,12.067,903,103.805,51.083,23.572,0
39.536,312.686,0.0031981,0.005139874114311555,-5.27072669,40.739,5.899,1170,280.832,60.402,221.554,0
149.173,422.323,0.00236786,0.9249846768665674,-0.07797811,47.904,14.568,123,227.976,49.48,59.799,0
176.677,449.827,0.00222308,2.287692648233259,0.82754373,53.17,1.075,892,282.99,60.439,24.056,1
150.888,424.038,0.00235828,0.9820817634187885,-0.01808071,44.058,8.702,1163,179.865,51.448,16.653,0
170.469,443.619,0.00225419,1.883191015238896,0.63296769,55.043,10.616,745,16.567,55.388,80.662,1
166.851,440.001,0.00227272,1.677051322953612,0.51703709,54.577,7.139,958,196.369,55.267,31.409,1
31.503,304.653,0.00328242,0.003033168731531317,-5.79814742,44.275,1.348,342,241.105,51.293,25.694,0
137.329,410.479,0.00243618,0.6033240160097028,-0.50530089,47.526,3.998,1111,43.254,46.468,150.579,1
106.705,379.855,0.00263258,0.1766261953619338,-1.73371967,37.233,7.128,966,126.311,46.985,28.436,0
130.338,403.488,0.00247839,0.4633348713500245,-0.76930522,44.084,1.544,1003,11.105,54.539,111.377,0
156.483,429.633,0.00232757,1.190059380802903,0.17400321,50.548,13.163,1187,159.872,46.607,62.349,1
122.731,395.881,0.00252601,0.3439824214414032,-1.06716472,47.154,13.98,620,179.044,42.986,241.201,0
54.943,328.093,0.00304792,0.01314882269998023,-4.33142305,42.168,8.484,723,27.714,57.712,245.096,0
107.359,380.509,0.00262806,0.1816961396949282,-1.70541955,42.003,10.486,219,227.429,48.807,160.678,0
83.446,356.596,0.00280429,0.0603445603386835,-2.80768447,44.564,8.884,786,251.182,50.791,237.26,0
117.218,390.368,0.00256169,0.2751918602680433,-1.29028675,39.592,12.462,1075,137.892,60.441,41.978,0
135.837,408.987,0.00244507,0.5707029627854968,-0.56088641,42.119,8.062,739,275.33,59.164,234.903,0
174.387,447.537,0.00223445,2.130586089814128,0.7563971,48.372,6.334,145,139.492,49.921,161.048,0
80.623,353.773,0.00282667,0.0524631539205109,-2.94764419,37.746,9.879,172,120.551,59.341,195.141,0
131.281,404.431,0.00247261,0.4803877239752067,-0.73316174,45.971,4.873,413,222.161,55.583,6.234,0
98.761,371.911,0.00268882,0.1242546290827979,-2.08542236,38.523,2.458,742,213.433,54.516,43.319,0
147.363,420.513,0.00237805,0.8678613224675028,-0.14172334,43.599,13.102,423,46.413,52.947,156.277,0
47.48,320.63,0.00311886,0.008436906035034537,-4.77513962,40.163,12.225,601,170.756,50.069,42.474,0
178.168,451.318,0.00221573,2.395228501999896,0.87347863,52.26,2.147,355,78.248,54.092,114.168,1
137.151,410.301,0.00243724,0.5993490281484684,-0.51191117,48.863,9.561,145,294.57,53.103,135.253,0
141.608,414.758,0.00241104,0.7060269674441897,-0.34810184,42.577,8.12,321,140.022,41.672,216.927,0
131.841,404.991,0.00246919,0.4907710196442183,-0.71177762,42.838,5.946,1011,266.729,51.971,18.723,0
148.868,422.018,0.00236957,0.9151370887761403,-0.0886814,48.722,8.403,709,276.033,55.582,86.497,1
173.329,446.479,0.00223975,2.061183335104865,0.72328025,55.439,9.028,415,260.587,47.011,40.936,1
131.672,404.822,0.00247022,0.4876171029231783,-0.71822481,48.483,12.307,1108,207.406,51.355,210.812,0
174.642,447.792,0.00223318,2.147609893988174,0.76435555,52.065,13.749,786,163.787,57.341,151.071,1
55.855,329.005,0.00303947,0.0138623339771313,-4.2785799,43.052,5.017,193,24.781,44.717,175.61,0
169.198,442.348,0.00226066,1.808427097147432,0.59245746,46.893,1.584,901,102.117,60.662,180.607,1
106.188,379.338,0.00263617,0.1727066930663445,-1.75616054,41.171,13.587,1122,219.31,44.513,67.427,0
59.096,332.246,0.00300982,0.01668680399487819,-4.09313705,42.744,10.625,436,153.08,52.897,9.637,0
139.227,412.377,0.00242497,0.6471541005097894,-0.43517084,41.171,3.433,187,38.677,57.458,224.719,0
39.771,312.921,0.00319569,0.005217666397467924,-5.25570503,37.14,14.599,432,242.988,58.785,53.23,0
88.018,361.168,0.00276879,0.07534683421822981,-2.58565337,41.267,2.5,291,210.996,54.811,155.066,0
85.084,358.234,0.00279147,0.06538343144698747,-2.72748639,43.483,12.832,725,263.402,46.395,154.037,0
178.451,451.601,0.00221434,2.416120324564767,0.88216308,54.792,8.815,881,210.362,56.009,214.458,1
100.068,373.218,0.0026794,0.1317921964115077,-2.02652887,42.054,5.526,696,46.189,43.717,48.147,0
109.8,382.95,0.00261131,0.2017662537019156,-1.60064541,45.662,6.84,993,77.744,49.45,63.137,0
34.309,307.459,0.00325247,0.003658205752942197,-5.61078248,37.369,13.476,107,284.339,54.582,173.475,0
71.296,344.446,0.00290321,0.03250462499882777,-3.42637289,42.59,8.514,206,298.174,48.843,127.895,0
110.482,383.632,0.00260666,0.2077103993015965,-1.57161048,41.076,13.762,338,127.924,52.737,234.092,0
30.342,303.492,0.00329498,0.00280406773411794,-5.87668415,41.487,1.032,190,236.085,48.372,230.467,0
56.331,329.481,0.00303508,0.01424832854338652,-4.25111567,41.631,5.252,771,87.832,52.805,119.871,0
155.5,428.65,0.00233291,1.150985566873192,0.14061859,43.659,13.971,335,220.906,57.389,95.842,0
152.4,425.55,0.0023499,1.034922289689078,0.03432634,47.349,10.047,218,40.899,48.349,35.938,0
32.399,305.549,0.0032728,0.003221381889498593,-5.73794485,41.236,4.506,105,31.181,42.486,192.051,0
117.286,390.436,0.00256124,0.2759608487602012,-1.28749628,42.44,1.065,677,180.006,61.461,107.645,0
95.295,368.445,0.00271411,0.1060734276957974,-2.24362371,39.488,9.597,349,76.849,56.86,89.367,0
96.828,369.978,0.00270286,0.113803020733539,-2.17328621,45.905,6.2,986,223.246,47.292,220.731,0
51.126,324.276,0.00308379,0.01050595370591242,-4.55581316,40.749,3.192,177,65.414,58.364,110.503,0
129.91,403.06,0.00248102,0.4557706825850854,-0.78576549,43.651,1.006,621,75.971,58.315,134.373,0
139.43,412.58,0.00242377,0.6520015795542745,-0.42770829,46.547,4.163,1195,298.21,43.719,107.41,1
170.617,443.767,0.00225343,1.892066778578384,0.63766977,48.744,3.634,792,226.515,47.427,215.548,1
126.051,399.201,0.002505,0.3922833588184817,-0.93577085,45.997,10.31,844,194.311,46.738,91.541,0
154.547,427.697,0.0023381,1.114166205674299,0.10810633,45.682,10.887,913,225.695,47.306,136.328,0
176.438,449.588,0.00222426,2.270845568894261,0.82015226,48.063,4.627,415,275.705,57.636,118.954,1
164.435,437.585,0.00228527,1.550464161574914,0.43855435,49.882,11.307,151,219.249,52.358,40.848,0
133.848,406.998,0.00245701,0.5296060748268403,-0.6356218,46.402,10.344,902,18.918,45.906,19.029,0
133.425,406.575,0.00245957,0.5212059347956052,-0.65161005,44.829,8.289,624,207.332,51.996,243.406,0
79.426,352.576,0.00283627,0.04940685358357619,-3.00766613,40.225,11.227,143,227.934,62.26,65.449,0
47.412,320.562,0.00311952,0.008402066606869896,-4.77927758,42.298,4.63,813,131.752,61.333,68.843,0
30.099,303.249,0.00329762,0.002758141542681759,-5.89319818,44.535,12.24,719,73.482,42.252,198.294,0
43.492,316.642,0.00315814,0.006599093338781829,-5.02082301,42.944,13.472,980,195.946,45.3,116.694,0
54.059,327.209,0.00305615,0.01248877586896066,-4.38292497,43.906,8.949,390,158.31,60.268,235.404,0
32.094,305.244,0.00327607,0.003156162977850347,-5.75839824,43.372,8.985,660,126.91,47.686,241.88,0
175.654,448.804,0.00222814,2.216325150404709,0.79585049,50.969,2.383,1044,115.795,53.662,223.985,1
164.103,437.253,0.00228701,1.533728479337416,0.42770169,51.498,10.619,377,43.86,59.575,97.129,1
100.605,373.755,0.00267555,0.1350039827446399,-2.002451,45.986,12.493,497,162.203,44.121,101.672,0
55.588,328.738,0.00304194,0.01364994104583183,-4.29402008,43.421,5.653,989,67.465,46.842,173.771,0
61.023,334.173,0.00299246,0.01860018913748504,-3.98458353,37.554,5.299,419,173.773,45.704,149.63,0
51.024,324.174,0.00308476,0.01044238859030261,-4.56188193,41.014,3.865,730,165.389,61.853,31.817,0
30.759,303.909,0.00329046,0.002884491033333947,-5.84840681,36.522,3.085,424,261.713,53.572,94.576,0
140.638,413.788,0.0024167,0.6815047302324635,-0.38345209,46.653,11.999,988,215.962,54.576,30.34,0
52.447,325.597,0.00307128,0.01136109847991567,-4.47756017,37.942,9.956,1161,154.248,62.081,242.757,0
98.294,371.444,0.0026922,0.1216550248408289,-2.1065659,38.573,8.765,598,186.752,49.302,74.894,0
92.808,365.958,0.00273255,0.09451598047566548,-2.35898635,42.177,10.271,563,81.117,41.839,164.9,0
92.175,365.325,0.00273729,0.09175808966720271,-2.38859963,39.754,10.481,727,56.275,44.047,82.461,0
161.973,435.123,0.0022982,1.430008975741457,0.35768072,50.344,13.056,341,142.763,42.056,134.508,0
90.557,363.707,0.00274947,0.085029072250419,-2.46476205,41.843,6.888,695,63.321,41.975,244.046,0
40.543,313.693,0.00318783,0.005480737115195125,-5.20651568,43.596,11.119,1105,17.1,45.102,166.79,0
46.383,319.533,0.00312957,0.007890391013713059,-4.84210959,41.854,6.247,349,187.346,52.062,228.092,0
47.64,320.79,0.0031173,0.008519393124168663,-4.76541017,35.103,7.447,232,30.262,50.713,130.224,0
59.237,332.387,0.00300854,0.01682059195108765,-4.08515143,37.942,10.461,201,189.495,60.919,89.454,0
149.485,422.635,0.00236611,0.9351529800498531,-0.06704515,49.722,4.227,674,234.233,58.693,164.546,1
144.2,417.35,0.00239607,0.7753456273647356,-0.25444638,47.231,6.051,825,225.325,42.802,80.005,1
149.341,422.491,0.00236691,0.9304479680954096,-0.07208912,50.512,8.686,141,157.922,51.406,141.486,1
128.109,401.259,0.00249216,0.4251071133578027,-0.85541411,47.552,3.332,516,238.394,51.019,108.329,1
173.394,446.544,0.00223942,2.065390609822306,0.72531937,54.272,7.52,557,265.383,59.237,24.817,1
144.969,418.119,0.00239166,0.7970133647057217,-0.22688383,47.101,8.403,298,104.778,47.898,52.477,0
142.012,415.162,0.0024087,0.7164639276560412,-0.33342738,48.948,2.105,342,269.982,60.189,112.58,1
101.356,374.506,0.00267018,0.1396112277723437,-1.96889366,38.453,3.826,701,235.408,42.353,193.788,0
109.818,382.968,0.00261118,0.2019211983219192,-1.59987777,37.572,8.354,1152,117.927,41.604,112.057,0
36.776,309.926,0.00322658,0.004301221461719912,-5.44885624,36.707,8.187,582,242.404,55.663,210.078,0
172.493,445.643,0.00224395,2.007722695910489,0.69700109,53.755,7.801,1079,221.216,42.928,241.123,1
99.083,372.233,0.00268649,0.1260754645568714,-2.07087463,42.188,14.491,1177,244.718,50.569,115.775,0
30.527,303.677,0.00329297,0.002839493844532043,-5.86412947,44.494,3.498,341,102.246,50.601,109.306,0
150.053,423.203,0.00236293,0.9539128699732334,-0.04718294,51.345,3.545,623,119.968,60.167,205.859,1
106.199,379.349,0.00263609,0.1727892842530267,-1.75568244,37.833,11.931,638,16.518,45.663,24.365,0
31.384,304.534,0.00328371,0.00300893307702058,-5.80616972,41.835,8.244,502,148.213,52.008,244.486,0
43.513,316.663,0.00315793,0.00660774332718776,-5.01951309,36.014,14.512,511,48.545,49.531,214.312,0
142.56,415.71,0.00240552,0.7308346861841561,-0.31356799,40.575,10.668,660,265.005,56.761,34.445,0
158.134,431.284,0.00231866,1.258262713332504,0.22973197,52.592,7.359,283,41.743,49.269,40.013,1
61.477,334.627,0.0029884,0.01907855471763077,-3.95919036,44.408,2.841,399,230.78,57.272,239.147,0
69.452,342.602,0.00291884,0.02947813916615786,-3.52410634,36.534,12.798,1112,13.32,45.764,147.121,0
174.154,447.304,0.00223562,2.115132236661877,0.74911733,48.899,12.501,312,202.452,62.019,247.529,0
165.945,439.095,0.00227741,1.62857804417757,0.48770727,45.426,10.027,341,217.238,53.144,223.727,0
87.277,360.427,0.00277449,0.07271146279102209,-2.62125623,37.123,14.784,633,280.257,59.143,119.235,0
42.324,315.474,0.00316983,0.00613371642932108,-5.09395444,38.285,5.179,669,19.619,58.171,92.594,0
89.221,362.371,0.0027596,0.07980550059585728,-2.52816285,44.942,13.305,568,47.307,42.389,208.382,0
157.354,430.504,0.00232286,1.225632072463985,0.20345669,47.588,11.979,1146,223.608,42.295,118.043,0
45.921,319.071,0.0031341,0.007669899998112013,-4.8704517,35.546,4.522,327,97.559,55.886,125.855,0
106.092,379.242,0.00263684,0.1719873683993974,-1.76033424,37.276,13.12,726,197.233,62.262,229.412,0
99.539,372.689,0.0026832,0.128694245792202,-2.05031588,41.646,5.589,167,255.972,51.201,106.219,0
150.079,423.229,0.00236279,0.9547793297144824,-0.04627503,50.057,8.109,979,147.705,43.106,9.942,1
146.088,419.238,0.00238528,0.8294792521479114,-0.18695718,41.107,10.49,485,130.831,51.376,171.584,0
74.633,347.783,0.00287536,0.03869116280989349,-3.25214406,42.356,3.09,119,232.243,48.329,83.098,0
82.277,355.427,0.00281352,0.05696194481946289,-2.86537187,38.482,11.611,599,26.682,47.538,81.948,0
36.265,309.415,0.00323191,0.004160231050788141,-5.48218467,35.458,3.848,376,88.844,56.566,214.861,0
147.112,420.262,0.00237947,0.8601861118199214,-0.1506065,44.468,14.9,290,226.909,54.85,48.136,0
45.321,318.471,0.00314,0.007391811943380021,-4.90738239,39.115,10.819,576,92.323,43.53,67.982,0
62.454,335.604,0.0029797,0.02014543178463563,-3.90477773,38.983,8.421,369,220.365,49.638,82.356,0
166.658,439.808,0.00227372,1.66662271422909,0.51079925,53.234,8.834,275,152.768,46.134,126.496,1
169.368,442.518,0.0022598,1.818276916951338,0.5978893,48.712,12.246,102,257.106,60.736,89.269,0
44.431,317.581,0.0031488,0.006995977664480667,-4.96241991,42.696,5.598,445,87.273,51.063,190.413,0
93.084,366.234,0.00273049,0.09574121035797886,-2.34610645,41.634,9.416,109,218.084,61.779,244.055,0
103.706,376.856,0.00265353,0.1549347203091559,-1.86475141,46.007,9.273,1076,91.65,61.952,234.638,0
94.277,367.427,0.00272163,0.1012000391661428,-2.29065614,45.102,6.425,654,210.71,50.102,119.548,0
126.71,399.86,0.00250088,0.4025445586118572,-0.90994948,44.05,1.825,516,294.885,58.624,64.892,0
51.76,324.91,0.00307778,0.01090889185503316,-4.51817706,39.244,4.496,1154,165.828,50.715,185.655,0
145.951,419.101,0.00238606,0.8254438991784604,-0.19183398,50.799,13.712,461,187.03,48.083,135.156,0
126.621,399.771,0.00250143,0.401145222333226,-0.91343177,45.192,10.588,465,150.757,60.189,119.521,0
169.848,442.998,0.00225735,1.846337172237987,0.61320377,52.278,11.444,586,48.779,61.007,67.402,1
114.073,387.223,0.00258249,0.2416132173133086,-1.42041711,40.032,13.973,588,232.521,53.133,36.203,0
120.876,394.026,0.0025379,0.319325834770798,-1.14154327,40.41,4.749,225,239.29,55.958,166.172,0
148.629,421.779,0.00237091,0.9074839580884723,-0.09707939,47.288,10.579,1132,171.758,55.425,150.902,0
148.664,421.814,0.00237071,0.9086012369771014,-0.09584896,44.256,10.883,309,100.668,57.406,23.174,0
41.896,315.046,0.00317414,0.005970716376510843,-5.12088836,38.433,4.058,1185,57.754,44.673,155.046,0
119.118,392.268,0.00254928,0.2973986668703083,-1.21268173,44.791,14.336,888,139.506,44.47,165.805,0
58.633,331.783,0.00301402,0.01625414910776406,-4.11940707,40.608,12.278,925,20.804,52.017,49.445,0
72.139,345.289,0.00289612,0.03397803731887077,-3.38204092,40.017,3.37,1104,110.933,49.807,137.401,0
116.285,389.435,0.00256782,0.2648286873371725,-1.32867212,42.31,9.577,867,95.259,52.421,39.433,0
179.324,452.474,0.00221007,2.481552746978966,0.90888447,55.334,14.663,277,45.311,52.41,41.773,1
165.138,438.288,0.0022816,1.5864205599762,0.46148026,47.249,13.13,1030,215.156,54.964,53.851,0
145.233,418.383,0.00239015,0.8045719440082921,-0.21744489,47.412,3.817,138,85.811,45.782,65.406,1
64.774,337.924,0.00295925,0.02289517147463095,-3.77682924,41.727,14.443,760,226.003,60.007,85.888,0
158.604,431.754,0.00231613,1.278284154761435,0.24551867,49.047,9.197,1152,299.407,60.552,107.149,1
63.85,337.0,0.00296736,0.02176228306051043,-3.82757694,43.979,4.058,548,120.75,42.915,169.934,0
53.765,326.915,0.0030589,0.01227592619817746,-4.40011515,43.54,6.521,265,18.048,60.548,113.685,0
77.875,351.025,0.0028488,0.04568214468966999,-3.08604776,39.878,5.124,521,162.038,58.874,34.975,0
130.567,403.717,0.00247698,0.467426788550243,-0.76051254,40.352,8.005,1038,55.815,56.199,35.443,0
50.732,323.882,0.00308754,0.01026231942672823,-4.5792764,37.34,4.638,401,220.272,55.723,14.362,0
31.654,304.804,0.0032808,0.003064175113805453,-5.78797688,37.482,10.115,882,88.123,44.299,49.425,0
33.836,306.986,0.00325748,0.00354532278582039,-5.64212607,40.298,9.44,148,19.274,57.139,53.246,0
150.568,423.718,0.00236006,0.9712026723141547,-0.02922011,47.151,3.845,244,286.051,52.115,91.903,1
175.16,448.31,0.0022306,2.182550699112446,0.78049424,48.231,3.266,1119,173.005,50.716,5.123,1
74.011,347.161,0.00288051,0.03746435026382244,-3.28436546,42.819,9.497,410,76.86,46.407,110.518,0
106.486,379.636,0.0026341,0.1749564648278845,-1.74321811,43.517,3.106,905,56.46,59.212,229.617,0
101.941,375.091,0.00266602,0.1432954207604429,-1.9428469,39.371,5.37,113,217.049,59.392,125.295,0
96.476,369.626,0.00270544,0.1119855801938263,-2.18938516,42.087,9.759,1028,31.603,44.245,219.048,0
133.067,406.217,0.00246174,0.5141874024901097,-0.66516748,41.183,2.71,481,182.344,56.446,200.272,0
125.077,398.227,0.00251113,0.3775352868770371,-0.97409124,42.579,5.6,755,292.759,51.362,104.726,0
92.65,365.8,0.00273373,0.09382083018666676,-2.36636838,45.423,7.493,386,226.833,59.082,151.845,0
75.513,348.663,0.0028681,0.04048782817704426,-3.20675389,37.052,11.826,366,238.241,45.097,92.879,0
92.124,365.274,0.00273767,0.09153901571140939,-2.39099,39.091,14.32,1111,223.658,53.49,5.425,0
57.73,330.88,0.00302224,0.01543907503405431,-4.17085364,43.078,11.844,664,81.86,53.506,140.596,0
177.882,451.032,0.00221714,2.374272448645274,0.86469105,52.777,4.898,1147,32.625,58.647,52.446,1
100.43,373.58,0.0026768,0.1339498235082051,-2.01029,38.11,4.503,1135,221.945,53.734,33.361,0
69.159,342.309,0.00292134,0.02902108882828913,-3.53973251,36.948,2.653,357,130.979,43.936,133.339,0
56.345,329.495,0.00303495,0.01425982545604332,-4.2503091,44.507,3.566,860,100.361,42.474,211.708,0
97.705,370.855,0.00269647,0.1184447150492981,-2.13330897,44.486,3.895,569,286.707,59.334,126.824,0
31.697,304.847,0.00328033,0.003073056922938185,-5.78508247,37.811,9.278,602,30.111,51.541,230.645,0
177.218,450.368,0.00222041,2.326223369390083,0.84424608,51.94,3.168,196,123.209,51.877,24.524,1
53.238,326.388,0.00306384,0.01190250539948526,-4.43100636,41.989,12.801,1087,190.949,49.008,61.759,0
132.689,405.839,0.00246403,0.5068661676256281,-0.67950828,49.015,2.253,679,186.94,55.438,231.094,1
65.558,338.708,0.0029524,0.02389734961455455,-3.73398772,39.736,10.742,1001,282.282,48.503,164.864,0
54.17,327.32,0.00305511,0.01256999282909151,-4.37644283,38.137,12.063,515,72.774,41.621,146.515,0
173.935,447.085,0.00223671,2.100694615912874,0.74226806,56.259,10.474,737,53.733,46.575,168.058,1
53.64,326.79,0.00306007,0.01218641737283445,-4.40743328,43.376,13.957,415,149.927,41.695,169.648,0
78.458,351.608,0.00284408,0.04705189906869552,-3.05650405,43.44,4.222,807,132.672,44.284,204.548,0
101.624,374.774,0.00266827,0.1412885485214346,-1.95695104,45.952,11.876,776,141.725,46.887,40.382,0
159.478,432.628,0.00231145,1.316246370825416,0.27478403,48.887,10.47,227,20.979,58.106,126.754,0
124.869,398.019,0.00251244,0.3744492675702162,-0.98229895,41.434,12.18,398,29.103,60.724,137.787,0
38.106,311.256,0.00321279,0.004688586703950105,-5.36262408,44.04,10.479,1048,175.379,54.517,28.195,0
83.67,356.82,0.00280253,0.0610126687726398,-2.79667375,41.355,4.613,378,164.425,58.192,206.141,0
140.103,413.253,0.00241983,0.6682984715779929,-0.40302039,49.708,14.38,616,294.5,54.504,103.276,0
170.284,443.434,0.00225513,1.87214657623853,0.62708567,50.096,4.289,596,12.218,58.057,111.093,1
79.791,352.941,0.00283333,0.05032161598979445,-2.98932055,41.304,7.185,723,17.548,50.326,164.195,0
38.332,311.482,0.00321046,0.004757446040500254,-5.3480443,40.094,7.936,869,93.587,46.475,22.102,0
32.204,305.354,0.00327489,0.003179545884943038,-5.7510169,35.619,9.004,481,38.006,42.472,121.274,0
120.598,393.748,0.0025397,0.3157670837263822,-1.15275041,46.175,4.55,406,132.533,60.592,43.795,0
50.232,323.382,0.00309232,0.009960436361124448,-4.6091344,39.244,12.112,109,54.477,57.312,92.734,0
173.362,446.512,0.00223958,2.06331841705709,0.72431557,48.466,14.409,263,43.01,43.447,78.571,0
115.824,388.974,0.00257087,0.2598355097022382,-1.3477065,38.454,1.357,556,131.474,52.336,207.657,0
121.436,394.586,0.0025343,0.3266011169493003,-1.11901568,39.342,14.982,1187,70.869,42.018,74.936,0
105.899,379.049,0.00263818,0.1705491884513517,-1.76873153,44.642,14.437,1054,265.663,61.33,207.055,0
34.153,307.303,0.00325412,0.003620622744367308,-5.62110924,42.658,10.976,717,248.58,46.871,104.351,0
92.509,365.659,0.00273479,0.09320429077567427,-2.37296152,36.197,13.449,1168,233.99,51.243,87.465,0
122.586,395.736,0.00252694,0.3419969166760438,-1.07295356,43.479,6.137,1090,115.275,44.224,50.865,0
90.09,363.24,0.002753,0.0831698115001372,-2.48687084,37.805,11.775,685,119.714,54.624,120.746,0
50.449,323.599,0.00309024,0.01009046163824205,-4.59616469,44.415,1.512,795,158.514,51.108,245.807,0
89.287,362.437,0.0027591,0.08005672788210108,-2.5250198,44.827,11.136,303,26.958,57.669,182.214,0
42.428,315.578,0.00316879,0.006173923237979808,-5.08742079,41.467,2.045,266,255.45,53.122,51.279,0
74.91,348.06,0.00287307,0.03924890564645643,-3.23783172,42.077,6.07,429,37.692,47.79,147.652,0
90.364,363.514,0.00275093,0.08425627744571738,-2.4738922,43.176,7.703,231,118.625,47.503,66.927,0
61.753,334.903,0.00298594,0.01937470830907442,-3.94378676,41.388,6.307,827,190.473,48.867,24.616,0
65.018,338.168,0.00295711,0.02320297858701398,-3.76347462,37.649,4.712,127,176.991,44.704,134.501,0
119.967,393.117,0.00254377,0.307817862246555,-1.17824703,41.985,6.817,1166,271.972,51.204,232.423,0
127.068,400.218,0.00249864,0.4082164452497237,-0.89595774,43.234,3.557,809,273.082,49.595,246.022,0
146.096,419.246,0.00238523,0.829715420167711,-0.1866725,49.374,6.423,880,220.074,54.621,112.021,1
90.623,363.773,0.00274897,0.0852947775732056,-2.46164205,40.417,8.086,996,10.941,56.98,182.555,0
111.884,385.034,0.00259717,0.2204143937754579,-1.5122459,44.599,4.382,957,266.647,54.155,18.091,0
136.151,409.301,0.00244319,0.5774378580003261,-0.54915445,47.045,1.351,656,112.297,54.683,37.272,1
136.207,409.357,0.00244286,0.5786462159070132,-0.54706401,46.435,11.96,1186,130.612,48.518,40.146,0
108.987,382.137,0.00261686,0.1948758006981965,-1.63539284,37.918,2.255,745,80.201,61.008,72.76,0
158.414,431.564,0.00231715,1.27015756039993,0.23914096,46.612,7.224,107,159.998,52.523,226.31,0
35.843,308.993,0.00323632,0.004046951302416108,-5.50979145,35.382,4.001,469,13.653,51.21,178.898,0
59.537,332.687,0.00300583,0.0171084416582512,-4.06818327,44.612,6.187,1052,87.288,59.197,154.726,0
31.068,304.218,0.00328712,0.00294542221735329,-5.8275031,42.377,4.262,1113,91.345,43.898,210.367,0
61.024,334.174,0.00299245,0.01860123092423908,-3.98452752,40.818,5.417,974,264.552,54.013,175.993,0
32.425,305.575,0.00327252,0.003226997389770804,-5.73620317,42.343,4.624,962,278.767,52.254,101.265,0
78.562,351.712,0.00284324,0.04730004123390137,-3.05124411,41.081,8.323,855,189.227,59.211,124.353,0
79.756,352.906,0.00283362,0.05023325242899439,-2.99107807,43.714,7.868,412,111.986,57.493,119.361,0
58.126,331.276,0.00301863,0.01579190474963257,-4.14825783,40.924,2.308,101,57.184,48.521,236.698,0
45.389,318.539,0.00313933,0.007422866929717242,-4.90318992,41.531,8.93,325,232.849,49.414,211.823,0
50.303,323.453,0.00309164,0.01000281287504595,-4.60488894,39.335,5.499,948,93.091,57.693,202.954,0
111.483,384.633,0.00259988,0.2167130470663531,-1.52918116,45.033,11.655,660,198.421,59.337,216.895,0
91.123,364.273,0.00274519,0.08733164613739394,-2.43804238,38.687,9.892,557,104.11,54.128,158.608,0
163.007,436.157,0.00229275,1.479578920792705,0.39175753,50.794,14.921,741,176.703,49.788,139.054,0
161.889,435.039,0.00229864,1.426045569395684,0.35490528,51.699,11.409,406,140.971,43.011,163.127,1
37.549,310.699,0.00321855,0.004522691484407717,-5.398648,39.003,6.605,632,56.37,59.548,185.323,0
122.831,395.981,0.00252537,0.3453575941176169,-1.06317489,40.42,13.714,934,283.954,61.323,210.915,0
86.596,359.746,0.00277974,0.07036174123458948,-2.65410561,43.595,12.308,366,88.257,42.184,158.346,0
52.409,325.559,0.00307164,0.01133565360291733,-4.47980233,39.69,7.555,1152,117.106,42.721,125.417,0
150.061,423.211,0.00236289,0.9541794005255793,-0.04690357,49.737,14.336,466,124.433,58.06,239.67,0
60.797,333.947,0.00299449,0.01836607768971551,-3.99724992,39.441,9.301,825,204.737,56.943,111.915,0
112.32,385.47,0.00259424,0.2245015943176707,-1.49387247,41.277,13.356,764,28.77,59.175,20.132,0
131.24,404.39,0.00247286,0.4796350900255752,-0.73472969,39.555,14.276,1146,253.369,60.531,75.296,0
126.393,399.543,0.00250286,0.3975797445285121,-0.92235975,47.544,2.907,314,292.0,49.449,88.032,1
121.157,394.307,0.00253609,0.322958563953344,-1.13023125,41.648,4.656,728,177.282,48.292,43.493,0
74.503,347.653,0.00287643,0.03843184361558875,-3.2588689,44.661,5.56,527,127.513,41.982,96.188,0
87.784,360.934,0.00277059,0.0745056299773539,-2.59688059,44.274,11.517,1090,132.148,50.044,164.497,0
112.599,385.749,0.00259236,0.2271517561215023,-1.48213696,42.541,10.075,347,131.912,61.047,46.28,0
111.581,384.731,0.00259922,0.2176125456419896,-1.52503911,38.117,5.325,577,48.369,50.231,234.421,0
163.711,436.861,0.00228906,1.514168533516537,0.41486647,49.48,7.476,1176,25.281,56.808,192.795,1
146.315,419.465,0.00238399,0.8362031740413002,-0.17888366,42.426,3.44,798,118.309,61.016,126.938,0
125.877,399.027,0.0025061,0.3896124082825919,-0.94260286,45.237,14.313,380,161.88,46.364,95.214,0
46.072,319.222,0.00313262,0.007741348782970837,-4.86117935,36.917,12.4,382,163.215,57.401,173.819,0
155.786,428.936,0.00233135,1.162238046277692,0.1503475,52.414,4.069,391,204.009,43.782,188.863,1
39.425,312.575,0.00319923,0.005103493956204951,-5.27782988,38.967,9.813,907,67.992,57.65,209.498,0
71.173,344.323,0.00290425,0.03229446568165449,-3.4328594,42.936,10.657,276,195.563,55.449,135.402,0
153.974,427.124,0.00234124,1.092521350313125,0.08848819,45.115,11.839,187,115.44,45.348,238.889,0
74.315,347.465,0.00287799,0.03805956050427531,-3.26860296,39.852,4.41,353,256.059,47.404,80.99,0
59.438,332.588,0.00300672,0.01701296835429043,-4.07377938,37.833,13.3,238,218.904,53.003,188.003,0
70.763,343.913,0.00290771,0.03160263985198029,-3.45451462,42.492,4.609,717,261.081,58.243,8.17,0
114.187,387.337,0.00258173,0.2427645515886459,-1.41566323,37.589,11.42,977,298.168,59.491,110.687,0
60.155,333.305,0.00300026,0.01771532599310666,-4.03332514,38.826,10.023,548,15.27,59.783,53.503,0
87.564,360.714,0.00277228,0.07372234221668841,-2.60744937,38.212,14.782,110,261.373,58.083,153.06,0
120.465,393.615,0.00254055,0.3140768107473774,-1.1581177,42.913,1.03,477,26.461,45.325,47.453,0
121.068,394.218,0.00253667,0.3218040961873837,-1.13381232,40.882,10.474,924,97.928,44.08,223.141,0
151.538,424.688,0.00235467,1.00450461940136,0.0044945,46.991,12.465,516,216.867,41.61,91.813,0
35.953,309.103,0.00323517,0.00407620813127448,-5.5025881,44.988,11.417,100,255.382,51.016,16.983,0
106.925,380.075,0.00263106,0.1783176299027029,-1.72418888,40.373,8.333,767,229.908,57.617,187.802,0
64.83,337.98,0.00295875,0.02296549187063524,-3.77376254,45.092,11.768,677,80.181,61.966,21.594,0
152.213,425.363,0.00235093,1.028256830828447,0.02786497,48.607,1.196,1001,70.462,43.667,40.986,1
54.758,327.908,0.00304964,0.01300816303184845,-4.34217819,39.434,2.615,1014,158.076,48.182,129.701,0
160.094,433.244,0.00230817,1.343582388421926,0.29533947,44.961,3.967,1083,141.335,61.015,116.472,0
114.61,387.76,0.00257891,0.2470787252808861,-1.39804827,40.202,7.397,524,71.932,61.374,37.205,0
161.733,434.883,0.00229947,1.418710042673875,0.34974804,49.096,12.294,579,94.997,45.029,192.423,0
98.891,372.041,0.00268788,0.1249869409669287,-2.07954602,40.318,9.96,363,220.156,45.493,241.85,0
162.94,436.09,0.0022931,1.476322736620604,0.38955436,50.756,10.049,885,262.912,47.089,100.955,1
60.483,333.633,0.00299731,0.01804517686952238,-4.01487684,35.955,8.589,464,38.942,45.684,162.31,0
59.416,332.566,0.00300692,0.01699181683508903,-4.07502341,42.179,6.825,319,62.178,59.691,83.004,0
162.403,435.553,0.00229593,1.450446705071975,0.37187158,52.957,12.892,318,201.183,61.645,211.101,1
83.117,356.267,0.00280688,0.05937502670998394,-2.82388157,41.369,8.224,680,242.196,56.531,134.004,0
72.79,345.94,0.00289067,0.03515621837312404,-3.34795377,38.938,12.46,1179,67.595,56.833,31.38,0
71.183,344.333,0.00290417,0.03231150653363366,-3.43233187,43.967,14.482,1058,68.434,57.651,56.765,0
60.224,333.374,0.00299963,0.01778426446631684,-4.02944123,38.679,10.128,250,224.011,42.755,211.998,0
32.485,305.635,0.00327188,0.003239989960766156,-5.73218505,38.702,11.335,532,16.015,60.348,90.242,0
154.754,427.904,0.00233697,1.122076054116399,0.11518059,42.826,6.785,294,24.993,54.928,128.761,0
70.83,343.98,0.00290715,0.03171478464993801,-3.45097231,38.761,9.783,702,299.457,41.699,232.532,0
143.975,417.125,0.00239736,0.7691032448222257,-0.26253006,48.801,4.955,860,197.726,57.109,219.682,1
31.397,304.547,0.00328357,0.003011572138311189,-5.80529303,37.823,12.004,501,156.089,50.587,10.987,0
137.849,410.999,0.0024331,0.6150678117762433,-0.48602275,48.103,14.804,509,176.475,53.459,186.556,0
60.309,333.459,0.00299887,0.01786951809398532,-4.02465892,42.698,9.902,256,287.433,52.038,153.418,0
46.988,320.138,0.00312365,0.008187729774783095,-4.80511861,37.056,12.235,650,85.308,46.53,238.107,0
34.376,307.526,0.00325176,0.003674454877035168,-5.60635049,44.688,2.309,674,151.018,52.779,173.092,0
149.471,422.621,0.00236619,0.934694647143065,-0.06753538,41.855,6.557,198,23.95,42.346,185.932,0
108.853,382.003,0.00261778,0.1937601607565937,-1.64113417,43.942,11.661,1052,53.396,56.989,94.66,0
80.926,354.076,0.00282425,0.05326291187735112,-2.93251503,44.502,7.622,672,91.402,57.424,145.606,0
81.771,354.921,0.00281753,0.05555067455821745,-2.89045962,36.163,9.037,880,86.828,52.778,204.859,0
122.927,396.077,0.00252476,0.3466822747100707,-1.05934655,47.427,12.769,1081,242.366,45.872,243.353,0
152.627,425.777,0.00234865,1.043063646223637,0.0421622,42.246,12.969,1119,10.418,59.985,222.487,0
106.272,379.422,0.00263559,0.1733382693361148,-1.75251028,45.958,3.892,722,222.54,46.551,17.571,1
42.369,315.519,0.00316938,0.006151084620485226,-5.09112685,41.87,13.165,1152,183.428,48.434,115.756,0
168.659,441.809,0.00226342,1.777499647321102,0.57520768,53.718,2.133,1184,140.796,56.889,216.394,1
86.705,359.855,0.0027789,0.0707332567233699,-2.64883942,44.879,8.545,586,57.528,60.286,119.82,0
112.494,385.644,0.00259307,0.2261511824561644,-1.48655155,42.495,12.249,1055,237.968,54.502,26.335,0
68.017,341.167,0.00293112,0.02729932113222748,-3.60089344,35.99,12.619,1102,133.979,47.639,112.324,0
64.456,337.606,0.00296203,0.02249948158311795,-3.79426301,38.971,9.679,129,298.19,50.918,60.105,0
78.6,351.75,0.00284293,0.04739099786805059,-3.04932299,37.716,4.552,351,236.332,43.849,28.094,0
145.397,418.547,0.00238922,0.8092986258776066,-0.2115873,46.467,7.855,401,102.859,61.861,82.473,0
156.985,430.135,0.00232485,1.210451286963532,0.19099325,47.638,1.575,573,243.352,49.433,130.915,1
95.615,368.765,0.00271175,0.1076475199509784,-2.22889309,37.48,1.368,615,146.947,62.231,69.626,0
113.917,387.067,0.00258353,0.2400454612448358,-1.42692695,44.405,13.41,757,150.936,50.009,34.047,0
91.076,364.226,0.00274555,0.0871383674906114,-2.44025799,45.125,12.334,987,10.133,50.704,65.68,0
134.208,407.358,0.00245484,0.5368476432982765,-0.62204094,40.879,7.932,457,23.213,56.265,69.947,0
120.274,393.424,0.00254179,0.31166326230509,-1.16583196,40.082,5.878,991,180.671,55.055,86.429,0
81.359,354.509,0.0028208,0.05442456326828398,-2.9109397,44.243,14.254,337,139.832,49.729,27.474,0
46.207,319.357,0.00313129,0.007805732229464367,-4.85289691,40.924,10.403,235,72.672,51.105,100.561,0
63.472,336.622,0.00297069,0.02131343481088191,-3.84841766,44.798,8.863,1064,150.32,59.27,230.584,0
158.955,432.105,0.00231425,1.293414885903786,0.25728592,48.121,7.329,574,194.609,44.933,17.383,1
37.158,310.308,0.0032226,0.004409415488539613,-5.42401314,42.979,13.101,1063,141.125,59.826,76.469,0
70.395,343.545,0.00291083,0.03099295005964043,-3.47399552,37.638,11.104,916,267.92,54.613,123.107,0
173.348,446.498,0.00223965,2.062412393286773,0.72387636,54.232,1.218,1173,19.839,52.641,89.959,1
61.05,334.2,0.00299222,0.0186283356786682,-3.98307143,44.473,3.681,763,230.875,53.649,249.632,0
107.1,380.25,0.00262985,0.1796732335122901,-1.71661545,41.202,13.11,647,131.515,46.686,211.259,0
179.535,452.685,0.00220904,2.497592932267278,0.91532744,50.365,14.872,880,143.011,45.97,167.785,0
41.737,314.887,0.00317574,0.00591116206353355,-5.13091284,40.819,3.811,1062,192.482,42.666,237.611,0
114.191,387.341,0.0025817,0.2428050364207479,-1.41549648,42.507,4.149,385,68.634,45.796,215.61,0
149.127,422.277,0.00236811,0.9234936232504091,-0.07959138,42.595,10.144,370,169.113,59.066,178.436,0
60.706,333.856,0.0029953,0.01827255729524227,-4.00235495,37.346,12.011,608,76.448,51.621,239.293,0
72.211,345.361,0.00289552,0.0341065921345643,-3.3782646,40.233,2.594,628,10.734,58.756,146.158,0
59.667,332.817,0.00300465,0.01723453767406518,-4.0608399,39.243,12.623,468,150.641,59.618,203.633,0
61.353,334.503,0.00298951,0.0189468213493542,-3.9661191,44.698,11.548,848,81.68,48.902,159.875,0
49.029,322.179,0.00310386,0.009266472808083263,-4.68135247,40.479,1.705,1141,103.014,56.18,180.783,0
148.503,421.653,0.00237162,0.9034715896554505,-0.10151061,49.221,1.259,832,186.122,58.654,47.15,1
59.185,332.335,0.00300901,0.01677114054444894,-4.08809569,35.633,1.85,355,247.334,47.548,85.949,0
85.73,358.88,0.00278645,0.06747089912199442,-2.6960589,39.893,6.522,362,294.451,42.095,60.079,0
134.298,407.448,0.0024543,0.5386714344285259,-0.61864948,40.506,6.106,508,147.191,59.848,166.171,0
131.126,404.276,0.00247356,0.4775477939947543,-0.73909103,41.138,9.52,129,115.362,55.794,126.706,0
137.256,410.406,0.00243661,0.6016910627333129,-0.50801115,46.089,3.169,836,133.422,42.097,249.7,0
36.959,310.109,0.00322467,0.004352750541766893,-5.43694733,42.843,13.061,544,202.361,55.742,160.922,0
129.843,402.993,0.00248143,0.4545963605403119,-0.78834537,47.551,10.234,901,31.063,59.19,182.841,0
132.444,405.594,0.00246552,0.5021695251264564,-0.68881752,42.74,12.064,876,226.352,52.127,157.265,0
158.87,432.02,0.00231471,1.2897366574385,0.25443806,45.664,12.745,904,200.226,55.913,80.612,0
132.454,405.604,0.00246546,0.5023604807643973,-0.68843733,41.068,3.175,149,98.96,53.272,154.125,0
173.909,447.059,0.00223684,2.098986182750733,0.74145446,51.775,4.758,176,141.479,54.204,82.639,1
119.392,392.542,0.0025475,0.3007270466038353,-1.20155225,44.419,8.214,976,58.797,50.486,127.255,0
88.155,361.305,0.00276774,0.07584322342648321,-2.57908692,45.277,9.801,1084,296.357,46.712,185.223,0
81.523,354.673,0.0028195,0.05487037286621181,-2.90278173,42.597,1.301,218,211.686,47.376,238.215,0
42.376,315.526,0.00316931,0.006153790309609361,-5.09068708,42.885,4.385,229,212.861,51.169,148.81,0
153.139,426.289,0.00234583,1.061629912353638,0.05980538,44.994,7.986,454,46.073,54.883,115.954,0
35.284,308.434,0.00324218,0.003901177183710098,-5.54647693,43.322,3.374,130,98.415,60.882,231.268,0
34.41,307.56,0.0032514,0.003682725567703416,-5.60410216,43.828,6.456,246,298.457,52.057,236.168,0
166.693,439.843,0.00227354,1.668509765091928,0.51193087,54.531,5.902,548,222.337,55.312,177.847,1
95.964,369.114,0.00270919,0.1093877212700094,-2.21285663,40.834,3.734,1046,264.776,49.414,164.067,0
162.635,435.785,0.00229471,1.461577621173539,0.37951641,48.418,4.221,704,116.769,50.571,51.021,1
123.684,396.834,0.00251995,0.3572843266031197,-1.02922338,47.388,8.759,289,274.23,48.475,97.37,0
86.354,359.504,0.00278161,0.06954307533171311,-2.66580893,36.25,3.458,808,46.797,51.415,168.117,0
78.693,351.843,0.00284218,0.04761425743864776,-3.04462304,39.248,2.727,973,84.424,59.305,66.58,0
153.124,426.274,0.00234591,1.061081947563961,0.05928909,48.707,2.053,384,172.96,45.056,188.97,1
172.856,446.006,0.00224212,2.030787972921467,0.70842388,49.77,5.355,396,276.513,45.928,114.207,1
74.352,347.502,0.00287768,0.03813257459639706,-3.26668639,38.214,7.832,392,121.449,42.475,147.1,0
31.893,305.043,0.00327823,0.003113836503625932,-5.77189971,40.003,10.965,465,283.894,47.741,236.115,0
175.248,448.398,0.00223016,2.188534717629087,0.78323224,48.139,3.953,310,164.907,46.466,236.008,1
108.165,381.315,0.0026225,0.1881199342856318,-1.67067557,45.825,11.553,534,80.018,51.956,197.525,0
164.271,437.421,0.00228613,1.542177612648467,0.43319545,48.07,10.564,574,229.71,45.021,215.571,0
84.901,358.051,0.0027929,0.06480258121390897,-2.73640984,35.749,7.419,645,139.539,56.056,21.86,0
37.177,310.327,0.00322241,0.004414860307092464,-5.42277909,35.09,14.028,1193,186.941,41.961,248.581,0
167.132,440.282,0.00227127,1.692335177868731,0.52610934,53.279,5.872,116,61.503,44.773,192.433,1
161.261,434.411,0.00230197,1.396712868940976,0.33412153,46.477,11.471,242,30.298,48.893,145.505,0
106.796,379.946,0.00263195,0.1773241171125953,-1.72977605,45.466,8.125,635,25.511,57.333,53.476,0
166.991,440.141,0.002272,1.684651162259378,0.52155852,48.41,14.168,814,162.605,58.215,191.083,0
83.053,356.203,0.00280739,0.05918803636498854,-2.82703585,38.764,9.226,464,114.183,45.32,221.592,0
77.552,350.702,0.00285142,0.04493859938227256,-3.10245818,42.285,9.563,980,222.166,59.208,28.658,0
174.662,447.812,0.00223308,2.148950009156681,0.76497936,49.346,11.543,107,164.669,46.901,111.259,0
73.975,347.125,0.00288081,0.03739441575280505,-3.2862339,40.047,13.217,746,231.963,42.609,200.504,0
60.411,333.561,0.00299795,0.01797230426342784,-4.01892336,37.681,7.175,786,259.857,46.149,236.623,0
154.168,427.318,0.00234018,1.099808609476333,0.09513617,45.594,9.999,1052,29.665,48.468,209.22,0
162.531,435.681,0.00229526,1.456578842389768,0.37609043,45.361,5.349,1173,275.792,59.422,157.682,0
92.702,365.852,0.00273335,0.09404911374255473,-2.36393815,45.596,6.788,415,114.967,61.315,92.923,0
111.117,384.267,0.00260236,0.2133824583688922,-1.54466914,40.007,6.156,740,239.146,45.268,73.377,0
155.618,428.768,0.00233226,1.155616753501341,0.14463419,50.12,10.528,693,193.893,57.166,22.114,1
35.879,309.029,0.00323594,0.004056505364607322,-5.50743342,35.782,9.489,655,213.799,58.075,21.669,0
155.763,428.913,0.00233148,1.16132963030678,0.14956558,51.022,11.79,858,22.728,49.599,214.613,1
146.352,419.502,0.00238378,0.8373036047469616,-0.17756854,50.274,10.68,233,248.743,59.353,103.122,0
54.627,327.777,0.00305085,0.01290937693894163,-4.34980134,44.495,12.626,231,215.389,48.384,141.979,0
147.974,421.124,0.0023746,0.886793032518631,-0.12014366,47.91,5.656,606,19.787,46.991,143.304,1
82.965,356.115,0.00280808,0.05893177671436516,-2.83137483,38.692,11.551,955,94.135,49.381,134.349,0
55.894,329.044,0.00303911,0.01389360392694105,-4.27632669,41.02,7.657,586,49.906,60.585,116.586,0
41.454,314.604,0.0031786,0.005806483060125318,-5.14878022,44.632,8.587,406,55.73,56.813,104.352,0
93.801,366.951,0.00272516,0.09898991953257011,-2.31273726,44.135,10.431,450,231.729,45.124,149.355,0
95.233,368.383,0.00271457,0.1057708066534568,-2.24648073,38.377,9.021,1085,21.995,60.215,112.593,0
175.055,448.205,0.00223112,2.175429021304741,0.7772259,55.169,5.286,251,88.419,58.571,120.844,1
179.788,452.938,0.00220781,2.516942780357275,0.92304498,56.143,4.302,322,85.851,60.959,198.633,1
43.496,316.646,0.0031581,0.006600740170580153,-5.02057349,38.902,14.615,741,162.412,56.625,84.657,0
86.538,359.688,0.00278019,0.07016475887101824,-2.6569091,40.499,11.865,349,25.837,51.795,89.561,0
111.91,385.06,0.002597,0.2206562834505076,-1.51114907,45.817,13.006,106,237.984,43.603,100.546,0
163.445,436.595,0.00229045,1.501018271643754,0.40614373,49.869,11.985,161,79.253,55.972,104.795,0
118.925,392.075,0.00255053,0.2950736055819657,-1.22053044,40.461,7.128,116,256.823,58.288,75.228,0
78.67,351.82,0.00284236,0.04755895600263887,-3.04578516,43.398,9.569,1047,221.549,44.757,24.705,0
48.19,321.34,0.00311197,0.008808491500823596,-4.73203908,37.465,2.272,1168,125.671,53.96,171.454,0
150.3,423.45,0.00236155,0.9621717546638361,-0.03856231,46.203,14.256,1075,262.513,43.901,184.066,0
159.649,432.799,0.00231054,1.323786289898847,0.28049603,49.303,8.933,748,154.348,50.109,236.482,1
127.586,400.736,0.00249541,0.416546589674661,-0.87575696,47.901,1.478,997,213.332,59.296,104.32,1
60.037,333.187,0.00300132,0.01759798431613551,-4.03997091,35.391,6.87,433,119.555,48.878,80.314,0
42.27,315.42,0.00317038,0.006112932811385531,-5.09734862,39.2,5.164,796,33.3,51.586,248.166,0
108.537,381.687,0.00261995,0.1911514219502667,-1.65468938,41.68,6.075,519,125.948,60.294,245.046,0
162.061,435.211,0.00229774,1.434171283010991,0.36058718,45.512,10.935,323,126.524,52.08,47.176,0
125.631,398.781,0.00250764,0.3858633126781729,-0.95227208,42.013,1.808,540,20.444,58.214,225.23,0
121.691,394.841,0.00253267,0.3299616801758909,-1.10877875,47.421,1.734,545,67.34,49.232,109.755,1
85.282,358.432,0.00278993,0.06601708026662681,-2.71784178,45.566,8.396,488,173.838,53.859,184.144,0
103.644,376.794,0.00265397,0.1545121864847211,-1.86748231,41.367,10.844,681,280.249,43.572,48.515,0
34.761,307.911,0.00324769,0.003769094650626808,-5.58092045,42.215,7.828,1145,236.997,45.256,182.596,0
49.419,322.569,0.00310011,0.009486541994025616,-4.65788112,43.394,6.021,383,44.381,43.644,194.362,0
99.233,372.383,0.00268541,0.1269316759220002,-2.06410632,41.146,4.155,268,223.352,57.18,194.43,0
141.222,414.372,0.00241329,0.6961784702659716,-0.36214923,43.836,1.109,822,65.526,44.582,114.461,0
153.241,426.391,0.00234527,1.065362558757514,0.06331517,49.095,4.018,1011,242.624,52.338,99.004,1
158.24,431.39,0.00231809,1.262754417137016,0.23329538,51.648,3.043,454,29.029,59.355,193.225,1
102.817,375.967,0.00265981,0.1489722684829387,-1.90399511,36.973,11.659,335,171.108,50.467,6.676,0
105.929,379.079,0.00263797,0.1707720436368686,-1.76742569,39.263,1.297,146,118.373,56.737,244.992,0
113.97,387.12,0.00258318,0.2405770936100091,-1.42471469,46.478,10.17,542,44.058,46.957,78.25,0
57.747,330.897,0.00302209,0.01545407571838179,-4.16988251,37.738,4.028,569,135.124,52.6,185.313,0
35.608,308.758,0.00323878,0.003985081148753861,-5.5251976,43.256,9.37,728,133.313,50.143,178.568,0
68.34,341.49,0.00292834,0.0277768212413615,-3.58355337,36.265,9.314,396,191.412,46.359,130.638,0
110.541,383.691,0.00260626,0.2082317760179,-1.56910351,44.628,10.981,150,70.381,45.25,203.849,0
132.345,405.495,0.00246612,0.5002824700810952,-0.6925824,42.757,7.231,250,268.008,56.221,50.686,0
152.797,425.947,0.00234771,1.049196872727524,0.04802499,44.184,3.841,484,10.277,56.469,173.711,0
99.238,372.388,0.00268537,0.1269603043030516,-2.06388081,45.696,13.655,741,76.338,41.88,114.386,0
158.84,431.99,0.00231487,1.288440613351147,0.25343266,47.122,8.83,970,57.513,45.877,105.234,0
96.026,369.176,0.00270874,0.1096994506213355,-2.21001092,45.505,5.522,136,133.955,48.213,219.173,0
164.465,437.615,0.00228511,1.551984129675137,0.4395342,50.878,3.621,1190,238.44,54.77,54.33,1
102.093,375.243,0.00266494,0.14426657342971,-1.93609249,36.378,7.609,827,238.5,45.81,183.571,0
142.378,415.528,0.00240658,0.7260344465260576,-0.32015782,49.277,14.802,432,82.337,43.792,179.815,0
107.693,380.843,0.00262575,0.1843343451874868,-1.69100408,39.18,1.525,799,46.851,61.701,156.694,0
100.823,373.973,0.00267399,0.1363273765840523,-1.99269611,41.327,9.604,1038,246.449,54.813,226.944,0
102.303,375.453,0.00266345,0.1456178247792887,-1.92676973,41.737,4.558,438,74.034,54.197,175.198,0
48.866,322.016,0.00310544,0.009175860202868868,-4.69117913,43.902,13.996,855,144.344,42.679,108.52,0
66.661,339.811,0.00294281,0.02537351893987181,-3.67404921,40.575,14.209,509,238.663,47.108,200.656,0
41.363,314.513,0.00317952,0.005773179047057131,-5.15453239,39.606,7.366,268,215.936,51.34,79.271,0
178.816,451.966,0.00221256,2.443295670631985,0.89334781,56.343,5.558,851,154.905,49.026,104.201,1
155.021,428.171,0.00233552,1.132350159419463,0.12429526,48.769,9.722,974,135.911,42.823,45.508,1
122.835,395.985,0.00252535,0.3454127007521245,-1.06301534,43.664,9.087,993,51.756,48.116,83.171,0
88.814,361.964,0.00276271,0.07827161036093275,-2.54757032,39.645,1.235,259,124.956,42.755,105.233,0
64.954,338.104,0.00295767,0.02312188729667236,-3.76697561,42.768,2.912,799,252.421,52.86,235.532,0
84.791,357.941,0.00279376,0.06445563927233562,-2.74177806,39.066,5.08,940,235.284,58.561,180.505,0
41.118,314.268,0.003182,0.005684366658707671,-5.17003556,36.672,8.45,285,165.332,61.42,153.69,0
39.984,313.134,0.00319352,0.005289089704857825,-5.24210913,38.934,13.212,558,120.841,48.598,87.267,0
116.311,389.461,0.00256765,0.2651127836425267,-1.32759994,38.245,5.72,124,83.903,57.86,27.372,0
154.021,427.171,0.00234098,1.094282982680011,0.09009934,44.819,3.177,366,283.82,54.873,88.11,0
176.389,449.539,0.0022245,2.267404719353842,0.81863588,47.021,1.812,1126,298.224,42.643,104.656,1
162.003,435.153,0.00229804,1.431426774277999,0.35867169,51.382,11.663,739,126.974,42.926,102.472,1
126.073,399.223,0.00250487,0.3926222000192397,-0.93490745,46.874,4.302,581,103.006,49.763,160.42,1
68.134,341.284,0.00293011,0.02747143408064557,-3.59460857,40.93,10.934,747,206.524,44.683,39.494,0
165.462,438.612,0.00227992,1.603232104699637,0.47202166,54.531,1.546,357,171.415,56.713,194.948,1
52.355,325.505,0.00307215,0.01129958291815122,-4.48298946,35.406,1.801,197,250.148,60.606,16.864,0
158.307,431.457,0.00231773,1.26560063680527,0.23554682,48.354,1.6,783,145.782,54.335,54.85,1
149.064,422.214,0.00236847,0.9214549017791257,-0.08180144,45.309,11.757,321,167.529,50.023,96.122,0
30.248,303.398,0.003296,0.00278622078573707,-5.88306916,38.134,5.029,1084,293.853,44.427,171.489,0
129.673,402.823,0.00248248,0.4516285584621059,-0.79489521,47.107,3.518,103,134.688,59.581,85.823,1
118.352,391.502,0.00255427,0.2882641069012502,-1.24387818,39.057,14.502,1164,223.223,42.197,175.137,0
139.341,412.491,0.0024243,0.6498724638336503,-0.43097914,44.074,5.64,1161,246.75,61.333,223.067,0
121.577,394.727,0.0025334,0.3284555949035388,-1.11335363,40.681,3.82,797,106.303,53.571,100.358,0
43.41,316.56,0.00315896,0.006565414562350286,-5.02593963,35.543,9.524,327,40.639,43.955,55.62,0
145.944,419.094,0.0023861,0.825238170583955,-0.19208324,49.332,10.775,170,191.825,54.643,185.335,0
43.343,316.493,0.00315963,0.006538011303876642,-5.03012224,39.514,2.889,1172,201.135,44.302,139.133,0
101.672,374.822,0.00266793,0.1415908297376944,-1.95481386,36.497,2.516,934,110.604,52.688,243.159,0
178.803,451.953,0.00221262,2.44232331030793,0.89294976,51.686,5.762,358,273.528,45.996,155.709,1
35.333,308.483,0.00324167,0.003913763285057376,-5.54325589,37.591,8.46,514,135.928,49.267,8.988,0
116.658,389.808,0.00256537,0.2689299996331707,-1.31330416,38.745,2.749,1119,177.534,58.246,140.436,0
145.938,419.088,0.00238613,0.8250618671313651,-0.1922969,49.101,4.119,229,262.807,45.476,111.753,1
129.762,402.912,0.00248193,0.4531801779738607,-0.79146549,45.842,1.418,956,76.172,62.322,76.905,1
148.807,421.957,0.00236991,0.9131784922219298,-0.09082392,43.786,2.339,910,189.185,54.683,54.138,0
114.454,387.604,0.00257995,0.2454799291149048,-1.40454009,37.804,11.453,1085,284.218,54.185,129.488,0
176.784,449.934,0.00222255,2.295269672257812,0.83085034,49.427,7.22,908,103.998,57.361,150.95,1
48.0,321.15,0.00311381,0.00870764109776297,-4.74355435,35.664,11.14,940,272.872,49.011,234.739,0
63.178,336.328,0.00297329,0.02097006154294401,-3.8646595,36.234,10.197,259,145.465,43.434,135.267,0
145.166,418.316,0.00239054,0.8026478128178238,-0.21983925,45.467,9.679,499,130.223,49.079,36.012,0
146.261,419.411,0.0023843,0.8345993875882266,-0.18080344,42.25,4.186,1195,66.056,57.195,31.972,0
169.404,442.554,0.00225961,1.820368659952222,0.59903904,46.504,9.865,315,149.594,48.353,132.031,0
137.346,410.496,0.00243608,0.6037048450130008,-0.50466987,48.581,14.789,472,85.522,44.351,182.812,0
87.024,360.174,0.00277644,0.07183052988405525,-2.63344569,35.878,9.82,334,113.805,61.865,76.793,0
49.381,322.531,0.00310048,0.009464895139738737,-4.66016557,36.247,5.973,1053,187.644,55.34,224.479,0
143.288,416.438,0.00240132,0.7503119026410334,-0.28726629,44.037,6.32,912,59.724,58.845,11.48,0
79.161,352.311,0.0028384,0.04875198640242961,-3.02100934,39.583,9.256,999,135.236,46.615,60.06,0
153.244,426.394,0.00234525,1.065472513838923,0.06341838,47.494,2.351,708,217.425,57.102,219.79,1
179.56,452.71,0.00220892,2.499499290384653,0.91609043,52.35,10.492,933,154.869,42.386,84.793,1
139.674,412.824,0.00242234,0.6578697914808425,-0.41874825,48.513,7.801,621,131.584,58.3,64.177,1
95.675,368.825,0.00271131,0.1079449452008688,-2.22613395,43.631,6.415,1028,179.145,58.978,189.889,0
92.508,365.658,0.0027348,0.09319993096404827,-2.3730083,43.272,10.981,835,124.819,47.413,190.903,0
105.595,378.745,0.0026403,0.1683052985675338,-1.7819757,41.715,5.511,965,155.608,59.364,64.46,0
104.22,377.37,0.00264992,0.1584769796355239,-1.84214594,43.03,14.546,1109,167.823,53.033,105.018,0
62.456,335.606,0.00297968,0.02014766930590018,-3.90466666,42.747,4.341,864,217.007,58.033,171.279,0
95.703,368.853,0.00271111,0.108083991539061,-2.22484665,45.543,10.333,700,123.02,60.412,67.808,0
36.634,309.784,0.00322806,0.004261616526431313,-5.45810672,36.991,12.374,1001,91.443,49.628,204.904,0
51.223,324.373,0.00308287,0.01056672438455026,-4.55004542,43.195,4.074,790,135.197,50.953,96.598,0
129.794,402.944,0.00248173,0.4537391975748093,-0.7902327,45.162,5.228,1069,66.823,56.734,156.052,0
57.768,330.918,0.0030219,0.01547262396778996,-4.16868301,35.408,12.834,713,226.711,57.379,161.176,0
145.768,418.918,0.0023871,0.8200801385060942,-0.19835321,45.823,7.703,287,175.06,59.093,133.975,0
107.556,380.706,0.0026267,0.1832481652633984,-1.69691395,39.478,3.526,689,151.719,53.631,87.575,0
137.056,410.206,0.0024378,0.5972368731774456,-0.51544147,45.308,2.655,625,133.849,46.714,175.57,0
42.101,315.251,0.00317208,0.006048296328898332,-5.10797865,39.86,5.783,449,125.417,59.459,192.614,0
94.936,368.086,0.00271676,0.1043316922396167,-2.26018011,36.938,6.247,689,191.4,48.831,89.218,0
96.803,369.953,0.00270305,0.1136730885828782,-2.17442859,44.898,10.906,923,269.79,59.301,170.382,0
43.937,317.087,0.00315371,0.006784584857778386,-4.99310217,36.412,8.157,614,117.955,48.153,123.637,0
163.888,437.038,0.00228813,1.522973709373068,0.42066481,50.983,14.679,243,134.315,43.866,139.916,0
171.529,444.679,0.00224881,1.947556807989715,0.66657567,54.758,2.705,276,96.806,56.623,238.019,1
37.337,310.487,0.00322075,0.004460952199772276,-5.41239304,40.563,13.428,1198,61.216,59.503,86.088,0
172.438,445.588,0.00224423,2.004247630007479,0.69526874,52.662,6.518,539,258.745,47.513,224.756,1
163.819,436.969,0.00228849,1.519535958723532,0.418405,53.82,9.764,718,245.102,57.731,106.88,1
91.944,365.094,0.00273902,0.09076950130335158,-2.39943194,44.438,1.102,395,245.241,42.268,162.17,0
36.546,309.696,0.00322897,0.004237237822335265,-5.46384368,38.435,2.069,317,166.86,59.776,35.369,0
159.497,432.647,0.00231135,1.317082308045486,0.27541892,45.395,12.73,685,238.859,51.904,99.171,0
173.5,446.65,0.00223889,2.072267495404048,0.72864342,53.668,1.279,1157,173.713,56.748,142.299,1
178.958,452.108,0.00221186,2.453938421482902,0.89769425,47.931,14.612,1086,37.698,54.504,167.075,0
81.921,355.071,0.00281634,0.05596576676839698,-2.88301508,38.734,2.621,697,257.213,50.457,102.059,0
58.702,331.852,0.00301339,0.01631798420098873,-4.11548745,37.32,7.27,784,212.035,49.8,43.597,0
113.237,386.387,0.00258808,0.2333152830890495,-1.45536459,39.765,5.705,523,127.227,55.602,27.503,0
140.679,413.829,0.00241646,0.682526075235828,-0.38195455,46.339,13.796,703,245.942,47.29,147.648,0
94.236,367.386,0.00272193,0.1010079726125867,-2.29255583,41.293,1.322,1020,130.437,47.569,144.232,0
73.108,346.258,0.00288802,0.0357448350472718,-3.33134949,37.986,4.614,1113,142.633,43.074,122.705,0
117.289,390.439,0.00256122,0.2759948179924914,-1.28737319,46.98,14.802,388,257.17,53.912,144.098,0
90.951,364.101,0.00274649,0.0866261665084491,-2.44615336,38.067,6.145,983,260.219,62.377,118.269,0
124.447,397.597,0.00251511,0.3682557812232632,-0.99897752,43.759,2.014,1143,188.54,50.08,222.813,0
67.359,340.509,0.00293678,0.02634914202243091,-3.63631957,38.397,14.132,900,56.461,45.002,71.122,0
174.691,447.841,0.00223294,2.15089444878608,0.76588378,53.178,9.517,832,49.252,53.794,143.911,1
60.112,333.262,0.00300064,0.01767248518567165,-4.03574636,42.743,8.339,405,107.144,60.02,171.207,0
139.596,412.746,0.0024228,0.6559889227388224,-0.42161138,48.27,3.048,1033,248.378,49.32,16.439,1
149.546,422.696,0.00236577,0.9371522712537242,-0.0649095,46.858,1.305,439,21.546,60.032,227.495,1
54.065,327.215,0.00305609,0.0124931539330288,-4.38257447,38.76,3.735,453,97.586,44.945,160.192,0
144.925,418.075,0.00239192,0.7957596010136848,-0.22845815,46.382,9.262,172,95.067,56.202,70.999,0
72.673,345.823,0.00289165,0.0349418310440707,-3.35407057,45.148,10.592,1137,249.032,53.603,72.159,0
116.851,390.001,0.0025641,0.2710738711754179,-1.30536391,47.279,6.103,338,246.621,58.475,182.843,0
65.53,338.68,0.00295264,0.02386089482266738,-3.73551436,37.659,10.489,1107,15.013,59.504,209.553,0
73.424,346.574,0.00288539,0.03633841490831654,-3.31487984,44.399,11.314,717,50.062,50.903,47.446,0
65.671,338.821,0.00295141,0.02404497590968306,-3.72782921,35.294,10.703,824,143.211,49.714,74.974,0
122.659,395.809,0.00252647,0.3429952608033223,-1.07003865,42.72,1.074,126,130.129,61.905,12.709,0
75.348,348.498,0.00286946,0.04014541329826884,-3.21524708,43.787,14.307,380,101.895,51.303,215.77,0
171.125,444.275,0.00225086,1.922805854277325,0.6537855,47.493,2.628,968,66.878,62.174,201.735,1
69.655,342.805,0.00291711,0.02979854617306607,-3.51329567,45.169,8.672,566,286.842,50.396,108.715,0
121.273,394.423,0.00253535,0.3244686955396876,-1.12556622,44.342,5.382,882,229.037,60.564,73.664,0
106.171,379.321,0.00263629,0.172579120372107,-1.75689948,43.813,12.316,820,193.607,49.643,241.5,0
91.75,364.9,0.00274048,0.08994653851668791,-2.4085398,36.668,12.382,1049,275.53,53.894,178.504,0
86.722,359.872,0.00277877,0.07079135571571817,-2.64801838,42.88,7.618,480,217.897,45.584,20.54,0
151.369,424.519,0.00235561,0.9986325341466398,-0.0013684,43.363,2.91,763,122.881,60.986,213.73,0
86.748,359.898,0.00277857,0.0708802946827769,-2.64676282,39.398,1.919,220,121.584,41.916,142.576,0
118.014,391.164,0.00255647,0.2843121373167363,-1.25768257,42.346,1.874,529,93.747,59.974,193.373,0
97.052,370.202,0.00270123,0.1149730683328869,-2.16305737,41.049,7.616,274,148.252,60.253,135.469,0
83.18,356.33,0.00280639,0.05955960638675645,-2.82077768,41.991,10.711,182,212.766,56.075,233.028,0
46.378,319.528,0.00312962,0.007887974603257982,-4.84241588,38.436,14.287,345,173.292,45.628,74.937,0
171.324,444.474,0.00224985,1.934963598411757,0.66008851,48.243,12.658,605,141.962,52.765,93.901,0
176.282,449.432,0.00222503,2.259906542216917,0.81532346,54.211,14.12,471,271.893,53.532,168.31,1
108.741,381.891,0.00261855,0.1928319911306205,-1.64593598,42.152,9.407,866,175.462,61.543,172.409,0
91.47,364.62,0.00274258,0.0887703785231958,-2.42170226,43.417,3.393,1143,212.05,56.014,226.435,0
116.436,389.586,0.00256683,0.266482359424307,-1.32244723,43.371,2.348,1120,115.911,58.75,28.957,0
142.059,415.209,0.00240843,0.7176867729479418,-0.33172205,50.301,14.059,170,264.134,57.875,97.65,0
170.57,443.72,0.00225367,1.889244242526903,0.63617688,48.15,8.172,358,102.397,62.019,193.641,0
109.391,382.541,0.0026141,0.1982735739281154,-1.61810752,40.586,6.081,931,154.035,62.336,85.886,0
138.538,411.688,0.00242902,0.6309338584077183,-0.46055424,43.854,10.541,963,156.162,61.787,152.504,0
96.688,369.838,0.00270389,0.1130770838497218,-2.17968553,42.648,11.206,488,195.39,47.408,196.298,0
177.476,450.626,0.00221914,2.344793218912394,0.85219722,54.234,9.439,1141,18.896,47.112,58.796,1
94.125,367.275,0.00272276,0.1004896010131771,-2.29770103,38.239,1.465,821,19.365,45.38,18.523,0
66.775,339.925,0.00294183,0.02553062734463419,-3.66787648,43.779,13.218,511,90.217,47.417,81.209,0
128.603,401.753,0.00248909,0.4333333891900523,-0.8362479,47.666,14.146,1017,258.913,45.629,214.864,0
47.405,320.555,0.00311959,0.008398487535378831,-4.77970364,44.823,8.126,942,144.958,52.632,88.201,0
77.596,350.746,0.00285107,0.0450392509321462,-3.10022093,39.095,5.398,847,120.968,58.827,214.793,0
174.6,447.75,0.00223339,2.144797982706121,0.76304537,52.887,13.897,725,94.313,59.891,98.949,1
121.155,394.305,0.00253611,0.3229325811573994,-1.1303117,38.862,14.446,558,106.919,58.132,94.964,0
108.865,382.015,0.0026177,0.1938598397290548,-1.64061986,40.796,8.908,316,264.5,50.491,78.623,0
179.776,452.926,0.00220787,2.516022113604448,0.92267913,50.461,14.975,520,113.135,53.998,248.855,0
53.305,326.455,0.00306321,0.01194940868865206,-4.42707348,44.404,5.81,425,251.763,56.269,19.785,0
35.912,309.062,0.0032356,0.004065281106039628,-5.50527239,44.087,5.934,703,275.077,46.514,190.947,0
44.361,317.511,0.0031495,0.006965667799385819,-4.9667618,37.629,8.175,378,256.164,58.166,152.353,0
140.91,414.06,0.00241511,0.6883053399027931,-0.37352273,47.433,3.867,676,19.364,62.22,64.916,1
102.079,375.229,0.00266504,0.1441768836316545,-1.93671437,43.031,11.103,954,70.487,51.167,132.57,0
118.359,391.509,0.00255422,0.2883464577775876,-1.24359254,46.0,12.063,996,196.803,46.142,100.173,0
146.311,419.461,0.00238401,0.8360842836014669,-0.17902585,45.251,6.584,310,41.043,57.493,56.521,0
70.658,343.808,0.0029086,0.03142760041710511,-3.46006878,37.248,11.617,803,280.426,60.927,12.003,0
39.687,312.837,0.00319655,0.005189738951557618,-5.26107188,41.367,3.917,1062,43.705,60.7,211.586,0
111.399,384.549,0.00260045,0.2159446452934281,-1.53273318,42.521,3.455,989,121.692,60.235,20.24,0
173.588,446.738,0.00223845,2.077991509455547,0.73140181,51.816,14.001,642,112.01,54.532,144.104,1
178.849,451.999,0.00221239,2.445765457394788,0.89435814,52.511,5.651,872,118.386,58.534,35.986,1
127.989,401.139,0.0024929,0.4231295011787018,-0.860077,45.933,11.806,538,290.055,58.451,64.021,0
73.001,346.151,0.00288891,0.03554580754182943,-3.33693306,36.243,4.62,932,273.163,52.187,65.043,0
70.69,343.84,0.00290833,0.03148085412384343,-3.45837572,35.602,4.0,787,168.234,49.308,112.088,0
79.368,352.518,0.00283673,0.04926286076259716,-3.01058481,41.726,8.707,568,95.344,60.565,203.486,0
134.56,407.71,0.00245272,0.5440114041734543,-0.60878507,41.671,9.364,276,63.395,57.932,187.823,0
170.74,443.89,0.00225281,1.899470547545346,0.64157519,51.651,10.689,791,117.894,53.714,223.216,1
179.243,452.393,0.00221047,2.475418588002201,0.90640951,55.696,2.898,187,240.039,47.869,110.17,1
130.869,404.019,0.00247513,0.4728712146152211,-0.7489322,40.532,13.399,233,183.787,50.427,176.633,0
142.703,415.853,0.0024047,0.7346255844964351,-0.30839432,43.144,4.29,866,206.494,45.494,181.951,0
64.455,337.605,0.00296204,0.02249824695861283,-3.79431789,44.678,10.655,176,128.688,46.507,62.752,0
78.138,351.288,0.00284667,0.04629561578423839,-3.07270801,39.498,9.774,258,147.614,47.704,88.032,0
163.564,436.714,0.00228983,1.506889085645718,0.41004732,50.864,12.088,437,293.92,48.296,174.051,0
95.062,368.212,0.00271583,0.1049401019115183,-2.25436555,37.833,5.257,888,74.256,44.002,43.05,0
98.819,371.969,0.0026884,0.1245808844493989,-2.0828001,46.069,6.868,109,256.83,61.72,65.723,0
75.473,348.623,0.00286843,0.04040458109151416,-3.20881211,44.447,3.764,287,132.02,52.009,58.212,0
106.625,379.775,0.00263314,0.1760146322924305,-1.73718815,44.139,11.673,193,172.467,55.139,7.243,0
144.232,417.382,0.00239589,0.7762369891891032,-0.25329741,49.809,14.191,728,195.909,58.59,181.873,0
141.519,414.669,0.00241156,0.703745545298548,-0.35133843,44.925,2.443,1010,154.974,52.512,41.927,1
131.464,404.614,0.00247149,0.4837595930333931,-0.7261672,42.529,13.655,446,110.07,49.921,63.117,0
134.772,407.922,0.00245145,0.5483659320748462,-0.60081246,44.048,13.038,1113,25.09,46.126,179.88,0
153.381,426.531,0.0023445,1.070504250800423,0.0681298,51.71,9.781,339,90.943,56.765,191.574,1
126.707,399.857,0.00250089,0.4024973207327236,-0.91006684,45.51,8.282,880,55.94,49.814,75.324,0
141.664,414.814,0.00241072,0.707465754773404,-0.34606605,45.482,7.36,654,186.482,51.704,243.354,0
69.945,343.095,0.00291464,0.03026164952541362,-3.49787406,40.809,8.596,297,151.17,50.611,216.043,0
62.712,335.862,0.00297741,0.02043591030513725,-3.89046162,35.817,6.67,109,223.374,42.124,134.963,0
134.3,407.45,0.00245429,0.5387120242474788,-0.61857413,43.062,4.478,860,59.78,54.198,200.721,0
58.635,331.785,0.003014,0.01625599625433029,-4.11929344,43.283,5.505,967,242.91,45.978,177.681,0
175.407,448.557,0.00222937,2.19938239292705,0.78817659,52.118,4.161,502,50.51,42.209,237.302,1
84.077,357.227,0.00279934,0.0622433854866686,-2.77670301,44.172,11.11,195,28.37,59.807,63.717,0
68.991,342.141,0.00292277,0.02876188218599682,-3.5487043,38.668,14.042,994,254.121,58.38,168.381,0
119.003,392.153,0.00255003,0.2960113463047033,-1.21735749,42.016,6.829,914,115.196,54.988,76.708,0
72.983,346.133,0.00288906,0.03551242329410527,-3.33787269,39.482,10.525,393,20.01,42.367,121.958,0
36.675,309.825,0.00322763,0.004273017879815992,-5.45543494,42.42,12.931,298,153.512,58.347,235.957,0
59.256,332.406,0.00300837,0.01683869321462441,-4.08407587,40.319,13.395,339,261.204,51.51,11.28,0
140.516,413.666,0.00241741,0.6784734460046135,-0.38790994,49.023,8.846,195,230.292,52.415,24.07,0
151.957,425.107,0.00235235,1.019192086401254,0.01901024,52.003,11.911,844,114.737,50.358,47.315,1
176.263,449.413,0.00222512,2.258577312540675,0.81473511,51.326,14.174,228,173.988,49.822,191.16,0
124.727,397.877,0.00251334,0.3723551321484574,-0.98790722,41.857,12.889,831,186.83,49.57,186.711,0
170.724,443.874,0.00225289,1.898506051353055,0.64106729,48.007,12.282,574,99.026,42.434,5.583,0
114.429,387.579,0.00258012,0.2452245561981283,-1.40558093,45.64,13.396,801,153.041,61.762,67.182,0
179.569,452.719,0.00220888,2.500185883877524,0.91636508,50.012,5.02,1142,192.177,61.748,125.799,1
126.217,399.367,0.00250396,0.3948463812439574,-0.9292585,39.012,1.057,685,97.294,48.743,110.625,0
34.379,307.529,0.00325173,0.003675183969591799,-5.60615209,39.961,6.53,996,90.602,44.655,27.742,0
143.517,416.667,0.0024,0.7565309641616894,-0.27901182,42.207,6.887,123,87.243,60.899,226.325,0
34.597,307.747,0.00324942,0.003728515146347293,-5.59174521,40.166,11.944,643,13.519,44.731,151.118,0
94.523,367.673,0.00271981,0.1023592216231987,-2.27926687,45.347,5.012,476,79.995,52.871,163.537,0
136.662,409.812,0.00244014,0.5885458638366189,-0.53010042,41.464,12.475,1002,191.08,42.535,161.377,0
34.996,308.146,0.00324521,0.003827936276038495,-5.56542945,42.9,11.07,313,195.692,59.108,221.38,0
125.541,398.691,0.00250821,0.3844995781150014,-0.95581259,38.432,12.189,1025,38.513,57.52,103.855,0
170.376,443.526,0.00225466,1.877631977387686,0.6300114,45.919,4.182,1123,244.86,56.268,81.8,1
69.006,342.156,0.00292264,0.02878494151367685,-3.54790289,42.937,2.526,532,62.688,55.283,226.002,0
61.13,334.28,0.0029915,0.01871195631333409,-3.97859258,36.684,4.677,1039,276.197,58.175,144.527,0
76.58,349.73,0.00285935,0.04276545183669088,-3.1520247,39.199,9.401,459,141.449,42.655,95.262,0
43.705,316.855,0.00315602,0.006687302696352058,-5.00754467,43.449,1.605,539,149.831,61.946,27.501,0
116.641,389.791,0.00256548,0.2687418744243059,-1.31400393,43.727,14.999,379,232.159,45.334,23.144,0
79.967,353.117,0.00283192,0.05076805198573801,-2.98048802,40.928,13.286,495,123.101,41.657,65.063,0
113.095,386.245,0.00258903,0.2319309268645531,-1.46131568,46.382,7.891,433,83.577,59.132,181.91,0
105.358,378.508,0.00264195,0.1665739914142637,-1.79231568,45.78,8.714,916,151.996,43.896,88.394,0
132.603,405.753,0.00246455,0.5052132148278875,-0.68277473,44.829,8.791,910,170.412,59.992,237.074,0
36.651,309.801,0.00322788,0.004266340586529279,-5.45699882,39.187,7.374,1145,110.969,52.528,76.324,0
98.398,371.548,0.00269144,0.1222297660077427,-2.10185268,44.741,9.061,1187,157.784,43.111,182.261,0
128.833,401.983,0.00248767,0.4372105352831523,-0.82734043,44.753,1.2,619,79.388,51.287,82.588,0
106.969,380.119,0.00263076,0.1786576190825989,-1.72228405,37.234,1.217,642,168.44,59.88,164.892,0
162.133,435.283,0.00229736,1.437584560239476,0.36296432,50.446,9.575,471,20.611,55.607,221.283,1
117.152,390.302,0.00256212,0.2744472831844413,-1.29299608,44.612,10.754,532,25.741,43.944,75.905,0
90.519,363.669,0.00274975,0.0848764224328687,-2.46655893,42.668,8.405,859,98.661,51.32,28.182,0
178.813,451.963,0.00221257,2.443071250398704,0.89325596,48.903,6.999,536,171.379,54.78,5.042,1
42.683,315.833,0.00316623,0.00627351189781602,-5.07141897,41.271,4.139,216,149.001,45.374,193.866,0
130.56,403.71,0.00247703,0.4673012433574916,-0.76078117,44.204,14.47,248,258.344,57.353,147.556,0
137.335,410.485,0.00243614,0.6034584024082679,-0.50507817,43.756,8.307,818,286.093,60.897,156.743,0
147.147,420.297,0.00237927,0.8612528222086813,-0.14936718,45.194,8.269,1184,239.871,46.132,25.968,0
41.512,314.662,0.00317801,0.005827799855535718,-5.14511573,35.447,12.181,517,287.499,58.757,190.905,0
95.031,368.181,0.00271606,0.1047901242209826,-2.25579575,41.274,6.176,1048,141.077,47.457,82.85,0
43.599,316.749,0.00315707,0.006643273504068054,-5.01415044,40.986,6.147,887,106.835,52.042,124.656,0
122.98,396.13,0.00252442,0.3474155082716176,-1.05723379,38.624,5.091,456,52.269,47.113,225.564,0
52.466,325.616,0.0030711,0.01137384009663203,-4.47643929,42.793,4.468,958,151.521,44.524,205.598,0
118.594,391.744,0.00255269,0.2911230644404385,-1.2340092,45.026,10.868,676,50.864,61.111,209.722,0
148.689,421.839,0.00237057,0.9094000217353565,-0.09497021,45.907,14.78,1182,155.575,57.707,228.3,0
101.335,374.485,0.00267033,0.1394805395622388,-1.96983019,40.228,8.155,783,193.781,57.201,130.238,0
54.174,327.324,0.00305508,0.01257292837353042,-4.37620932,38.764,12.449,249,41.314,44.915,73.24,0
57.404,330.554,0.00302522,0.01515392236152935,-4.18949588,38.193,4.656,371,17.748,51.804,53.777,0
31.731,304.881,0.00327997,0.003080096190804144,-5.78279445,38.451,9.176,157,31.05,45.015,100.312,0
125.499,398.649,0.00250847,0.3838646091152326,-0.95746537,47.357,12.695,359,78.901,50.999,100.897,0
30.702,303.852,0.00329108,0.002873376438192631,-5.85226748,37.382,2.306,316,39.913,53.077,44.579,0
74.892,348.042,0.00287322,0.03921244655696331,-3.23876107,39.235,9.012,817,16.821,47.065,63.978,0
172.713,445.863,0.00224284,2.021674676031709,0.70392622,52.968,1.31,244,13.989,49.814,70.498,1
157.783,430.933,0.00232055,1.243487416106541,0.21791986,53.022,14.601,202,159.039,46.077,204.123,1
105.504,378.654,0.00264093,0.167638673645417,-1.78594437,43.748,13.704,647,121.259,41.97,109.974,0
170.746,443.896,0.00225278,1.899832341996615,0.64176564,47.837,11.592,530,206.473,50.443,185.629,0
92.157,365.307,0.00273742,0.091680716631677,-2.38944321,36.992,13.19,540,289.004,59.323,113.342,0
40.47,313.62,0.00318857,0.005455360178538538,-5.21115663,38.391,13.185,718,48.554,61.697,118.159,0
150.54,423.69,0.00236022,0.9702557283360332,-0.0301956,42.979,4.467,832,10.614,55.093,235.139,0
101.728,374.878,0.00266753,0.141944210448584,-1.95232118,42.654,10.208,717,125.782,43.012,203.174,0
88.604,361.754,0.00276431,0.07749041107965439,-2.55760108,38.07,3.969,170,247.676,61.48,89.693,0
63.773,336.923,0.00296804,0.02167017296543691,-3.83181848,36.149,6.995,1169,108.853,60.641,240.66,0
169.263,442.413,0.00226033,1.812187781751393,0.59453483,49.767,5.738,1100,209.573,47.452,166.033,1
50.034,323.184,0.00309421,0.00984310862755472,-4.6209837,43.781,2.203,107,224.584,51.977,129.07,0
57.701,330.851,0.00302251,0.01541351567873119,-4.17251051,40.042,7.082,905,298.893,61.403,6.292,0
58.466,331.616,0.00301554,0.01610057266618082,-4.12890044,41.783,5.135,1138,157.599,53.442,92.144,0
88.737,361.887,0.00276329,0.07798436578350174,-2.55124691,42.263,12.684,163,88.314,58.237,23.292,0
133.802,406.952,0.00245729,0.5286869140004512,-0.63735887,48.293,13.017,690,175.904,51.583,135.424,0
55.053,328.203,0.00304689,0.01323310211310204,-4.32503385,38.126,12.49,114,144.804,42.153,191.106,0
178.144,451.294,0.00221585,2.393463889806688,0.87274164,56.636,1.079,622,191.612,54.721,247.385,1
163.247,436.397,0.00229149,1.491293636059275,0.39964396,44.18,4.95,458,10.628,47.624,23.282,0
130.143,403.293,0.00247959,0.4598751183528297,-0.77680031,43.959,1.687,1095,53.449,52.095,19.044,1
74.823,347.973,0.00287379,0.03907296538199342,-3.24232447,39.963,9.661,506,135.553,58.131,32.914,0
85.795,358.945,0.00278594,0.06768416997133597,-2.69290295,39.392,9.722,315,202.47,59.957,217.551,0
178.939,452.089,0.00221195,2.452512097423892,0.89711285,57.386,2.429,787,296.801,54.183,13.946,1
110.435,383.585,0.00260698,0.207295885235064,-1.57360811,42.175,6.713,286,161.099,48.273,202.776,0
154.347,427.497,0.0023392,1.106569605832011,0.10126478,44.65,12.26,1141,253.137,44.941,131.817,0
123.699,396.849,0.00251985,0.3574972354708706,-1.02862765,44.619,3.698,231,135.756,43.103,60.889,0
43.878,317.028,0.0031543,0.006759725169427056,-4.99677305,40.52,8.23,849,53.149,60.058,55.477,0
57.463,330.613,0.00302468,0.01520517798033378,-4.18611925,39.066,7.609,802,268.405,41.835,169.443,0
150.14,423.29,0.00236245,0.9568148492329269,-0.04414538,48.284,8.536,791,96.484,48.961,145.074,0
76.968,350.118,0.00285618,0.04362146707569996,-3.13220589,45.392,6.574,619,296.752,49.575,207.675,0
110.531,383.681,0.00260633,0.2081433263578496,-1.56952837,45.724,6.063,1133,127.993,60.579,249.999,0
93.834,366.984,0.00272491,0.09914175592941028,-2.31120457,40.989,7.867,451,91.235,44.032,99.928,0
155.987,429.137,0.00233026,1.170202938488474,0.15717719,52.696,12.707,250,33.407,44.705,27.915,1
105.127,378.277,0.00264357,0.1649015990483609,-1.80240635,44.893,11.18,593,209.356,43.697,169.311,0
141.16,414.31,0.00241365,0.6946077480229642,-0.36440798,49.278,9.402,734,252.82,45.121,249.094,0
145.861,419.011,0.00238657,0.8228021997606824,-0.19503945,41.237,6.576,238,124.517,51.413,197.925,0
162.469,435.619,0.00229558,1.453605807695154,0.37404723,49.421,6.255,943,142.927,56.804,84.803,1
108.898,382.048,0.00261747,0.1941341890506486,-1.63920566,41.351,9.438,922,190.283,52.167,57.308,0
60.148,333.298,0.00300032,0.01770834559167809,-4.03371925,44.392,2.773,348,73.902,49.594,111.781,0
115.34,388.49,0.00257407,0.2546821079724554,-1.36773915,39.077,1.653,342,166.676,49.462,91.767,0
162.19,435.34,0.00229706,1.440291695105446,0.36484566,48.275,1.776,1189,169.4,47.62,193.438,1
159.051,432.201,0.00231374,1.297579988288333,0.26050098,50.846,9.031,200,250.983,53.966,199.588,1
58.747,331.897,0.00301298,0.01635973642312821,-4.11293206,41.425,9.614,947,277.657,57.515,207.989,0
103.441,376.591,0.0026554,0.1531358118935052,-1.87643009,40.8,10.795,498,96.727,57.359,22.507,0
91.951,365.101,0.00273897,0.09079931974338121,-2.39910349,43.722,3.383,797,99.644,58.059,232.909,0
149.2,422.35,0.0023677,0.9258608299544965,-0.07703135,48.026,1.341,858,271.29,54.537,105.156,1
144.119,417.269,0.00239654,0.7730933307142597,-0.2573555,44.739,7.349,967,297.942,47.608,88.223,0
113.424,386.574,0.00258683,0.2351493890124812,-1.44753427,38.15,12.584,687,284.334,55.809,124.509,0
43.429,316.579,0.00315877,0.006573204400877041,-5.02475383,44.283,11.812,1189,16.346,57.752,206.164,0
46.823,319.973,0.00312526,0.0081056560055952,-4.81519319,43.311,12.137,1034,245.115,43.978,66.015,0
118.706,391.856,0.00255196,0.2924545927320723,-1.22944586,41.292,12.525,659,248.499,49.101,162.441,0
103.314,376.464,0.0026563,0.1522802245328088,-1.88203287,42.315,4.091,1049,166.835,54.27,230.031,0
38.727,311.877,0.00320639,0.004879987231922995,-5.32261268,44.257,1.748,234,134.851,62.118,231.769,0
142.362,415.512,0.00240667,0.7256137578566563,-0.32073742,45.553,4.714,254,180.832,56.816,19.474,0
109.965,383.115,0.00261018,0.2031904927544967,-1.59361135,42.202,4.987,211,177.328,55.317,76.253,0
48.686,321.836,0.00310717,0.009076721373298735,-4.70204223,40.609,8.752,307,225.365,55.954,213.25,0
159.373,432.523,0.00231202,1.311634956974566,0.27127442,52.59,6.91,576,252.047,62.084,14.537,1
32.596,305.746,0.00327069,0.003264150708129594,-5.72475567,42.652,9.01,878,66.413,50.875,81.012,0
125.306,398.456,0.00250969,0.3809585227860168,-0.96506477,41.044,4.038,714,172.549,49.111,145.563,0
49.171,322.321,0.0031025,0.009346064691134371,-4.67279991,41.586,5.228,771,292.384,56.677,24.811,0
48.727,321.877,0.00310678,0.009099218096441635,-4.69956679,40.852,10.636,388,184.959,51.448,239.502,0
78.341,351.491,0.00284502,0.04677412080601071,-3.0624252,42.522,8.801,536,125.532,44.802,244.245,0
79.571,352.721,0.0028351,0.04976847069362596,-3.00037361,38.706,1.291,553,260.183,46.05,42.177,0
139.255,412.405,0.0024248,0.647820852517953,-0.43414108,43.817,1.389,388,161.665,60.975,220.413,0
132.764,405.914,0.00246358,0.5083115360368734,-0.67666076,44.749,11.797,808,127.303,52.635,141.692,0
157.349,430.499,0.00232289,1.225425278686581,0.20328795,44.634,12.434,224,101.087,47.758,243.717,0
47.283,320.433,0.00312078,0.008336328778575928,-4.78713235,36.287,5.073,1065,95.31,59.167,90.747,0
144.888,418.038,0.00239213,0.794706622573175,-0.22978226,45.946,8.941,923,246.511,51.118,32.349,0
83.563,356.713,0.00280337,0.06069271460772272,-2.80193161,44.296,8.373,524,280.825,43.397,10.286,0
118.699,391.849,0.002552,0.2923712164257322,-1.22973099,42.593,14.727,1040,286.589,59.41,165.206,0
130.999,404.149,0.00247433,0.4752317907276047,-0.74395261,38.925,8.974,1031,84.535,50.978,177.823,0
101.14,374.29,0.00267173,0.1382721393175706,-1.97853151,42.969,4.258,200,295.495,42.819,222.599,0
60.024,333.174,0.00300143,0.01758509940548159,-4.04070336,43.792,9.657,811,219.077,45.132,106.652,0
46.734,319.884,0.00312613,0.00806169321700752,-4.82063167,40.792,1.978,113,61.395,55.853,248.078,0
161.413,434.563,0.00230116,1.403764417360117,0.3391575,51.668,11.982,661,13.756,54.523,247.322,1
179.898,453.048,0.00220727,2.525395658777439,0.92639775,50.012,10.042,236,110.813,42.068,112.116,0
154.374,427.524,0.00233905,1.107592528751076,0.10218877,45.777,9.301,1028,31.953,55.433,53.178,0
114.978,388.128,0.00257647,0.2508864334723586,-1.3827549,40.011,8.934,643,116.788,46.398,241.853,0
89.169,362.319,0.00276,0.07960805513468971,-2.53064,37.818,6.701,362,178.362,58.007,220.705,0
137.481,410.631,0.00243528,0.6067364964996845,-0.49966069,42.267,14.697,718,227.603,45.114,41.107,0
94.518,367.668,0.00271985,0.1023355448508841,-2.27949821,44.489,5.826,1024,58.7,43.862,53.922,0
110.114,383.264,0.00260917,0.2044841961046452,-1.58726459,41.783,7.106,876,89.343,43.161,86.679,0
131.702,404.852,0.00247004,0.4881756782403303,-0.71707994,47.636,1.287,1113,298.259,60.736,45.627,1
177.294,450.444,0.00222003,2.331680431601396,0.84658922,48.578,9.507,207,205.337,51.438,109.298,0
146.978,420.128,0.00238023,0.8561126986556613,-0.15535325,49.267,12.371,251,132.689,50.008,232.901,0
104.915,378.065,0.00264505,0.1633797698806226,-1.81167791,42.379,5.238,883,287.845,45.345,208.468,0
138.935,412.085,0.00242668,0.640236252621876,-0.44591803,42.051,8.705,1102,136.356,51.803,58.052,0
157.079,430.229,0.00232434,1.214303001465122,0.19417025,45.609,1.251,504,54.186,49.5,96.56,1
161.189,434.339,0.00230235,1.39338332191343,0.33173483,49.377,2.479,569,230.944,50.075,189.263,1
108.849,381.999,0.00261781,0.1937269444322097,-1.64130561,45.067,1.614,237,118.023,46.815,114.071,0
137.163,410.313,0.00243716,0.5996162877607736,-0.51146535,44.904,1.698,556,10.962,55.323,60.07,0
173.426,446.576,0.00223926,2.067464586273862,0.72632302,55.581,8.201,136,56.665,50.841,201.079,1
86.89,360.04,0.00277747,0.07136778522976368,-2.6399087,38.252,6.141,219,102.267,55.755,159.564,0
76.64,349.79,0.00285886,0.04289684224465687,-3.14895706,42.598,4.732,697,277.465,43.511,76.566,0
67.899,341.049,0.00293213,0.02712671081361228,-3.6072364,39.233,10.076,819,13.713,46.213,117.06,0
122.694,395.844,0.00252625,0.3434748210602782,-1.06864147,42.653,11.236,307,83.329,50.587,119.506,0
89.567,362.717,0.00275697,0.0811303332542759,-2.51169836,40.707,14.65,224,232.684,54.09,80.814,0
31.632,304.782,0.00328103,0.003059639897393458,-5.78945805,40.307,8.602,1196,146.011,61.498,157.612,0
66.097,339.247,0.0029477,0.0246088526309678,-3.70464904,43.57,6.204,190,31.073,42.137,171.384,0
44.462,317.612,0.0031485,0.007009438421636218,-4.96049769,40.449,14.393,488,207.518,42.132,186.869,0
131.608,404.758,0.00247061,0.4864273348545076,-0.72066775,42.769,8.81,481,247.244,57.526,139.63,0
121.3,394.45,0.00253518,0.3248210756750257,-1.12448078,46.613,8.545,594,38.872,45.064,81.832,0
178.441,451.591,0.00221439,2.415379449266719,0.8818564,51.245,5.836,501,16.515,45.455,43.966,1
62.676,335.826,0.00297773,0.02039515527563185,-3.89245789,37.295,7.786,278,249.365,59.124,156.632,0
123.732,396.882,0.00251964,0.3579660249430729,-1.0273172,47.249,12.979,402,178.316,56.343,133.85,0
119.41,392.56,0.00254738,0.3009468350188376,-1.20082166,38.757,5.753,246,91.715,52.267,176.152,0
35.811,308.961,0.00323665,0.004038475832012658,-5.51188793,37.914,4.856,209,14.645,55.304,30.573,0
132.931,406.081,0.00246256,0.5115427802578341,-0.67032406,42.063,10.131,365,212.349,49.559,141.244,0
149.083,422.233,0.00236836,0.9220693438775103,-0.08113485,46.928,12.962,923,224.121,62.226,236.393,0
42.582,315.732,0.00316724,0.006233895549551994,-5.07775385,38.743,10.223,447,85.408,51.024,182.795,0
161.369,434.519,0.0023014,1.401720034290425,0.33770008,49.147,5.675,579,183.128,41.936,248.612,1
102.866,376.016,0.00265946,0.1492955713936288,-1.90182724,37.056,3.31,121,41.026,50.845,179.554,0
115.298,388.448,0.00257435,0.2542391623875891,-1.36947987,40.573,8.668,780,88.553,60.332,70.904,0
79.178,352.328,0.00283826,0.04879376436116497,-3.02015275,43.514,10.561,704,46.798,42.69,238.729,0
50.648,323.798,0.00308835,0.01021103685744148,-4.5842861,37.634,10.767,496,159.899,54.484,137.882,0
113.39,386.54,0.00258705,0.2348149784246832,-1.4489574,41.664,6.278,969,176.171,60.118,174.869,0
103.169,376.319,0.00265732,0.1513085162394746,-1.88843437,38.035,13.214,381,251.335,55.534,226.241,0
175.586,448.736,0.00222848,2.211649633981101,0.79373868,53.552,8.152,304,86.423,56.239,167.323,1
98.277,371.427,0.00269232,0.1215613035767179,-2.10733659,39.869,8.011,750,242.11,45.757,130.151,0
54.669,327.819,0.00305046,0.01294097542476419,-4.34735661,44.273,9.473,538,65.667,50.599,182.963,0
57.448,330.598,0.00302482,0.01519213221484968,-4.1869776,38.027,6.359,290,118.027,50.48,52.247,0
114.025,387.175,0.00258281,0.2411298780914485,-1.42241958,43.483,14.431,911,119.141,48.894,208.226,0
114.951,388.101,0.00257665,0.2506053268272084,-1.38387598,41.098,1.403,154,259.673,45.682,157.014,0
45.233,318.383,0.00314087,0.007351796378105242,-4.91281059,35.129,11.789,154,129.921,55.819,140.509,0
154.297,427.447,0.00233947,1.104677457624902,0.0995534,52.083,8.135,363,91.822,53.866,106.782,1
161.007,434.157,0.00230331,1.384997424929283,0.32569828,51.461,7.091,1125,41.576,58.155,25.334,1
151.088,424.238,0.00235717,0.9889345538243488,-0.01112712,50.371,11.898,1092,240.482,56.782,118.699,1
82.528,355.678,0.00281153,0.0576737215878482,-2.85295364,39.842,11.78,1027,249.336,47.912,238.921,0
150.253,423.403,0.00236182,0.9605954805867599,-0.04020189,49.874,2.38,249,269.713,47.65,190.752,1
59.466,332.616,0.00300647,0.0170399224982037,-4.07219631,44.068,7.377,214,74.904,58.689,205.088,0
148.011,421.161,0.00237439,0.8879508564950735,-0.11883888,41.967,9.427,103,262.78,51.747,108.492,0
76.469,349.619,0.00286026,0.04252332156228795,-3.15770261,36.349,12.69,1160,291.734,49.455,145.296,0
48.926,322.076,0.00310486,0.009209121677200335,-4.6875608,39.542,8.96,636,240.569,46.771,15.567,0
129.171,402.321,0.00248558,0.4429631039664664,-0.8142688,47.838,5.456,914,130.981,56.32,245.135,1
146.022,419.172,0.00238566,0.8275330860604114,-0.18930619,41.802,13.754,696,154.69,58.702,249.967,0
140.066,413.216,0.00242004,0.6673934100022846,-0.40437559,44.186,14.834,168,83.842,59.679,8.466,0
110.087,383.237,0.00260935,0.2042492318800629,-1.58841431,39.314,3.661,143,182.773,47.241,222.704,0
160.544,433.694,0.00230577,1.363859725959869,0.31031871,46.45,2.728,585,182.426,53.206,102.181,1
136.627,409.777,0.00244035,0.5877791621872949,-0.53140398,46.199,9.739,643,43.671,46.187,11.382,0
99.659,372.809,0.00268234,0.1293913123668386,-2.04491404,36.83,8.565,1005,178.92,57.133,224.02,0
37.843,310.993,0.00321551,0.004609584750568191,-5.3796175,43.489,8.04,107,166.694,48.055,243.556,0
173.939,447.089,0.00223669,2.100957557531323,0.74239322,53.842,5.451,206,250.12,56.947,208.393,1
132.617,405.767,0.00246447,0.5054819800622194,-0.68224289,41.304,5.684,645,27.533,49.778,157.99,0
110.937,384.087,0.00260358,0.2117609972934338,-1.55229701,44.22,14.429,1040,23.963,57.504,8.265,0
98.305,371.455,0.00269212,0.1217157019367722,-2.10606727,44.586,4.468,511,65.719,60.495,189.784,0
145.308,418.458,0.00238973,0.8067305605899266,-0.21476554,49.49,2.667,287,290.081,53.226,143.324,1
122.563,395.713,0.00252708,0.341682896167804,-1.07387218,47.544,2.799,927,30.669,51.731,8.534,1
159.653,432.803,0.00231052,1.323963106763428,0.28062959,50.318,6.086,126,231.376,56.684,238.545,1
171.572,444.722,0.0022486,1.950207211659891,0.66793563,52.554,7.416,1165,225.523,57.372,218.46,1
40.646,313.796,0.00318678,0.005516723580412898,-5.19997115,43.385,14.714,123,175.28,51.633,31.478,0
124.408,397.558,0.00251536,0.3676879374660197,-1.0005207,43.086,14.549,414,296.666,47.137,161.99,0
105.669,378.819,0.00263978,0.1688491056338568,-1.77874983,40.136,6.083,767,67.398,58.237,14.468,0
124.521,397.671,0.00251464,0.3693353327928827,-0.99605029,40.452,6.13,1011,114.596,58.314,45.748,0
175.63,448.78,0.00222826,2.214674002403169,0.79510522,51.292,12.097,825,120.85,47.15,243.713,1
105.645,378.795,0.00263995,0.1686725668204535,-1.77979592,45.666,11.917,985,111.839,46.742,170.922,0
144.091,417.241,0.0023967,0.7723160788433665,-0.25836138,49.953,14.055,104,239.415,55.185,108.372,0
172.661,445.811,0.0022431,2.018369455288278,0.70228999,54.164,13.43,704,221.012,58.232,195.898,1
158.321,431.471,0.00231765,1.266196067275128,0.23601718,48.193,11.881,147,282.263,47.118,126.589,0
55.346,328.496,0.00304418,0.01345995598260332,-4.30803623,40.934,1.44,794,37.489,55.088,22.588,0
84.662,357.812,0.00279476,0.06405086735776665,-2.74807771,44.761,8.156,472,61.928,54.678,63.887,0
47.244,320.394,0.00312116,0.008316545633898945,-4.7895083,44.959,7.093,436,145.773,59.963,149.415,0
35.677,308.827,0.00323806,0.004003158269889362,-5.52067166,40.514,5.624,581,163.173,44.27,232.959,0
132.532,405.682,0.00246498,0.5038521048576023,-0.6854725,42.237,2.415,1020,107.486,48.142,195.419,0
153.363,426.513,0.00234459,1.069841977911349,0.06751095,45.797,7.462,130,129.367,62.047,122.505,0
110.807,383.957,0.00260446,0.2105966735111639,-1.55781047,45.23,14.042,825,144.561,50.25,98.351,0
115.649,388.799,0.00257202,0.2579617516263942,-1.35494395,43.856,3.321,835,58.063,50.293,228.023,0
146.667,419.817,0.00238199,0.8467230266795863,-0.16638164,49.852,8.585,267,216.922,57.774,135.754,1
178.2,451.35,0.00221558,2.397583049861015,0.87446117,50.383,12.131,1114,74.272,55.234,176.41,1
121.321,394.471,0.00253504,0.3250953802738524,-1.12363666,41.823,8.136,144,29.652,44.274,84.2,0
151.762,424.912,0.00235343,1.01233370902875,0.01225827,49.455,6.674,965,165.109,54.982,62.788,1
49.292,322.442,0.00310133,0.009414369212094435,-4.66551812,41.653,9.426,714,228.905,55.217,41.386,0
53.78,326.93,0.00305876,0.01228670672177181,-4.39923736,39.268,12.548,208,274.94,56.437,39.554,0
120.906,394.056,0.00253771,0.3197119600627956,-1.14033481,43.623,12.067,647,127.567,44.505,65.871,0
65.122,338.272,0.0029562,0.02333529300980768,-3.75778834,40.197,7.179,962,290.325,53.926,40.868,0
114.12,387.27,0.00258218,0.2420873092904809,-1.41845684,44.854,8.69,817,103.298,48.083,93.029,0
88.973,362.123,0.00276149,0.07886771398456567,-2.53998334,41.672,7.6,770,90.191,58.142,203.021,0
117.947,391.097,0.00255691,0.2835344133405952,-1.26042178,44.014,1.906,1103,265.383,61.633,87.825,0
35.215,308.365,0.00324291,0.00388351575489899,-5.55101441,37.263,14.733,245,270.983,41.904,17.384,0
179.855,453.005,0.00220748,2.522088466311793,0.92508731,51.362,10.635,892,69.542,44.751,39.058,1
170.612,443.762,0.00225346,1.891766336891826,0.63751096,47.385,14.923,150,59.43,51.421,153.632,0
44.27,317.42,0.0031504,0.006926441377894175,-4.97240911,38.066,2.294,909,288.928,51.3,121.052,0
149.59,422.74,0.00236552,0.9385966768049119,-0.06336942,44.588,3.084,210,214.231,52.625,23.347,0
74.901,348.051,0.00287314,0.03923067233768052,-3.23829638,37.476,13.461,1153,159.64,57.292,209.788,0
136.008,409.158,0.00244404,0.5743621750381669,-0.55449511,43.486,9.894,1084,176.279,59.198,47.769,0
130.635,403.785,0.00247657,0.4686478999265598,-0.75790354,39.438,3.372,648,177.764,43.557,157.355,0
155.585,428.735,0.00233244,1.15431997440269,0.1435114,45.516,3.421,1137,74.172,44.909,114.854,1
89.139,362.289,0.00276023,0.07949434086369177,-2.53206944,41.41,2.066,1091,162.499,62.181,155.639,0
110.471,383.621,0.00260674,0.2076133202464368,-1.57207797,44.341,1.318,810,130.38,46.625,172.881,0
43.626,316.776,0.0031568,0.006654463687663568,-5.01246742,40.806,9.629,101,107.468,43.427,38.373,0
174.976,448.126,0.00223152,2.170083938834752,0.77476585,48.947,11.403,154,278.675,60.661,47.553,0
177.64,450.79,0.00221833,2.356663148528592,0.8572467,56.617,7.498,1051,199.219,49.349,108.419,1
124.456,397.606,0.00251505,0.3683869307418856,-0.99862145,46.058,6.349,296,191.93,49.213,116.797,0
38.718,311.868,0.00320648,0.004877163817101383,-5.32319141,44.222,1.863,771,199.417,61.532,8.133,0
122.838,395.988,0.00252533,0.3454540357676095,-1.06289568,38.477,9.516,433,21.589,43.362,69.797,0
86.596,359.746,0.00277974,0.07036174123458948,-2.65410561,36.538,13.679,1082,182.031,44.923,213.468,0
41.83,314.98,0.0031748,0.005945930529784161,-5.12504824,37.251,1.731,264,223.11,43.464,80.688,0
177.902,451.052,0.00221704,2.375732786791418,0.86530593,50.453,14.624,693,17.456,61.253,220.59,0
118.029,391.179,0.00255637,0.2844865101072079,-1.25706944,37.582,14.647,1153,255.739,48.576,41.022,0
146.539,419.689,0.00238272,0.842884445193964,-0.17092541,50.499,9.407,588,164.456,57.0,167.608,1
65.76,338.91,0.00295064,0.02416181981004517,-3.72298159,37.868,9.819,515,165.264,50.976,9.752,0
116.591,389.741,0.00256581,0.2681892324827299,-1.31606246,45.138,3.925,461,74.533,60.639,222.487,0
149.544,422.694,0.00236578,0.9370866621572176,-0.06497951,48.123,9.718,363,283.675,43.428,193.197,0
108.815,381.965,0.00261804,0.1934448074376002,-1.64276304,45.938,6.011,805,41.149,49.465,236.085,0
109.684,382.834,0.0026121,0.2007702221505308,-1.6055942,39.47,7.983,712,234.898,51.381,55.029,0
76.811,349.961,0.00285746,0.0432732740550066,-3.14022006,44.579,5.674,505,133.379,60.059,190.536,0
135.277,408.427,0.00244842,0.5588610369229826,-0.58185443,46.594,6.221,474,146.572,50.033,198.159,0
52.22,325.37,0.00307342,0.01120985568247122,-4.49096192,37.179,11.633,1088,156.588,54.845,18.743,0
106.832,379.982,0.0026317,0.1776008861061641,-1.72821646,46.028,4.884,1162,176.283,47.591,39.558,1
155.304,428.454,0.00233397,1.143328479180755,0.13394373,45.638,8.727,585,14.491,42.724,64.293,0
83.343,356.493,0.0028051,0.06003953125565687,-2.81275208,39.796,1.42,338,105.796,46.762,107.316,0
167.958,441.108,0.00226702,1.73795704130775,0.55271031,53.87,7.269,396,173.635,54.564,147.746,1
73.37,346.52,0.00288584,0.0362363636799909,-3.31769214,36.776,6.431,1182,176.366,59.091,171.231,0
94.932,368.082,0.00271679,0.104312428722184,-2.26036476,44.861,3.216,253,59.337,49.352,142.876,0
91.855,365.005,0.00273969,0.09039113449659025,-2.40360909,38.632,8.684,434,17.577,50.438,61.857,0
92.591,365.741,0.00273418,0.09356240879759282,-2.36912659,43.575,6.364,1043,116.613,54.796,169.846,0
159.44,432.59,0.00231166,1.314575867783902,0.27351408,48.887,7.38,851,173.584,61.453,98.209,1
152.102,425.252,0.00235155,1.024317897083967,0.02402692,44.909,3.117,1114,36.029,46.19,174.805,0
153.655,426.805,0.00234299,1.080629319107052,0.07754357,48.74,12.55,1148,196.93,50.891,50.336,0
91.355,364.505,0.00274345,0.08829126258681248,-2.42711413,39.588,12.102,326,265.182,55.914,145.178,0
59.97,333.12,0.00300192,0.01753166764686748,-4.04374645,35.493,2.84,700,156.57,45.338,145.321,0
168.58,441.73,0.00226383,1.773005070297675,0.57267589,50.443,11.31,557,63.737,47.368,92.048,1
105.742,378.892,0.00263927,0.16938707642467,-1.77556879,41.358,6.616,1170,62.928,51.842,140.02,0
139.254,412.404,0.00242481,0.6477970296814425,-0.43417786,42.761,3.35,674,289.006,54.219,13.3,0
78.517,351.667,0.0028436,0.04719252983386386,-3.05351967,37.572,11.177,949,10.934,51.621,12.166,0
71.636,344.786,0.00290035,0.03309189889617233,-3.40846677,39.819,2.919,241,83.549,53.815,210.431,0
45.741,318.891,0.00313587,0.007585503291537213,-4.88151631,42.512,1.256,665,58.6,53.65,210.568,0
138.219,411.369,0.00243091,0.6235444042548678,-0.4723353,43.946,3.616,116,43.257,43.23,78.071,0
153.129,426.279,0.00234588,1.061264575345103,0.05946119,45.151,4.038,186,162.741,49.368,238.071,0
107.95,381.1,0.00262398,0.1863871842067359,-1.67992913,39.461,9.291,478,245.485,55.723,66.207,0
92.69,365.84,0.00273344,0.09399638943400039,-2.36449891,41.961,1.64,1130,74.272,43.197,187.584,0
139.157,412.307,0.00242538,0.6454898262553054,-0.43774583,42.727,13.592,1068,282.333,43.925,215.571,0
34.068,307.218,0.00325502,0.003600291692549773,-5.62674041,40.003,5.708,788,59.606,42.423,217.165,0
158.439,431.589,0.00231702,1.271224298138005,0.23998045,52.507,11.153,188,124.583,62.167,146.1,1
136.499,409.649,0.00244111,0.5849826108385526,-0.53617316,40.381,10.263,189,86.868,42.566,97.749,0
137.263,410.413,0.00243657,0.6018474806719982,-0.50775122,43.409,12.027,1104,140.99,44.186,69.005,0
162.161,435.311,0.00229721,1.438913833033749,0.36388855,45.526,8.503,447,212.418,45.241,146.777,0
87.482,360.632,0.00277291,0.07343225859847985,-2.61139195,39.173,2.298,845,286.987,51.743,138.41,0
60.305,333.455,0.00299891,0.01786549798689864,-4.02488391,40.557,2.189,1043,279.77,45.964,36.401,0
96.344,369.494,0.0027064,0.1113106677135239,-2.19543018,40.842,5.612,273,269.516,56.44,143.844,0
46.207,319.357,0.00313129,0.007805732229464367,-4.85289691,36.799,1.482,454,56.477,45.023,121.066,0
56.808,329.958,0.00303069,0.01464475192517357,-4.22367324,37.765,5.656,510,51.658,62.153,199.306,0
120.479,393.629,0.00254046,0.3142543609737933,-1.15755255,44.068,12.661,812,203.93,53.921,28.141,0
171.096,444.246,0.00225101,1.921039605752089,0.6528665,51.409,12.132,505,204.001,60.565,168.3,1
40.129,313.279,0.00319204,0.005338213259910156,-5.23286428,35.79,1.841,1121,35.974,50.292,160.459,0
166.246,439.396,0.00227585,1.644546921090194,0.49746492,51.855,11.373,979,221.212,54.713,61.802,1
100.903,374.053,0.00267342,0.1368158826360489,-1.98911918,38.535,7.52,156,189.748,45.429,155.643,0
155.619,428.769,0.00233226,1.155656069453389,0.14466821,43.942,10.59,364,169.427,53.12,242.404,0
132.208,405.358,0.00246696,0.4976812720159432,-0.69779542,48.363,3.248,189,86.87,61.76,122.789,1
97.536,370.686,0.0026977,0.1175374862708472,-2.14099796,37.835,12.454,866,216.624,43.51,201.515,0
131.297,404.447,0.00247251,0.4806817136027314,-0.73254995,39.794,10.452,896,55.749,46.21,215.108,0
88.089,361.239,0.00276825,0.07560372711383943,-2.5822497,45.041,8.126,516,266.388,45.743,104.849,0
146.77,419.92,0.00238141,0.8498228654125459,-0.16272734,46.892,9.442,1173,212.461,48.43,26.351,0
143.506,416.656,0.00240006,0.7562312136597148,-0.27940811,47.933,7.861,662,84.374,59.612,91.714,0
96.927,370.077,0.00270214,0.1143188389677166,-2.1687639,39.14,10.872,955,237.061,61.499,227.381,0
169.274,442.424,0.00226028,1.81282486909456,0.59488633,50.75,14.305,1041,149.322,61.874,148.958,0
81.099,354.249,0.00282287,0.0537243715723776,-2.92388853,39.617,12.818,286,224.627,45.134,143.806,0
119.493,392.643,0.00254684,0.3019621220561513,-1.19745369,47.464,11.643,363,173.753,58.559,107.022,0
113.664,386.814,0.00258522,0.2375218291081621,-1.43749575,37.82,4.36,582,22.402,59.95,100.868,0
118.183,391.333,0.00255537,0.2862821561587239,-1.25077739,47.072,5.248,939,101.206,53.035,64.544,1
153.73,426.88,0.00234258,1.083415153054957,0.08011823,46.601,13.953,392,254.809,56.649,84.273,0
154.314,427.464,0.00233938,1.105320474374077,0.10013531,51.906,10.862,378,170.423,48.43,56.605,1
91.057,364.207,0.00274569,0.08706034090600098,-2.44115383,44.136,8.164,109,112.706,55.698,237.495,0
55.997,329.147,0.00303816,0.01397649234743345,-4.27037848,44.822,7.445,1161,189.435,60.764,154.753,0
166.349,439.499,0.00227532,1.650042170592714,0.50080085,48.266,11.3,268,274.665,56.54,95.05,0
159.621,432.771,0.00231069,1.322549141437291,0.27956104,45.701,11.891,263,259.453,52.347,226.695,0
63.883,337.033,0.00296707,0.02180186563638233,-3.82575973,45.164,3.435,761,85.635,46.285,209.205,0
114.435,387.585,0.00258008,0.2452858244628101,-1.40533112,44.961,12.645,467,37.24,61.665,163.34,0
100.726,373.876,0.00267468,0.1357371232869784,-1.99703518,44.433,10.338,739,244.595,45.434,115.439,0
64.492,337.642,0.00296172,0.02254396833656613,-3.79228773,38.922,1.286,936,286.547,57.421,22.94,0
162.511,435.661,0.00229536,1.455619227644483,0.3754314,50.491,5.184,1095,84.105,60.708,127.21,1
176.395,449.545,0.00222447,2.26782580786983,0.81882158,53.02,3.343,339,26.828,53.03,109.769,1
93.565,366.715,0.00272691,0.09791002876494735,-2.3237063,43.252,12.638,876,102.262,57.645,92.599,0
176.398,449.548,0.00222446,2.26803637723676,0.81891443,52.061,4.184,1194,134.021,62.154,104.115,1
171.148,444.298,0.00225074,1.92420766256421,0.65451428,46.241,14.314,774,254.308,56.683,71.874,0
54.244,327.394,0.00305442,0.01262439985770756,-4.37212384,43.289,1.359,621,236.016,55.252,234.072,0
147.134,420.284,0.00237934,0.8608564819043567,-0.14982748,41.868,9.953,1036,176.166,48.008,114.169,0
69.873,343.023,0.00291526,0.03014607818133052,-3.50170044,36.148,3.537,664,40.964,49.161,20.51,0
57.011,330.161,0.00302883,0.01481643212621756,-4.21201844,38.346,11.808,825,72.266,56.807,232.072,0
87.117,360.267,0.00277572,0.0721532472001439,-2.62896299,45.1,4.683,940,230.504,43.987,136.175,0
163.191,436.341,0.00229179,1.48855308827384,0.39780457,44.64,6.962,831,243.514,57.566,246.294,0
47.012,320.162,0.00312342,0.00819972971579827,-4.80365409,39.954,11.999,699,159.486,49.651,87.352,0
148.677,421.827,0.00237064,0.9090165292661657,-0.095392,43.85,14.446,497,181.971,46.564,229.578,0
126.783,399.933,0.00250042,0.4036955049236978,-0.90709439,42.896,8.037,569,42.24,54.687,29.299,0
162.728,435.878,0.00229422,1.466060180603441,0.38257865,49.669,1.148,521,85.856,42.197,17.161,1
87.154,360.304,0.00277543,0.07228199640287375,-2.62718019,38.865,3.396,1145,292.338,58.0,7.674,0
44.717,317.867,0.00314597,0.007121050014098807,-4.94470009,44.715,11.519,516,297.745,55.282,154.591,0
126.458,399.608,0.00250245,0.3985933904300534,-0.91981345,42.248,9.818,629,92.661,42.249,68.891,0
140.687,413.837,0.00241641,0.6827255168427616,-0.38166238,45.284,8.748,1181,162.103,51.954,66.494,0
136.837,409.987,0.0024391,0.5923924218412447,-0.52358599,48.768,4.622,316,36.444,59.232,190.173,1
93.003,366.153,0.0027311,0.09538018651575263,-2.34988441,39.078,2.511,1191,227.953,48.666,56.738,0
92.607,365.757,0.00273406,0.09363242698425085,-2.36837851,42.828,5.268,176,34.493,47.988,103.651,0
69.118,342.268,0.00292169,0.02895763890850367,-3.54192124,40.276,8.195,664,205.713,50.874,84.088,0
68.202,341.352,0.00292953,0.02757190911935146,-3.59095781,40.024,10.668,571,197.322,62.355,66.888,0
79.098,352.248,0.00283891,0.0485974388380571,-3.02418445,43.002,9.058,206,255.417,58.702,218.787,0
126.28,399.43,0.00250357,0.3958229114300144,-0.92678836,43.23,6.179,1185,229.578,53.154,18.347,0
154.904,428.054,0.00233615,1.127838072957635,0.12030259,52.489,12.524,462,262.619,61.857,242.352,1
106.823,379.973,0.00263177,0.1775316583041995,-1.72860633,39.31,5.389,758,262.185,59.722,20.282,0
104.263,377.413,0.00264962,0.1587765189608112,-1.84025761,41.191,4.072,706,171.156,56.407,41.658,0
91.712,364.862,0.00274076,0.08978611379499074,-2.41032495,36.333,4.132,179,77.9,57.608,14.078,0
130.427,403.577,0.00247784,0.4649214580157213,-0.7658868,44.266,3.97,632,157.476,61.403,84.698,0
99.605,372.755,0.00268273,0.1290772219483586,-2.04734443,44.193,2.108,1107,242.105,48.946,61.344,1
179.435,452.585,0.00220953,2.489979929571979,0.91227465,50.978,6.373,944,125.42,49.488,111.981,1
98.958,372.108,0.00268739,0.1253658460393634,-2.07651905,45.405,9.742,515,164.811,48.269,202.814,0
144.205,417.355,0.00239604,0.7754848441554488,-0.25426684,41.502,5.614,282,298.309,42.008,194.037,0
112.292,385.442,0.00259442,0.2242371311235369,-1.49505117,41.969,6.139,1168,116.974,59.274,79.213,0
102.156,375.306,0.00266449,0.1446707854140586,-1.93329456,38.066,5.903,155,15.992,46.168,65.679,0
37.716,310.866,0.00321682,0.00457186645172204,-5.38783374,40.409,8.772,377,114.161,61.041,69.485,0
74.08,347.23,0.00287994,0.03759871648002045,-3.28078537,35.917,11.685,1010,170.749,49.492,179.095,0
168.844,441.994,0.00226247,1.788063223090063,0.58113304,48.369,12.929,529,268.782,48.696,157.479,0
30.365,303.515,0.00329473,0.002808450228950893,-5.87512247,39.764,1.442,650,267.589,59.729,61.146,0
121.105,394.255,0.00253643,0.3222836046958156,-1.13232336,45.757,11.251,1103,285.807,43.804,32.389,0
115.414,388.564,0.00257358,0.2554641805050009,-1.36467307,42.592,6.229,587,223.161,42.081,167.208,0
121.605,394.755,0.00253322,0.3288249529968197,-1.11222973,43.98,1.916,1118,281.513,59.721,236.931,0
127.426,400.576,0.00249641,0.4139578963597559,-0.88199101,44.877,12.61,229,237.702,59.516,183.276,0
44.976,318.126,0.00314341,0.007236044163660292,-4.92868061,38.892,4.797,202,60.776,52.467,30.623,0
65.76,338.91,0.00295064,0.02416181981004517,-3.72298159,35.342,12.114,242,10.928,61.727,16.489,0
156.689,429.839,0.00232645,1.19839123388385,0.18098002,43.254,7.873,1027,243.766,49.03,200.708,0
54.183,327.333,0.00305499,0.01257953559283782,-4.37568394,37.379,8.675,164,73.311,44.151,88.053,0
121.664,394.814,0.00253284,0.3296044315263796,-1.10986204,38.695,12.544,176,46.091,61.049,23.832,0
121.198,394.348,0.00253583,0.3234916140370176,-1.12858209,44.007,6.556,1151,62.298,45.77,38.521,0
88.63,361.78,0.00276411,0.0775867555028412,-2.55635854,45.389,11.642,430,71.777,52.559,180.264,0
88.506,361.656,0.00276506,0.07712821694928718,-2.56228609,37.498,8.87,136,251.173,49.091,32.413,0
146.118,419.268,0.00238511,0.8303651824789823,-0.1858897,46.645,10.903,768,161.066,44.285,59.756,0
97.778,370.928,0.00269594,0.1188384999420037,-2.12998985,40.703,11.983,153,167.305,45.315,219.688,0
43.7,316.85,0.00315607,0.006685219969122104,-5.00785616,36.65,4.862,211,199.311,59.349,8.195,0
55.05,328.2,0.00304692,0.01323079718547458,-4.32520805,36.778,2.422,759,238.36,49.14,144.33,0
137.862,411.012,0.00243302,0.6153639325883986,-0.48554143,41.863,10.621,725,117.52,44.657,180.114,0
179.752,452.902,0.00220798,2.514181644052395,0.92194736,52.647,7.969,1000,19.941,48.086,12.033,1
157.142,430.292,0.002324,1.216890381755601,0.19629874,49.495,5.214,542,21.952,52.101,98.194,1
67.878,341.028,0.00293231,0.02709609415878796,-3.60836569,40.913,5.981,136,292.78,59.054,49.473,0
162.271,435.421,0.00229663,1.444146224310701,0.3675183,52.276,6.373,916,162.42,59.156,153.487,1
51.549,324.699,0.00307978,0.01077327962256909,-4.53068632,36.016,1.124,973,11.855,47.087,219.222,0
39.17,312.32,0.00320184,0.005020794184680519,-5.29416715,43.681,5.209,495,235.106,54.611,239.587,0
77.128,350.278,0.00285488,0.04397887105445489,-3.12404596,37.009,8.91,956,195.257,55.218,29.002,0
110.988,384.138,0.00260323,0.2122193102566879,-1.55013506,38.751,6.784,1053,188.633,45.149,239.547,0
92.796,365.946,0.00273264,0.094463025122103,-2.35954679,36.477,2.688,578,74.615,54.085,5.815,0
40.28,313.43,0.00319051,0.005389805526237027,-5.22324598,42.768,4.143,889,78.268,55.026,30.275,0
115.927,389.077,0.00257019,0.2609439124163666,-1.34344979,44.064,14.947,469,223.208,57.358,73.862,0
111.362,384.512,0.0026007,0.2156069413775158,-1.53429824,45.609,8.504,605,42.793,50.276,32.198,0
85.827,358.977,0.00278569,0.06778938389352683,-2.69134968,42.089,11.714,259,208.564,45.303,147.047,0
31.936,305.086,0.00327776,0.003122848103928177,-5.76900984,40.749,14.675,330,223.898,48.356,246.831,0
140.463,413.613,0.00241772,0.6771602262655728,-0.38984736,41.578,6.466,1040,22.757,53.618,164.491,0
163.81,436.96,0.00228854,1.519088049002269,0.41811019,49.769,9.455,117,149.0,49.426,78.371,0
109.113,382.263,0.002616,0.1959299750352531,-1.62999795,40.641,8.787,208,73.79,49.593,21.755,0
58.377,331.527,0.00301635,0.01601925755362964,-4.13396368,38.793,3.465,733,48.283,42.083,175.347,0
95.669,368.819,0.00271136,0.1079151700930315,-2.22640982,44.274,9.367,838,53.418,44.751,190.877,0
68.788,341.938,0.00292451,0.02845142645645246,-3.55955698,40.572,7.478,238,44.178,51.523,155.577,0
60.592,333.742,0.00299633,0.0181560002251967,-4.00875418,45.127,1.792,1118,50.552,48.267,157.665,1
146.908,420.058,0.00238062,0.8539914439574859,-0.1578341,45.575,9.34,143,198.531,48.557,149.583,0
129.013,402.163,0.00248655,0.4402658765754806,-0.82037647,45.906,6.402,739,298.242,44.681,154.524,0
147.435,420.585,0.00237764,0.870073887096983,-0.13917714,45.481,7.36,535,282.237,59.318,51.728,0
173.942,447.092,0.00223668,2.101154782255426,0.74248709,50.748,11.187,587,280.594,51.634,187.683,1
118.931,392.081,0.00255049,0.2951456471238995,-1.22028633,42.624,8.587,984,234.507,45.953,247.841,0
38.848,311.998,0.00320515,0.004918089619676226,-5.31483511,45.011,13.927,621,35.152,48.456,115.087,0
117.381,390.531,0.00256062,0.2770383195204036,-1.28359944,40.372,4.931,931,25.872,58.972,84.304,0
45.762,318.912,0.00313566,0.007595306412802097,-4.8802248,43.662,4.778,677,155.383,44.167,156.541,0
61.487,334.637,0.00298831,0.01908921393084879,-3.95863182,35.418,4.118,208,145.54,53.449,147.726,0
161.758,434.908,0.00229934,1.419883417271945,0.35057477,45.943,3.531,607,215.305,58.66,149.408,0
151.753,424.903,0.00235348,1.012018133704285,0.01194649,50.763,4.663,720,231.314,42.887,91.131,1
154.422,427.572,0.00233879,1.109413074098702,0.10383111,44.923,8.814,197,187.191,57.305,235.623,0
177.457,450.607,0.00221923,2.343421357573067,0.85161198,54.647,3.584,642,68.03,61.026,235.835,1
39.363,312.513,0.00319987,0.005083274542619166,-5.28179963,37.824,1.432,822,85.389,61.233,55.19,0
169.344,442.494,0.00225992,1.816883568273051,0.59712271,54.591,13.136,792,243.237,60.954,97.027,1
118.699,391.849,0.002552,0.2923712164257322,-1.22973099,45.875,9.401,950,192.842,43.205,199.337,0
74.152,347.302,0.00287934,0.0377393812839933,-3.27705113,41.951,10.91,562,233.906,48.567,19.362,0
123.566,396.716,0.00252069,0.3556133009461174,-1.03391137,43.666,1.29,667,166.463,44.17,94.395,0
124.727,397.877,0.00251334,0.3723551321484574,-0.98790722,43.726,13.22,937,274.258,49.025,39.646,0
137.236,410.386,0.00243673,0.6012443489270787,-0.50875386,43.711,10.251,117,43.478,53.711,192.046,0
51.639,324.789,0.00307892,0.01083093782289767,-4.52534863,39.031,9.683,1196,290.26,46.09,75.99,0
73.41,346.56,0.0028855,0.03631193267381556,-3.31560887,36.951,11.746,315,144.207,50.479,128.623,0
136.861,410.011,0.00243896,0.5929216493205371,-0.52269301,49.374,3.26,461,228.511,47.616,164.115,1
77.797,350.947,0.00284943,0.04550159564969155,-3.09000788,36.588,4.721,930,159.053,45.665,244.431,0
142.751,415.901,0.00240442,0.7359018698628564,-0.3066585,46.108,3.323,409,202.466,60.669,160.487,0
61.402,334.552,0.00298907,0.01899877988793031,-3.96338052,40.316,10.669,574,136.983,51.429,99.568,0
92.843,365.993,0.00273229,0.09467058334150956,-2.35735196,39.214,8.585,1158,47.594,42.483,245.628,0
30.014,303.164,0.00329854,0.002742237897153135,-5.89898094,38.694,3.746,743,203.066,41.979,107.923,0
129.981,403.131,0.00248058,0.4570179964642205,-0.78303251,41.33,2.865,478,290.915,60.963,249.921,0
165.549,438.699,0.00227947,1.607772315741975,0.47484957,47.785,12.347,867,69.33,62.078,39.242,0
88.72,361.87,0.00276342,0.0779210739129719,-2.55205884,36.049,12.225,505,252.408,49.254,67.371,0
174.721,447.871,0.00223279,2.152907524167946,0.76681927,49.802,3.186,266,281.483,43.791,89.928,1
122.7,395.85,0.00252621,0.3435570901647593,-1.06840198,47.681,5.848,696,161.007,53.551,159.823,1
52.917,326.067,0.00306685,0.01168006909833961,-4.44987139,36.09,2.905,436,169.541,53.507,96.808,0
74.413,347.563,0.00287718,0.03825322105064854,-3.26352751,36.994,11.303,213,271.842,48.743,202.364,0
69.518,342.668,0.00291828,0.02958197270059521,-3.52059013,35.79,9.891,875,43.435,58.376,120.801,0
106.215,379.365,0.00263598,0.1729094788413775,-1.75498707,44.312,9.372,958,113.006,50.196,229.33,0
38.098,311.248,0.00321287,0.004686165737272163,-5.36314057,37.376,11.264,176,253.358,50.505,136.339,0
37.186,310.336,0.00322231,0.004417441544835718,-5.42219459,40.777,10.898,1181,39.221,47.916,149.504,0
147.628,420.778,0.00237655,0.8760288896397651,-0.13235621,45.053,13.632,615,140.363,59.685,243.607,0
67.338,340.488,0.00293696,0.02631930862502935,-3.63745244,42.842,3.879,559,273.125,55.084,68.409,0
151.566,424.716,0.00235451,1.005480385062611,0.00546542,45.659,10.6,1097,184.765,60.805,70.737,0
59.253,332.403,0.0030084,0.01683583396351033,-4.08424569,35.745,6.93,407,269.452,51.828,118.649,0
147.654,420.804,0.0023764,0.8768338076773611,-0.13143781,42.553,12.197,586,88.364,62.315,130.314,0
123.236,396.386,0.00252279,0.3509762674733907,-1.04703667,45.058,9.635,712,140.878,54.776,133.762,0
156.159,429.309,0.00232932,1.177056015167413,0.16301642,45.389,1.207,967,195.718,56.977,193.517,1
147.671,420.821,0.00237631,0.8773604462400165,-0.13083737,50.763,14.837,1002,199.05,56.441,216.008,0
44.867,318.017,0.00314449,0.007187447206179878,-4.93541922,39.335,9.228,143,290.43,48.603,26.57,0
170.259,443.409,0.00225525,1.87065835666019,0.62629043,51.063,11.297,993,45.717,56.344,229.345,1
83.853,357.003,0.0028011,0.06156334449891917,-2.78768864,38.315,8.091,1183,294.685,49.43,94.63,0
37.711,310.861,0.00321687,0.004570387182813248,-5.38815735,42.134,4.286,440,271.813,54.709,111.954,0
72.758,345.908,0.00289094,0.0350974666069822,-3.34962633,43.674,10.035,256,237.741,59.553,179.854,0
30.236,303.386,0.00329613,0.002783949850235626,-5.88388455,43.371,4.089,1025,148.282,55.09,40.635,0
162.141,435.291,0.00229731,1.437964244558652,0.36322839,53.768,13.959,1058,250.063,49.739,235.73,1
122.293,395.443,0.00252881,0.3380153564957159,-1.08466395,43.682,14.553,733,64.941,58.442,207.36,0
115.582,388.732,0.00257247,0.257247508482066,-1.35771659,39.021,1.461,742,262.776,53.21,98.494,0
55.089,328.239,0.00304656,0.01326078929124235,-4.32294377,44.847,2.122,559,272.344,45.158,66.717,0
34.695,307.845,0.00324839,0.003752716242867487,-5.58527537,40.833,13.944,324,74.384,47.088,236.937,0
157.469,430.619,0.00232224,1.230396642161124,0.20733659,47.716,11.99,190,228.591,50.812,97.34,0
128.446,401.596,0.00249006,0.4307040555577005,-0.84233407,45.447,6.728,614,134.0,49.33,209.004,0
142.604,415.754,0.00240527,0.7319993056587172,-0.31197571,44.284,2.826,103,30.07,55.695,27.737,0
53.801,326.951,0.00305856,0.01230181369709629,-4.39800857,39.936,11.88,150,222.31,41.689,121.666,0
80.333,353.483,0.00282899,0.05170770217549357,-2.96214853,42.509,6.46,650,181.602,50.109,192.131,0
161.729,434.879,0.00229949,1.418522380231062,0.34961575,53.372,8.496,480,161.132,57.324,243.671,1
34.721,307.871,0.00324811,0.003759160667450624,-5.58355957,45.004,13.153,864,138.688,50.4,32.846,0
111.535,384.685,0.00259953,0.2171899251099188,-1.52698308,41.059,2.274,1088,22.486,42.77,137.338,0
50.968,324.118,0.0030853,0.01040763687767908,-4.56521543,35.873,9.379,1092,288.352,53.44,14.522,0
152.251,425.401,0.00235072,1.029608298163305,0.02917844,50.087,7.784,667,226.539,59.929,107.059,1
149.875,423.025,0.00236393,0.9479991930866013,-0.05340163,47.733,5.404,622,213.197,62.102,120.713,1
153.144,426.294,0.0023458,1.06181262158773,0.05997747,48.3,9.341,1009,97.45,58.357,65.782,1
42.132,315.282,0.00317176,0.00606010649742844,-5.10602791,42.22,11.919,293,98.489,43.57,168.07,0
110.183,383.333,0.0026087,0.20508573808154,-1.58432715,40.058,8.884,917,234.2,48.126,96.512,0
127.178,400.328,0.00249795,0.4099731416417374,-0.89166363,47.865,13.376,660,284.323,51.436,43.337,0
78.694,351.844,0.00284217,0.04761666314295569,-3.04457251,38.91,9.942,783,130.509,42.694,119.594,0
153.612,426.762,0.00234323,1.079034899240421,0.07606703,43.857,12.799,1171,133.521,46.951,245.87,0
103.317,376.467,0.00265628,0.152300386665571,-1.88190048,41.875,8.363,491,262.59,48.525,82.225,0
165.068,438.218,0.00228197,1.58280841639329,0.45920075,54.312,5.57,606,124.284,62.218,8.584,1
103.369,376.519,0.00265591,0.1526502369222569,-1.87960601,39.507,9.174,407,275.331,46.605,184.728,0
121.985,395.135,0.00253078,0.3338736749533587,-1.09699258,45.148,1.592,148,239.434,45.07,220.194,0
85.587,358.737,0.00278756,0.06700379601207967,-2.703006,45.102,9.713,1125,76.996,43.359,59.514,0
93.89,367.04,0.0027245,0.09939988813825457,-2.30860429,42.661,4.299,775,110.196,52.275,168.873,0
84.941,358.091,0.00279259,0.06492915130783931,-2.73445858,40.195,1.326,466,253.72,50.084,30.768,0
154.273,427.423,0.0023396,1.103770219070815,0.09873179,51.094,7.856,186,256.364,57.867,60.585,1
86.692,359.842,0.002779,0.07068885655722752,-2.64946733,36.373,7.444,838,120.942,51.576,110.531,0
60.11,333.26,0.00300066,0.01767049484461348,-4.03585899,39.552,2.438,792,237.027,59.062,88.065,0
64.705,337.855,0.00295985,0.02280879084474403,-3.78060925,41.013,7.438,998,185.736,45.935,212.177,0
77.175,350.325,0.00285449,0.04408435140377867,-3.1216504,37.278,5.888,300,67.669,58.316,71.575,0
142.486,415.636,0.00240595,0.7288796309695197,-0.31624668,42.525,6.944,935,128.34,57.507,141.382,0
57.982,331.132,0.00301994,0.01566277760187551,-4.15646823,38.621,13.584,835,261.901,56.065,199.196,0
140.855,414.005,0.00241543,0.6869254875875718,-0.37552945,40.319,8.358,552,256.335,52.825,157.939,0
150.699,423.849,0.00235933,0.9756436384564341,-0.02465788,42.409,10.424,113,69.279,43.027,94.274,0
74.428,347.578,0.00287705,0.03828294013492282,-3.26275091,40.568,13.966,676,26.903,52.86,216.202,0
172.665,445.815,0.00224308,2.01862353843383,0.70241586,52.668,5.854,330,119.478,48.542,6.62,1
136.028,409.178,0.00244392,0.5747914821514741,-0.55374794,43.679,6.429,405,295.825,56.826,215.129,0
165.983,439.133,0.00227721,1.630586668014902,0.48893987,51.327,7.456,719,218.586,45.512,172.033,1
161.831,434.981,0.00229895,1.423314454091325,0.35298827,50.266,5.491,218,157.077,48.546,25.123,1
158.853,432.003,0.0023148,1.289002094574351,0.25386835,48.34,3.493,848,50.448,61.93,235.876,1
58.785,331.935,0.00301264,0.01639506819311392,-4.11077471,38.683,3.817,472,29.042,43.941,48.775,0
151.137,424.287,0.0023569,0.9906197770532954,-0.00942449,46.921,6.917,876,229.595,47.503,46.499,0
98.262,371.412,0.00269243,0.1214786611879707,-2.10801666,36.499,12.705,929,165.309,48.083,133.85,0
149.447,422.597,0.00236632,0.933909385575329,-0.06837586,50.708,6.578,383,171.947,48.419,238.339,1
179.285,452.435,0.00221026,2.478597642061472,0.90769293,55.72,4.011,138,47.158,57.76,143.007,1
34.754,307.904,0.00324777,0.003767354496971528,-5.58138225,37.557,5.916,617,275.497,61.522,50.27,0
104.48,377.63,0.00264809,0.1602957558752211,-1.8307347,46.157,5.616,918,71.152,58.556,243.316,0
105.663,378.813,0.00263982,0.1688049557133799,-1.77901134,45.09,3.912,1052,19.301,48.155,232.062,0
119.098,392.248,0.00254941,0.2971569860462202,-1.21349471,46.177,2.466,1043,85.026,61.012,234.736,1
163.296,436.446,0.00229123,1.493695175634558,0.40125303,49.851,7.566,129,67.251,52.058,57.97,1
85.536,358.686,0.00278795,0.06683790069870224,-2.70548498,42.119,5.094,117,83.586,47.819,52.89,0
48.424,321.574,0.0031097,0.008934136193330479,-4.71787581,38.471,5.981,717,282.271,60.025,30.978,0
156.97,430.12,0.00232493,1.209837627593895,0.19048616,44.178,6.214,159,25.024,53.788,187.674,0
155.899,429.049,0.00233074,1.166710044835147,0.15418786,47.222,8.209,709,48.256,56.402,149.601,0
131.939,405.089,0.00246859,0.4926080402681507,-0.70804147,47.181,12.542,879,142.575,56.421,87.425,0
34.764,307.914,0.00324766,0.003769840652568313,-5.58072255,42.426,4.482,1056,84.564,59.87,181.41,0
105.902,379.052,0.00263816,0.170571462463179,-1.76860094,40.196,10.705,285,58.021,44.08,173.373,0
134.94,408.09,0.00245044,0.5518381849992289,-0.59450042,46.128,8.441,512,92.849,45.457,214.444,0
131.816,404.966,0.00246934,0.4903033477206394,-0.712731,44.752,1.864,573,159.907,59.249,159.947,0
145.779,418.929,0.00238704,0.8204016955195864,-0.19796119,46.769,1.685,414,107.849,45.101,21.88,1
57.16,330.31,0.00302746,0.01494358689856211,-4.20347304,41.813,12.461,1172,116.5,48.063,185.994,0
57.935,331.085,0.00302037,0.01562083675537628,-4.15914957,37.327,4.974,788,122.265,60.939,81.136,0
113.574,386.724,0.00258582,0.2366297175071023,-1.44125873,38.973,14.924,292,124.54,55.944,41.605,0
66.33,339.48,0.00294568,0.02492222523295135,-3.69199529,35.723,9.878,402,99.197,48.837,20.176,0
64.223,337.373,0.00296408,0.02221344214668101,-3.80705767,39.313,14.273,486,103.54,50.092,222.281,0
73.778,346.928,0.00288244,0.03701376978425605,-3.29646528,44.031,5.2,880,230.344,48.04,6.674,0
50.863,324.013,0.0030863,0.01034275670984243,-4.57146884,40.304,3.587,992,212.628,46.717,134.075,0
39.277,312.427,0.00320075,0.005055347626999499,-5.28730866,37.351,12.244,1150,222.223,43.719,239.611,0
116.904,390.054,0.00256375,0.2716652144578337,-1.3031848,47.026,5.938,198,185.045,57.909,150.422,0
72.022,345.172,0.00289711,0.03377005491510236,-3.38818082,43.418,2.567,1116,29.711,50.577,239.047,0
172.213,445.363,0.00224536,1.990085106443873,0.6881774,46.765,4.987,305,286.027,50.222,227.635,0
150.697,423.847,0.00235934,0.975575705715189,-0.02472751,42.541,4.456,1119,115.978,43.208,246.468,0
95.289,368.439,0.00271415,0.106044108443739,-2.24390015,41.074,5.538,1165,71.327,42.974,244.515,0
79.385,352.535,0.0028366,0.04930502693055261,-3.00972924,41.448,11.576,968,296.085,58.32,150.048,0
98.957,372.107,0.0026874,0.1253601833087275,-2.07656422,43.852,11.746,533,72.721,54.092,80.207,0
64.015,337.165,0.00296591,0.02196083908384021,-3.81849445,41.077,2.95,425,80.655,52.623,56.569,0
50.073,323.223,0.00309384,0.009866120145058438,-4.6186486,39.582,3.084,322,76.895,58.66,141.893,0
154.834,427.984,0.00233654,1.1251459605976,0.11791277,47.189,5.545,1022,155.963,52.039,158.641,1
140.934,414.084,0.00241497,0.6889082104970672,-0.37264724,50.2,5.037,344,148.024,53.827,70.946,1
94.654,367.804,0.00271884,0.1029812779656615,-2.27320807,37.463,4.802,297,93.064,49.949,5.159,0
133.07,406.22,0.00246172,0.5142458735957446,-0.66505377,48.061,11.466,479,79.017,43.598,160.891,0
46.665,319.815,0.00312681,0.008027757140100913,-4.8248501,39.751,6.655,106,203.53,53.084,79.74,0
55.734,328.884,0.00304059,0.01376571733544505,-4.28557403,38.554,14.177,880,216.788,44.265,64.549,0
57.516,330.666,0.0030242,0.01525135329205134,-4.18308704,43.784,12.333,255,202.451,52.703,149.79,0
153.019,426.169,0.00234649,1.057253029337363,0.05567406,45.679,8.576,401,296.506,47.225,99.554,0
155.053,428.203,0.00233534,1.133586944275934,0.12538689,44.067,11.638,658,278.215,55.0,190.66,0
171.193,444.343,0.00225051,1.926952866979754,0.65593993,54.524,6.564,718,69.508,49.638,162.351,1
155.304,428.454,0.00233397,1.143328479180755,0.13394373,42.919,9.92,745,41.264,57.226,216.467,0
140.405,413.555,0.00241806,0.6757256459615558,-0.39196813,44.125,10.782,445,222.515,47.323,222.579,0
67.488,340.638,0.00293567,0.02653306635154899,-3.62936354,37.239,12.709,594,78.501,49.897,218.263,0
65.653,338.803,0.00295157,0.02402140590532006,-3.72880993,44.101,4.372,958,177.642,52.255,91.236,0
171.782,444.932,0.00224753,1.963195541773073,0.67457352,48.138,11.726,456,248.427,56.766,100.156,0
102.646,375.796,0.00266102,0.147848827536706,-1.91156496,39.74,13.755,591,246.169,53.267,137.041,0
137.29,410.44,0.00243641,0.6024511379708534,-0.50674872,40.83,8.431,101,209.128,54.474,235.797,0
64.907,338.057,0.00295808,0.02306249694974545,-3.76954749,35.919,10.463,486,294.263,46.66,61.393,0
149.356,422.506,0.00236683,0.930937116299884,-0.07156355,50.907,10.473,772,263.411,59.004,246.396,1
34.816,307.966,0.00324711,0.003782792521168628,-5.57729278,35.058,7.209,216,116.179,43.578,94.991,0
173.48,446.63,0.00223899,2.070968469690911,0.72801636,53.577,3.173,535,133.941,47.16,202.831,1
44.726,317.876,0.00314588,0.007125018251669162,-4.94414299,41.8,12.309,912,287.766,59.636,220.051,0
158.386,431.536,0.0023173,1.268963730277284,0.23820061,52.033,3.623,1020,215.717,55.356,195.904,1
167.976,441.126,0.00226693,1.738962867446062,0.55328888,47.543,2.929,616,202.56,51.234,95.658,1
43.714,316.864,0.00315593,0.006691053074865058,-5.00698401,40.814,8.212,550,120.648,59.228,104.838,0
109.241,382.391,0.00261512,0.1970060042997416,-1.62452107,38.592,11.364,118,235.349,41.831,92.14,0
100.134,373.284,0.00267893,0.1321832790800703,-2.02356584,42.361,12.05,688,182.036,56.392,227.829,0
93.973,367.123,0.00272388,0.09978356813459059,-2.30475176,42.642,11.905,455,126.613,43.418,94.585,0
72.566,345.716,0.00289255,0.03474678620402617,-3.35966819,36.305,6.779,940,211.522,61.483,230.686,0
81.83,354.98,0.00281706,0.05571361738862093,-2.88753068,37.646,2.179,1152,31.237,48.084,7.262,0
164.52,437.67,0.00228483,1.554774066533966,0.44133024,53.538,3.517,260,73.657,54.866,208.472,1
54.944,328.094,0.00304791,0.0131495867073657,-4.33136495,44.929,4.416,469,260.756,41.988,75.974,0
148.094,421.244,0.00237392,0.8905528968043452,-0.11591278,41.388,13.119,1099,193.535,59.142,235.714,0
92.08,365.23,0.002738,0.09135038205789787,-2.39305281,38.502,1.58,179,108.0,58.237,28.642,0
88.603,361.753,0.00276432,0.07748670763868383,-2.55764887,45.33,3.436,169,202.404,56.163,155.718,0
51.982,325.132,0.00307567,0.01105322345421231,-4.50503318,40.261,11.606,557,245.093,57.22,120.187,0
73.038,346.188,0.0028886,0.03561451837980576,-3.3350019,42.748,3.797,268,62.89,53.036,184.84,0
83.689,356.839,0.00280238,0.06106963902262248,-2.79574044,39.139,4.362,1039,291.272,50.647,216.515,0
177.547,450.697,0.00221879,2.349925733458858,0.85438372,51.785,4.227,667,31.749,57.912,186.754,1
47.448,320.598,0.00311917,0.008420494892361496,-4.77708668,43.406,3.089,232,89.933,59.525,201.811,0
149.086,422.236,0.00236834,0.922166393440464,-0.0810296,48.724,4.015,775,137.04,59.643,213.561,1
89.834,362.984,0.00275494,0.08216592746499117,-2.49901457,41.318,8.565,505,148.318,52.063,239.482,0
168.505,441.655,0.00226421,1.768747101211293,0.57027144,50.744,9.839,701,257.566,60.824,173.12,1
64.247,337.397,0.00296387,0.02224275480965841,-3.80573895,37.478,2.489,437,180.582,41.786,181.087,0
97.049,370.199,0.00270125,0.1149573282516937,-2.16319428,37.57,3.017,1065,17.382,49.273,120.931,0
93.709,366.859,0.00272584,0.0985677012569526,-2.31701164,45.049,2.495,877,221.546,60.343,244.112,0
117.722,390.872,0.00255838,0.280936257989842,-1.26962748,45.997,8.316,693,199.678,59.17,217.413,0
134.838,407.988,0.00245105,0.5497277590086485,-0.59833211,42.328,7.588,544,211.669,57.004,246.84,0
117.114,390.264,0.00256237,0.2740193875954145,-1.29455642,40.426,10.331,305,277.105,58.562,73.122,0
105.187,378.337,0.00264315,0.1653345614697312,-1.79978421,41.264,12.5,1039,37.348,51.844,143.549,0
120.478,393.628,0.00254047,0.314241675905762,-1.15759292,40.47,5.462,945,36.12,46.848,167.705,0
166.989,440.139,0.00227201,1.684542385127062,0.52149395,45.151,6.164,751,183.532,45.819,103.953,0
88.988,362.138,0.00276138,0.07892415684113817,-2.53926793,39.164,4.699,635,112.191,57.376,151.81,0
60.577,333.727,0.00299646,0.01814071331703456,-4.00959651,42.038,4.114,527,95.537,54.509,149.329,0
173.893,447.043,0.00223692,2.097935431252039,0.74095373,56.285,9.373,691,197.147,46.179,19.138,1
179.376,452.526,0.00220982,2.485497574090678,0.91047287,52.66,11.186,852,282.742,52.287,175.885,1
85.886,359.036,0.00278524,0.0679837516715517,-2.68848655,40.445,9.542,181,104.575,53.692,91.686,0
44.044,317.194,0.00315264,0.006829879063447452,-4.98644831,38.828,10.623,819,30.031,48.417,22.725,0
96.267,369.417,0.00270697,0.1109186274759789,-2.19895843,37.209,6.376,814,30.474,45.988,239.389,0
90.144,363.294,0.00275259,0.08338294748962101,-2.48431146,42.961,1.332,864,220.853,45.224,25.33,0
176.494,449.644,0.00222398,2.274783442031428,0.82188486,56.033,6.46,301,34.293,45.176,19.829,1
94.578,367.728,0.0027194,0.1026199853343059,-2.27672258,43.452,1.299,286,295.614,47.465,215.36,0
84.266,357.416,0.00279786,0.0628223368206063,-2.76744459,41.145,8.907,420,236.66,44.355,43.773,0
162.134,435.284,0.00229735,1.437632016059403,0.36299733,46.633,5.211,142,291.229,41.827,40.454,0
158.405,431.555,0.0023172,1.269773723751264,0.23883871,45.715,13.767,106,252.875,50.283,174.345,0
86.619,359.769,0.00277956,0.07043999034378293,-2.65299413,43.085,1.875,847,272.443,53.386,92.308,0
127.061,400.211,0.00249868,0.4081048779640093,-0.89623108,44.516,9.519,553,235.953,45.932,171.656,0
151.757,424.907,0.00235346,1.012158378907629,0.01208506,51.529,11.627,858,172.075,57.97,32.614,1
111.937,385.087,0.00259682,0.2209077229166607,-1.51001021,42.273,3.7,1163,123.579,45.568,181.289,0
165.773,438.923,0.0022783,1.619512956589721,0.48212546,52.094,13.276,467,221.597,56.239,71.219,1
99.424,372.574,0.00268403,0.1280293297200782,-2.0554959,40.463,3.084,958,121.971,50.724,184.024,0
148.556,421.706,0.00237132,0.9051574577762488,-0.09964636,48.141,11.876,876,294.793,56.114,201.438,0
127.872,401.022,0.00249363,0.4212090557251836,-0.864626,44.561,12.483,415,283.269,52.428,53.747,0
108.407,381.557,0.00262084,0.1900871916014695,-1.66027241,40.137,3.455,128,20.33,55.702,214.132,0
30.219,303.369,0.00329632,0.002780735552653799,-5.8850398,40.276,8.881,266,47.61,57.967,70.834,0
75.911,349.061,0.00286483,0.04132447601479932,-3.18630031,36.795,9.114,714,201.35,60.907,242.661,0
117.606,390.756,0.00255914,0.2796049215866402,-1.27437767,37.948,5.847,382,288.732,41.626,121.803,0
39.481,312.631,0.00319866,0.005121818839283959,-5.27424566,44.0,6.664,848,95.403,61.432,139.239,0
43.209,316.359,0.00316097,0.00648351298412639,-5.03849279,40.091,14.814,1116,155.026,42.06,124.239,0
175.904,449.054,0.0022269,2.23358739817557,0.80360899,52.799,1.305,984,229.594,44.88,25.552,1
42.994,316.144,0.00316312,0.006396924384173465,-5.05193797,40.944,4.14,791,25.786,50.443,226.52,0
52.28,325.43,0.00307286,0.01124965533924937,-4.48741779,38.194,7.325,1195,33.148,57.218,239.829,0
111.948,385.098,0.00259674,0.2210102332233051,-1.50954627,39.188,13.577,1029,132.57,60.743,25.118,0
146.713,419.863,0.00238173,0.848106208857707,-0.1647494,49.074,3.749,382,135.013,45.793,236.45,1
141.483,414.633,0.00241177,0.7028245408877719,-0.352648,42.583,5.668,842,122.873,50.204,168.69,0
33.09,306.24,0.00326541,0.003373660528826111,-5.69175691,44.454,8.24,491,170.622,60.659,94.477,0
157.973,431.123,0.00231952,1.251466758035311,0.22431627,49.504,11.329,172,140.769,43.874,158.029,0
59.402,332.552,0.00300705,0.01697836901616296,-4.07581516,36.069,8.853,606,118.669,46.869,65.62,0
172.005,445.155,0.00224641,1.977069068868407,0.68161548,55.369,9.806,682,285.284,55.309,133.497,1
146.454,419.604,0.0023832,0.8403437199242416,-0.17394428,46.605,9.288,1044,167.301,49.42,136.433,0
158.111,431.261,0.00231878,1.257289919030279,0.22895855,48.599,10.779,1189,210.396,48.266,188.057,0
123.237,396.387,0.00252279,0.3509902389403631,-1.04699687,39.455,10.818,983,22.274,43.776,213.275,0
73.916,347.066,0.0028813,0.03728005179640534,-3.2892969,43.015,14.776,567,200.791,59.993,176.116,0
158.861,432.011,0.00231476,1.289347726288182,0.25413645,43.491,6.663,251,283.063,53.003,12.235,0
32.345,305.495,0.00327338,0.003209747091159242,-5.74156313,35.362,3.73,1104,111.813,58.133,185.765,0
125.946,399.096,0.00250566,0.3906696739483978,-0.9398929,41.301,11.903,809,203.872,61.437,120.163,0
58.188,331.338,0.00301807,0.01584779366491611,-4.14472499,37.877,14.846,538,75.729,52.426,113.5,0
131.565,404.715,0.00247087,0.4856293795832269,-0.72230954,39.452,3.708,1093,239.939,58.533,72.173,0
91.547,364.697,0.002742,0.08909246027549958,-2.41808057,36.737,9.262,976,221.398,41.855,17.728,0
134.134,407.284,0.00245529,0.5353521073085017,-0.6248306,43.923,1.389,815,221.987,50.313,162.341,0
60.284,333.434,0.00299909,0.01784440567744763,-4.02606523,43.567,4.053,581,297.174,61.39,117.47,0
153.869,427.019,0.00234182,1.088594632038784,0.08488754,50.656,13.217,1104,225.837,55.916,69.345,1
112.837,385.987,0.00259076,0.2294341029313887,-1.47213942,46.527,2.825,396,298.053,60.467,171.668,1
167.798,440.948,0.00226784,1.729038305490613,0.54756536,54.05,9.263,1121,135.244,54.67,91.285,1
159.376,432.526,0.002312,1.311766518201509,0.27137472,48.729,10.42,1150,51.385,60.37,93.154,1
141.519,414.669,0.00241156,0.703745545298548,-0.35133843,43.783,8.157,422,154.379,49.739,188.266,0
97.393,370.543,0.00269874,0.1167746211417842,-2.14750952,40.754,7.5,701,10.465,57.286,41.576,0
159.516,432.666,0.00231125,1.317918702674117,0.27605375,50.234,4.744,131,286.009,61.287,188.763,1
49.231,322.381,0.00310192,0.009379878942601741,-4.66918842,44.778,3.237,1031,271.995,50.373,108.942,0
56.938,330.088,0.0030295,0.01475448874693919,-4.21620792,42.475,13.166,941,181.289,47.026,66.603,0
105.447,378.597,0.00264133,0.167222300435447,-1.78843121,43.375,1.534,455,210.721,59.139,72.535,0
104.893,378.043,0.0026452,0.1632225535808687,-1.81264065,45.074,10.143,744,147.932,55.267,82.618,0
135.791,408.941,0.00244534,0.569722078811458,-0.56260662,45.199,9.829,900,192.035,58.634,226.911,0
134.915,408.065,0.00245059,0.5513202730820465,-0.59543938,45.826,3.961,364,249.671,42.624,81.944,0
33.691,306.841,0.00325902,0.003511352737537407,-5.65175392,37.541,10.453,681,214.102,49.455,44.623,0
118.681,391.831,0.00255212,0.2921569156733537,-1.23046424,46.994,4.359,1122,30.188,59.321,45.421,1
136.985,410.135,0.00243822,0.5956625408671868,-0.51808098,45.142,9.224,412,254.548,60.615,152.24,0
123.196,396.346,0.00252305,0.3504178068804849,-1.0486291,44.265,12.629,975,154.298,55.417,140.229,0
38.462,311.612,0.00320912,0.004797466653381034,-5.33966728,35.853,7.034,227,24.64,58.254,139.312,0
81.068,354.218,0.00282312,0.05364142248425788,-2.9254337,38.609,10.541,631,298.01,45.428,119.78,0
67.597,340.747,0.00293473,0.02668936605758337,-3.62349007,38.428,6.597,230,128.254,60.727,216.543,0
41.421,314.571,0.00317893,0.005794385864408055,-5.15086578,37.504,1.496,299,189.151,53.007,102.383,0
112.882,386.032,0.00259046,0.2298678914558182,-1.47025052,45.642,14.376,1101,33.207,47.998,150.725,0
104.44,377.59,0.00264838,0.1600147551599134,-1.83248925,36.611,7.603,186,227.518,47.747,124.918,0
169.558,442.708,0.00225883,1.829340008554801,0.60395525,55.29,11.801,1187,16.188,46.98,202.997,1
120.571,393.721,0.00253987,0.3154233038231342,-1.15383972,41.628,13.367,287,63.455,53.06,141.127,0
139.79,412.94,0.00242166,0.660675637720798,-0.41449227,49.033,5.221,449,173.427,43.397,95.853,1
139.376,412.526,0.00242409,0.6507090353644738,-0.42969269,40.133,12.038,595,217.895,55.859,228.249,0
103.204,376.354,0.00265707,0.1515425657477728,-1.88688873,38.992,2.099,450,86.343,44.092,113.836,0
139.252,412.402,0.00242482,0.6477493862899941,-0.43425141,43.825,10.578,976,74.199,62.241,33.291,0
100.797,373.947,0.00267418,0.1361689431023629,-1.99385894,40.24,14.104,860,189.26,57.398,116.725,0
152.254,425.404,0.00235071,1.029715058282917,0.02928212,48.57,11.425,136,40.468,47.13,239.624,0
164.853,438.003,0.00228309,1.571758158567661,0.45219484,52.367,4.308,1187,238.755,47.804,15.501,1
34.491,307.641,0.00325054,0.003702496940599635,-5.59874784,35.411,9.114,136,51.886,43.742,148.093,0
162.139,435.289,0.00229732,1.437869315387168,0.36316238,43.952,3.934,215,183.709,49.517,20.422,0
115.765,388.915,0.00257126,0.2592024582850243,-1.35014583,43.315,7.65,163,241.161,49.577,45.671,0
83.312,356.462,0.00280535,0.05994799423176471,-2.81427786,45.541,14.583,1002,124.338,49.506,152.447,0
59.183,332.333,0.00300903,0.016769241164827,-4.08820895,44.387,3.378,168,169.378,50.915,99.06,0
140.386,413.536,0.00241817,0.6752562710757353,-0.392663,49.188,13.346,837,27.135,56.213,18.313,0
101.958,375.108,0.0026659,0.1434037500001312,-1.9420912,40.708,7.795,1051,89.02,59.796,14.838,0
42.104,315.254,0.00317205,0.00604943834324024,-5.10778985,40.067,9.069,817,285.459,44.418,103.241,0
97.16,370.31,0.00270044,0.1155409781791025,-2.15813002,40.058,5.78,757,167.208,50.973,124.947,0
172.469,445.619,0.00224407,2.006205668676359,0.69624521,52.296,4.812,482,164.497,57.032,229.821,1
134.066,407.216,0.0024557,0.5339810271573074,-0.62739497,47.983,11.199,194,137.541,57.651,70.939,0
31.228,304.378,0.00328539,0.002977426756382261,-5.81669586,38.466,10.116,107,263.724,55.242,238.33,0
119.503,392.653,0.00254678,0.302084647732583,-1.19704801,45.162,14.935,1090,209.783,57.374,184.556,0
146.609,419.759,0.00238232,0.8449817983735872,-0.16844019,50.478,11.24,1052,184.546,60.879,61.969,1
39.862,313.012,0.00319477,0.005248073689572374,-5.24989419,36.444,1.467,917,197.536,53.141,92.253,0
132.747,405.897,0.00246368,0.5079836052345785,-0.67730611,47.101,3.058,205,75.289,53.595,201.144,0
67.518,340.668,0.00293541,0.02657600305964028,-3.62774661,37.394,13.003,963,125.993,55.658,18.916,0
85.577,358.727,0.00278764,0.06697123881860766,-2.70349202,40.494,6.171,456,82.809,48.119,92.137,0
47.669,320.819,0.00311702,0.008534421146779988,-4.76364775,38.59,14.286,195,99.166,45.618,41.848,0
81.391,354.541,0.00282055,0.05451129746348885,-2.90934731,40.412,12.887,952,126.313,55.265,29.5,0
153.57,426.72,0.00234346,1.077479520461744,0.07462454,49.655,1.51,892,212.836,60.263,170.95,1
55.103,328.253,0.00304643,0.01327157052178728,-4.32213109,37.139,10.397,939,126.983,44.93,39.234,0
70.995,344.145,0.00290575,0.03199247371666727,-3.4422546,37.989,7.939,622,157.929,44.628,182.829,0
172.075,445.225,0.00224606,1.981441290601833,0.6838245,47.478,13.252,489,163.179,42.795,172.01,0
109.438,382.588,0.00261378,0.1986722157937693,-1.61609897,37.529,9.826,781,13.983,57.07,157.431,0
111.815,384.965,0.00259764,0.2197735827724665,-1.51515743,42.373,13.565,1080,17.587,57.41,235.086,0
52.457,325.607,0.00307119,0.01136780299903688,-4.47697022,39.834,3.959,1009,238.591,50.694,243.521,0
128.133,401.283,0.00249201,0.4255036011672175,-0.85448187,40.823,2.416,1008,294.042,54.323,55.064,0
96.696,369.846,0.00270383,0.1131184556946971,-2.17931973,38.545,5.26,736,242.097,57.568,189.525,0
121.322,394.472,0.00253503,0.3251084474452167,-1.12359647,41.312,8.875,904,70.832,58.889,128.189,0
83.967,357.117,0.0028002,0.06190860983575273,-2.78209602,38.875,8.552,1019,236.784,50.443,112.378,0
161.081,434.231,0.00230292,1.388401817150732,0.32815331,45.476,2.584,1050,58.697,47.265,147.212,1
66.455,339.605,0.0029446,0.02509180548004531,-3.68521396,36.042,12.252,856,156.937,61.345,166.359,0
148.674,421.824,0.00237066,0.9089206780118352,-0.09549745,49.197,2.66,1095,181.006,50.835,177.357,1
34.206,307.356,0.00325356,0.003633352096513732,-5.61759961,37.782,9.098,920,244.426,43.142,32.732,0
50.917,324.067,0.00308578,0.0103760782295121,-4.56825229,44.213,8.781,885,279.893,54.959,206.483,0
47.532,320.682,0.00311835,0.00846363537213643,-4.77197648,37.481,7.025,648,170.822,54.353,75.426,0
119.623,392.773,0.002546,0.3035583504067128,-1.19218143,40.89,10.846,407,282.812,58.213,170.246,0
173.154,446.304,0.00224063,2.049892554660703,0.71778738,48.992,10.308,901,93.362,56.235,230.078,0
145.145,418.295,0.00239066,0.8020455479798353,-0.22058988,43.934,12.672,274,227.962,55.718,122.054,0
107.822,380.972,0.00262486,0.1853622628997678,-1.68544319,45.094,13.643,359,205.842,61.412,231.888,0
38.147,311.297,0.00321237,0.004701011843871877,-5.35997751,42.749,9.28,1102,118.11,49.493,241.423,0
178.002,451.152,0.00221655,2.383046012953458,0.86837951,50.183,2.812,1100,187.503,59.76,137.489,1
81.584,354.734,0.00281901,0.05503701651942366,-2.89974929,37.119,8.27,192,31.549,53.552,118.641,0
52.934,326.084,0.00306669,0.01169175516845406,-4.44887137,42.017,14.093,1037,181.822,62.386,249.439,0
146.447,419.597,0.00238324,0.8401347795674902,-0.17419295,46.391,9.846,144,78.266,61.872,29.036,0
123.937,397.087,0.00251834,0.3608902432088486,-1.0191814,40.46,14.59,584,272.839,50.159,203.004,0
152.106,425.256,0.00235152,1.024459613872476,0.02416527,50.173,10.361,483,264.126,47.147,27.962,1
93.37,366.52,0.00272836,0.09702560614064427,-2.33278035,42.602,1.612,776,99.736,51.221,148.381,0
52.497,325.647,0.00307081,0.01139465653561538,-4.47461076,42.976,4.916,661,66.764,41.934,43.051,0
169.045,442.195,0.00226145,1.799601462129683,0.58756523,52.144,13.132,444,163.094,49.152,139.288,1
178.765,451.915,0.00221281,2.43948292418053,0.8917861,49.653,12.558,1059,37.76,55.99,11.983,1
139.076,412.226,0.00242585,0.6435686617258544,-0.44072656,40.14,10.797,1147,284.509,57.096,53.735,0
132.488,405.638,0.00246525,0.5030102027149134,-0.68714483,47.877,8.143,820,115.803,59.061,61.477,1
116.105,389.255,0.00256901,0.2628691660587728,-1.33609884,41.867,9.459,979,146.282,51.667,189.436,0
174.737,447.887,0.00223271,2.153981824267472,0.76731814,47.512,3.238,885,231.399,49.347,50.13,1
132.879,406.029,0.00246288,0.5105347335840359,-0.67229661,41.368,6.994,120,34.343,59.709,137.635,0
43.035,316.185,0.00316271,0.006413355965998815,-5.04937259,36.659,12.125,1192,237.689,59.756,51.663,0
157.366,430.516,0.00232279,1.226128500313278,0.20386164,49.587,11.831,197,77.077,51.27,243.264,0
126.814,399.964,0.00250023,0.4041851304178118,-0.90588226,43.475,13.131,971,244.373,49.45,122.352,0
159.637,432.787,0.00231061,1.323255961375691,0.28009534,52.9,5.902,1039,217.731,58.441,204.608,1
109.471,382.621,0.00261355,0.1989525334526563,-1.61468901,46.598,9.57,992,215.18,49.416,41.918,0
160.066,433.216,0.00230832,1.342329316454401,0.2944064,49.151,1.92,1047,206.961,53.213,35.456,1
175.399,448.549,0.00222941,2.198835499728535,0.7879279,51.319,5.642,168,51.864,46.321,6.658,1
137.207,410.357,0.0024369,0.6005971257098331,-0.50983091,49.492,11.536,562,284.33,51.884,60.539,0
59.724,332.874,0.00300414,0.01729008733373191,-4.05762193,44.893,14.572,598,242.302,58.44,96.846,0
34.979,308.129,0.00324539,0.003823652027183651,-5.56654929,36.951,13.839,829,150.879,52.885,38.337,0
175.173,448.323,0.00223053,2.183433818500526,0.78089878,46.928,10.104,266,107.927,48.637,226.676,0
81.245,354.395,0.00282171,0.05411656625928245,-2.91661492,36.761,3.761,126,160.561,59.698,146.337,0
119.364,392.514,0.00254768,0.3003854325146522,-1.20268885,40.071,11.225,852,93.246,48.321,49.787,0
173.868,447.018,0.00223705,2.096294534546669,0.74017128,55.284,6.815,1030,115.6,55.009,87.856,1
130.417,403.567,0.0024779,0.4647429542120488,-0.76627081,44.217,10.806,498,121.884,57.73,147.93,0
57.646,330.796,0.00302301,0.01536514494494743,-4.17565365,41.535,14.57,920,65.778,61.407,194.394,0
56.307,329.457,0.0030353,0.01422863884229183,-4.25249853,35.38,9.851,1051,171.478,61.812,70.819,0
157.547,430.697,0.00232182,1.233637345968366,0.209967,43.436,3.617,118,209.058,55.831,143.744,0
33.303,306.453,0.00326314,0.003421892459699218,-5.67756153,37.542,3.964,1088,218.778,46.01,81.122,0
164.437,437.587,0.00228526,1.550565452934226,0.43861967,51.85,9.571,612,35.546,52.152,154.69,1
90.119,363.269,0.00275278,0.08328421348331791,-2.48549626,38.308,5.022,608,285.916,51.399,147.031,0
125.477,398.627,0.00250861,0.3835323715943806,-0.95833125,42.787,7.905,243,293.573,61.682,210.251,0
98.444,371.594,0.00269111,0.122484740711944,-2.09976882,43.2,2.372,809,177.821,50.357,161.385,0
133.373,406.523,0.00245989,0.5201813379737094,-0.6535778,41.707,11.393,1002,31.009,52.279,74.663,0
70.188,343.338,0.00291258,0.03065462063115705,-3.48497187,37.713,7.348,234,128.992,56.029,142.723,0
48.078,321.228,0.00311305,0.008748916794609912,-4.73882538,39.845,10.338,1177,204.884,51.187,38.132,0
175.353,448.503,0.00222964,2.19569312381022,0.78649777,50.387,7.226,605,78.796,51.259,60.686,1
156.477,429.627,0.0023276,1.189817456298572,0.1737999,52.794,7.274,718,297.586,52.266,98.381,1
66.384,339.534,0.00294521,0.02499535814479744,-3.68906515,36.809,12.506,151,266.147,58.396,82.407,0
82.187,355.337,0.00281423,0.05670862899346975,-2.86982889,38.611,8.802,1028,219.597,47.71,52.61,0
52.229,325.379,0.00307334,0.01121581757701536,-4.49043021,39.96,2.353,780,279.528,50.058,183.371,0
51.981,325.131,0.00307568,0.01105256949399381,-4.50509234,37.324,11.16,392,36.446,52.049,65.353,0
174.059,447.209,0.00223609,2.108858933169636,0.74614701,47.65,2.95,575,105.729,43.423,128.01,1
37.711,310.861,0.00321687,0.004570387182813248,-5.38815735,35.842,6.824,825,275.243,43.01,49.638,0
96.396,369.546,0.00270602,0.1115761129163555,-2.19304829,42.097,5.283,156,175.206,56.149,168.616,0
133.206,406.356,0.0024609,0.5169026470282438,-0.65990073,47.743,7.72,881,171.742,47.307,114.13,1
95.904,369.054,0.00270963,0.1090867918492492,-2.21561146,37.98,11.399,779,24.538,44.731,27.335,0
62.06,335.21,0.0029832,0.01970894200467652,-3.92668284,42.186,5.043,203,133.562,48.494,114.111,0
163.485,436.635,0.00229024,1.502989454889909,0.40745609,48.933,12.721,425,198.388,56.83,71.588,0
136.653,409.803,0.0024402,0.588348629029695,-0.5304356,49.32,6.559,628,212.617,45.397,116.423,1
34.959,308.109,0.0032456,0.003818617268740608,-5.56786689,43.245,3.202,584,210.443,54.649,121.018,0
32.087,305.237,0.00327614,0.003154680239780735,-5.75886814,39.844,6.592,228,35.426,57.572,221.034,0
107.097,380.247,0.00262987,0.1796499185475164,-1.71674522,45.917,4.245,808,35.115,62.381,109.751,0
72.085,345.235,0.00289658,0.03388190426975208,-3.3848742,45.032,3.291,168,268.348,44.263,133.111,0
166.044,439.194,0.0022769,1.633815490763872,0.49091807,48.125,8.177,218,12.259,51.846,219.622,0
157.874,431.024,0.00232006,1.24730361030529,0.22098411,44.504,7.712,1060,151.412,51.859,28.884,0
156.515,429.665,0.00232739,1.191350361591722,0.17508742,49.149,14.877,447,253.04,44.569,86.264,0
114.498,387.648,0.00257966,0.2459299513468864,-1.40270853,40.918,13.076,573,259.945,43.908,13.763,0
84.472,357.622,0.00279625,0.06345879094455935,-2.75736455,39.524,5.223,1151,297.024,45.167,114.458,0
40.067,313.217,0.00319267,0.00531715868599969,-5.2368162,35.07,10.1,626,49.289,52.485,224.802,0
66.132,339.282,0.0029474,0.02465570040419299,-3.70274715,43.06,10.848,581,185.034,54.303,28.591,0
68.551,341.701,0.00292654,0.02809275226136468,-3.57224366,42.632,6.618,630,178.034,51.578,102.603,0
47.303,320.453,0.00312058,0.008346490356074321,-4.78591415,36.621,6.056,870,162.151,53.388,73.081,0
174.081,447.231,0.00223598,2.110310277632739,0.74683499,53.557,2.856,289,207.243,60.604,67.315,1
96.992,370.142,0.00270167,0.114658627446548,-2.16579602,36.358,1.752,968,217.647,58.417,63.472,0
135.297,408.447,0.0024483,0.5592802548382758,-0.58110458,43.921,14.714,816,185.238,52.314,170.753,0
162.5,435.65,0.00229542,1.45509167150939,0.3750689,49.156,9.739,308,122.644,42.493,99.964,0
112.613,385.763,0.00259227,0.2272854587240788,-1.48154852,41.632,8.142,1068,242.49,60.466,195.735,0
167.784,440.934,0.00226791,1.728259790072797,0.547115,47.191,1.554,1107,82.382,48.344,245.0,1
125.732,398.882,0.00250701,0.3873987494502341,-0.94830076,47.207,12.267,282,141.203,62.345,85.63,0
158.322,431.472,0.00231765,1.266238607261849,0.23605078,47.134,14.973,237,160.33,56.211,121.92,0
172.949,446.099,0.00224165,2.036733685213139,0.71134739,52.93,4.015,422,272.83,52.359,111.405,1
164.739,437.889,0.00228368,1.565925913408526,0.44847729,52.671,10.211,283,28.032,57.824,160.07,1
60.977,334.127,0.00299287,0.01855232324313422,-3.98716026,44.389,13.064,920,263.635,46.987,54.916,0
62.548,335.698,0.00297887,0.02025083541021965,-3.89955923,37.14,9.244,1047,252.63,55.557,91.758,0
145.647,418.797,0.00238779,0.8165502089297958,-0.20266688,44.201,7.739,1165,280.949,54.981,148.018,0
75.693,348.843,0.00286662,0.0408643290003869,-3.19749775,37.694,3.928,1181,65.476,48.019,66.946,0
134.584,407.734,0.00245258,0.5445028553411102,-0.60788209,39.348,13.191,1120,223.109,57.966,70.983,0
152.903,426.053,0.00234713,1.053036866503667,0.05167824,45.291,10.687,1075,111.636,50.347,10.994,0
101.829,374.979,0.00266682,0.1425835207032698,-1.94782734,45.944,12.481,810,107.299,60.456,242.67,0
32.598,305.748,0.00327067,0.003264587523759839,-5.72462186,43.016,14.489,1016,291.416,56.769,49.091,0
159.921,433.071,0.00230909,1.335856287275372,0.2895725,44.474,14.122,491,242.573,47.045,166.138,0
86.168,359.318,0.00278305,0.06891959416915781,-2.67481476,42.079,8.139,521,186.13,43.185,80.578,0
170.768,443.918,0.00225267,1.901159427586596,0.64246393,48.105,9.726,487,77.21,56.998,223.779,0
156.211,429.361,0.00232904,1.179134679712022,0.16478085,50.149,3.349,741,211.034,55.561,183.632,1
140.773,413.923,0.00241591,0.6848727098050295,-0.37852228,42.852,6.4,743,225.303,52.602,35.679,0
37.392,310.542,0.00322018,0.004476896107392907,-5.40882531,37.051,11.096,704,233.718,45.768,178.777,0
114.453,387.603,0.00257996,0.245469709726804,-1.40458172,45.378,13.262,893,12.821,51.491,213.979,0
59.584,332.734,0.0030054,0.01715393474452939,-4.0655277,44.158,9.259,667,272.908,47.904,107.374,0
117.124,390.274,0.0025623,0.274131935049908,-1.29414577,37.426,8.272,777,280.136,42.529,248.602,0
71.142,344.292,0.00290451,0.03224168985430186,-3.43449495,43.634,5.842,403,157.748,51.155,218.469,0
104.737,377.887,0.00264629,0.1621115570930584,-1.81947056,40.423,13.484,607,153.072,47.975,107.901,0
156.475,429.625,0.00232761,1.189736824225217,0.17373213,45.826,4.954,904,179.376,56.507,86.268,0
81.471,354.621,0.00281991,0.05472866935559325,-2.90536759,36.339,2.817,134,295.983,59.345,150.78,0
166.453,439.603,0.00227478,1.655606776964207,0.50416757,48.469,8.973,1054,43.045,56.907,140.867,1
176.735,449.885,0.00222279,2.29179715776819,0.82933629,47.224,10.39,194,23.818,60.105,95.769,0
105.776,378.926,0.00263904,0.1696381519277771,-1.77408763,38.887,4.404,593,217.153,54.792,114.833,0
79.447,352.597,0.0028361,0.04945908092254361,-3.0066096,35.876,13.01,236,192.631,48.593,192.872,0
44.511,317.661,0.00314801,0.007030762565184606,-4.95746011,42.228,9.115,1122,49.213,44.615,176.781,0
114.826,387.976,0.00257748,0.2493074991800631,-1.38906821,46.267,13.725,1079,83.895,50.387,245.88,0
95.764,368.914,0.00271066,0.1083874610417311,-2.22204287,43.557,7.521,1001,92.309,52.031,31.145,0
121.795,394.945,0.002532,0.3313409124132063,-1.10460749,45.081,9.361,640,34.52,44.502,228.618,0
62.623,335.773,0.0029782,0.02033528683846531,-3.89539763,41.503,2.121,918,238.106,44.531,139.627,0
108.279,381.429,0.00262172,0.1890444203130179,-1.66577326,45.134,2.001,239,193.436,55.612,123.053,0
131.745,404.895,0.00246978,0.4889772742225114,-0.71543926,48.954,12.194,850,30.099,54.359,67.708,0
73.545,346.695,0.00288438,0.03656801366367097,-3.30858136,42.813,1.894,371,270.447,46.031,206.847,0
63.213,336.363,0.00297298,0.0210106787528516,-3.86272446,44.961,8.434,119,254.494,50.803,109.948,0
45.36,318.51,0.00313962,0.007409608589294264,-4.90497766,41.777,3.31,268,150.332,57.053,132.925,0
127.747,400.897,0.00249441,0.4191656976577046,-0.86948898,46.85,3.765,469,84.423,43.379,110.713,1
120.817,393.967,0.00253828,0.3185676438633141,-1.14392044,47.39,5.061,368,260.904,50.519,243.996,0
125.784,398.934,0.00250668,0.3881913480220696,-0.9462569,45.072,3.929,1003,286.037,43.787,79.278,0
62.259,335.409,0.00298143,0.01992833568345549,-3.91561266,41.877,4.958,179,249.804,56.985,249.685,0
117.845,390.995,0.00255758,0.2823539894923174,-1.26459371,44.8,7.942,403,188.855,59.675,218.24,0
67.034,340.184,0.00293959,0.02589079364426763,-3.65386783,40.171,1.239,591,274.371,55.731,216.584,0
41.419,314.569,0.00317895,0.005793653430102591,-5.1509922,39.164,9.774,505,82.644,60.769,11.978,0
156.08,429.23,0.00232975,1.173904093921992,0.16033503,45.355,4.742,266,13.326,49.341,11.134,0
144.029,417.179,0.00239705,0.7705974305822867,-0.26058918,49.924,14.771,364,191.322,57.596,212.136,0
127.742,400.892,0.00249444,0.4190841434046529,-0.86968356,45.658,1.77,118,31.369,48.315,144.093,0
87.249,360.399,0.0027747,0.07261350011957281,-2.62260442,41.514,4.849,218,214.455,51.536,218.997,0
159.445,432.595,0.00231163,1.31479556638935,0.27368119,47.586,10.936,883,128.908,59.588,115.596,0
71.231,344.381,0.00290376,0.03239341406043722,-3.42980015,36.716,14.091,559,226.597,59.246,124.589,0
168.69,441.84,0.00226326,1.779266013129805,0.57620093,50.113,4.117,1182,155.736,42.646,183.426,1
93.788,366.938,0.00272526,0.09893016157272702,-2.31334112,44.77,11.014,867,153.101,43.787,12.656,0
132.372,405.522,0.00246596,0.5007965083731969,-0.69155543,46.092,14.507,105,276.941,56.031,165.669,0
138.091,411.241,0.00243166,0.6206005554303305,-0.47706763,43.753,4.376,112,157.374,52.233,209.368,0
97.311,370.461,0.00269934,0.1163391458795016,-2.15124568,38.779,6.372,688,118.215,57.814,226.978,0
140.684,413.834,0.00241643,0.6826507203151654,-0.38177194,45.978,7.167,918,224.797,49.461,34.299,0
99.215,372.365,0.00268554,0.1268286608307916,-2.06491823,43.219,5.08,476,29.324,47.497,133.61,0
147.246,420.396,0.00237871,0.8642762910956352,-0.14586278,42.842,14.005,593,58.078,51.415,206.392,0
117.41,390.56,0.00256043,0.2773679642548669,-1.28241026,46.717,13.427,583,71.554,46.558,40.672,0
171.176,444.326,0.0022506,1.925915395113217,0.65540138,49.949,12.926,945,99.428,60.759,32.878,1
92.416,365.566,0.00273548,0.09279959790749659,-2.37731297,39.613,12.302,502,182.124,61.132,158.999,0
125.585,398.735,0.00250793,0.3851657664705591,-0.95408148,39.815,14.749,427,179.873,58.81,142.707,0
118.464,391.614,0.00255353,0.289584192947882,-1.2393092,40.827,10.943,226,229.402,62.269,56.658,0
48.921,322.071,0.00310491,0.009206345762669458,-4.68786228,41.871,5.607,658,155.406,59.528,130.941,0
157.652,430.802,0.00232125,1.238011452710388,0.21350643,45.436,10.005,791,253.801,62.171,198.967,0
103.421,376.571,0.00265554,0.1530007938689288,-1.87731217,36.647,13.861,780,40.083,52.883,146.402,0
141.548,414.698,0.00241139,0.7044882266695147,-0.35028366,46.638,1.272,920,56.998,50.037,9.093,1
94.868,368.018,0.00271726,0.1040046389398048,-2.26331978,38.577,5.436,952,24.663,44.472,247.576,0
123.681,396.831,0.00251996,0.3572417581171548,-1.02934253,38.44,3.278,163,202.42,54.164,192.021,0
50.594,323.744,0.00308886,0.01017819092468817,-4.58750799,38.867,13.215,718,254.639,59.561,106.613,0
41.665,314.815,0.00317647,0.00588437022773089,-5.13545556,42.852,9.639,157,190.15,51.472,194.057,0
41.297,314.447,0.00318019,0.005749132087433206,-5.15870638,42.127,8.248,618,199.996,52.745,75.915,0
37.991,311.141,0.00321398,0.004653893342912171,-5.37005113,37.897,10.984,509,228.947,60.032,116.541,0
164.936,438.086,0.00228266,1.576016184350177,0.45490026,48.821,9.117,1177,59.855,59.584,139.034,1
118.512,391.662,0.00255322,0.2901515609841727,-1.23735187,46.491,12.14,342,44.162,45.141,72.313,0
97.633,370.783,0.002697,0.1180574515129297,-2.1365839,43.024,2.3,1005,51.31,49.94,53.21,0
117.72,390.87,0.0025584,0.2809132570048966,-1.26970935,44.516,5.843,738,275.119,46.23,120.785,0
62.557,335.707,0.00297879,0.02026095302391234,-3.89905974,36.229,2.027,146,191.46,59.627,147.941,0
120.138,393.288,0.00254267,0.309954612381355,-1.1713294,47.549,3.974,320,67.14,43.241,104.835,1
96.307,369.457,0.00270667,0.1111221324956687,-2.19712539,45.591,7.324,686,297.91,44.119,48.105,0
167.692,440.842,0.00226839,1.723151318530405,0.54415478,51.669,13.513,777,278.897,50.079,93.868,1
74.02,347.17,0.00288043,0.03748185204865528,-3.28389841,38.428,8.438,566,15.28,46.764,33.278,0
98.262,371.412,0.00269243,0.1214786611879707,-2.10801666,41.798,7.679,666,241.57,54.983,235.187,0
132.845,405.995,0.00246308,0.5098765611285786,-0.67358662,48.561,11.102,430,41.834,57.345,134.376,0
78.242,351.392,0.00284582,0.04654021559052277,-3.06743849,37.67,6.49,596,91.897,46.625,31.255,0
147.49,420.64,0.00237733,0.8717673281917341,-0.13723272,47.827,9.674,777,116.349,45.301,128.854,0
113.651,386.801,0.00258531,0.2373927867079089,-1.43803918,45.029,12.487,597,11.18,45.016,119.205,0
112.172,385.322,0.00259523,0.2231068086411354,-1.50010466,40.041,5.314,925,12.703,61.818,161.887,0
63.75,336.9,0.00296824,0.02164272711456806,-3.83308581,43.896,11.248,149,196.584,59.777,159.622,0
75.917,349.067,0.00286478,0.04133720543690496,-3.18599233,35.487,12.881,960,44.587,55.928,120.45,0
151.265,424.415,0.00235618,0.9950337086097,-0.00497866,47.612,11.611,106,36.875,59.564,72.513,0
86.33,359.48,0.0027818,0.06946234666102313,-2.66697045,45.195,6.515,314,63.183,47.984,107.994,0
75.632,348.782,0.00286712,0.04073639006976425,-3.20063348,39.593,4.087,343,88.607,55.35,240.274,0
89.312,362.462,0.00275891,0.08015207216207094,-2.52382955,38.03,6.25,693,34.388,57.868,152.081,0
103.392,376.542,0.00265575,0.1528052037239833,-1.87859135,38.23,3.483,410,268.542,61.627,37.266,0
166.52,439.67,0.00227443,1.659200203115746,0.50633568,51.99,4.892,702,30.707,50.774,89.223,1
175.622,448.772,0.0022283,2.214123853914573,0.79485677,50.332,10.127,795,203.694,59.929,75.899,1
117.318,390.468,0.00256103,0.2763233759456543,-1.28618345,40.631,9.526,976,249.246,50.795,67.617,0
94.366,367.516,0.00272097,0.1016180736794323,-2.28653387,41.199,5.808,394,78.354,48.998,164.116,0
94.659,367.809,0.0027188,0.1030050865187516,-2.27297691,38.484,4.081,429,224.602,58.471,213.672,0
89.257,362.407,0.00275933,0.07994244711486506,-2.52644831,45.496,10.228,220,74.944,58.892,17.98,0
164.493,437.643,0.00228497,1.553403922641864,0.4404486,53.899,5.605,936,78.017,61.415,239.836,1
55.802,328.952,0.00303996,0.01381993986062563,-4.28164281,39.048,6.549,827,94.74,43.983,147.436,0
58.43,331.58,0.00301586,0.01606763682486955,-4.13094817,38.105,13.264,1152,294.415,58.975,35.92,0
155.775,428.925,0.00233141,1.161803509999917,0.14997355,46.12,6.101,300,195.51,59.094,227.885,0
97.019,370.169,0.00270147,0.11480003189618,-2.16456352,44.265,14.639,343,135.383,59.294,90.171,0
118.577,391.727,0.0025528,0.2909214217185442,-1.23470208,44.522,13.578,132,197.032,61.163,157.786,0
69.094,342.244,0.00292189,0.02892055484303043,-3.5432027,42.836,4.632,268,160.392,42.167,24.238,0
44.775,317.925,0.0031454,0.00714665797181939,-4.94111045,42.068,1.45,614,255.233,56.256,221.523,0
90.195,363.345,0.00275221,0.0835846857028414,-2.48189496,42.539,11.687,418,65.97,53.318,153.307,0
118.245,391.395,0.00255496,0.2870078733790902,-1.24824563,44.847,10.809,117,220.912,59.643,49.473,0
44.848,317.998,0.00314467,0.007179006248478204,-4.93659431,36.364,5.824,386,173.291,49.464,54.215,0
150.093,423.243,0.00236271,0.9552461667656105,-0.04578621,45.855,7.776,632,53.047,50.444,194.856,0
64.331,337.481,0.00296313,0.02234562107033384,-3.8011249,38.209,4.497,981,54.927,56.149,46.411,0
53.416,326.566,0.00306217,0.01202747852712658,-4.42056137,40.674,10.286,995,278.503,55.662,164.636,0
151.366,424.516,0.00235562,0.9985285645200255,-0.00147252,45.866,3.083,307,257.388,52.227,219.593,0
44.984,318.134,0.00314333,0.007239622512115251,-4.92818621,43.16,12.095,1092,40.492,52.967,249.379,0
171.857,445.007,0.00224716,1.967852177002432,0.67694268,51.047,11.23,219,240.495,42.855,16.24,1
58.693,331.843,0.00301347,0.01630964519572128,-4.11599862,39.679,13.766,265,270.086,43.365,109.194,0
152.898,426.048,0.00234715,1.052855462304884,0.05150596,49.081,7.153,395,100.776,52.018,46.463,1
137.914,411.064,0.00243271,0.6165496544759875,-0.48361642,45.674,4.47,1028,223.087,52.54,223.304,0
86.452,359.602,0.00278085,0.06987357986726984,-2.66106767,40.07,8.7,1107,200.786,48.472,190.833,0
61.54,334.69,0.00298784,0.01914579659600842,-3.95567209,40.675,4.122,116,59.694,53.374,35.888,0
68.914,342.064,0.00292343,0.02864376975635391,-3.55281932,39.292,10.888,138,87.935,56.109,244.352,0
170.74,443.89,0.00225281,1.899470547545346,0.64157519,55.082,11.295,820,26.462,52.768,63.84,1
120.978,394.128,0.00253725,0.3206403261131507,-1.13743526,40.98,3.305,1060,38.914,41.738,204.053,0
77.037,350.187,0.00285562,0.04377527998254568,-3.128686,39.919,9.531,747,18.904,61.668,144.928,0
38.789,311.939,0.00320575,0.004899477441133181,-5.31862672,38.238,11.838,733,62.429,58.193,219.571,0
91.219,364.369,0.00274447,0.08772760537953561,-2.43351866,36.009,13.677,507,224.152,52.682,73.535,0
153.366,426.516,0.00234458,1.069952332147748,0.0676141,44.07,11.963,560,113.806,49.699,52.801,0
75.515,348.665,0.00286808,0.04049199452874752,-3.20665099,43.872,3.763,345,160.978,52.804,105.659,0
112.864,386.014,0.00259058,0.2296942898526247,-1.47100603,41.225,5.518,1165,46.937,53.774,113.337,0
94.475,367.625,0.00272016,0.1021321240239017,-2.28148797,41.578,6.395,822,47.859,43.864,199.123,0
40.068,313.218,0.00319266,0.005317497682138295,-5.23675245,41.186,2.616,348,139.085,61.936,235.924,0
73.224,346.374,0.00288705,0.03596172216786887,-3.32530018,39.175,12.144,124,143.705,54.911,163.126,0
159.453,432.603,0.00231159,1.31514714996524,0.27394856,49.186,1.489,771,12.092,54.041,167.324,1
113.296,386.446,0.00258768,0.2338925995722409,-1.45289325,39.935,6.107,710,163.201,57.282,211.595,0
36.052,309.202,0.00323413,0.004102702094558215,-5.49610947,41.355,13.907,506,110.451,44.227,216.072,0
45.06,318.21,0.00314258,0.007273696184590879,-4.9234907,41.639,3.035,794,14.394,59.976,132.111,0
154.362,427.512,0.00233912,1.10713779560628,0.10177812,43.608,6.783,143,82.882,50.104,8.835,0
79.598,352.748,0.00283488,0.04983606502299176,-2.99901636,39.536,14.718,1070,83.49,55.457,12.13,0
66.56,339.71,0.00294369,0.02523504696564603,-3.6795215,36.793,13.628,679,188.759,48.708,53.571,0
161.696,434.846,0.00229966,1.416974980361093,0.3485243,48.073,7.438,576,177.182,50.005,188.738,0
96.252,369.402,0.00270708,0.1108423978706711,-2.19964593,44.338,11.268,873,161.392,44.595,180.687,0
100.7,373.85,0.00267487,0.1355792939516046,-1.99819861,41.529,5.201,1137,199.633,59.127,27.969,0
97.029,370.179,0.0027014,0.114852442917955,-2.16410708,43.658,7.253,173,138.384,53.396,68.888,0
32.581,305.731,0.00327085,0.003260876271413953,-5.72575932,40.828,3.026,1082,287.101,54.4,46.492,0
163.907,437.057,0.00228803,1.52392151035378,0.42128695,53.646,6.044,319,174.829,60.205,196.584,1
60.666,333.816,0.00299566,0.01823158418415466,-4.00459979,40.577,6.399,971,215.084,51.192,155.939,0
56.284,329.434,0.00303551,0.01420979239141997,-4.25382395,43.247,13.47,975,88.038,43.848,123.807,0
56.869,330.019,0.00303013,0.01469615257503682,-4.22016955,42.321,11.015,562,218.587,50.545,169.572,0
148.599,421.749,0.00237108,0.9065272366831401,-0.0981342,48.721,12.112,289,36.546,58.304,187.75,0
105.893,379.043,0.00263822,0.1705046480958448,-1.76899272,38.215,12.347,651,40.78,48.605,84.726,0
179.968,453.118,0.00220693,2.530787392792477,0.92853048,50.479,5.583,1132,159.46,44.186,216.52,1
39.453,312.603,0.00319895,0.005112649008371203,-5.27603761,41.828,8.002,294,52.861,55.758,56.025,0
127.282,400.432,0.0024973,0.4116400769506944,-0.88760591,40.96,12.774,856,220.921,56.421,150.583,0
40.618,313.768,0.00318707,0.005506919872808439,-5.20174982,44.146,13.059,312,131.544,43.877,111.733,0
167.386,440.536,0.00226996,1.706253307058936,0.53429992,46.491,9.885,1125,44.889,59.868,110.501,0
153.671,426.821,0.0023429,1.081223110731235,0.07809291,47.827,6.193,572,90.542,45.237,242.156,0
85.423,358.573,0.00278883,0.06647162353186538,-2.71098014,40.785,4.311,834,38.416,52.982,39.685,0
138.81,411.96,0.00242742,0.6372945274957041,-0.45052336,43.406,2.47,912,60.677,60.913,148.165,0
147.178,420.328,0.00237909,0.8621985788681258,-0.14826966,45.795,12.928,883,284.645,60.121,149.704,0
146.713,419.863,0.00238173,0.848106208857707,-0.1647494,44.927,13.564,430,77.138,44.215,120.647,0
171.402,444.552,0.00224946,1.939746903035613,0.6625575,48.646,6.249,1034,201.031,59.713,28.668,1
69.803,342.953,0.00291585,0.03003409406021766,-3.50542207,36.156,12.451,232,162.922,44.837,235.826,0
74.931,348.081,0.00287289,0.03929147932452819,-3.23674759,40.909,13.869,952,73.724,44.334,14.847,0
130.15,403.3,0.00247954,0.4599989241050116,-0.77653113,38.963,14.775,1012,10.867,48.934,62.434,0
107.083,380.233,0.00262997,0.1795411505137832,-1.71735085,42.177,14.227,315,63.287,59.306,107.18,0
42.371,315.521,0.00316936,0.006151857565355938,-5.0910012,36.989,8.351,437,16.408,58.649,90.637,0
134.633,407.783,0.00245228,0.5455074337458342,-0.60603885,43.716,6.757,483,12.427,49.64,182.482,0
169.445,442.595,0.0022594,1.822753438604762,0.60034824,47.768,10.916,868,207.245,45.092,206.036,0
126.076,399.226,0.00250485,0.3926684254134753,-0.93478972,47.543,7.831,873,55.508,58.365,79.982,0
118.354,391.504,0.00255425,0.2882876336233272,-1.24379657,46.211,9.606,349,248.114,61.773,34.965,0
33.393,306.543,0.00326219,0.003442458407603649,-5.67156941,42.865,10.64,139,138.007,45.039,191.051,0
168.776,441.926,0.00226282,1.784174146902677,0.57895565,46.221,4.944,487,213.319,50.451,106.98,0
146.947,420.097,0.0023804,0.8551727238311148,-0.15645181,44.538,12.048,360,233.638,51.162,80.962,0
91.862,365.012,0.00273964,0.09042084312516502,-2.40328047,36.606,2.477,976,183.573,49.051,235.263,0
152.763,425.913,0.0023479,1.047967741489173,0.0468528,47.802,10.496,675,238.731,53.699,154.609,0
30.715,303.865,0.00329094,0.002875907936629457,-5.85138685,40.679,12.341,364,31.422,49.484,92.927,0
53.593,326.743,0.00306051,0.01215291353976363,-4.41018634,45.082,4.334,485,25.211,48.065,74.996,0
111.569,384.719,0.0025993,0.2175022273379469,-1.52554619,46.203,13.203,491,149.118,42.976,200.488,0
136.265,409.415,0.00244251,0.5799000456290839,-0.54489953,45.644,3.639,771,55.705,57.735,157.886,0
122.149,395.299,0.00252973,0.3360734330053244,-1.09042559,40.07,5.407,600,64.113,47.088,168.716,0
56.239,329.389,0.00303592,0.01417298348163365,-4.2564177,41.38,1.082,131,208.021,50.011,234.145,0
147.402,420.552,0.00237783,0.8690591896886931,-0.14034404,46.984,12.256,932,58.109,51.873,135.337,0
117.635,390.785,0.00255895,0.2799372370481858,-1.27318985,38.94,2.298,582,56.569,48.021,121.554,0
64.665,337.815,0.0029602,0.02275884833146498,-3.78280127,40.826,8.658,385,260.201,52.424,16.537,0
114.773,387.923,0.00257783,0.2487590000258249,-1.39127072,39.476,9.906,910,102.88,47.706,151.128,0
48.024,321.174,0.00311358,0.008720322662239386,-4.74209904,35.683,12.311,954,295.781,47.265,89.546,0
38.764,311.914,0.00320601,0.004891610070116115,-5.32023377,38.939,5.479,901,144.092,45.11,6.609,0
98.735,371.885,0.002689,0.1241086212094362,-2.08659812,37.692,9.267,368,20.024,59.95,162.164,0
75.272,348.422,0.00287008,0.03998856233301654,-3.21916181,38.052,4.351,500,264.166,59.994,205.35,0
81.49,354.64,0.00281976,0.05478040797643141,-2.90442267,39.295,7.31,186,254.526,54.678,33.297,0
61.297,334.447,0.00299001,0.0188875955782732,-3.96924989,35.593,4.381,100,88.832,55.801,68.301,0
109.384,382.534,0.00261415,0.1982142618416574,-1.6184067,43.343,4.261,251,177.413,51.291,223.743,0
165.922,439.072,0.00227753,1.627363331718695,0.48696112,53.358,6.782,722,184.383,52.573,130.499,1
131.985,405.135,0.00246831,0.4934723773954939,-0.70628839,48.444,2.703,616,137.601,59.12,116.791,1
89.099,362.249,0.00276053,0.07934294524660444,-2.53397574,38.019,4.555,893,171.356,57.781,134.395,0
73.299,346.449,0.00288643,0.03610257305437548,-3.32139114,40.53,11.809,523,105.092,60.796,106.806,0
110.868,384.018,0.00260404,0.2111423088561127,-1.55522292,39.731,8.991,712,120.569,44.481,73.793,0
111.068,384.218,0.00260269,0.2129399854942411,-1.54674491,44.959,5.879,154,107.671,51.743,15.168,0
155.971,429.121,0.00233035,1.169567196693098,0.15663376,45.709,14.428,472,283.629,56.697,45.199,0
139.348,412.498,0.00242425,0.6500397034065344,-0.43072184,47.46,13.529,297,215.877,49.216,6.312,0
142.87,416.02,0.00240373,0.739074288156375,-0.30235684,41.61,5.879,251,128.574,44.82,88.898,0
82.266,355.416,0.0028136,0.05693093029205205,-2.8659165,41.881,6.933,1058,276.074,48.671,85.293,0
136.28,409.43,0.00244242,0.5802246959622862,-0.54433984,43.931,7.676,584,15.194,55.018,51.153,0
31.07,304.22,0.00328709,0.002945820349787096,-5.82736794,44.661,8.409,153,165.646,50.435,189.723,0
101.458,374.608,0.00266946,0.140247533497676,-1.96434632,36.865,13.314,417,268.979,46.813,119.147,0
142.689,415.839,0.00240478,0.7342536962929427,-0.30890067,49.829,2.097,1021,76.469,48.833,63.509,1
161.871,435.021,0.00229874,1.425197499497714,0.3543104,44.132,5.602,1020,137.59,59.274,131.75,0
162.612,435.762,0.00229483,1.460470852326766,0.37875889,44.732,12.001,1169,231.21,49.28,8.62,0
110.988,384.138,0.00260323,0.2122193102566879,-1.55013506,37.845,2.126,496,201.325,59.364,107.896,0
173.823,446.973,0.00223727,2.093343692301646,0.73876264,48.103,9.808,976,108.625,59.4,5.024,1
176.78,449.93,0.00222257,2.294986032939163,0.83072676,50.568,2.963,266,272.605,54.247,89.848,1
92.008,365.158,0.00273854,0.0910424492843815,-2.39642941,37.242,3.121,277,239.169,44.016,104.099,0
91.901,365.051,0.00273934,0.09058652056379751,-2.40144986,44.238,11.73,125,89.643,41.907,214.472,0
85.418,358.568,0.00278887,0.06645545771385931,-2.71122336,44.855,12.779,419,251.373,45.455,171.305,0
77.924,351.074,0.0028484,0.04579589151946247,-3.0835609,36.559,1.794,895,83.385,61.697,102.343,0
135.545,408.695,0.00244681,0.5645013156821833,-0.57181256,45.165,9.328,799,217.249,52.364,223.908,0
111.291,384.441,0.00260118,0.2149602119102713,-1.53730233,43.492,4.476,845,17.813,62.073,130.272,0
163.366,436.516,0.00229087,1.497131718532141,0.40355109,49.16,13.85,983,116.863,47.927,178.65,0
159.817,432.967,0.00230964,1.331230140350601,0.28610343,48.276,4.867,295,98.826,45.872,134.879,1
117.393,390.543,0.00256054,0.2771746826324207,-1.28310735,42.98,14.233,845,10.362,50.97,33.718,0
90.966,364.116,0.00274638,0.0866874898368083,-2.4454457,36.577,11.406,1044,99.727,44.701,16.469,0
121.138,394.288,0.00253622,0.3227118011391146,-1.13099561,47.396,6.227,216,88.073,61.264,239.931,0
148.019,421.169,0.00237434,0.8882013687351269,-0.1185568,48.389,9.083,239,81.154,51.52,36.766,0
121.146,394.296,0.00253617,0.3228156811810858,-1.13067377,47.346,3.045,648,276.906,45.598,164.039,1
90.095,363.245,0.00275296,0.08318952606520892,-2.48663383,40.898,5.274,775,238.509,50.89,70.687,0
39.31,312.46,0.00320041,0.005066047398273276,-5.28519437,36.772,10.678,486,226.421,53.09,128.369,0
161.247,434.397,0.00230204,1.396064921011168,0.33365751,48.216,14.125,779,31.751,48.419,120.031,0
150.047,423.197,0.00236297,0.9537130143072268,-0.04739248,45.269,13.972,1177,234.62,45.298,6.14,0
132.467,405.617,0.00246538,0.502608817568435,-0.68794311,47.187,13.215,647,21.786,51.121,64.72,0
32.857,306.007,0.0032679,0.00332160283979222,-5.70730783,39.728,4.543,218,299.891,60.516,140.599,0
121.528,394.678,0.00253371,0.3278100904964408,-1.11532083,44.334,10.712,191,229.661,49.202,132.494,0
122.229,395.379,0.00252922,0.3371510726141833,-1.08722416,43.06,3.583,203,181.658,56.57,205.517,0
121.479,394.629,0.00253403,0.3271656948520957,-1.11728852,46.521,14.966,104,208.377,61.661,70.978,0
118.998,392.148,0.00255006,0.2959511566319239,-1.21756085,45.461,9.546,247,163.096,50.578,140.383,0
148.326,421.476,0.00237261,0.8978610960086645,-0.1077399,48.821,11.033,465,229.584,45.817,192.385,0
148.578,421.728,0.0023712,0.9058580510120937,-0.09887266,43.299,1.577,612,231.486,56.078,47.468,0
92.598,365.748,0.00273412,0.09359303606302745,-2.3687993,37.739,10.803,975,124.702,44.765,242.933,0
167.176,440.326,0.00227104,1.694739183065047,0.52752885,49.737,11.668,776,65.633,62.037,131.277,0
132.671,405.821,0.00246414,0.5065198118680039,-0.68019184,47.482,14.324,1059,299.97,57.63,157.767,0
148.853,422.003,0.00236965,0.9146551300587807,-0.08920819,42.391,4.362,690,107.967,43.266,45.804,0
78.07,351.22,0.00284722,0.0461363027809064,-3.07615516,37.525,9.543,140,210.069,61.961,8.504,0
165.059,438.209,0.00228202,1.582344511421435,0.45890762,46.971,6.359,300,226.547,55.199,82.985,0
41.408,314.558,0.00317906,0.005789626529666685,-5.15168749,36.803,5.153,102,71.627,42.487,173.005,0
147.791,420.941,0.00237563,0.8810856871248427,-0.1266004,46.121,8.849,404,155.084,61.477,224.606,0
137.374,410.524,0.00243591,0.6043325480300167,-0.50363066,48.968,1.471,1000,17.969,43.113,198.435,1
60.606,333.756,0.0029962,0.01817027838717893,-4.00796808,44.204,6.139,495,242.151,61.816,171.128,0
125.535,398.685,0.00250825,0.3844088121879309,-0.95604868,42.091,5.211,1161,285.033,47.731,209.246,0
176.747,449.897,0.00222273,2.292647153333747,0.82970711,47.463,7.078,162,82.156,53.827,169.546,0
116.315,389.465,0.00256762,0.2651565144393943,-1.32743501,42.207,13.949,706,85.148,59.475,227.411,0
133.128,406.278,0.00246137,0.5153774526808689,-0.66285573,48.448,9.829,1025,277.626,53.111,64.235,1
77.526,350.676,0.00285164,0.04487921738235111,-3.10378046,40.676,14.597,1074,129.783,61.983,230.683,0
133.449,406.599,0.00245943,0.5216794175119741,-0.65070202,47.217,6.664,284,150.744,57.846,241.254,0
98.352,371.502,0.00269178,0.1219752591349768,-2.10393705,45.602,4.875,495,70.973,46.237,124.93,0
63.759,336.909,0.00296816,0.02165346309936018,-3.83258988,36.023,9.364,740,189.313,58.469,235.739,0
146.078,419.228,0.00238534,0.8291841239833619,-0.18731304,43.857,12.945,111,148.181,49.772,220.07,0
156.841,429.991,0.00232563,1.204571223724436,0.18612367,46.193,11.297,925,123.128,54.664,130.493,0
105.786,378.936,0.00263897,0.1697120598807294,-1.77365204,37.368,14.681,337,192.057,53.607,168.341,0
115.936,389.086,0.00257013,0.2610409595216538,-1.34307795,42.384,6.878,622,248.257,47.625,197.924,0
143.966,417.116,0.00239741,0.7688544581240536,-0.26285359,48.408,6.715,455,22.802,53.743,95.496,1
117.728,390.878,0.00255834,0.2810052708324565,-1.26938185,43.299,10.65,382,240.316,54.275,77.329,0
88.191,361.341,0.00276747,0.07597414039885611,-2.57736225,37.576,13.289,588,83.714,59.53,132.69,0
87.949,361.099,0.00276932,0.07509791781603373,-2.58896245,44.854,14.077,327,43.942,61.467,208.491,0
137.816,410.966,0.00243329,0.6143166762829261,-0.48724472,48.953,13.919,395,178.012,57.244,139.15,0
126.287,399.437,0.00250352,0.3959315447143462,-0.92651395,38.618,12.415,544,39.123,43.504,81.655,0
83.347,356.497,0.00280507,0.06005135150039872,-2.81255522,37.717,8.166,1070,176.645,53.764,97.279,0
92.305,365.455,0.00273632,0.09231860933299982,-2.38250954,41.31,12.203,531,210.005,48.925,115.586,0
49.562,322.712,0.00309874,0.009568401026134255,-4.64928917,42.932,5.981,525,276.173,42.787,133.043,0
73.521,346.671,0.00288458,0.03652237113786085,-3.3098303,42.616,13.375,1137,298.184,59.843,208.478,0
83.716,356.866,0.00280217,0.06115067781243247,-2.79441433,40.271,2.026,327,139.393,46.619,223.183,0
71.882,345.032,0.00289828,0.03352267603095263,-3.39553317,36.247,3.742,192,136.294,58.186,143.609,0
175.241,448.391,0.0022302,2.188058202201598,0.78301448,47.758,3.764,1086,107.833,47.205,213.395,1
83.579,356.729,0.00280325,0.06074046349946981,-2.80114519,41.121,10.495,346,32.542,42.744,181.718,0
35.782,308.932,0.00323696,0.004030808757756468,-5.51378824,39.242,12.302,645,16.281,45.729,108.466,0
176.514,449.664,0.00222388,2.27619124153316,0.82250354,48.466,14.633,940,10.988,61.168,136.091,0
50.814,323.964,0.00308676,0.01031260356000538,-4.57438849,43.554,7.491,1140,117.894,57.22,136.486,0
135.358,408.508,0.00244793,0.560560558503214,-0.578818,45.535,12.146,774,278.216,55.206,239.51,0
177.276,450.426,0.00222012,2.330386980208266,0.84603434,50.138,4.859,453,21.463,60.78,120.074,1
51.668,324.818,0.00307865,0.01084957539674578,-4.52362933,45.038,13.616,295,138.566,57.008,38.226,0
85.228,358.378,0.00279035,0.06584373002131548,-2.72047107,42.875,6.911,448,229.425,55.72,149.2,0
125.855,399.005,0.00250623,0.3892758343254835,-0.9434671,42.237,2.597,136,30.372,62.099,203.427,0
163.892,437.042,0.00228811,1.523173204268991,0.42079579,48.484,8.937,241,285.898,41.985,25.131,0
52.318,325.468,0.0030725,0.01127492722281216,-4.48517385,44.458,3.948,105,149.16,54.172,221.269,0
109.061,382.211,0.00261636,0.1954943139011116,-1.63222398,43.733,4.188,679,146.165,53.575,246.601,0
71.236,344.386,0.00290372,0.03240195671092282,-3.42953647,40.34,2.804,455,148.6,53.869,27.452,0
70.731,343.881,0.00290798,0.03154920280430985,-3.45620696,36.698,13.797,467,285.903,44.51,8.219,0
115.401,388.551,0.00257366,0.2553266372939926,-1.36521162,43.557,6.282,743,111.785,41.814,203.451,0
81.6,354.75,0.00281889,0.05508080054218274,-2.89895407,36.158,8.642,167,292.95,47.091,167.487,0
84.057,357.207,0.0027995,0.0621823981825708,-2.77768331,43.878,6.431,1165,259.373,60.89,149.06,0
151.264,424.414,0.00235619,0.9949991589995694,-0.00501339,44.573,6.978,530,112.668,47.315,223.241,0
114.017,387.167,0.00258286,0.2410494039751333,-1.42275337,44.891,2.527,703,76.808,56.107,213.814,0
118.02,391.17,0.00255643,0.2843818752083574,-1.25743731,40.311,14.241,500,74.793,50.998,46.586,0
107.108,380.258,0.00262979,0.1797354197463592,-1.7162694,45.657,4.075,1199,29.029,60.453,109.628,1
94.164,367.314,0.00272247,0.1006714634024517,-2.2958929,39.823,1.306,207,143.654,51.127,35.758,0
55.004,328.154,0.00304735,0.01319549993021732,-4.32787942,44.997,9.335,1118,17.012,43.575,230.282,0
115.849,388.999,0.0025707,0.2601041599180982,-1.34667311,39.519,6.937,306,217.21,59.513,51.867,0
132.157,405.307,0.00246727,0.4967159539843787,-0.69973694,41.878,13.297,106,204.806,42.92,218.582,0
130.841,403.991,0.0024753,0.4723641214154384,-0.75000515,46.251,5.172,1195,234.534,48.381,74.505,1
141.256,414.406,0.00241309,0.6970411415311214,-0.36091084,45.441,1.396,1187,202.878,42.796,78.113,1
42.95,316.1,0.00316356,0.006379332598357423,-5.0546918,38.821,3.37,1194,106.093,57.259,60.387,0
122.758,395.908,0.00252584,0.344353245913981,-1.06608727,47.792,6.236,124,275.739,56.639,25.584,0
63.634,336.784,0.00296926,0.0215047766869099,-3.8394802,35.494,11.346,475,274.472,59.1,144.644,0
165.634,438.784,0.00227903,1.612218825266925,0.47761138,45.118,7.395,1158,290.283,42.887,209.684,0
91.743,364.893,0.00274053,0.0899169675839531,-2.40886862,39.885,1.767,1058,247.484,46.05,209.325,0
171.557,444.707,0.00224867,1.94928230106219,0.66746125,50.104,5.486,427,170.571,45.398,117.887,1
95.238,368.388,0.00271453,0.1057951833095023,-2.24625029,44.338,6.158,751,151.725,47.946,133.013,0
166.415,439.565,0.00227498,1.653571688432986,0.50293761,50.465,14.717,307,26.9,50.981,16.906,0
83.015,356.165,0.00280769,0.05907725791050924,-2.82890924,43.088,10.273,145,48.768,56.552,150.01,0
115.398,388.548,0.00257368,0.2552949057644464,-1.36533591,39.014,11.764,789,116.443,48.444,80.254,0
73.322,346.472,0.00288624,0.03614586550020344,-3.32019271,42.156,7.113,260,143.242,57.694,248.159,0
39.808,312.958,0.00319532,0.00523001062223697,-5.25334197,43.501,12.963,180,81.41,51.199,39.526,0
138.449,411.599,0.00242955,0.6288646153702588,-0.46383928,49.099,2.711,812,168.256,44.399,8.528,1
113.03,386.18,0.00258947,0.2312996483856386,-1.46404123,47.054,9.298,351,158.12,49.222,41.168,0
92.715,365.865,0.00273325,0.09410626121107894,-2.3633307,37.353,11.407,201,55.51,45.038,218.932,0
128.155,401.305,0.00249187,0.4258673314567124,-0.85362741,43.84,2.062,599,279.075,56.148,73.13,0
142.868,416.018,0.00240374,0.7390208723994567,-0.30242911,46.39,5.147,1168,69.03,59.592,99.02,1
151.201,424.351,0.00235654,0.9928246227350415,-0.00720124,45.251,8.868,880,243.212,54.21,182.967,0
58.531,331.681,0.00301495,0.01616019305317586,-4.12520428,38.983,11.967,288,255.623,58.114,233.656,0
177.87,451.02,0.0022172,2.373396614542313,0.8643221,56.646,2.388,112,192.001,58.419,225.651,1
133.221,406.371,0.00246081,0.5171964034234666,-0.65933259,47.627,1.552,518,128.368,52.126,71.812,1
173.014,446.164,0.00224133,2.040898145927238,0.71338998,51.649,10.839,211,272.055,43.518,100.744,1
90.976,364.126,0.0027463,0.08672839336199056,-2.44497396,42.048,12.724,297,135.501,53.049,243.441,0
128.8,401.95,0.00248787,0.4366523982917799,-0.82861783,45.326,2.531,851,216.676,48.229,224.187,0
98.195,371.345,0.00269291,0.1211101293495422,-2.11105499,37.793,5.355,269,25.783,41.647,198.953,0
166.814,439.964,0.00227291,1.675047722888145,0.51584166,48.414,3.956,540,292.269,61.474,190.977,1
126.739,399.889,0.00250069,0.403001440776445,-0.90881514,39.732,5.105,199,250.48,59.063,111.004,0
66.237,339.387,0.00294649,0.02479672114437324,-3.69704385,37.476,13.97,1040,115.76,50.887,99.51,0
38.278,311.428,0.00321102,0.004740910647854572,-5.35152604,39.03,3.515,677,157.024,60.657,137.43,0
138.654,411.804,0.00242834,0.6336397225635864,-0.45627475,40.056,14.791,520,113.533,51.958,248.973,0
43.331,316.481,0.00315975,0.006533114127063773,-5.03087155,36.019,4.078,934,103.565,49.316,185.185,0
131.607,404.757,0.00247062,0.4864087647992513,-0.72070593,47.355,9.791,1026,128.984,53.533,145.812,0
44.683,317.833,0.00314631,0.007106076806119415,-4.94680497,42.593,14.352,591,225.013,53.648,166.417,0
56.438,329.588,0.00303409,0.01433640871846365,-4.24495291,43.806,13.069,351,228.826,49.692,108.258,0
96.355,369.505,0.00270632,0.1113667730944258,-2.19492626,38.868,14.247,425,23.241,42.597,217.389,0
38.742,311.892,0.00320624,0.004884696193401785,-5.32164819,35.648,12.128,341,141.722,48.667,47.771,0
39.351,312.501,0.00319999,0.005079369446166901,-5.28256815,36.71,9.013,1093,196.084,62.141,16.922,0
73.402,346.552,0.00288557,0.03629680767440257,-3.31602548,45.126,1.299,292,291.079,52.454,108.468,0
93.627,366.777,0.00272645,0.09819271692709959,-2.32082323,37.878,14.182,891,213.355,46.766,133.651,0
59.19,332.34,0.00300897,0.01677588983472134,-4.08781255,44.997,1.736,833,93.043,52.307,111.217,1
109.152,382.302,0.00261573,0.1962572799120548,-1.62832883,41.6,10.27,998,272.013,55.926,34.96,0
55.953,329.103,0.00303856,0.01394102972105331,-4.27291901,44.946,5.154,1150,262.952,44.866,130.288,0
83.603,356.753,0.00280306,0.06081214923855656,-2.79996569,42.06,4.45,419,112.45,42.325,133.343,0
141.313,414.463,0.00241276,0.698489465081028,-0.35883518,43.825,14.084,918,94.535,60.328,90.712,0
89.965,363.115,0.00275395,0.0826782875202494,-2.49279826,40.153,9.64,1069,22.387,46.491,20.477,0
174.339,447.489,0.00223469,2.127394575045769,0.75489803,54.512,1.606,1059,241.041,55.244,100.97,1
81.555,354.705,0.00281924,0.0549577366194787,-2.90119081,43.631,14.003,904,280.841,49.361,137.619,0
155.313,428.463,0.00233392,1.143679114705356,0.13425036,43.306,10.716,1133,87.549,51.31,168.223,0
44.665,317.815,0.00314648,0.007098161269675945,-4.9479195,41.063,6.218,370,102.406,45.693,20.831,0
46.814,319.964,0.00312535,0.00810120057005849,-4.81574301,38.152,6.972,833,222.123,57.022,126.064,0
134.47,407.62,0.00245327,0.5421718961132235,-0.61217218,46.075,1.0,612,272.896,55.38,171.995,1
58.906,332.056,0.00301154,0.01650802680932988,-4.10390854,41.083,7.204,146,122.113,45.14,32.147,0
76.669,349.819,0.00285862,0.04296047603343901,-3.14747475,44.017,10.275,916,46.462,49.795,198.81,0
95.457,368.607,0.00271292,0.1068677554642371,-2.23616314,39.643,8.376,697,106.458,43.483,18.227,0
77.997,351.147,0.00284781,0.04596581741002442,-3.07985726,36.428,9.556,101,266.52,48.634,98.272,0
156.074,429.224,0.00232979,1.173665005307567,0.16013134,43.683,5.256,707,115.671,61.635,100.492,0
126.259,399.409,0.0025037,0.3954971675563288,-0.92761165,44.722,12.043,208,196.626,55.686,83.612,0
38.985,312.135,0.00320374,0.004961553457231755,-5.30603639,36.021,12.177,863,24.698,45.634,132.555,0
91.681,364.831,0.002741,0.08965542824510715,-2.41178153,43.755,13.812,160,105.209,52.216,198.838,0
33.423,306.573,0.00326187,0.003449338457682139,-5.66957282,35.563,9.639,1035,277.645,54.906,66.552,0
170.89,444.04,0.00225205,1.908533165555116,0.64633497,54.151,9.197,756,65.806,52.966,238.025,1
174.53,447.68,0.00223374,2.140118473923653,0.76086119,49.271,6.315,885,241.22,55.189,175.915,1
155.615,428.765,0.00233228,1.155498812570088,0.14453212,48.047,11.265,1025,269.489,58.047,242.05,0
96.054,369.204,0.00270853,0.1098404882446308,-2.20872607,38.191,13.827,381,47.359,59.737,95.047,0
87.964,361.114,0.00276921,0.07515196811586908,-2.58824297,45.176,4.581,803,161.077,49.342,58.537,0
126.958,400.108,0.00249933,0.4064663164180236,-0.90025422,44.15,10.344,1159,85.627,60.075,104.804,0
134.915,408.065,0.00245059,0.5513202730820465,-0.59543938,46.635,13.659,954,133.281,59.193,194.415,0
115.875,389.025,0.00257053,0.2603838141123235,-1.34559853,38.134,5.526,308,236.081,45.674,247.698,0
155.948,429.098,0.00233047,1.168653839934764,0.15585252,52.36,9.148,738,41.406,49.387,223.498,1
153.175,426.325,0.00234563,1.062946025128128,0.06104432,48.603,6.927,455,16.826,62.369,89.999,1
116.499,389.649,0.00256641,0.2671749701364496,-1.31985152,45.531,14.51,643,144.424,45.912,66.37,0
123.165,396.315,0.00252325,0.3499855338052953,-1.04986346,44.842,7.065,406,29.987,57.402,92.077,0
69.715,342.865,0.0029166,0.02989383957782582,-3.51010285,39.971,2.258,1004,148.1,56.65,228.605,0
123.445,396.595,0.00252146,0.3539068820029798,-1.03872145,43.818,7.663,1049,114.317,45.765,139.033,0
118.752,391.902,0.00255166,0.2930030117453804,-1.22757239,37.962,2.423,377,173.125,43.986,245.84,0
176.283,449.433,0.00222503,2.259976520225239,0.81535442,48.548,13.573,688,85.463,49.529,62.211,0
128.586,401.736,0.0024892,0.4330480105435562,-0.83690668,47.271,7.618,637,261.691,51.169,219.492,0
160.695,433.845,0.00230497,1.370722700238693,0.31533812,52.298,12.174,222,232.655,52.136,79.823,1
93.812,366.962,0.00272508,0.09904050884312701,-2.31222633,40.268,14.069,522,208.047,56.129,18.92,0
123.846,396.996,0.00251892,0.3595896116419479,-1.02279187,46.931,10.964,968,136.053,53.808,224.273,0
99.263,372.413,0.00268519,0.1271035315456195,-2.06275332,37.323,8.826,193,177.081,51.758,64.241,0
115.274,388.424,0.00257451,0.2539863536656143,-1.37047474,44.778,3.745,867,211.1,51.81,203.559,0
88.713,361.863,0.00276348,0.07789502576003693,-2.55239318,42.468,4.923,1015,246.283,45.131,84.984,0
121.885,395.035,0.00253142,0.3325385416748649,-1.10099951,44.459,6.606,889,299.282,60.782,244.307,0
170.438,443.588,0.00225434,1.88133643542984,0.63198239,48.887,11.069,509,191.082,59.139,113.567,0
35.516,308.666,0.00323975,0.003961092770455891,-5.53123534,40.592,4.419,789,62.308,42.09,183.276,0
46.204,319.354,0.00313132,0.007804296278937239,-4.85308089,44.111,14.555,730,290.111,49.977,162.761,0
158.415,431.565,0.00231715,1.270200215089678,0.23917454,47.891,14.946,974,48.987,47.993,50.352,0
61.322,334.472,0.00298979,0.01891401519421526,-3.96785209,44.961,7.932,789,54.504,61.085,226.912,0
109.681,382.831,0.00261212,0.2007445200582421,-1.60572222,45.083,2.065,356,244.757,46.888,120.415,0
129.49,402.64,0.00248361,0.4484526852937793,-0.8019521,44.474,6.015,790,275.98,54.355,211.416,0
145.245,418.395,0.00239009,0.8049169860743342,-0.21701613,44.377,2.469,846,29.642,48.431,223.252,0
105.115,378.265,0.00264365,0.1648151262632856,-1.80293088,45.944,3.602,543,42.319,47.185,148.61,0
143.305,416.455,0.00240122,0.7507720519621301,-0.2866532,50.361,2.604,1172,156.974,45.768,172.08,1
132.824,405.974,0.00246321,0.5094704118077743,-0.6743835,39.24,14.814,552,85.423,43.566,50.143,0
78.193,351.343,0.00284622,0.04642482890692876,-3.06992086,44.427,9.746,532,229.239,45.457,38.646,0
98.886,372.036,0.00268791,0.1249587049693076,-2.07977196,43.286,11.432,1011,292.02,46.431,23.901,0
150.089,423.239,0.00236273,0.9551127646159523,-0.04592587,44.312,3.818,606,113.374,60.942,239.598,0
115.828,388.978,0.00257084,0.2598784774026562,-1.34754115,43.328,11.448,785,150.529,43.648,125.096,0
80.09,353.24,0.00283094,0.05108213205529111,-2.97432051,44.822,12.101,388,256.105,42.737,132.705,0
126.585,399.735,0.00250166,0.4005804049422088,-0.91484077,44.287,1.961,795,171.639,49.863,106.447,0
169.331,442.481,0.00225998,1.816129220543895,0.59670743,53.763,13.206,332,271.133,44.346,151.994,1
53.86,327.01,0.00305801,0.01234434615350525,-4.39455712,38.146,2.227,295,42.079,50.113,70.958,0
100.038,373.188,0.00267961,0.1316147686719212,-2.02787604,36.773,7.348,920,216.253,54.514,215.382,0
74.333,347.483,0.00287784,0.03809506533635307,-3.26767052,40.727,8.486,880,254.736,43.646,77.014,0
63.947,337.097,0.00296651,0.02187881498283972,-3.82223646,38.301,2.416,957,114.854,41.846,145.406,0
101.837,374.987,0.00266676,0.1426342672809613,-1.9474715,41.202,7.285,207,269.437,57.077,7.446,0
98.618,371.768,0.00268985,0.1234534547967314,-2.09189108,36.848,14.412,104,203.459,56.696,63.814,0
179.859,453.009,0.00220746,2.522395955803092,0.92520923,48.452,4.497,222,98.204,46.879,226.647,1
57.1,330.25,0.00302801,0.01489226673055038,-4.20691321,44.104,2.737,1072,11.026,58.83,10.267,0
71.945,345.095,0.00289775,0.03363379630745289,-3.39222388,41.238,4.525,834,286.407,59.917,11.72,0
57.917,331.067,0.00302054,0.01560480091546002,-4.16017666,40.738,5.026,938,272.534,60.669,152.595,0
85.075,358.225,0.00279154,0.06535475762388844,-2.72792504,39.604,7.647,322,138.568,56.575,223.3,0
85.528,358.678,0.00278802,0.06681191092518632,-2.70587391,37.685,14.014,504,291.818,46.81,66.228,0
78.819,351.969,0.00284116,0.04791822703752646,-3.03825932,36.096,14.559,857,140.183,54.545,29.586,0
68.069,341.219,0.00293067,0.02737569681412647,-3.59809964,37.427,10.749,674,78.349,43.944,52.865,0
87.515,360.665,0.00277266,0.07354887792209541,-2.60980509,44.411,9.564,1168,180.017,57.585,86.489,0
39.874,313.024,0.00319464,0.005252095320552983,-5.24912817,37.624,13.625,157,46.665,53.461,81.34,0
172.51,445.66,0.00224386,2.008797851920133,0.69753646,49.091,14.853,860,50.473,61.083,83.759,0
56.831,329.981,0.00303048,0.01466411358171298,-4.22235202,39.935,13.32,208,258.283,49.71,242.891,0
41.773,314.923,0.00317538,0.005924599076081004,-5.12864226,37.037,4.55,530,23.89,56.889,113.216,0
120.948,394.098,0.00253744,0.3202532209996584,-1.13864328,41.204,6.958,966,136.326,45.162,156.148,0
60.584,333.734,0.0029964,0.01814784577610391,-4.00920342,41.181,7.828,648,131.479,56.672,191.59,0
112.402,385.552,0.00259368,0.2252776674212291,-1.49042156,44.393,6.737,917,161.085,55.89,98.022,0
75.619,348.769,0.00286723,0.04070917044458242,-3.20130189,40.607,12.818,832,83.093,51.756,71.815,0
111.965,385.115,0.00259663,0.2211687402867469,-1.50882934,40.827,6.035,182,148.265,54.77,149.554,0
115.427,388.577,0.00257349,0.2556017885993008,-1.36413456,41.222,7.268,1033,120.208,57.328,113.215,0
133.506,406.656,0.00245908,0.5228054389844191,-0.64854589,41.653,4.958,1177,45.575,51.875,53.95,0
155.432,428.582,0.00233328,1.148324028433072,0.13830351,44.342,7.389,1140,266.394,55.197,101.767,0
118.379,391.529,0.00255409,0.2885818594098853,-1.24277649,47.308,6.443,507,173.026,62.101,5.192,1
58.281,331.431,0.00301722,0.01593195863923801,-4.13942821,36.81,8.468,1113,82.351,43.245,26.681,0
143.576,416.726,0.00239966,0.7581404750136681,-0.27688659,43.492,2.698,233,114.694,43.961,156.238,0
134.033,407.183,0.0024559,0.5333167514878818,-0.62863975,42.446,2.826,164,277.771,62.146,186.675,0
53.85,327.0,0.0030581,0.01233712800813075,-4.39514203,41.59,3.012,541,283.129,59.178,86.698,0
120.013,393.163,0.00254347,0.3083913904562786,-1.17638555,45.184,10.956,861,98.822,53.09,11.836,0
36.701,309.851,0.00322736,0.004280262237861034,-5.453741,36.448,11.366,959,93.888,46.67,158.081,0
179.485,452.635,0.00220929,2.493783946289299,0.91380121,56.833,7.7,897,91.016,49.207,26.708,1
134.81,407.96,0.00245122,0.5491496555152651,-0.59938428,40.358,7.606,456,134.75,46.16,190.549,0
179.136,452.286,0.00221099,2.467335325442392,0.90313875,52.92,1.429,846,212.5,43.62,237.958,1
109.648,382.798,0.00261234,0.2004619875619079,-1.60713064,40.285,9.38,1055,155.832,50.646,169.352,0
91.289,364.439,0.00274394,0.0880173247366004,-2.43022161,39.249,1.816,128,92.44,59.909,37.856,0
146.968,420.118,0.00238028,0.855809383297417,-0.15570761,44.632,6.247,844,129.663,45.159,11.721,0
158.519,431.669,0.00231659,1.274643050127623,0.24266618,48.974,2.809,1069,208.995,57.888,130.77,1
130.55,403.7,0.00247709,0.4671219440250195,-0.76116493,47.905,4.311,978,130.337,58.977,80.341,1
97.714,370.864,0.00269641,0.1184932016323825,-2.13289969,36.423,12.404,883,114.017,53.857,94.308,0
126.342,399.492,0.00250318,0.3967859972438564,-0.92435819,42.844,14.192,726,74.468,59.081,192.843,0
91.265,364.415,0.00274412,0.08791789730397219,-2.43135189,43.626,6.251,445,135.631,42.643,181.219,0
127.28,400.43,0.00249732,0.4116079648552327,-0.88768392,45.938,3.513,392,13.436,55.07,10.624,0
153.837,426.987,0.00234199,1.087400343405769,0.08378984,44.578,9.474,612,254.624,62.377,44.796,0
53.944,327.094,0.00305723,0.0124051280302944,-4.38964534,37.746,2.234,598,144.546,57.61,16.752,0
42.798,315.948,0.00316508,0.006318895077744232,-5.06421092,37.371,7.483,1065,18.777,54.108,233.487,0
160.884,434.034,0.00230397,1.379354677176105,0.32161576,49.284,6.676,376,93.312,47.392,149.109,1
178.608,451.758,0.00221357,2.427777581689751,0.88697626,53.306,2.139,578,219.872,54.899,8.344,1
173.884,447.034,0.00223697,2.097344581669489,0.74067206,48.07,6.731,598,16.773,58.976,102.43,1
54.401,327.551,0.00305296,0.01274052973339542,-4.36296705,41.273,6.883,197,284.989,49.094,213.956,0
133.741,406.891,0.00245766,0.5274701671945551,-0.63966297,40.112,2.513,938,272.21,43.942,133.515,0
130.313,403.463,0.00247854,0.4628900501997861,-0.77026573,46.001,5.801,715,181.309,49.868,229.066,0
167.169,440.319,0.00227108,1.694356531543714,0.52730304,48.99,11.932,912,58.401,53.244,167.936,0
104.656,377.806,0.00264686,0.1615373200651447,-1.82301908,36.544,1.428,1032,27.111,43.493,5.255,0
73.039,346.189,0.0028886,0.03561637706764555,-3.33494972,40.713,8.116,830,75.277,50.71,94.03,0
175.477,448.627,0.00222902,2.204172680465077,0.79035224,55.598,7.694,701,207.624,58.829,16.113,1
72.897,346.047,0.00288978,0.03535330533089986,-3.34236339,41.059,8.749,486,135.297,43.701,112.156,0
126.907,400.057,0.00249964,0.4056571156382977,-0.90224702,40.408,4.081,598,45.3,41.975,112.74,0
177.662,450.812,0.00221822,2.358259361406359,0.85792379,49.03,7.745,301,125.333,60.949,217.188,0
160.352,433.502,0.00230679,1.355176052520004,0.30393137,50.776,12.354,806,116.163,52.011,178.527,1
168.574,441.724,0.00226386,1.77266410914731,0.57248356,52.04,13.508,696,188.95,52.347,37.385,1
155.261,428.411,0.00233421,1.141654500741109,0.13247853,42.999,4.104,1167,115.739,53.387,246.256,0
99.739,372.889,0.00268176,0.1298578689043015,-2.04131474,38.951,2.607,317,254.203,56.305,89.292,0
93.979,367.129,0.00272384,0.09981135463035326,-2.30447333,36.284,6.711,431,196.784,59.774,70.026,0
121.249,394.399,0.0025355,0.3241557492473181,-1.12653117,38.191,1.334,553,92.668,47.797,163.096,0
124.798,397.948,0.00251289,0.3734009186129724,-0.98510259,47.852,12.652,517,225.025,61.863,151.997,0
78.359,351.509,0.00284488,0.04681676095204424,-3.061514,40.555,2.065,695,161.128,54.738,34.943,0
95.503,368.653,0.00271258,0.1070942596989609,-2.2340459,41.663,6.927,304,278.169,46.824,121.524,0
76.655,349.805,0.00285874,0.04292974581391995,-3.14819032,43.653,3.076,154,64.48,52.814,96.656,0
153.573,426.723,0.00234344,1.077590554702857,0.07472758,46.513,10.22,517,96.646,42.19,100.059,0
141.054,414.204,0.00241427,0.6919294403171988,-0.36827129,43.103,14.336,812,167.453,45.023,30.71,0
45.612,318.762,0.00313714,0.007525532994351024,-4.88945364,44.477,3.424,994,186.665,46.151,227.257,0
95.609,368.759,0.0027118,0.1076178172217815,-2.22916906,42.355,4.325,346,170.256,54.78,46.995,0
73.445,346.595,0.00288521,0.03637817045997767,-3.3137864,39.485,11.881,134,185.371,59.812,39.363,0
121.72,394.87,0.00253248,0.3303457684866997,-1.10761539,41.425,1.117,416,52.711,54.242,199.681,0
140.663,413.813,0.00241655,0.6821273436737245,-0.38253892,46.629,4.904,666,251.647,51.573,55.926,1
169.03,442.18,0.00226152,1.798738197770233,0.58708542,48.298,14.453,403,53.745,60.073,134.394,0
56.288,329.438,0.00303547,0.01421306842989356,-4.25359343,40.068,14.303,582,139.396,61.687,100.539,0
131.806,404.956,0.0024694,0.4901163876054824,-0.71311239,42.938,6.311,377,197.162,53.774,108.271,0
57.362,330.512,0.00302561,0.01511752951625933,-4.19190031,37.283,14.973,362,59.274,58.369,98.145,0
150.178,423.328,0.00236223,0.9580847736425075,-0.04281901,42.967,9.052,341,238.222,61.577,190.141,0
88.664,361.814,0.00276385,0.07771290418896071,-2.55473396,43.927,3.659,233,142.193,56.135,73.867,0
108.285,381.435,0.00262168,0.1890931877799708,-1.66551533,46.187,12.979,848,285.859,52.775,197.399,0
67.362,340.512,0.00293675,0.0263534063953896,-3.63615774,37.421,2.856,105,232.812,58.143,76.041,0
72.485,345.635,0.00289323,0.03459978006739786,-3.36390795,36.437,2.089,354,24.722,46.295,230.342,0
131.461,404.611,0.00247151,0.4837041508034916,-0.72628182,45.319,3.905,359,21.269,58.023,39.582,0
47.838,320.988,0.00311538,0.008622472493111079,-4.7533834,36.345,5.134,818,266.637,58.413,115.161,0
93.558,366.708,0.00272697,0.09787815753760781,-2.32403186,45.843,1.432,1032,194.187,43.995,95.807,1
175.996,449.146,0.00222645,2.239968822959361,0.80646195,54.636,11.77,500,274.547,55.303,50.501,1
117.853,391.003,0.00255753,0.2824464161008617,-1.26426642,41.78,13.879,1062,150.648,51.055,216.724,0
69.543,342.693,0.00291806,0.02962138854668074,-3.51925859,40.332,8.869,790,281.201,55.826,225.684,0
157.372,430.522,0.00232276,1.22637677925298,0.20406411,50.773,12.745,555,114.099,54.942,8.511,1
86.832,359.982,0.00277792,0.0711683121178933,-2.64270761,41.889,6.198,1077,265.869,62.076,159.479,0
137.105,410.255,0.00243751,0.5983254914807722,-0.51362037,40.44,1.065,187,294.996,50.011,89.845,0
68.499,341.649,0.00292698,0.02801459672712089,-3.57502959,38.375,10.566,747,259.62,61.398,151.391,0
36.132,309.282,0.0032333,0.004124224609232335,-5.49087725,39.894,2.302,755,232.953,56.202,82.746,0
154.119,427.269,0.00234045,1.097964063419795,0.09345761,50.305,11.051,273,157.494,56.162,237.869,0
169.449,442.599,0.00225938,1.822986243464663,0.60047595,50.84,13.284,214,166.739,56.039,144.425,0
179.407,452.557,0.00220967,2.487851848809766,0.91141963,51.945,12.162,945,296.072,51.203,241.938,1
107.127,380.277,0.00262966,0.1798831878298492,-1.7154476,40.649,10.796,238,247.065,46.186,236.486,0
166.975,440.125,0.00227208,1.683781114171269,0.52104193,53.991,13.92,630,177.956,46.192,118.731,1
153.871,427.021,0.00234181,1.088669312668551,0.08495614,48.518,11.155,750,236.89,52.013,86.75,0
94.47,367.62,0.0027202,0.1021084936128044,-2.28171937,40.883,10.13,812,83.051,49.349,165.642,0
121.333,394.483,0.00253496,0.3252522166257836,-1.12315435,45.556,10.366,963,77.133,56.992,147.771,0
39.858,313.008,0.00319481,0.005246733761868076,-5.25014954,39.143,5.877,606,166.478,52.51,74.401,0
47.125,320.275,0.00312232,0.008256441855670631,-4.79676155,35.685,7.697,723,266.15,44.286,163.639,0
99.985,373.135,0.00268,0.1313018270460795,-2.03025658,41.178,13.695,444,267.379,47.58,249.411,0
87.713,360.863,0.00277113,0.07425204093943308,-2.60029001,38.683,14.046,1113,219.68,45.641,62.919,0
110.129,383.279,0.00260907,0.2046148342389963,-1.58662592,41.565,5.164,842,28.173,44.857,90.223,0
64.047,337.197,0.00296563,0.02199953350648017,-3.81673403,37.052,4.794,315,156.526,43.948,217.523,0
65.826,338.976,0.00295006,0.02424879473401556,-3.71938836,39.47,13.571,1199,230.306,55.842,148.089,0
43.599,316.749,0.00315707,0.006643273504068054,-5.01415044,44.978,8.637,348,85.043,49.369,136.459,0
150.332,423.482,0.00236138,0.9632462417372637,-0.0374462,44.452,13.073,170,12.78,62.391,88.079,0
51.696,324.846,0.00307838,0.01086759756077801,-4.52196962,44.429,9.452,527,10.651,55.88,117.285,0
176.121,449.271,0.00222583,2.248664251296631,0.81033637,53.55,14.667,1098,106.439,54.641,221.761,1
107.619,380.769,0.00262626,0.183746949348728,-1.69419574,44.062,13.642,551,61.01,62.127,106.973,0
135.092,408.242,0.00244953,0.5549962040502538,-0.588794,42.487,4.813,808,61.175,56.288,68.701,0
166.515,439.665,0.00227446,1.658931805741184,0.5061739,54.439,7.773,209,287.096,50.751,184.943,1
93.868,367.018,0.00272466,0.09929840839629651,-2.30962574,36.426,11.409,130,15.618,49.227,223.42,0
112.865,386.015,0.00259057,0.2297039313702592,-1.47096405,41.248,5.506,411,89.321,49.657,157.049,0
30.222,303.372,0.00329628,0.002781302538013599,-5.88483592,41.319,14.479,442,98.208,56.782,130.789,0
98.495,371.645,0.00269074,0.1227679778214046,-2.09745906,41.908,10.163,491,247.821,61.504,170.16,0
127.806,400.956,0.00249404,0.4201290832524012,-0.86719327,42.86,10.66,1200,261.962,57.299,166.572,0
51.937,325.087,0.0030761,0.01102382954375113,-4.50769603,44.747,4.349,510,33.005,46.305,221.629,0
152.653,425.803,0.0023485,1.043999658089333,0.04305916,46.417,11.182,703,74.517,58.23,42.534,0
38.615,311.765,0.00320754,0.004844955965378677,-5.32981712,36.158,12.89,854,285.678,45.598,220.119,0
173.031,446.181,0.00224124,2.041988516107146,0.7139241,46.761,5.579,226,282.844,43.246,99.515,0
166.892,440.042,0.00227251,1.679273933489186,0.51836152,47.041,12.541,340,281.834,42.498,97.364,0
140.818,413.968,0.00241565,0.6859985742208222,-0.37687973,44.354,6.485,721,294.978,50.134,147.807,0
33.154,306.304,0.00326473,0.003388087895409063,-5.68748956,38.465,9.81,756,286.59,58.855,102.737,0
60.814,333.964,0.00299433,0.01838359585022683,-3.99629654,43.558,6.198,827,87.686,49.061,220.928,0
43.683,316.833,0.00315624,0.006678143056164545,-5.00891532,39.277,3.023,610,153.02,60.25,58.248,0
84.868,358.018,0.00279316,0.0646983254128403,-2.73801996,38.795,9.224,155,84.656,46.665,49.555,0
79.079,352.229,0.00283906,0.04855091466159835,-3.02514224,40.962,6.553,995,251.937,44.912,102.608,0
145.457,418.607,0.00238888,0.8110338990078702,-0.20944543,41.323,1.844,602,37.126,43.411,232.91,0
44.508,317.658,0.00314804,0.007029455332383876,-4.95764605,42.666,14.604,566,275.583,45.354,31.402,0
35.084,308.234,0.00324429,0.003850182819994466,-5.55963465,38.508,4.146,132,55.877,60.528,36.244,0
100.792,373.942,0.00267421,0.1361384937168563,-1.99408258,42.749,2.819,393,56.944,58.999,220.427,0
113.006,386.156,0.00258963,0.231066941940026,-1.46504782,43.345,7.552,338,219.234,58.868,114.651,0
122.673,395.823,0.00252638,0.3431870146817634,-1.06947975,40.842,6.158,961,124.568,49.707,145.192,0
82.45,355.6,0.00281215,0.05745169251683474,-2.85681081,36.867,4.944,954,91.848,46.407,241.981,0
38.909,312.059,0.00320452,0.00493739961962553,-5.31091648,37.36,6.319,1176,203.066,49.412,170.567,0
48.16,321.31,0.00311226,0.008792498405513962,-4.73385637,37.232,3.57,295,199.684,46.464,129.667,0
69.614,342.764,0.00291746,0.0297335846663058,-3.51547808,44.133,10.055,1046,175.87,42.971,171.577,0
159.203,432.353,0.00231292,1.304198373367884,0.26558858,50.108,2.698,280,40.866,49.822,168.924,1
135.326,408.476,0.00244812,0.5598886064261434,-0.58001743,48.673,6.918,811,297.752,57.851,244.028,1
73.464,346.614,0.00288505,0.03641417308785023,-3.31279721,42.482,3.101,266,189.576,53.112,49.536,0
80.77,353.92,0.0028255,0.05284981528468754,-2.94030106,39.363,2.313,993,293.319,54.932,71.882,0
130.209,403.359,0.00247918,0.4610435838353048,-0.7742627,38.871,8.538,577,112.589,61.946,248.1,0
165.648,438.798,0.00227895,1.61295220462795,0.47806617,49.277,2.259,359,61.853,56.943,247.289,1
75.809,348.959,0.00286567,0.0411086079875559,-3.19153774,38.309,14.164,605,168.353,49.812,81.727,0
78.988,352.138,0.0028398,0.04832863584798364,-3.02973102,43.376,4.342,884,195.337,59.503,106.731,0
66.189,339.339,0.00294691,0.0247321655466452,-3.69965063,44.232,14.143,473,279.537,60.849,45.246,0
97.118,370.268,0.00270075,0.1153198311655408,-2.16004587,40.698,12.602,659,226.415,60.312,68.676,0
71.013,344.163,0.0029056,0.03202289758452731,-3.44130408,36.264,14.409,468,22.134,47.001,117.24,0
146.592,419.742,0.00238242,0.8444720262084021,-0.16904367,45.713,4.525,371,295.06,49.524,101.915,0
75.961,349.111,0.00286442,0.04143066102042406,-3.18373407,39.123,12.683,1159,293.369,48.566,62.191,0
145.712,418.862,0.00238742,0.8184448127148031,-0.20034931,45.004,3.706,760,221.415,52.542,188.069,0
105.52,378.67,0.00264082,0.1677557140017227,-1.78524644,44.847,6.107,609,271.164,44.983,28.804,0
111.429,384.579,0.00260025,0.216218799744286,-1.53146442,37.132,5.433,1156,38.949,58.478,109.811,0
43.532,316.682,0.00315774,0.006615578286362431,-5.01832806,41.069,7.082,453,244.275,58.547,137.963,0
100.35,373.5,0.00267738,0.1334703409904903,-2.01387599,38.118,6.164,1007,15.869,41.632,187.23,0
141.625,414.775,0.00241095,0.7064634736366819,-0.34748378,48.193,5.926,164,125.556,48.135,102.112,1
154.245,427.395,0.00233976,1.102712587154453,0.09777313,43.512,11.71,121,223.246,43.291,83.278,0
158.693,431.843,0.00231566,1.28210620984633,0.2485042,44.799,9.809,910,173.109,58.24,53.421,0
112.188,385.338,0.00259512,0.223257229078367,-1.49943068,42.897,4.538,192,12.421,41.643,51.298,0
102.611,375.761,0.00266127,0.1476198046887907,-1.9131152,42.117,12.95,632,224.191,54.733,205.1,0
35.63,308.78,0.00323855,0.003990836863104606,-5.52375433,41.964,8.137,313,180.114,43.173,170.125,0
177.768,450.918,0.0022177,2.36596318120886,0.8611852,55.564,4.508,1194,241.367,58.165,222.583,1
170.758,443.908,0.00225272,1.90055610829183,0.64214653,53.024,7.404,503,139.127,43.003,178.368,1
143.526,416.676,0.00239995,0.7567762911659313,-0.27868759,48.102,10.077,414,270.313,53.891,74.191,0
156.725,429.875,0.00232626,1.199852438636511,0.18219858,49.412,10.68,108,216.795,59.729,6.522,0
57.609,330.759,0.00302335,0.01533268105253528,-4.17776871,42.42,14.802,131,75.009,43.554,209.418,0
46.024,319.174,0.00313309,0.007718572062266772,-4.8641259,35.864,10.863,140,226.717,46.309,67.225,0
99.558,372.708,0.00268307,0.1288043937759268,-2.04946035,45.102,11.26,280,135.147,61.731,154.742,0
47.319,320.469,0.00312043,0.008354627620953677,-4.78493969,38.585,1.131,803,33.847,56.158,160.822,0
126.027,399.177,0.00250515,0.3919140048370012,-0.93671284,42.083,2.167,610,293.132,54.435,97.718,0
119.909,393.059,0.00254415,0.3070960473026674,-1.18059472,40.457,10.544,659,241.795,52.795,42.101,0
164.509,437.659,0.00228488,1.554215734349644,0.44097107,48.897,1.535,300,138.261,55.011,174.905,1
168.823,441.973,0.00226258,1.786861408745692,0.58046068,45.554,10.089,704,229.405,46.588,243.187,0
62.676,335.826,0.00297773,0.02039515527563185,-3.89245789,35.845,2.804,162,155.723,54.205,207.372,0
37.26,310.41,0.00322155,0.004438716650013878,-5.41738999,42.375,3.265,184,137.861,46.168,164.674,0
92.985,366.135,0.00273123,0.09530012241853293,-2.35072418,43.873,9.823,1101,263.191,61.328,86.895,0
36.319,309.469,0.00323134,0.004174930875742478,-5.47865748,40.743,9.221,823,264.902,45.994,135.45,0
53.419,326.569,0.00306214,0.0120295948476864,-4.42038543,40.699,11.769,468,171.812,49.512,207.752,0
40.736,313.886,0.00318587,0.005548341937217731,-5.19425615,42.166,9.215,1145,251.498,51.436,151.88,0
128.746,401.896,0.00248821,0.4357404225305879,-0.83070857,44.356,12.484,218,81.72,45.434,219.801,0
36.067,309.217,0.00323397,0.004106729839878035,-5.49512823,39.36,3.888,563,172.558,57.065,88.864,0
124.944,398.094,0.00251197,0.3755594674070509,-0.97933845,42.532,8.48,343,147.623,50.098,154.954,0
88.748,361.898,0.00276321,0.07802534356717238,-2.55072159,40.658,8.902,800,222.457,47.468,163.284,0
123.989,397.139,0.00251801,0.361635303671541,-1.01711902,40.205,12.914,686,173.799,42.74,179.97,0
64.266,337.416,0.0029637,0.0222659851353896,-3.8046951,41.225,9.827,1177,274.03,52.768,44.002,0
139.932,413.082,0.00242083,0.664124515755258,-0.40928562,46.278,4.755,764,65.786,59.687,35.849,1
45.671,318.821,0.00313656,0.007552908228783745,-4.88582259,38.929,13.418,735,120.77,55.053,173.918,0
145.047,418.197,0.00239122,0.799240151821129,-0.22409381,41.577,9.464,1139,156.592,55.224,165.488,0
59.696,332.846,0.00300439,0.01726277982116212,-4.05920255,42.876,2.122,1121,124.912,54.729,130.215,0
95.806,368.956,0.00271035,0.108596843883934,-2.22011293,41.802,1.044,1092,218.028,58.922,80.313,0
165.272,438.422,0.00228091,1.593355009430516,0.46584186,50.401,5.697,717,254.171,41.741,176.964,1
63.839,336.989,0.00296746,0.02174910312475849,-3.82818276,36.603,7.538,381,236.385,52.015,229.602,0
107.12,380.27,0.00262971,0.1798287345462828,-1.71575036,46.233,9.801,1175,272.863,45.022,99.626,0
81.499,354.649,0.00281969,0.05480493087641963,-2.90397511,43.57,12.542,694,43.46,49.247,78.718,0
33.2,306.35,0.00326424,0.003398491916578704,-5.6844235,37.051,14.237,327,187.411,43.489,166.257,0
149.082,422.232,0.00236837,0.9220369959864937,-0.08116993,50.832,2.047,210,204.616,56.329,64.995,1
150.521,423.671,0.00236032,0.9696136138898692,-0.03085762,43.348,10.328,1063,63.019,44.568,116.3,0
160.713,433.863,0.00230488,1.371542783798679,0.31593623,47.376,8.979,728,92.268,56.357,212.067,0
44.826,317.976,0.00314489,0.007169243633927131,-4.93795512,35.915,1.047,845,252.209,52.997,95.474,0
56.01,329.16,0.00303804,0.01398698537677245,-4.269628,42.378,14.082,936,121.095,61.323,109.454,0
49.29,322.44,0.00310135,0.009413236582511177,-4.66563843,40.175,8.049,1115,288.185,54.753,80.818,0
60.119,333.269,0.00300058,0.01767945295678844,-4.03535216,37.409,14.463,172,249.826,57.372,75.078,0
34.552,307.702,0.0032499,0.003717449613002746,-5.59471743,43.269,2.174,390,234.972,57.127,194.162,0
164.748,437.898,0.00228364,1.566385676171671,0.44877085,51.144,5.862,557,193.378,43.613,103.275,1
75.14,348.29,0.00287117,0.03971743082672202,-3.22596512,45.207,2.688,541,260.205,41.781,39.109,0
78.465,351.615,0.00284402,0.04706856460444364,-3.05614992,37.284,11.242,340,96.209,59.663,233.394,0
82.088,355.238,0.00281501,0.05643113532804426,-2.87473423,39.72,6.718,228,170.056,47.172,108.789,0
100.198,373.348,0.00267847,0.1325634863892991,-2.02069361,37.734,3.932,681,273.482,55.327,242.907,0
34.466,307.616,0.00325081,0.003696384478635509,-5.60040011,36.897,13.605,152,130.371,56.276,46.716,0
101.118,374.268,0.00267188,0.1381363872386804,-1.97951377,44.987,9.306,477,23.715,58.215,153.376,0
177.704,450.854,0.00221801,2.361309246424193,0.85921623,54.24,9.569,277,134.734,51.604,175.427,1
162.616,435.766,0.00229481,1.460663282034633,0.37889064,46.637,2.499,1090,288.274,47.456,123.892,1
34.141,307.291,0.00325424,0.003617746216228024,-5.62190404,38.261,6.846,436,217.231,51.011,216.084,0
124.498,397.648,0.00251479,0.3689995010305896,-0.99695999,47.197,10.646,1157,151.309,53.13,185.191,0
157.138,430.288,0.00232402,1.216725962406106,0.19616361,44.201,6.163,375,275.387,44.633,44.979,0
45.762,318.912,0.00313566,0.007595306412802097,-4.8802248,44.513,4.113,714,168.234,57.794,8.471,0
120.423,393.573,0.00254082,0.3135446860858408,-1.15981339,46.827,11.36,637,238.154,47.193,28.177,0
169.77,442.92,0.00225774,1.841752248753307,0.61071743,48.46,6.598,856,100.661,51.105,171.638,1
169.253,442.403,0.00226038,1.811608778251044,0.59421528,53.004,12.42,475,200.323,51.543,122.864,1
155.94,429.09,0.00233051,1.168336294913755,0.15558077,44.975,12.363,300,183.489,43.563,173.495,0
136.969,410.119,0.00243832,0.595308260007961,-0.51867592,43.187,5.623,430,108.0,50.568,48.794,0
157.872,431.022,0.00232007,1.247219629509251,0.22091678,43.515,14.506,1146,199.458,61.645,196.693,0
176.579,449.729,0.00222356,2.280771742998695,0.82451387,55.869,13.5,272,214.512,49.785,187.968,1
50.818,323.968,0.00308672,0.01031506208446245,-4.57415011,35.274,11.184,849,287.814,55.428,16.529,0
131.14,404.29,0.00247347,0.4778037018291668,-0.7385553,43.966,6.915,114,156.288,47.556,55.335,0
41.634,314.784,0.00317678,0.005872868524602238,-5.13741209,37.471,2.059,1124,92.566,54.224,39.946,0
135.764,408.914,0.0024455,0.5691470253367523,-0.56361649,44.027,12.652,779,299.575,51.872,214.072,0
89.681,362.831,0.0027561,0.0815710769789627,-2.50628053,39.517,13.32,718,74.026,60.053,245.673,0
46.335,319.485,0.00313004,0.007867220884138371,-4.84505041,39.077,14.629,884,174.125,51.858,30.963,0
146.156,419.306,0.00238489,0.8314885370530678,-0.18453777,48.566,4.691,284,262.963,51.456,86.451,1
141.593,414.743,0.00241113,0.7056420092128562,-0.34864724,42.615,14.562,105,267.195,42.455,94.862,0
166.554,439.704,0.00227426,1.661026295152079,0.50743566,53.169,6.967,1164,101.586,55.2,166.834,1
55.64,328.79,0.00304146,0.01369107614065866,-4.29101103,39.054,12.242,767,121.705,56.057,185.774,0
89.088,362.238,0.00276062,0.0793013561700815,-2.53450005,39.042,6.177,469,62.596,58.778,33.168,0
154.579,427.729,0.00233793,1.115385829711604,0.10920038,48.34,6.669,959,174.076,44.212,209.203,1
111.684,384.834,0.00259852,0.2185614644074609,-1.520688,39.154,1.009,1162,94.142,55.776,238.059,0
70.474,343.624,0.00291016,0.03112294468877119,-3.46980996,40.385,9.003,172,280.794,58.078,24.443,0
150.153,423.303,0.00236237,0.9572491331723808,-0.04369159,49.066,4.607,351,181.114,44.81,66.894,1
128.349,401.499,0.00249067,0.429086521683035,-0.8460967,48.512,11.924,385,250.162,60.54,159.364,0
105.747,378.897,0.00263924,0.1694239787982276,-1.77535096,37.928,5.346,379,241.434,53.703,34.555,0
120.296,393.446,0.00254164,0.3119404338717978,-1.16494303,41.809,14.92,773,199.523,45.819,96.098,0
78.738,351.888,0.00284181,0.04772262098525059,-3.04234976,43.493,4.47,876,188.936,54.562,114.36,0
167.439,440.589,0.00226969,1.709169851217968,0.53600779,48.69,9.368,1024,270.408,50.13,44.526,1
160.444,433.594,0.0023063,1.359331018037115,0.30699268,49.338,14.157,816,17.047,52.299,21.813,0
33.24,306.39,0.00326381,0.003407562307302968,-5.68175811,35.159,13.802,151,104.082,53.535,87.831,0
173.464,446.614,0.00223907,2.069929751748293,0.72751467,46.738,6.919,383,62.48,51.495,177.572,0
128.258,401.408,0.00249123,0.4275738577277344,-0.84962824,43.967,8.285,223,160.357,49.685,69.46,0
91.736,364.886,0.00274058,0.08988740523897126,-2.40919744,41.364,1.689,436,155.923,46.641,216.367,0
135.754,408.904,0.00244556,0.5689341706428387,-0.56399054,39.544,5.064,1065,285.337,42.231,14.491,0
116.798,389.948,0.00256444,0.2704836548699822,-1.30754361,44.478,11.03,423,239.72,43.1,202.206,0
30.569,303.719,0.00329252,0.002847592600119452,-5.86128134,42.017,8.384,887,182.61,61.106,218.27,0
121.3,394.45,0.00253518,0.3248210756750257,-1.12448078,45.998,12.283,807,245.433,46.092,173.446,0
85.512,358.662,0.00278814,0.06675995821757627,-2.70665181,43.768,7.799,1057,27.386,52.08,37.757,0
90.894,364.044,0.00274692,0.08639348728216299,-2.44884298,41.267,12.745,516,241.116,46.815,180.597,0
129.614,402.764,0.00248284,0.4506025096422392,-0.79716968,40.692,13.426,914,247.657,43.881,65.742,0
61.18,334.33,0.00299106,0.01876438929345449,-3.97579439,39.378,10.944,509,285.945,54.449,249.101,0
147.554,420.704,0.00237697,0.8737414681921152,-0.13497075,48.914,13.694,188,203.833,42.032,5.182,0
124.393,397.543,0.00251545,0.367469739617981,-1.0011143,39.193,8.252,621,123.893,47.607,150.941,0
59.702,332.852,0.00300434,0.01726862818452697,-4.05886382,39.371,2.023,445,66.29,42.968,162.676,0
173.356,446.506,0.00223961,2.062930079385984,0.72412734,53.362,12.686,428,202.738,56.858,186.219,1
136.771,409.921,0.00243949,0.5909391620837849,-0.52604221,42.528,4.84,116,71.435,46.545,37.427,0
93.989,367.139,0.00272376,0.09985768063299058,-2.3040093,43.151,8.673,414,78.757,46.176,104.999,0
49.271,322.421,0.00310153,0.00940248269539595,-4.66678151,37.206,2.069,350,126.984,61.268,186.941,0
117.887,391.037,0.0025573,0.2828395245851291,-1.26287559,45.568,4.27,589,145.766,53.252,188.368,0
139.96,413.11,0.00242066,0.6648064174229242,-0.40825938,44.162,1.3,734,203.034,45.47,219.714,0
34.887,308.037,0.00324636,0.003800541583581736,-5.5726117,44.725,7.125,839,298.233,61.451,67.348,0
73.157,346.307,0.00288761,0.03583630884695038,-3.32879369,36.819,13.189,601,263.307,53.811,189.441,0
132.705,405.855,0.00246393,0.5071742124146659,-0.67890072,40.694,13.002,837,262.724,42.698,243.601,0
84.85,358.0,0.0027933,0.0646415212376841,-2.73889833,44.019,2.511,550,64.755,42.705,245.766,0
74.794,347.944,0.00287403,0.03901447458617997,-3.24382256,36.342,5.804,683,199.99,53.845,22.4,0
107.493,380.643,0.00262713,0.1827505707006122,-1.69963306,43.935,13.734,555,290.183,48.869,100.889,0
129.356,402.506,0.00248444,0.446139539526352,-0.80712351,38.709,12.267,468,85.804,48.555,230.277,0
137.6,410.75,0.00243457,0.6094197992266835,-0.49524792,46.735,7.27,288,181.005,61.503,32.029,0
58.373,331.523,0.00301638,0.01601561157848224,-4.13419131,44.175,5.85,659,220.439,59.833,160.42,0
79.781,352.931,0.00283342,0.05029635519817342,-2.98982267,35.747,1.202,1059,185.86,60.853,85.972,0
142.944,416.094,0.0024033,0.7410530257221221,-0.2996831,45.433,11.613,269,129.155,51.556,85.522,0
113.584,386.734,0.00258576,0.2367286957960431,-1.44084054,37.629,2.567,548,152.938,53.337,132.274,0
33.945,307.095,0.00325632,0.003571053718866874,-5.63489457,44.711,14.973,785,17.67,55.63,229.098,0
30.427,303.577,0.00329406,0.002820294734167513,-5.87091388,36.996,4.349,1038,141.245,56.604,32.672,0
95.597,368.747,0.00271189,0.1075584334505602,-2.22972101,42.114,10.551,325,93.745,46.358,21.628,0
100.689,373.839,0.00267495,0.1355125686578503,-1.99869089,36.523,4.163,151,152.552,53.372,180.673,0
88.744,361.894,0.00276324,0.07801044035243511,-2.55091261,44.571,10.636,532,43.136,44.958,46.193,0
139.037,412.187,0.00242608,0.6426454284431432,-0.44216214,44.622,3.532,1152,177.842,52.515,240.29,0
68.379,341.529,0.00292801,0.02783497651909835,-3.5814619,35.626,4.183,101,213.356,62.052,247.667,0
41.695,314.845,0.00317617,0.005895520192255254,-5.13356251,43.406,6.429,347,64.076,60.349,142.676,0
44.897,318.047,0.00314419,0.007200793187216498,-4.93356409,41.81,2.552,792,119.973,46.689,230.809,0
128.124,401.274,0.00249206,0.425354880480378,-0.85483145,45.612,9.612,456,151.625,47.955,237.587,0
119.716,392.866,0.0025454,0.3047047900386208,-1.18841187,38.071,13.1,108,218.769,50.134,219.928,0
153.251,426.401,0.00234521,1.065729113811402,0.06365918,44.285,2.617,168,52.254,51.286,112.11,0
170.933,444.083,0.00225183,1.911137947927532,0.64769885,50.582,8.639,879,216.318,53.275,195.002,1
105.906,379.056,0.00263813,0.1706011651222541,-1.76842681,44.436,6.279,1115,266.646,46.954,196.246,0
146.938,420.088,0.00238045,0.8548999953108067,-0.15677078,41.517,10.195,873,224.293,46.506,173.883,0
33.256,306.406,0.00326364,0.003411196573636222,-5.68069215,44.171,12.822,456,104.859,43.352,158.493,0
150.274,423.424,0.0023617,0.9612994971123655,-0.03946927,43.397,13.303,1084,252.692,50.127,105.621,0
79.202,352.352,0.00283807,0.04885279909106218,-3.0189436,38.493,5.394,596,187.453,42.9,104.563,0
163.895,437.045,0.00228809,1.523322840192988,0.42089403,49.879,11.534,123,260.416,46.276,25.13,0
158.952,432.102,0.00231427,1.293284912335191,0.25718543,50.696,3.852,1089,294.417,43.13,144.871,1
155.958,429.108,0.00233042,1.16905087592389,0.1561922,52.243,10.546,114,59.75,45.009,5.06,1
68.389,341.539,0.00292792,0.0278499055883604,-3.5809257,36.536,12.093,624,70.432,58.052,60.5,0
96.637,369.787,0.00270426,0.1128136518335951,-2.18201792,38.063,12.921,495,31.566,61.168,222.487,0
85.451,358.601,0.00278861,0.06656221646854399,-2.70961818,39.713,6.484,593,133.828,59.971,111.086,0
97.301,370.451,0.00269941,0.116286137202063,-2.15170143,39.609,1.783,560,208.514,55.056,30.756,0
31.926,305.076,0.00327787,0.00312075028524483,-5.76968183,39.292,4.486,362,186.685,49.334,31.987,0
128.484,401.634,0.00248983,0.4313391759293534,-0.84086055,45.208,5.269,720,63.597,42.568,174.33,0
76.422,349.572,0.00286064,0.04242116541429856,-3.16010786,36.859,3.08,822,133.479,42.491,108.022,0
173.122,446.272,0.00224079,2.047833699508879,0.7167825,49.286,11.787,787,95.407,50.166,50.361,0
171.975,445.125,0.00224656,1.975197794069897,0.68066854,51.919,2.908,180,261.245,52.605,31.877,1
136.924,410.074,0.00243858,0.5943128264682931,-0.52034945,47.161,11.772,821,177.401,43.67,242.392,0
136.787,409.937,0.0024394,0.5912911827122368,-0.52544669,44.446,14.745,295,28.044,45.927,63.688,0
89.448,362.598,0.00275788,0.08067250567332968,-2.51735746,35.934,1.999,497,37.338,52.842,88.993,0
44.239,317.389,0.00315071,0.00691312392471671,-4.97433366,44.158,1.243,1121,137.381,46.81,241.272,0
39.063,312.213,0.00320294,0.004986453474663147,-5.30103035,36.826,13.03,410,125.707,56.859,205.368,0
60.912,334.062,0.00299346,0.01848487421861312,-3.99080249,42.826,13.046,128,137.084,56.672,84.015,0
171.714,444.864,0.00224788,1.958981698445527,0.6724248,46.443,10.898,890,52.076,45.176,178.801,0
101.152,374.302,0.00267164,0.138346235394908,-1.97799578,38.919,12.283,995,260.74,47.211,36.095,0
137.455,410.605,0.00243543,0.6061515967863189,-0.50062516,48.348,4.478,890,261.192,56.418,227.223,1
80.201,353.351,0.00283005,0.05136704847284342,-2.96875839,38.409,7.131,208,58.649,49.836,44.596,0
106.426,379.576,0.00263452,0.1745014316564286,-1.74582233,43.281,4.7,704,118.628,47.796,11.878,0
93.357,366.507,0.00272846,0.09696689619742982,-2.33338564,36.747,6.229,1077,26.804,59.237,110.467,0
94.977,368.127,0.00271645,0.1045293243331633,-2.25828763,37.425,7.51,932,207.638,56.369,121.773,0
89.183,362.333,0.00275989,0.0796611709947951,-2.529973,39.076,6.122,838,292.64,47.747,150.731,0
60.146,333.296,0.00300034,0.01770635164267297,-4.03383185,38.662,14.465,668,256.163,49.374,246.386,0
89.207,362.357,0.00275971,0.07975229965684821,-2.5288297,42.586,3.725,999,78.25,54.107,149.552,0
48.826,321.976,0.00310582,0.009153745796467874,-4.69359211,39.162,13.363,1080,162.277,61.473,7.407,0
164.156,437.306,0.00228673,1.536389669710431,0.42943529,48.375,14.463,483,287.297,49.333,40.695,0
104.257,377.407,0.00264966,0.158734692912489,-1.84052107,39.668,2.094,653,127.941,59.974,180.17,0
40.829,313.979,0.00318493,0.005581185418874478,-5.18835408,40.951,12.32,419,146.869,58.707,141.046,0
100.72,373.87,0.00267473,0.1357006867819691,-1.99730365,40.812,2.933,790,61.418,57.269,37.107,0
103.918,377.068,0.00265204,0.1563872018749442,-1.85542028,37.359,8.089,1040,239.61,56.894,60.61,0
51.789,324.939,0.0030775,0.01092764957962872,-4.51645904,36.987,12.706,930,165.184,47.588,71.736,0
150.054,423.204,0.00236293,0.953946182771382,-0.04714802,47.27,9.18,640,39.393,42.781,201.144,0
47.735,320.885,0.00311638,0.00856871157039179,-4.7596379,40.189,12.281,757,279.346,54.221,197.005,0
39.072,312.222,0.00320285,0.004989333779940793,-5.30045289,38.417,14.902,939,226.446,55.448,137.137,0
73.023,346.173,0.00288873,0.03558664841156889,-3.33578476,38.217,1.467,373,148.033,57.894,40.959,0
41.438,314.588,0.00317876,0.005800614919248404,-5.14979135,42.354,7.041,329,257.012,48.445,205.789,0
106.931,380.081,0.00263102,0.1783639585696004,-1.72392911,42.479,14.2,483,225.171,54.12,45.342,0
177.158,450.308,0.0022207,2.32192288820706,0.84239567,54.396,14.141,438,11.093,61.614,184.819,1
175.577,448.727,0.00222853,2.211031449150421,0.79345913,50.064,10.797,871,185.343,45.058,122.42,1
136.996,410.146,0.00243816,0.5959062152086547,-0.51767198,48.244,5.916,235,243.261,56.853,192.31,0
127.563,400.713,0.00249555,0.4161735986018746,-0.8766528,46.688,1.25,172,199.991,60.174,144.368,1
32.038,305.188,0.00327667,0.003144318661340621,-5.76215805,41.816,2.288,421,41.516,51.04,47.798,0
127.675,400.825,0.00249485,0.4179926503024339,-0.87229143,41.385,8.42,877,47.791,48.681,77.657,0
40.242,313.392,0.00319089,0.005376779971227277,-5.2256656,41.253,11.382,1170,288.52,46.094,178.142,0
148.543,421.693,0.00237139,0.904743691247193,-0.10010359,50.939,1.101,234,203.924,53.497,137.341,1
129.789,402.939,0.00248177,0.4536518111835865,-0.79042531,47.234,11.226,220,81.121,42.053,52.207,0
101.988,375.138,0.00266569,0.1435950950722876,-1.94075778,44.539,5.116,459,171.638,47.876,201.91,0
60.947,334.097,0.00299314,0.01852116565792536,-3.98884111,43.149,1.434,1014,238.338,44.706,155.995,0
115.65,388.8,0.00257202,0.2579724251110427,-1.35490258,45.398,6.774,441,272.937,54.964,176.291,0
45.519,318.669,0.00313805,0.007482563095565745,-4.89517989,43.977,3.755,1193,124.59,55.544,236.092,0
150.387,423.537,0.00236107,0.9650954403606097,-0.03552828,48.662,9.267,1151,270.805,56.323,104.034,1
61.781,334.931,0.00298569,0.01940498101292843,-3.94222549,44.324,9.13,620,139.828,46.439,46.552,0
126.647,399.797,0.00250127,0.4015535778570504,-0.91241431,42.134,14.059,837,211.164,46.083,199.522,0
92.086,365.236,0.00273796,0.09137608459594186,-2.39277149,37.259,4.992,1023,258.888,53.467,182.849,0
85.293,358.443,0.00278984,0.06605244185218885,-2.71730628,40.003,9.594,854,210.885,47.332,60.307,0
61.788,334.938,0.00298563,0.01941255578495809,-3.94183522,36.09,11.785,485,177.094,57.178,55.431,0
44.243,317.393,0.00315067,0.006914841011997555,-4.97408531,37.073,2.747,752,242.593,42.01,159.041,0
126.579,399.729,0.00250169,0.4004863361768119,-0.91507563,47.057,10.403,351,87.484,58.593,87.531,0
115.813,388.963,0.00257094,0.2597173805991492,-1.34816124,45.592,3.502,357,141.987,53.736,83.692,0
59.93,333.08,0.00300228,0.01749218213676967,-4.04600123,40.68,7.226,1100,218.443,61.243,33.116,0
67.188,340.338,0.00293826,0.0261070868410293,-3.64554848,41.198,2.889,426,227.714,42.062,67.04,0
78.533,351.683,0.00284347,0.04723073123483231,-3.05271051,42.665,4.697,1103,43.959,59.646,181.519,0
111.647,384.797,0.00259877,0.2182201738882725,-1.52225075,37.672,1.966,701,187.108,42.841,228.856,0
104.79,377.94,0.00264592,0.1624882630317936,-1.81714951,37.816,6.27,521,60.248,55.047,37.353,0
68.804,341.954,0.00292437,0.02847578706622619,-3.55870113,38.505,2.015,983,215.049,50.743,165.915,0
151.288,424.438,0.00235606,0.9958286358673968,-0.00418009,51.45,10.152,742,170.351,61.428,14.963,1
140.239,413.389,0.00241903,0.671634343985047,-0.39804122,49.379,3.166,776,68.344,47.058,202.53,1
85.767,358.917,0.00278616,0.06759222639751175,-2.6942623,41.869,7.291,315,52.542,54.349,115.411,0
45.856,319.006,0.00313474,0.007639326637808841,-4.87444582,40.334,13.803,403,23.863,47.61,163.12,0
37.249,310.399,0.00322166,0.004435548305723447,-5.41810404,40.234,14.801,155,50.742,46.755,198.948,0
98.279,371.429,0.0026923,0.1215723263043811,-2.10724592,37.486,11.98,231,146.892,58.51,33.691,0
64.461,337.611,0.00296199,0.02250565561225439,-3.79398864,40.781,11.755,434,252.558,55.697,185.438,0
163.79,436.94,0.00228864,1.518093100697125,0.41745501,50.711,2.134,791,186.663,50.998,16.009,1
95.841,368.991,0.00271009,0.1087716020297488,-2.21850499,40.885,8.673,637,11.918,42.193,156.058,0
92.517,365.667,0.00273473,0.09323917575282772,-2.3725873,41.031,12.936,333,215.215,50.709,118.608,0
49.729,322.879,0.00309714,0.00966480009095858,-4.63926485,35.173,2.524,1188,172.518,55.711,230.353,0
93.265,366.415,0.00272915,0.09655230599207187,-2.33767039,44.464,8.918,166,55.02,42.267,26.03,0
89.665,362.815,0.00275623,0.0815090908066188,-2.50704072,38.428,7.953,637,275.388,47.253,194.416,0
110.445,383.595,0.00260692,0.2073840188851944,-1.57318304,43.841,2.873,1065,13.004,61.644,132.036,0
119.644,392.794,0.00254586,0.3038168936614794,-1.19133008,38.424,8.518,888,19.442,54.79,190.573,0
119.873,393.023,0.00254438,0.3066487689523359,-1.18205226,43.099,7.266,155,185.577,52.208,149.107,0
73.278,346.428,0.0028866,0.03606308544340948,-3.3224855,41.462,4.448,187,269.43,48.995,120.913,0
104.548,377.698,0.00264762,0.1607744529300042,-1.82775281,40.333,8.257,333,234.681,51.717,58.37,0
44.752,317.902,0.00314562,0.007136493210544531,-4.94253377,38.831,13.112,349,268.422,55.456,13.544,0
63.665,336.815,0.00296899,0.02154156571346599,-3.83777092,37.722,13.562,762,288.04,48.721,193.506,0
162.143,435.293,0.0022973,1.438059179125021,0.36329441,50.427,9.389,446,194.711,58.006,183.043,1
64.475,337.625,0.00296187,0.0225229509347369,-3.79322045,40.676,8.042,456,49.478,58.377,242.87,0
89.908,363.058,0.00275438,0.08245500621532104,-2.49550251,43.811,2.721,551,226.674,45.127,197.1,0
143.235,416.385,0.00240162,0.7488788882792562,-0.28917801,46.753,13.18,1150,14.837,50.899,158.558,0
133.97,407.12,0.00245628,0.5320505845344681,-0.63101671,40.044,12.644,636,149.138,58.689,170.979,0
145.552,418.702,0.00238833,0.8137880057011568,-0.20605538,41.304,13.479,360,246.553,43.096,89.498,0
107.29,380.44,0.00262854,0.1811552735357851,-1.70840075,43.736,14.647,570,16.134,58.678,12.657,0
77.227,350.377,0.00285407,0.04420131477982609,-3.11900074,44.263,9.556,1062,100.182,59.65,200.253,0
43.364,316.514,0.00315942,0.006546589303003657,-5.02881108,42.677,6.51,121,129.118,48.504,27.036,0
74.206,347.356,0.00287889,0.03784518668797827,-3.27425148,44.159,13.129,408,149.27,54.063,115.542,0
78.95,352.1,0.0028401,0.04823608373105871,-3.03164791,35.799,11.165,686,279.756,60.874,191.599,0
173.972,447.122,0.00223653,2.10312790235941,0.74342571,47.571,14.339,1029,242.125,57.706,132.56,0
94.593,367.743,0.00271929,0.1026912043676385,-2.27602881,40.034,2.385,291,183.172,46.058,209.015,0
81.563,354.713,0.00281918,0.05497959681751925,-2.90079313,41.431,7.103,150,21.188,42.215,184.953,0
168.029,441.179,0.00226665,1.741927370715066,0.55499218,47.97,5.918,743,267.111,46.452,125.06,1
40.173,313.323,0.00319159,0.005353200694643657,-5.23006064,42.643,1.879,961,255.535,60.816,127.087,0
158.369,431.519,0.0023174,1.268239376852899,0.23762962,44.99,6.875,231,21.519,55.788,235.8,0
126.334,399.484,0.00250323,0.3966616133663388,-0.92467172,42.301,14.503,220,100.868,57.922,136.475,0
36.732,309.882,0.00322703,0.004288914201921439,-5.45172168,36.37,3.855,561,220.431,46.86,202.975,0
46.172,319.322,0.00313164,0.007788994224744406,-4.85504354,41.187,3.759,1112,191.103,48.721,218.712,0
40.715,313.865,0.00318608,0.005540949774269434,-5.19558935,38.035,4.435,765,166.67,49.234,78.353,0
136.297,409.447,0.00244232,0.5805928239475793,-0.54370559,44.634,11.561,358,293.876,46.388,181.1,0
76.028,349.178,0.00286387,0.04157332891945679,-3.18029645,35.659,4.899,926,245.652,61.325,232.872,0
120.594,393.744,0.00253972,0.3157161327136433,-1.15291178,45.252,3.637,554,93.144,58.588,112.742,0
89.263,362.413,0.00275928,0.07996529172296471,-2.52616259,38.712,12.205,499,287.453,43.457,51.401,0
116.928,390.078,0.00256359,0.2719333637489909,-1.30219823,41.777,3.015,1102,229.227,42.198,164.255,0
55.207,328.357,0.00304547,0.01335190558220093,-4.31609616,39.684,6.536,180,178.037,61.64,81.099,0
144.926,418.076,0.00239191,0.7957880766570642,-0.22842236,44.814,9.116,809,193.147,58.239,29.241,0
55.406,328.556,0.00304362,0.0135068377489083,-4.30455922,42.397,9.272,363,276.572,54.065,55.566,0
105.756,378.906,0.00263918,0.1694904208758098,-1.77495887,41.497,11.217,1058,46.298,48.272,228.53,0
171.032,444.182,0.00225133,1.917146602987622,0.65083794,51.509,4.102,757,154.089,47.315,25.478,1
55.173,328.323,0.00304578,0.01332559444335027,-4.3180687,42.857,5.712,571,23.856,49.128,154.84,0
178.953,452.103,0.00221189,2.453563004266716,0.89754126,56.78,12.095,918,192.818,55.729,77.698,1
45.758,318.908,0.0031357,0.007593438274934246,-4.88047079,42.078,12.67,317,92.046,56.89,146.259,0
119.166,392.316,0.00254897,0.297979402349035,-1.21073091,47.001,7.192,406,100.33,42.424,34.19,0
157.893,431.043,0.00231995,1.248101671059419,0.22162373,43.707,12.465,386,201.764,56.758,148.688,0
37.093,310.243,0.00322328,0.004390834189636969,-5.42823605,43.221,8.646,196,229.902,42.334,179.067,0
124.282,397.432,0.00251615,0.3658585853545182,-1.0055084,39.314,2.083,105,172.085,48.148,88.27,0
105.302,378.452,0.00264234,0.1661671999439458,-1.79476077,44.736,3.352,333,160.987,61.608,47.925,0
59.76,332.91,0.00300381,0.01732525370674553,-4.05559009,41.263,12.673,241,83.089,53.409,186.908,0
156.341,429.491,0.00232834,1.184345201604213,0.16919005,49.569,9.77,1142,213.224,56.934,69.048,1
101.761,374.911,0.0026673,0.1421528159417643,-1.95085263,38.485,6.466,1185,285.012,56.502,214.72,0
89.946,363.096,0.00275409,0.08260380111124666,-2.49369958,37.588,13.81,410,125.116,51.021,247.384,0
178.442,451.592,0.00221439,2.41545352804858,0.88188707,50.523,5.41,755,27.176,58.819,163.979,1
57.272,330.422,0.00302643,0.01503980792504478,-4.19705473,43.811,3.914,615,262.452,47.721,180.355,0
172.905,446.055,0.00224188,2.033918802515059,0.70996438,50.402,8.3,1068,86.898,44.741,122.423,1
173.913,447.063,0.00223682,2.099248941088541,0.74157963,50.757,2.379,1142,223.199,47.376,175.672,1
113.803,386.953,0.00258429,0.2389054372644785,-1.43168747,44.03,12.091,823,127.151,60.502,45.371,0
159.45,432.6,0.0023116,1.315015296632108,0.2738483,45.232,10.131,1193,167.934,47.736,25.68,0
113.846,386.996,0.00258401,0.2393348878165188,-1.4298915,42.433,5.264,264,190.855,49.703,36.857,0
79.513,352.663,0.00283557,0.04962354303082199,-3.0032899,45.453,5.409,243,65.894,51.238,221.42,0
163.554,436.704,0.00228988,1.50639498079825,0.40971937,51.674,6.373,531,222.971,49.753,233.844,1
108.98,382.13,0.00261691,0.1948173817210848,-1.63569266,42.843,1.727,1136,258.829,52.098,235.437,0
164.87,438.02,0.002283,1.572629477783742,0.45274905,53.266,6.524,1136,45.897,51.939,144.554,1
128.073,401.223,0.00249238,0.42451298548391,-0.85681268,46.679,5.99,833,260.956,57.878,45.214,1
145.655,418.805,0.00238775,0.8167831857607413,-0.2023816,42.017,5.354,482,269.782,59.89,225.8,0
138.867,412.017,0.00242708,0.6386344952732532,-0.44842298,45.319,10.935,1037,139.042,61.969,87.279,0
107.305,380.455,0.00262843,0.1812727326854631,-1.70775257,46.608,5.549,295,227.276,52.359,67.359,0
110.467,383.617,0.00260677,0.2075780286425487,-1.57224797,43.833,3.391,347,89.662,42.999,47.446,0
150.404,423.554,0.00236097,0.9656676314319642,-0.03493557,42.801,5.027,387,19.52,59.921,45.251,0
148.886,422.036,0.00236947,0.9157157292105025,-0.0880493,50.623,2.903,194,70.777,57.495,180.147,1
148.27,421.42,0.00237293,0.8960923137175486,-0.10971184,49.73,13.846,824,99.363,57.612,73.447,0
99.056,372.206,0.00268668,0.125921888053897,-2.0720935,38.865,2.014,1150,179.218,46.79,126.192,0
54.433,327.583,0.00305266,0.01276431651057755,-4.36110177,35.143,8.654,662,193.638,57.643,199.123,0
156.446,429.596,0.00232777,1.188568188743947,0.17274938,51.81,13.769,780,120.559,56.631,105.473,1
140.139,413.289,0.00241961,0.6691800942196674,-0.40170206,40.989,3.523,211,144.946,43.148,54.424,0
122.295,395.445,0.0025288,0.3380423965239018,-1.08458396,38.48,11.105,888,106.362,47.294,112.157,0
45.328,318.478,0.00313993,0.007395003383359643,-4.90695073,35.419,1.318,1143,147.212,48.592,73.28,0
98.471,371.621,0.00269091,0.1226346179595215,-2.09854593,41.125,8.7,894,122.944,51.467,30.984,0
177.222,450.372,0.00222039,2.32651031038894,0.84436942,48.169,13.152,1039,178.249,45.941,190.878,0
146.96,420.11,0.00238033,0.8555667979939485,-0.15599111,48.068,8.102,682,30.409,42.08,153.86,0
118.395,391.545,0.00255398,0.2887703017432721,-1.24212371,46.577,1.928,1186,248.687,54.355,55.991,1
50.598,323.748,0.00308882,0.01018062070449604,-4.5872693,44.84,5.761,733,205.028,43.199,107.744,0
61.791,334.941,0.0029856,0.0194158029239542,-3.94166796,36.546,12.841,349,207.156,53.741,56.839,0
130.172,403.322,0.00247941,0.4603882169225104,-0.7756852,48.325,1.764,811,199.534,44.425,106.543,1
64.709,337.859,0.00295981,0.02281379046856319,-3.78039008,43.227,11.345,183,185.457,57.692,33.014,0
175.737,448.887,0.00222773,2.2220435013428,0.79842727,55.773,2.087,144,86.348,58.594,73.65,1
85.538,358.688,0.00278794,0.06684439954041765,-2.70538776,41.13,7.212,743,63.911,48.868,8.835,0
168.993,442.143,0.00226171,1.796610332388626,0.58590174,47.584,4.789,122,119.399,54.927,52.941,1
61.267,334.417,0.00299028,0.01885593554566065,-3.97092753,37.504,2.599,191,93.42,44.855,152.386,0
99.823,372.973,0.00268116,0.1303493473408032,-2.03753715,41.493,3.625,833,67.699,48.488,210.456,0
44.957,318.107,0.0031436,0.007227551952702905,-4.9298549,37.323,1.665,693,36.975,53.514,64.945,0
63.888,337.038,0.00296702,0.02180786859672449,-3.82548443,38.831,7.041,1173,96.38,54.162,75.684,0
98.734,371.884,0.00268901,0.1241030085421438,-2.08664334,36.842,14.383,874,255.211,62.156,52.979,0
93.315,366.465,0.00272877,0.09677743219775455,-2.33534145,38.751,6.962,744,240.955,53.91,115.695,0
80.443,353.593,0.00282811,0.05199310934627099,-2.95664408,38.526,4.109,839,28.677,48.033,130.888,0
56.904,330.054,0.00302981,0.01472571755273018,-4.21815982,35.785,12.449,459,113.304,50.564,6.982,0
85.47,358.62,0.00278847,0.06662375248376068,-2.70869412,37.434,14.677,425,182.662,56.297,59.427,0
59.812,332.962,0.00300335,0.01737616241127214,-4.05265599,39.088,2.276,853,220.692,44.986,128.256,0
92.648,365.798,0.00273375,0.09381205982984078,-2.36646186,43.178,12.129,256,148.051,43.876,118.753,0
61.925,335.075,0.00298441,0.01956133735121797,-3.93420024,40.188,12.676,586,90.252,56.215,93.304,0
141.346,414.496,0.00241257,0.6993291607796577,-0.35763375,46.225,3.702,754,130.803,58.423,162.53,1
46.642,319.792,0.00312703,0.008016473646984055,-4.82625665,41.455,12.376,138,137.719,48.073,13.092,0
128.087,401.237,0.00249229,0.4247439491471389,-0.85626876,39.921,9.95,987,125.759,58.611,127.495,0
97.619,370.769,0.0026971,0.1179822800103752,-2.13722084,46.073,12.561,390,127.364,52.846,206.178,0
144.177,417.327,0.0023962,0.7747055090344114,-0.25527231,50.043,11.351,451,16.581,55.536,193.726,0
88.288,361.438,0.00276673,0.07632788425464253,-2.57271695,44.337,2.09,979,79.652,58.675,37.677,1
33.097,306.247,0.00326534,0.003375235818255793,-5.69129009,36.513,9.13,741,21.214,47.851,202.122,0
171.366,444.516,0.00224964,1.937537965038913,0.66141808,52.307,7.573,1132,139.197,53.859,175.305,1
136.183,409.333,0.002443,0.5781280794030921,-0.54795984,43.947,3.427,849,295.523,55.091,144.345,0
97.664,370.814,0.00269677,0.1182240529490119,-2.1351737,36.784,1.361,815,135.454,59.244,87.697,0
82.767,355.917,0.00280964,0.05835878396524215,-2.84114539,41.285,1.529,619,235.925,57.404,101.715,0
59.976,333.126,0.00300187,0.01753759733700954,-4.04340828,39.879,1.791,742,176.687,53.434,43.746,0
101.027,374.177,0.00267253,0.1375761128201802,-1.98357797,39.199,11.296,219,229.763,55.581,31.986,0
172.929,446.079,0.00224176,2.035453779305487,0.71071878,51.637,14.077,979,83.385,61.875,164.333,1
146.41,419.56,0.00238345,0.8390311275891036,-0.17550747,48.078,4.779,314,118.395,46.322,243.872,1
178.473,451.623,0.00221424,2.417750934655447,0.88283774,55.406,8.688,702,37.044,55.151,199.016,1
65.28,338.43,0.00295482,0.02353759704469859,-3.74915626,38.025,5.805,981,229.0,53.633,133.2,0
137.61,410.76,0.00243451,0.6096457556365735,-0.49487722,41.514,4.211,863,124.088,42.033,136.598,0
173.744,446.894,0.00223767,2.088171935334136,0.73628901,53.77,3.075,457,281.974,57.306,115.384,1
138.32,411.47,0.00243031,0.6258758375676599,-0.46860327,48.7,7.098,511,148.867,42.877,110.242,1
175.024,448.174,0.00223128,2.173330240906135,0.77626066,52.701,5.092,998,204.461,47.567,106.335,1
43.971,317.121,0.00315337,0.006798948063579525,-4.99098738,35.923,2.991,652,206.617,49.758,29.867,0
101.441,374.591,0.00266958,0.1401413056054195,-1.96510404,36.94,8.811,1079,101.075,51.558,41.225,0
119.773,392.923,0.00254503,0.3054093162582334,-1.18610238,39.546,7.749,146,269.61,59.628,157.135,0
176.071,449.221,0.00222608,2.245182617590408,0.80878686,50.199,12.158,301,53.835,41.918,110.278,0
57.007,330.157,0.00302886,0.01481303195464077,-4.21224795,35.52,6.116,1095,81.75,46.434,59.118,0
49.32,322.47,0.00310106,0.009430238865513406,-4.66383385,42.372,5.258,806,55.659,59.513,100.896,0
135.485,408.635,0.00244717,0.5632342859674546,-0.5740596,45.835,11.02,510,173.629,43.34,138.366,0
176.637,449.787,0.00222327,2.284865620339533,0.82630721,51.815,13.448,717,60.113,44.945,54.867,1
44.462,317.612,0.0031485,0.007009438421636218,-4.96049769,44.613,7.287,1085,79.007,45.679,100.114,0
85.157,358.307,0.0027909,0.06561641992145646,-2.72392931,40.508,12.089,1113,286.932,53.396,76.067,0
50.992,324.142,0.00308507,0.01042251775484208,-4.56378664,37.008,2.717,428,293.341,60.882,111.97,0
139.827,412.977,0.00242144,0.6615727880592867,-0.41313527,49.773,5.293,732,128.334,46.034,172.303,1
146.445,419.595,0.00238325,0.8400750905849388,-0.174264,45.301,2.902,545,42.734,48.635,194.253,0
116.447,389.597,0.00256675,0.2666031780690966,-1.32199395,38.09,8.399,143,187.827,47.211,173.748,0
40.841,313.991,0.0031848,0.00558543600229194,-5.18759278,43.437,5.288,920,285.045,52.165,233.074,0
37.737,310.887,0.0032166,0.004578084090896837,-5.38647469,44.383,12.79,1055,207.022,46.188,110.266,0
30.751,303.901,0.00329055,0.002882928752242403,-5.84894857,42.455,1.63,667,128.516,58.323,64.878,0
91.29,364.44,0.00274394,0.088021469701233,-2.43017452,41.115,2.918,963,192.72,51.24,118.585,0
155.034,428.184,0.00233544,1.13285246273469,0.12473876,49.797,1.208,1145,48.223,56.102,36.599,1
117.874,391.024,0.00255739,0.2826891619102808,-1.26340735,44.672,5.273,760,174.017,59.822,45.506,0
104.007,377.157,0.00265142,0.1570005300577674,-1.8515061,42.535,7.57,626,289.563,44.102,8.005,0
96.338,369.488,0.00270645,0.1112800752855766,-2.19570505,36.078,13.68,338,103.808,56.995,87.71,0
167.097,440.247,0.00227145,1.690424993887387,0.52497997,51.499,11.828,298,36.18,42.208,221.075,1
137.725,410.875,0.00243383,0.6122494896917039,-0.49061542,44.825,3.626,160,142.514,47.85,206.098,0
103.482,376.632,0.00265511,0.1534129265181385,-1.87462213,40.422,9.85,1196,159.766,51.794,13.133,0
89.899,363.049,0.00275445,0.08241980003791366,-2.49592958,43.398,9.096,415,50.508,53.998,135.039,0
95.649,368.799,0.0027115,0.1078159720476433,-2.22732947,39.112,12.309,974,132.722,50.922,174.25,0
169.277,442.427,0.00226026,1.812998653556497,0.59498219,47.207,3.828,593,80.682,51.948,39.147,1
79.619,352.769,0.00283472,0.04988869468811839,-2.99796086,38.867,6.601,1158,33.171,47.6,88.909,0
96.589,369.739,0.00270461,0.112566210300397,-2.18421369,36.951,8.735,593,70.089,58.957,70.828,0
153.185,426.335,0.00234557,1.063311861998251,0.06138844,46.368,10.229,591,28.121,47.654,101.825,0
152.102,425.252,0.00235155,1.024317897083967,0.02402692,51.574,13.688,1069,31.596,61.703,192.57,1
112.057,385.207,0.00259601,0.2220282738335533,-1.50495055,46.829,4.641,447,279.823,50.856,88.971,0
143.834,416.984,0.00239817,0.7652135910101481,-0.26760028,47.434,2.082,256,275.191,47.678,165.016,1
78.818,351.968,0.00284117,0.04791580781673371,-3.03830981,37.563,8.292,975,163.978,42.973,39.841,0
171.546,444.696,0.00224873,1.948604272456109,0.66711336,47.154,7.633,995,68.842,45.946,106.715,0
145.691,418.841,0.00238754,0.8178322940790603,-0.20109798,48.87,6.152,147,68.644,60.677,141.777,1
173.112,446.262,0.00224084,2.047190670940287,0.71646845,50.954,10.363,380,121.393,56.603,67.347,1
67.157,340.307,0.00293852,0.02606341830454106,-3.64722255,44.374,8.235,761,95.787,61.455,87.614,0
68.022,341.172,0.00293107,0.02730665668962985,-3.60062477,44.519,4.978,312,262.848,61.662,242.223,0
34.618,307.768,0.0032492,0.003733689217554223,-5.59035847,44.958,1.478,144,214.6,59.489,244.414,0
170.01,443.16,0.00225652,1.855891018369303,0.61836491,51.443,5.06,785,269.808,54.795,44.047,1
90.427,363.577,0.00275045,0.08450785167734881,-2.47091083,40.076,1.794,1104,258.772,55.628,227.946,0
32.093,305.243,0.00327608,0.003155951119630441,-5.75846536,44.181,2.98,461,192.966,45.262,176.374,0
57.711,330.861,0.00302242,0.01542232497221867,-4.17193915,43.403,10.217,971,18.335,42.732,95.756,0
138.724,411.874,0.00242793,0.635277441838587,-0.45369346,43.801,14.437,747,171.196,43.116,6.395,0
116.691,389.841,0.00256515,0.2692955129637674,-1.31194594,40.456,12.356,775,298.12,54.401,92.13,0
118.583,391.733,0.00255276,0.2909925757833326,-1.23445752,42.968,12.201,204,152.759,46.689,179.58,0
59.241,332.391,0.00300851,0.01682440129757761,-4.08492499,36.239,10.224,574,271.543,44.036,64.968,0
72.976,346.126,0.00288912,0.03549944806333692,-3.33823813,41.675,7.63,826,30.803,49.417,245.226,0
144.951,418.101,0.00239177,0.7965002546944842,-0.22752783,47.958,14.387,898,141.767,48.155,184.819,0
84.781,357.931,0.00279383,0.06442418081082438,-2.74226624,37.206,11.725,644,89.254,61.743,79.31,0
69.312,342.462,0.00292003,0.02925895985463917,-3.53156943,44.7,8.005,1025,281.122,51.686,142.073,0
78.946,352.096,0.00284013,0.04822635055859641,-3.03184972,43.149,10.438,1123,148.321,49.92,188.092,0
65.449,338.599,0.00295335,0.02375571537325944,-3.73993213,44.567,9.606,129,290.286,61.409,73.232,0
172.445,445.595,0.00224419,2.004689624471228,0.69548925,47.479,2.335,1188,84.849,51.885,6.039,1
161.728,434.878,0.0022995,1.418475467959783,0.34958268,52.551,4.365,633,58.983,52.022,38.012,1
47.212,320.362,0.00312147,0.008300344793117953,-4.79145822,39.423,10.446,683,165.266,45.6,198.845,0
71.088,344.238,0.00290497,0.03214994103644891,-3.43734466,41.656,3.071,743,130.749,43.793,124.464,0
98.438,371.588,0.00269115,0.1224514565847457,-2.1000406,39.233,1.624,710,148.862,42.954,81.287,0
51.695,324.845,0.00307839,0.0108669534504087,-4.52202889,35.544,13.572,1193,273.864,54.628,210.527,0
107.496,380.646,0.00262711,0.1827742387421792,-1.69950356,46.383,8.348,1114,126.118,46.083,128.857,0
179.223,452.373,0.00221057,2.47390597895917,0.90579827,48.035,13.588,643,55.038,42.055,149.004,0
96.975,370.125,0.00270179,0.1145696738164794,-2.16657214,40.235,3.76,196,291.12,54.991,36.795,0
117.605,390.755,0.00255915,0.2795934685924324,-1.27441863,39.623,1.311,158,19.586,58.759,221.853,0
64.436,337.586,0.00296221,0.02247480057266581,-3.79536057,44.689,1.722,855,197.286,57.058,100.794,1
94.548,367.698,0.00271962,0.1024776780083728,-2.27811028,41.276,14.616,833,145.082,50.873,89.562,0
157.671,430.821,0.00232115,1.238804384910911,0.21414671,44.225,11.381,493,194.085,50.406,177.434,0
104.31,377.46,0.00264929,0.1591044917595656,-1.83819411,36.498,2.261,525,82.651,57.397,5.581,0
155.018,428.168,0.00233553,1.132234270572026,0.12419291,42.969,8.555,826,241.745,56.27,97.457,0
65.048,338.198,0.00295685,0.02324107736805218,-3.76183399,44.211,4.21,343,91.083,50.144,149.459,0
138.564,411.714,0.00242887,0.6315394711598159,-0.45959484,44.67,12.745,703,43.322,55.529,147.457,0
69.776,342.926,0.00291608,0.02999099926301723,-3.50685797,43.334,13.881,192,192.95,49.971,60.1,0
148.376,421.526,0.00237233,0.8994429177743573,-0.10597969,50.257,9.673,909,150.816,48.501,246.604,1
127.258,400.408,0.00249745,0.4112548759433003,-0.88854212,46.466,14.52,253,233.172,50.19,5.812,0
142.822,415.972,0.00240401,0.7377932334151379,-0.30409167,44.92,10.763,271,106.689,59.658,169.869,0
128.017,401.167,0.00249273,0.4235902252527417,-0.85898874,47.266,13.573,1012,41.876,52.25,104.29,0
126.907,400.057,0.00249964,0.4056571156382977,-0.90224702,42.494,7.146,584,134.744,61.495,213.546,0
82.427,355.577,0.00281233,0.05738636719631021,-2.85794851,38.639,8.214,882,137.319,61.253,58.811,0
64.973,338.123,0.0029575,0.02314593485156457,-3.76593611,37.801,11.54,488,278.03,46.991,16.561,0
70.392,343.542,0.00291085,0.03098802309437508,-3.4741545,41.249,6.562,444,153.804,51.92,99.157,0
70.522,343.672,0.00290975,0.03120216558432562,-3.46726778,40.894,11.754,174,251.36,44.532,111.366,0
68.217,341.367,0.0029294,0.02759411675251333,-3.59015269,36.642,2.79,1094,34.986,50.77,114.191,0
54.161,327.311,0.0030552,0.01256339009767007,-4.37696824,41.754,4.179,766,159.637,60.304,166.941,0
119.569,392.719,0.00254635,0.3028944080879973,-1.19437102,38.872,1.216,100,289.054,59.327,218.31,0
80.69,353.84,0.00282614,0.05263907506456696,-2.94429656,43.268,2.944,140,189.448,45.903,124.455,0
148.393,421.543,0.00237224,0.8999812861546346,-0.10538131,47.545,13.139,871,27.408,49.13,238.806,0
87.338,360.488,0.00277402,0.07292528642082198,-2.61831984,38.856,8.896,365,185.2,51.115,16.663,0
59.994,333.144,0.0030017,0.01755539716059231,-4.04239385,42.621,13.325,248,28.562,52.343,9.097,0
156.863,430.013,0.00232551,1.205467969094417,0.18686785,46.381,1.886,931,197.767,55.577,49.172,1
52.174,325.324,0.00307386,0.01117942809761359,-4.49367997,35.535,10.692,946,231.777,48.871,204.064,0
112.856,386.006,0.00259063,0.2296171704812043,-1.47134183,47.056,10.363,1100,223.58,46.075,38.739,0
105.203,378.353,0.00264303,0.1654501867429609,-1.79908512,43.058,10.149,419,244.686,48.792,60.586,0
102.466,375.616,0.00266229,0.1466743175239043,-1.91954068,36.452,10.858,571,65.843,48.525,157.937,0
73.172,346.322,0.00288749,0.03586435261561393,-3.32801144,37.109,9.938,422,286.957,61.317,10.189,0
168.11,441.26,0.00226624,1.746466412835734,0.55759455,54.804,13.577,990,295.033,49.691,8.119,1
60.563,333.713,0.00299659,0.01812645591059721,-4.01038276,44.517,3.789,400,255.994,51.419,68.049,0
159.71,432.86,0.00231022,1.32648495898514,0.28253256,48.303,7.349,530,145.329,46.56,39.304,1
86.188,359.338,0.0027829,0.06898639691335412,-2.67384594,39.78,9.682,220,227.407,43.199,49.314,0
112.877,386.027,0.00259049,0.229819657255534,-1.47046038,44.272,6.577,198,269.168,43.909,165.84,0
111.375,384.525,0.00260061,0.2157255412864211,-1.53374832,40.017,11.899,1134,253.829,51.261,195.33,0
31.779,304.929,0.00327945,0.003090058755812549,-5.77956517,43.461,2.623,779,37.238,44.185,153.097,0
34.197,307.347,0.00325365,0.003631187667954009,-5.6181955,36.852,8.813,557,52.818,59.238,161.414,0
91.709,364.859,0.00274078,0.08977345945646334,-2.4104659,36.847,1.387,1098,246.612,53.025,59.213,0
47.203,320.353,0.00312156,0.008295793413319682,-4.79200671,37.974,13.096,1066,272.284,60.212,138.152,0
59.641,332.791,0.00300489,0.01720925223757304,-4.06230812,42.053,1.214,437,292.799,47.487,88.77,0
153.686,426.836,0.00234282,1.081780046242518,0.07860788,49.186,14.253,1154,173.1,56.084,89.15,0
67.523,340.673,0.00293537,0.02658316519378364,-3.62747715,42.615,2.275,728,288.619,45.062,173.109,0
111.695,384.845,0.00259845,0.2186630193805622,-1.52022346,46.227,12.195,496,28.635,58.008,53.93,0
60.475,333.625,0.00299738,0.01803706689936159,-4.01532637,40.139,12.504,756,299.804,49.569,28.752,0
156.557,429.707,0.00232717,1.193046607056399,0.17651021,46.305,11.398,1109,212.805,48.752,28.955,0
92.228,365.378,0.00273689,0.09198624527366393,-2.38611622,36.934,7.003,845,223.489,55.379,6.177,0
83.441,356.591,0.00280433,0.06032972145578589,-2.8079304,36.431,9.557,696,207.696,56.26,14.625,0
135.594,408.744,0.00244652,0.5655378939118682,-0.56997798,44.869,12.962,233,65.777,55.641,176.026,0
153.021,426.171,0.00234648,1.057325849469762,0.05574294,48.109,7.42,430,268.207,42.342,233.64,0
73.105,346.255,0.00288804,0.03573924136206195,-3.331506,37.775,12.456,924,149.603,44.114,81.412,0
142.257,415.407,0.00240728,0.7228582298947428,-0.32454216,49.811,4.347,111,197.579,58.89,55.659,1
159.473,432.623,0.00231148,1.316026463344104,0.27461694,50.788,7.832,857,261.666,51.546,157.42,1
39.517,312.667,0.00319829,0.005133630371484304,-5.2719422,40.106,4.759,157,187.971,60.69,74.329,0
141.4,414.55,0.00241225,0.7007050971392333,-0.35566817,41.974,6.445,440,30.586,53.396,150.406,0
38.464,311.614,0.0032091,0.004798084715494571,-5.33953846,43.288,11.359,166,198.302,59.019,238.904,0
52.546,325.696,0.00307035,0.01142762955701243,-4.47172121,37.931,5.495,497,91.059,49.331,82.758,0
160.113,433.263,0.00230807,1.344433261039628,0.29597256,50.768,8.205,563,163.005,59.644,80.649,1
145.868,419.018,0.00238653,0.8230074023579635,-0.19479008,47.95,6.154,682,123.385,55.406,198.981,1
165.057,438.207,0.00228203,1.582241437306339,0.45884247,51.251,10.996,741,98.079,45.321,52.749,1
129.264,402.414,0.002485,0.444557434772927,-0.81067602,46.984,5.685,624,50.706,47.589,41.395,1
41.626,314.776,0.00317686,0.005869903627143901,-5.13791706,41.622,6.159,160,222.81,43.342,80.695,0
44.318,317.468,0.00314992,0.006947107432238028,-4.9694299,35.421,2.211,1038,20.276,56.853,208.212,0
65.897,339.047,0.00294944,0.02434267023599801,-3.71552449,37.221,1.535,504,50.603,50.237,95.076,0
173.997,447.147,0.0022364,2.104773381937465,0.7442078,49.365,10.086,853,128.033,45.087,236.021,0
57.544,330.694,0.00302394,0.01527579838504333,-4.18148551,43.18,5.861,397,33.32,51.545,229.648,0
164.669,437.819,0.00228405,1.562353940662249,0.44619362,48.384,14.575,104,36.47,57.889,103.71,0
166.746,439.896,0.00227326,1.671370794550149,0.51364412,48.546,3.425,519,33.236,52.824,20.419,1
177.928,451.078,0.00221691,2.377632375469739,0.86610519,54.276,3.013,190,224.658,42.498,195.003,1
68.252,341.402,0.0029291,0.02764599654241261,-3.58827435,35.453,3.503,443,262.765,42.958,128.743,0
115.089,388.239,0.00257573,0.252044997880553,-1.37814764,41.01,3.818,535,78.584,52.488,107.618,0
110.004,383.154,0.00260992,0.2035284172545451,-1.59194964,40.978,10.157,788,35.011,42.81,127.623,0
31.596,304.746,0.00328142,0.003052231700624656,-5.79188225,44.422,8.76,143,299.992,57.787,21.022,0
35.782,308.932,0.00323696,0.004030808757756468,-5.51378824,41.083,4.352,662,91.564,60.66,61.367,0
70.233,343.383,0.0029122,0.03072788952182142,-3.48258458,41.414,14.734,1138,145.885,54.229,66.359,0
176.838,449.988,0.00222228,2.299101741457511,0.8325185,47.162,3.658,385,295.842,47.399,162.688,1
122.337,395.487,0.00252853,0.338610673775941,-1.08290429,41.519,12.413,1178,199.99,54.566,7.932,0
142.8,415.95,0.00240414,0.7372067269990048,-0.30488693,47.972,12.765,149,199.145,61.795,228.916,0
176.92,450.07,0.00222188,2.304931282715598,0.83505086,55.878,2.856,687,207.11,57.433,112.44,1
36.349,309.499,0.00323103,0.004183117652167896,-5.47669846,41.921,5.798,574,101.612,46.937,236.913,0
58.84,331.99,0.00301214,0.01644632708512451,-4.1076531,44.879,4.208,735,37.004,55.34,73.512,0
146.49,419.64,0.00238299,0.8414189811559861,-0.17266555,47.329,14.58,491,206.901,60.54,54.423,0
56.885,330.035,0.00302998,0.01470966139900333,-4.21925076,39.486,14.148,598,221.076,50.947,23.754,0
177.157,450.307,0.00222071,2.32185127121811,0.84236483,54.412,11.208,470,25.551,43.854,124.719,1
153.013,426.163,0.00234652,1.0570345949304,0.05546744,47.307,8.491,313,139.722,51.558,82.35,0
141.251,414.401,0.00241312,0.6969142199808603,-0.36109295,40.308,7.136,167,172.142,61.839,201.034,0
41.89,315.04,0.0031742,0.005968459284589639,-5.12126646,44.773,9.21,353,47.118,54.93,149.767,0
129.394,402.544,0.0024842,0.4467944478101834,-0.80565664,45.408,9.529,636,121.549,45.555,163.678,0
124.333,397.483,0.00251583,0.3665980780685525,-1.00348919,38.801,12.423,1123,166.602,60.938,150.606,0
67.906,341.056,0.00293207,0.02713692321234445,-3.60686,38.12,8.508,1114,109.202,48.224,187.382,0
108.767,381.917,0.00261837,0.1930471104800327,-1.64482102,37.574,7.091,872,283.18,52.012,12.24,0
97.465,370.615,0.00269822,0.1171581737484632,-2.14423034,39.952,1.103,844,82.898,60.958,61.274,0
43.192,316.342,0.00316114,0.006476628286138438,-5.03955523,41.051,9.521,289,15.733,45.048,103.931,0
121.446,394.596,0.00253424,0.3267323381081074,-1.11861398,41.652,5.703,440,273.652,52.617,40.228,0
72.735,345.885,0.00289113,0.03505529272923742,-3.35082867,36.426,7.752,1140,29.206,56.628,194.658,0
96.811,369.961,0.00270299,0.1137146526329592,-2.17406302,37.172,13.231,631,298.058,56.003,46.969,0
64.701,337.851,0.00295988,0.02280379219824087,-3.78082843,43.204,6.955,1036,257.724,51.36,45.272,0
162.28,435.43,0.00229658,1.444575052924298,0.3678152,47.054,7.162,407,192.518,54.618,58.928,0
169.429,442.579,0.00225948,1.821822474373843,0.59983736,49.563,8.727,827,217.414,60.309,243.724,1
150.158,423.308,0.00236235,0.9574162108326997,-0.04351707,44.03,11.033,644,65.135,49.52,165.563,0
160.454,433.604,0.00230625,1.359783305185507,0.30732535,44.38,9.329,118,18.075,47.235,28.71,0
54.973,328.123,0.00304764,0.01317176021349915,-4.32968012,42.113,14.147,837,142.612,50.272,55.522,0
42.443,315.593,0.00316864,0.006179741808406771,-5.08647879,40.68,9.34,935,145.42,60.395,97.321,0
59.953,333.103,0.00300207,0.01751487658488364,-4.04470467,44.16,1.628,1047,233.927,46.268,96.916,0
66.012,339.162,0.00294844,0.02449540969216748,-3.70926954,40.328,6.564,778,158.585,53.549,175.994,0
160.543,433.693,0.00230578,1.363814374634729,0.31028546,47.652,7.696,269,206.508,43.166,123.072,0
122.281,395.431,0.00252889,0.3378531560011145,-1.08514393,42.186,12.469,753,193.898,53.697,202.213,0
58.899,332.049,0.0030116,0.01650147310569314,-4.10430562,37.788,4.713,813,199.396,49.618,7.585,0
50.64,323.79,0.00308842,0.0102061648052587,-4.58476335,44.257,4.986,228,199.099,44.819,96.396,0
79.432,352.582,0.00283622,0.04942177068496118,-3.00736425,40.776,9.501,975,210.779,58.264,187.515,0
50.092,323.242,0.00309366,0.009877348348964582,-4.61751119,42.927,5.46,968,107.413,46.116,196.982,0
86.301,359.451,0.00278202,0.06936491018521611,-2.66837416,44.741,1.951,1069,91.373,52.666,6.191,1
60.226,333.376,0.00299962,0.01778626625214643,-4.02932868,40.902,4.243,391,61.344,51.383,74.534,0
32.411,305.561,0.00327267,0.003223972562306819,-5.73714096,38.107,8.757,1171,123.831,58.612,219.339,0
91.353,364.503,0.00274346,0.08828295038641067,-2.42720828,39.433,3.627,1023,27.755,58.676,96.025,0
77.784,350.934,0.00284954,0.0454715658129688,-3.09066808,42.699,12.174,1056,231.617,57.386,87.437,0
145.449,418.599,0.00238892,0.8108023432204534,-0.20973097,43.739,2.395,663,138.946,49.16,242.914,0
129.912,403.062,0.00248101,0.4558057775545538,-0.78568849,40.39,10.416,1173,250.92,45.369,201.972,0
113.724,386.874,0.00258482,0.2381182062995876,-1.43498806,45.717,2.743,510,94.764,47.092,126.754,0
81.505,354.655,0.00281964,0.05482128488311044,-2.90367675,44.283,11.364,399,106.616,42.791,230.903,0
146.87,420.02,0.00238084,0.8528418122747455,-0.1591812,45.896,8.932,363,152.855,61.083,143.626,0
47.012,320.162,0.00312342,0.00819972971579827,-4.80365409,35.421,1.997,1058,219.115,54.01,181.188,0
57.958,331.108,0.00302016,0.01564134843637706,-4.15783733,36.404,11.296,769,277.898,48.262,103.339,0
157.626,430.776,0.00232139,1.236927096782143,0.21263016,52.54,9.154,450,259.447,57.49,134.704,1
135.942,409.092,0.00244444,0.5729474382659606,-0.5569613,45.962,9.807,403,29.974,57.671,89.945,0
104.816,377.966,0.00264574,0.1626733433749397,-1.81601112,39.431,9.097,546,105.721,44.491,5.877,0
136.87,410.02,0.00243891,0.5931202155103895,-0.52235818,46.916,12.895,422,285.444,46.625,247.767,0
40.116,313.266,0.00319218,0.005333792385718573,-5.23369278,42.359,1.949,1054,102.611,46.169,190.361,0
36.378,309.528,0.00323073,0.004191045282869854,-5.47480511,38.884,10.136,840,136.43,55.719,60.914,0
66.649,339.799,0.00294292,0.02535703144767775,-3.67469921,42.723,4.385,694,70.445,43.914,85.995,0
95.665,368.815,0.00271139,0.1078953240460457,-2.22659374,37.378,11.863,479,193.987,46.265,154.182,0
161.846,434.996,0.00229887,1.424020344958641,0.3534841,48.84,11.711,136,140.147,43.192,16.384,0
120.093,393.243,0.00254296,0.3093910563132264,-1.17314925,45.456,10.968,1127,280.439,57.073,181.481,0
48.181,321.331,0.00311206,0.008803690833796078,-4.73258423,38.202,5.54,617,210.837,58.571,177.427,0
67.998,341.148,0.00293128,0.02727146202266343,-3.60191447,38.963,4.333,1126,32.615,46.882,40.079,0
115.578,388.728,0.00257249,0.2572049219353887,-1.35788215,42.687,14.352,739,191.424,47.368,35.474,0
127.345,400.495,0.00249691,0.4126527267766077,-0.8851489,44.199,13.392,939,77.019,50.401,174.106,0
35.827,308.977,0.00323649,0.004042711565577357,-5.51083963,36.587,13.185,971,268.023,52.269,127.168,0
149.154,422.304,0.00236796,0.9243685546713167,-0.07864442,44.409,5.392,691,135.422,45.176,227.754,0
39.872,313.022,0.00319466,0.005251424856191085,-5.24925584,41.011,1.64,900,74.278,56.662,244.631,0
40.86,314.01,0.00318461,0.005592172048754628,-5.18638751,42.062,5.745,719,99.952,55.218,151.499,0
35.294,308.444,0.00324208,0.003903742808805519,-5.54581949,42.097,5.117,982,66.408,45.085,79.925,0
167.731,440.881,0.00226819,1.725315280153898,0.5454098,45.531,12.022,414,85.136,47.466,116.449,0
55.321,328.471,0.00304441,0.01344046493340524,-4.30948535,45.117,5.704,813,187.335,42.652,70.318,0
97.355,370.505,0.00269902,0.1165726372052618,-2.1492407,40.47,7.856,553,27.01,52.836,241.523,0
120.211,393.361,0.00254219,0.3108707343922805,-1.1683781,42.675,7.125,466,81.224,56.049,132.115,0
147.491,420.641,0.00237732,0.8717981444154251,-0.13719737,43.979,13.485,743,43.481,46.855,195.625,0
166.858,440.008,0.00227269,1.677430613997052,0.51726323,45.906,8.863,699,171.589,49.603,89.604,0
76.497,349.647,0.00286003,0.04258428435111787,-3.15627001,37.59,8.439,1008,288.649,42.703,221.321,0
163.572,436.722,0.00228979,1.507284469911638,0.41030967,51.775,12.337,934,127.93,52.06,135.849,1
171.793,444.943,0.00224748,1.963877922911213,0.67492105,46.881,8.734,319,227.108,52.952,167.488,0
116.933,390.083,0.00256356,0.2719892573345485,-1.30199271,43.624,12.109,980,218.619,45.38,14.36,0
149.578,422.728,0.00236559,0.9382025572106545,-0.06378941,47.401,2.939,224,267.711,57.166,199.938,1
152.368,425.518,0.00235008,1.033779036230732,0.03322106,50.789,1.37,1179,127.729,53.046,195.264,1
95.547,368.697,0.00271225,0.1073113120762434,-2.23202121,40.262,7.945,877,293.085,45.922,118.609,0
159.525,432.675,0.0023112,1.318315049312524,0.27635444,50.318,10.928,1062,15.421,51.732,234.967,1
164.67,437.82,0.00228404,1.562404919465334,0.44622625,52.965,13.781,729,237.81,60.407,168.641,1
71.242,344.392,0.00290367,0.03241221053772127,-3.42922006,42.019,4.067,1057,299.309,49.776,49.268,0
33.555,306.705,0.00326046,0.003479758256128099,-5.66079245,38.651,5.794,843,241.698,43.947,138.797,0
97.682,370.832,0.00269664,0.1183208843332146,-2.13435499,45.56,9.222,530,267.93,60.406,159.765,0
120.852,394.002,0.00253806,0.3190172280552356,-1.14251017,37.788,4.956,906,282.173,54.689,195.293,0
41.165,314.315,0.00318152,0.005701308256846426,-5.16705961,40.395,14.592,966,199.672,43.529,116.245,0
125.591,398.741,0.00250789,0.3852566883189468,-0.95384544,40.083,5.53,1028,192.022,50.919,28.467,0
116.815,389.965,0.00256433,0.2706728468771725,-1.30684439,47.251,10.314,536,211.447,48.663,23.828,0
131.339,404.489,0.00247226,0.4814541818002588,-0.73094421,46.616,11.736,399,265.636,47.602,237.7,0
87.586,360.736,0.00277211,0.07380034180127143,-2.60639192,38.381,11.172,778,213.438,57.582,50.966,0
147.316,420.466,0.00237831,0.8664196379575696,-0.14338592,41.662,9.514,1019,180.984,52.168,16.872,0
166.454,439.604,0.00227477,1.655660360980695,0.50419994,49.507,7.878,261,146.334,48.463,38.089,1
164.423,437.573,0.00228533,1.549856532922414,0.43816237,49.53,3.74,204,279.447,49.109,132.896,1
59.382,332.532,0.00300723,0.01695917434525628,-4.07694633,39.17,11.818,769,241.907,44.04,96.045,0
35.357,308.507,0.00324142,0.003919941249555329,-5.54167861,40.736,14.884,924,89.27,59.36,69.194,0
33.133,306.283,0.00326495,0.003383347792732515,-5.68888959,43.115,4.633,460,188.945,53.533,5.457,0
76.863,350.013,0.00285704,0.04338832476140037,-3.13756489,44.946,10.599,589,264.49,43.566,17.092,0
31.876,305.026,0.00327841,0.003110280255867688,-5.77304244,43.276,5.601,688,65.913,54.857,20.073,0
75.689,348.839,0.00286665,0.04085592863843486,-3.19770334,39.528,14.312,621,99.339,62.391,189.357,0
70.399,343.549,0.00291079,0.03099952043136125,-3.47378354,39.348,1.333,886,130.621,45.892,232.641,0
63.637,336.787,0.00296924,0.02150833446345551,-3.83931477,37.128,9.768,657,83.522,45.796,190.477,0
49.782,322.932,0.00309663,0.00969557535054367,-4.63608565,38.744,4.46,544,49.771,52.267,137.988,0
55.609,328.759,0.00304174,0.01366653996313185,-4.29280477,43.515,5.553,374,237.215,42.007,244.662,0
125.348,398.498,0.00250942,0.3815892957714404,-0.96341039,41.858,5.14,313,112.144,47.788,36.629,0
66.603,339.753,0.00294331,0.02529391782238015,-3.67719131,44.156,1.226,266,250.627,59.24,70.733,0
170.556,443.706,0.00225374,1.888404185850377,0.63573213,49.855,6.698,462,146.755,61.119,90.848,1
73.285,346.435,0.00288654,0.03607624371099331,-3.3221207,38.948,9.536,792,56.603,44.817,41.381,0
40.813,313.963,0.00318509,0.005575522500985579,-5.18936924,44.347,5.703,1043,234.032,50.366,107.229,0
77.775,350.925,0.00284961,0.04545078623435223,-3.09112516,41.901,9.98,913,122.049,57.808,163.845,0
166.374,439.524,0.00227519,1.651378346611602,0.5016103,46.561,12.922,1191,251.118,49.182,204.052,0
41.379,314.529,0.00317936,0.005779022219789041,-5.15352078,40.66,7.973,1059,214.149,47.819,231.939,0
37.946,311.096,0.00321444,0.004640380729866294,-5.37295886,44.073,5.043,1038,94.11,56.415,33.142,0
136.114,409.264,0.00244341,0.5766406823989105,-0.55053594,42.522,8.06,1091,198.575,42.367,89.058,0
68.801,341.951,0.0029244,0.02847121803733442,-3.5588616,42.151,6.271,824,294.888,60.163,197.738,0
107.337,380.487,0.00262821,0.1815235358023676,-1.70636996,45.292,8.312,549,100.273,45.245,12.199,0
76.426,349.576,0.00286061,0.0424298510601809,-3.15990313,44.214,8.636,348,11.702,60.474,12.258,0
140.761,413.911,0.00241598,0.6845727501950843,-0.37896036,48.881,2.162,314,228.362,47.522,108.195,1
110.261,383.411,0.00260817,0.2057676112272722,-1.58100785,39.328,7.89,424,296.181,54.787,238.387,0
91.023,364.173,0.00274595,0.08692086844481126,-2.44275713,35.966,5.473,485,145.846,59.473,23.492,0
47.075,320.225,0.0031228,0.008231304706370025,-4.79981075,37.839,1.062,575,240.421,47.375,160.104,0
173.69,446.84,0.00223794,2.084643114952162,0.73459767,47.156,12.685,366,296.111,50.624,60.433,0
115.204,388.354,0.00257497,0.2532502519811036,-1.37337714,47.136,13.571,643,185.286,43.6,19.503,0
93.425,366.575,0.00272795,0.09727434173800452,-2.33022003,39.241,14.317,401,139.46,42.551,146.664,0
56.25,329.4,0.00303582,0.01418197332866463,-4.2557836,44.743,3.513,799,210.016,58.806,162.249,0
47.968,321.118,0.00311412,0.00869075808751144,-4.74549511,44.56,11.726,105,288.907,50.658,198.316,0
53.51,326.66,0.00306129,0.0120939486002593,-4.41505007,43.12,10.369,1180,173.092,46.443,46.058,0
122.896,396.046,0.00252496,0.3462540289949738,-1.06058259,47.477,9.909,608,18.128,50.594,65.488,0
58.457,331.607,0.00301562,0.01609233305270252,-4.12941233,43.69,9.735,990,170.555,50.989,135.065,0
63.0,336.15,0.00297486,0.02076457644530159,-3.8745068,40.014,3.895,128,86.762,42.628,139.863,0
60.36,333.51,0.00299841,0.01792084534570175,-4.0217907,45.081,4.429,802,126.593,55.813,222.846,0
89.641,362.791,0.00275641,0.08141618962005687,-2.50818114,45.468,5.342,556,275.063,45.626,134.059,0
66.549,339.699,0.00294378,0.02522000661116766,-3.68011769,35.785,5.229,852,249.747,48.406,86.262,0
136.052,409.202,0.00244378,0.5753070188130469,-0.55285143,49.476,11.597,352,156.74,56.614,145.436,0
172.648,445.798,0.00224317,2.017543874440416,0.70188087,50.711,5.634,222,86.735,46.279,133.16,1
57.338,330.488,0.00302583,0.01509676871620904,-4.19327455,38.602,10.889,563,233.478,54.851,108.253,0
168.536,441.686,0.00226405,1.770505995834939,0.57126538,49.417,8.905,680,268.015,53.163,61.543,1
112.0,385.15,0.00259639,0.2214953922635648,-1.50735349,42.003,1.596,615,171.15,61.123,57.801,0
79.382,352.532,0.00283662,0.04929758351596916,-3.00988022,43.074,7.423,982,55.827,49.884,147.15,0
125.334,398.484,0.00250951,0.3813789369281733,-0.96396181,43.733,10.753,507,232.158,54.578,243.387,0
161.48,434.63,0.00230081,1.406882386267351,0.34137618,52.544,13.683,481,42.938,61.248,16.759,1
120.168,393.318,0.00254247,0.3103308148055934,-1.17011641,42.004,2.729,932,80.439,54.133,69.833,0
109.372,382.522,0.00261423,0.1981126202082999,-1.61891962,41.139,6.25,551,182.131,49.379,142.444,0
96.997,370.147,0.00270163,0.1146848018643994,-2.16556777,41.571,10.368,495,289.077,44.236,237.535,0
147.059,420.209,0.00237977,0.8585729846475949,-0.15248359,46.917,3.222,980,261.949,49.673,18.924,1
96.368,369.518,0.00270623,0.1114331116041363,-2.19433076,40.045,9.15,1140,65.567,48.992,26.88,0
43.023,316.173,0.00316283,0.006408542799844469,-5.05012337,41.582,2.517,440,214.195,49.742,25.422,0
131.468,404.618,0.00247147,0.4838335246128011,-0.72601439,46.566,1.32,1111,124.293,55.862,106.246,1
146.804,419.954,0.00238121,0.8508482676254899,-0.16152147,44.084,14.116,264,150.665,54.035,53.638,0
53.612,326.762,0.00306033,0.0121664476967559,-4.4090733,36.83,2.288,696,282.983,60.458,153.579,0
57.291,330.441,0.00302626,0.0150561859939134,-4.19596634,39.328,2.873,220,24.932,61.749,145.34,0
90.884,364.034,0.002747,0.08635272335434829,-2.44931494,36.257,7.126,525,224.969,62.087,153.803,0
101.536,374.686,0.0026689,0.1407358412325231,-1.96087061,36.566,9.318,693,264.522,61.093,76.996,0
63.742,336.892,0.00296831,0.0216331880045226,-3.83352666,43.175,4.823,662,289.359,48.131,123.264,0
127.22,400.37,0.00249769,0.410645617141711,-0.89002468,43.3,14.959,1061,156.749,47.422,118.98,0
101.112,374.262,0.00267193,0.1380993843130732,-1.97978168,45.803,2.425,815,200.164,45.709,249.125,0
134.101,407.251,0.00245549,0.5346863482431129,-0.62607497,42.384,1.843,806,162.334,42.657,134.284,0
100.774,373.924,0.00267434,0.1360289255596719,-1.99488773,36.834,5.17,1006,15.931,61.368,124.893,0
111.187,384.337,0.00260188,0.2140159613693229,-1.54170468,42.611,14.907,539,78.802,45.393,248.619,0
178.006,451.156,0.00221653,2.383338942250333,0.86850242,50.2,12.129,214,77.339,41.992,106.29,0
143.176,416.326,0.00240196,0.7472864370109972,-0.29130672,45.492,1.794,1189,279.181,44.423,216.998,1
110.83,383.98,0.0026043,0.2108022594307861,-1.55683474,42.234,13.65,834,99.05,61.787,19.385,0
99.957,373.107,0.0026802,0.1311367640914415,-2.0315145,45.945,3.134,1002,195.421,42.891,43.497,1
145.57,418.72,0.00238823,0.8143107482140122,-0.20541323,46.954,7.704,237,214.633,47.734,102.205,0
172.231,445.381,0.00224527,1.991214941148246,0.68874498,48.337,8.016,560,276.688,49.228,208.44,0
152.013,425.163,0.00235204,1.021169076745542,0.02094812,45.728,3.819,446,133.043,42.349,82.727,0
77.483,350.633,0.00285198,0.04478116156848708,-3.10596773,44.13,7.217,408,184.875,50.569,47.217,0
178.729,451.879,0.00221298,2.436794639314984,0.8906835,53.07,5.022,482,268.726,54.333,16.385,1
73.853,347.003,0.00288182,0.03715827773007964,-3.29256871,35.393,7.381,1022,154.889,49.21,245.676,0
52.083,325.233,0.00307472,0.01111945230137328,-4.49905924,37.853,6.014,883,163.737,56.48,76.437,0
89.729,362.879,0.00275574,0.08175728559113898,-2.50400035,38.81,3.206,634,53.478,57.892,75.264,0
93.544,366.694,0.00272707,0.09781444255582124,-2.32468304,43.423,4.296,922,196.446,48.449,238.818,0
101.709,374.859,0.00266767,0.1418242265154169,-1.95316683,44.546,7.906,134,69.294,48.588,220.316,0
177.924,451.074,0.00221693,2.37734004648393,0.86598224,51.525,9.94,124,258.72,51.804,215.83,1
156.117,429.267,0.00232955,1.175379402443601,0.16159099,43.882,8.726,886,31.105,48.87,93.435,0
130.719,403.869,0.00247605,0.4701601664907215,-0.75468186,47.848,3.542,1024,269.061,43.588,246.156,1
176.137,449.287,0.00222575,2.249779350081871,0.81083214,47.143,1.546,858,27.471,58.935,158.163,1
106.529,379.679,0.0026338,0.1752832129017259,-1.74135225,45.768,10.326,431,94.56,51.633,144.485,0
58.648,331.798,0.00301388,0.01626800728147365,-4.11855484,40.925,5.623,685,298.754,60.402,121.041,0
128.708,401.858,0.00248844,0.4350996572780922,-0.83218018,48.428,5.226,1085,151.586,49.02,87.043,1
31.506,304.656,0.00328239,0.003033781984774014,-5.79794526,39.251,9.796,132,133.351,55.232,203.592,0
142.122,415.272,0.00240806,0.7193287449143566,-0.3294368,42.627,2.156,1037,15.197,52.803,53.019,0
34.31,307.46,0.00325246,0.003658447800099217,-5.61071632,44.814,9.046,496,190.851,44.95,109.27,0
76.063,349.213,0.00286358,0.04164803032692865,-3.1785012,41.002,5.666,776,81.372,44.478,173.453,0
167.922,441.072,0.0022672,1.735946888092957,0.55155302,47.028,6.048,779,258.713,55.833,150.311,0
36.258,309.408,0.00323198,0.004158328936488042,-5.48264198,42.394,5.005,1099,259.901,60.197,34.416,0
35.778,308.928,0.003237,0.004029752260392626,-5.51405038,41.153,3.022,116,274.602,46.572,51.457,0
36.552,309.702,0.00322891,0.004238896006531686,-5.46345242,35.663,9.575,370,18.429,44.953,238.101,0
103.043,376.193,0.00265821,0.1504685687151838,-1.89400106,43.597,2.717,1001,144.381,50.565,180.739,0
116.608,389.758,0.00256569,0.2683770190190371,-1.3153625,43.38,3.967,122,99.679,47.78,232.809,0
90.513,363.663,0.0027498,0.08485234198136982,-2.46684269,44.846,10.523,1120,12.509,47.685,135.663,0
76.16,349.31,0.00286279,0.04185568348315047,-3.17352769,39.472,9.851,416,166.446,45.915,179.151,0
137.746,410.896,0.00243371,0.6127259956852106,-0.48983743,49.699,7.807,874,282.837,57.309,181.534,1
144.138,417.288,0.00239643,0.7736211375894879,-0.25667301,42.195,11.158,643,151.04,57.996,193.82,0
36.257,309.407,0.00323199,0.004158057269852921,-5.48270732,36.819,4.917,239,244.287,49.363,14.723,0
66.56,339.71,0.00294369,0.02523504696564603,-3.6795215,36.672,1.394,182,154.524,51.033,101.06,0
43.121,316.271,0.00316185,0.006447945524299908,-5.04399372,42.81,1.056,107,182.311,56.011,134.982,0
92.014,365.164,0.0027385,0.09106807528576433,-2.39614797,43.638,2.72,380,91.133,45.372,156.295,0
36.799,309.949,0.00322634,0.004307667456300702,-5.44735871,42.387,5.147,112,285.264,51.555,96.369,0
72.801,345.951,0.00289058,0.03517643448481673,-3.3473789,37.375,12.236,550,150.989,61.337,237.958,0
43.057,316.207,0.00316249,0.006422188544263824,-5.04799632,44.212,5.015,294,187.733,59.228,236.431,0
35.623,308.773,0.00323863,0.003989004687281832,-5.52421353,37.349,6.916,920,24.98,45.547,45.612,0
123.274,396.424,0.00252255,0.3515075247648023,-1.04552416,40.164,8.234,863,203.808,58.02,93.859,0
89.637,362.787,0.00275644,0.08140071519253214,-2.50837122,39.978,3.057,517,35.908,46.552,134.867,0
174.244,447.394,0.00223517,2.121090111296306,0.75193016,51.591,6.019,130,28.162,55.498,103.228,1
151.664,424.814,0.00235397,1.008902018347073,0.00886263,48.635,14.313,540,179.257,45.107,96.728,0
57.054,330.204,0.00302843,0.01485302808308345,-4.20955152,45.052,6.648,983,195.611,52.977,210.159,0
56.438,329.588,0.00303409,0.01433640871846365,-4.24495291,41.964,6.051,598,11.447,46.923,123.881,0
50.918,324.068,0.00308577,0.01037669620113899,-4.56819274,39.412,13.738,432,15.459,54.932,72.032,0
87.731,360.881,0.002771,0.07431625876352152,-2.59942553,36.309,13.15,398,213.513,61.613,179.806,0
80.007,353.157,0.0028316,0.05087000335792464,-2.97848185,44.765,7.729,689,102.808,59.722,44.539,0
142.959,416.109,0.00240322,0.7414546805330157,-0.29914124,43.832,3.502,377,287.194,47.85,166.653,0
134.937,408.087,0.00245046,0.5517760132411688,-0.59461309,41.687,3.447,113,133.724,62.128,57.791,0
90.577,363.727,0.00274931,0.08510951166562947,-2.46381648,36.021,13.542,838,276.937,51.259,135.703,0
58.416,331.566,0.00301599,0.01605484471704133,-4.13174462,37.236,4.681,1040,289.787,42.357,106.765,0
169.435,442.585,0.00225945,1.822171538113841,0.60002894,52.836,3.588,765,172.372,49.482,207.871,1
179.676,452.826,0.00220835,2.50836108402637,0.91962959,51.745,14.356,656,61.107,51.023,64.0,1
127.545,400.695,0.00249566,0.4158818956979977,-0.87735396,39.155,10.591,509,89.605,43.519,114.196,0
150.236,423.386,0.00236191,0.9600258889958156,-0.04079503,47.631,3.384,333,127.216,58.441,70.188,1
44.835,317.985,0.0031448,0.007173235988375942,-4.9373984,40.486,12.829,128,25.772,49.562,130.212,0
