Temperature (C),Temperature (K),1/T (1/K),Rate Constant k (1/s),ln(k),Conversion (%),Pressure (bar),Agitation RPM,Residence Time (min),Heat Duty (kJ/mol),Cooling Load (kW),Scale-Up Success
162.499,435.649,0.00229543,0.8730977175739018,-0.1357078,45.192,11.904,380,136.056,52.031,50.821,0
196.103,469.253,0.00213105,2.916391080924207,1.07034692,56.215,10.785,423,68.946,69.092,209.152,1
39.27,312.42,0.00320082,0.001137867067980797,-6.77859976,43.744,8.588,1093,119.166,51.984,183.848,0
179.238,452.388,0.00221049,1.628167277775961,0.48745501,49.369,10.341,551,275.354,69.975,230.462,0
170.22,443.37,0.00225545,1.170671522224549,0.15757753,49.569,7.795,747,189.907,59.901,126.998,1
153.879,427.029,0.00234176,0.6214673878335102,-0.47567184,46.938,2.776,362,207.514,70.558,19.709,1
83.999,357.149,0.00279995,0.02154900503763914,-3.83742563,35.836,1.946,503,210.261,68.333,40.334,0
97.463,370.613,0.00269823,0.04545157611096187,-3.09110778,37.998,2.486,811,153.929,52.682,98.451,0
175.655,448.805,0.00222814,1.430431937684822,0.35797645,53.276,5.414,126,121.278,71.747,9.086,1
83.699,356.849,0.00280231,0.02118003635434719,-3.85469622,35.715,6.935,1047,298.179,56.914,169.81,0
193.826,466.976,0.00214144,2.702310674109413,0.99410721,50.398,1.367,110,189.764,59.541,58.884,1
188.083,461.233,0.0021681,2.222146229898798,0.7984735,50.917,14.204,710,99.962,66.948,5.841,1
115.819,388.969,0.0025709,0.115687848242352,-2.15685968,42.939,13.476,1187,231.463,73.025,83.219,0
150.823,423.973,0.00235864,0.5490770006503414,-0.59951659,44.077,1.29,1200,148.817,50.534,25.099,1
111.788,384.938,0.00259782,0.09495170867028348,-2.35438685,37.38,5.339,1083,192.705,58.569,98.005,0
81.251,354.401,0.00282166,0.01837586842809283,-3.99671697,37.469,7.71,667,265.805,50.462,236.488,0
170.479,443.629,0.00225414,1.182036484634944,0.16723879,49.055,3.165,569,223.76,54.778,76.276,1
136.565,409.715,0.00244072,0.3006702861132912,-1.20174101,46.114,10.671,698,149.542,58.29,83.813,0
35.413,308.563,0.00324083,0.0008484045824971837,-7.07215293,41.756,4.128,431,101.432,72.594,79.99,0
98.14,371.29,0.00269331,0.04712222634152086,-3.05501049,40.075,8.863,1055,110.478,71.132,20.668,0
53.162,326.312,0.00306455,0.003092421865051887,-5.77880072,43.422,3.97,290,171.819,65.437,31.396,0
173.941,447.091,0.00223668,1.343534668151914,0.29530395,49.692,2.02,1145,108.983,60.038,228.831,1
153.414,426.564,0.00234431,0.6099358087080903,-0.49440156,42.128,4.681,923,69.761,58.829,136.078,0
145.972,419.122,0.00238594,0.4494131480961762,-0.79981266,40.07,12.208,348,140.153,54.368,49.899,0
177.186,450.336,0.00222056,1.512182790407787,0.41355416,53.061,8.506,141,133.051,63.053,34.243,1
89.582,362.732,0.00275686,0.02956296986525393,-3.52123272,45.031,13.833,149,128.591,54.956,246.223,0
40.185,313.335,0.00319147,0.001218639212331521,-6.71002044,38.083,3.722,156,117.407,62.034,97.158,0
74.153,347.303,0.00287933,0.01203632588395409,-4.41982604,39.171,1.534,848,74.588,57.734,89.726,0
158.811,431.961,0.00231502,0.7561631978345258,-0.27949806,47.951,9.899,809,156.5,65.113,81.248,0
142.544,415.694,0.00240562,0.3890013324637073,-0.94417251,39.329,1.646,728,245.92,72.365,170.574,0
160.69,433.84,0.002305,0.8138877284538998,-0.20593285,49.586,3.66,274,49.431,58.908,156.405,1
85.132,358.282,0.0027911,0.02299539607613402,-3.77246125,45.012,7.865,1040,89.095,72.1,65.777,0
61.418,334.568,0.00298893,0.005385984091899048,-5.22395524,35.984,11.226,384,71.142,66.626,159.425,0
128.064,401.214,0.00249244,0.2057340006277878,-1.5811712,45.549,8.105,662,204.751,54.603,102.782,0
105.22,378.37,0.00264292,0.06820429288897593,-2.68524777,43.615,5.591,999,292.117,61.678,57.295,0
53.229,326.379,0.00306392,0.003106728608075973,-5.774185,43.511,1.766,262,64.413,55.97,27.475,0
154.496,427.646,0.00233838,0.6370656269411661,-0.4508826,48.692,2.591,143,159.896,53.465,169.82,1
114.297,387.447,0.002581,0.1074254891508818,-2.2309578,41.894,7.719,115,203.118,69.197,135.469,0
156.931,430.081,0.00232514,0.7020534538439492,-0.35374573,45.485,6.784,677,19.938,71.099,16.881,0
198.44,471.59,0.00212049,3.15134706718741,1.14783,50.501,13.844,1045,230.009,49.19,117.398,1
75.517,348.667,0.00286807,0.01307332501355237,-4.33718138,35.137,1.172,233,265.003,68.176,155.072,0
194.578,467.728,0.00213799,2.77144311568978,1.01936816,48.453,12.556,133,185.089,61.495,150.746,0
149.498,422.648,0.00236604,0.5200819123363977,-0.65376896,40.553,13.839,271,287.397,60.823,111.976,0
75.389,348.539,0.00286912,0.01297268363383288,-4.34490939,40.411,11.709,1016,225.784,70.697,151.129,0
45.542,318.692,0.00313783,0.001806408368235772,-6.31641473,44.108,11.907,708,68.652,56.768,26.83,0
189.018,462.168,0.00216372,2.294822186942359,0.83065536,48.027,5.385,1136,90.04,53.016,179.803,1
133.069,406.219,0.00246173,0.2577261965823091,-1.35585751,41.458,13.562,451,139.298,66.457,7.223,0
170.815,443.965,0.00225243,1.196924682000016,0.1797555,43.669,11.643,534,210.703,59.485,13.569,0
63.393,336.543,0.00297139,0.006125712788795468,-5.09526016,39.219,3.0,814,14.568,71.434,7.811,0
111.029,384.179,0.00260295,0.09144266580076678,-2.39204311,39.139,13.504,782,126.007,53.505,131.617,0
60.703,333.853,0.00299533,0.005138872819811595,-5.27092152,37.255,2.104,306,20.418,57.891,78.684,0
164.675,437.825,0.00228402,0.9493243875150903,-0.05200472,46.964,5.059,504,85.164,59.328,237.092,0
194.877,468.027,0.00213663,2.799356379714079,1.02938953,57.034,3.523,1000,278.939,61.902,237.615,1
199.254,472.404,0.00211683,3.236971284011713,1.1746381,58.97,4.008,535,11.182,65.266,28.457,1
49.861,323.011,0.00309587,0.002457570107200437,-6.00858218,42.048,14.129,492,99.862,52.284,22.73,0
107.376,380.526,0.00262794,0.0761248364734676,-2.5753807,40.102,11.787,944,83.496,69.519,213.696,0
149.657,422.807,0.00236515,0.5234882371796941,-0.64724072,45.067,5.297,280,191.32,58.504,116.404,0
96.604,369.754,0.0027045,0.04340852278731625,-3.13709948,38.265,11.88,475,82.199,50.604,38.704,0
94.444,367.594,0.00272039,0.03863109357759902,-3.25369779,40.514,6.862,385,55.073,66.119,36.108,0
93.768,366.918,0.0027254,0.03723631459248435,-3.2904708,45.043,12.161,886,186.146,52.297,109.101,0
133.314,406.464,0.00246024,0.2605473606643143,-1.34497063,41.349,12.563,212,26.987,55.049,128.528,0
159.16,432.31,0.00231315,0.7666032319046834,-0.26578591,48.085,6.164,623,61.435,66.264,211.267,1
109.384,382.534,0.00261415,0.08423292778278452,-2.47416937,41.595,2.395,809,165.346,69.587,87.69,0
124.982,398.132,0.00251173,0.1785772408461238,-1.72273405,37.291,8.091,294,34.907,66.228,159.564,0
146.283,419.433,0.00238417,0.4552845871774823,-0.78683259,47.139,1.445,227,66.0,71.7,154.432,1
102.822,375.972,0.00265977,0.06026962658924102,-2.80892701,37.564,2.658,736,89.102,61.148,38.261,0
166.725,439.875,0.00227337,1.026437416578822,0.02609399,47.602,8.812,417,159.509,56.138,214.741,0
126.606,399.756,0.00250153,0.1924597575262928,-1.6478682,45.68,5.485,1148,133.221,60.677,191.042,0
38.766,311.916,0.00320599,0.00109549775356477,-6.81654645,41.572,2.47,400,203.528,51.019,73.199,0
94.375,367.525,0.0027209,0.03848660378921198,-3.25744505,44.857,12.601,1104,239.38,57.118,102.079,0
64.985,338.135,0.0029574,0.006787880873574422,-4.99261648,39.093,4.445,788,129.624,58.262,44.646,0
75.444,348.594,0.00286867,0.013015841747917,-4.34158807,37.033,7.983,415,258.655,70.749,59.638,0
166.145,439.295,0.00227637,1.004080009107263,0.00407171,44.108,10.382,525,284.856,50.534,219.333,0
125.901,399.051,0.00250595,0.1863192621570308,-1.68029361,37.28,10.956,1067,240.228,55.13,213.124,0
140.622,413.772,0.00241679,0.3583811284449072,-1.02615825,41.495,13.968,791,29.153,64.328,89.652,0
199.002,472.152,0.00211796,3.210249526554369,1.16634867,49.555,11.102,1200,200.302,49.293,221.22,1
176.96,450.11,0.00222168,1.499863035051201,0.40537379,48.436,13.179,391,89.973,61.242,184.893,0
151.12,424.27,0.00235699,0.5557690975286559,-0.58740236,48.298,10.677,921,12.6,69.189,61.088,0
66.162,339.312,0.00294714,0.007318505941343531,-4.91734908,38.319,13.077,854,71.019,55.062,227.223,0
40.571,313.721,0.00318755,0.001254259790492544,-6.68120969,44.038,5.454,735,174.191,65.464,134.136,0
43.421,316.571,0.00315885,0.001548200092810821,-6.47066225,35.864,1.627,137,267.349,51.193,163.012,0
158.951,432.101,0.00231427,0.7603360129040411,-0.27399482,44.263,1.259,188,212.587,70.064,209.299,0
184.889,458.039,0.00218322,1.988832674724643,0.68754787,49.98,12.333,822,194.267,63.056,45.973,1
148.798,421.948,0.00236996,0.5053176008201078,-0.68256813,47.079,7.479,1199,297.694,51.678,137.043,1
179.278,452.428,0.0022103,1.630503583548976,0.48888891,52.639,1.794,293,22.208,68.661,138.682,1
167.593,440.743,0.0022689,1.060714980682827,0.05894319,51.555,12.944,174,203.794,53.16,243.757,0
191.141,464.291,0.00215382,2.467599566417039,0.90324584,55.11,10.664,758,194.835,57.176,218.762,1
70.489,343.639,0.00291003,0.009608801430036638,-4.64507578,36.734,14.63,564,157.345,56.346,218.317,0
46.495,319.645,0.00312847,0.001934753585174073,-6.24777531,39.318,6.788,149,54.885,73.136,110.5,0
55.802,328.952,0.00303996,0.003703969529765543,-5.59835019,39.166,10.428,906,52.728,51.09,94.708,0
149.202,422.352,0.00236769,0.5137927804124887,-0.66593525,48.038,9.105,174,60.874,63.568,102.394,0
35.962,309.112,0.00323507,0.0008850009594149021,-7.02992183,35.923,4.677,1044,257.155,69.727,237.955,0
85.327,358.477,0.00278958,0.02325298679138752,-3.76132169,38.847,1.044,1123,71.224,64.579,32.533,0
75.038,348.188,0.00287201,0.012700293302013,-4.36613019,40.197,7.921,333,184.561,53.898,198.882,0
103.229,376.379,0.0026569,0.06155497906953297,-2.78782453,38.6,6.681,1102,100.206,65.655,180.661,0
48.774,321.924,0.00310632,0.002276128662932696,-6.08527923,41.44,1.432,240,108.757,49.613,81.191,0
78.9,352.05,0.00284051,0.01600315280884655,-4.13496953,43.782,6.843,688,16.715,55.181,97.979,0
88.837,361.987,0.00276253,0.0283575536927896,-3.56286184,36.576,9.154,907,146.894,56.842,207.422,0
87.823,360.973,0.00277029,0.02678808045116458,-3.61979825,40.456,14.635,348,268.283,72.653,162.572,0
108.526,381.676,0.00262002,0.0806782917129382,-2.51728574,39.256,7.452,1075,137.416,71.677,34.119,0
119.006,392.156,0.00255001,0.1348537169174029,-2.00356467,39.195,7.322,1060,86.677,51.214,31.694,0
150.078,423.228,0.00236279,0.5326030134922762,-0.62997895,39.548,9.426,751,224.799,69.701,12.117,0
146.851,420.001,0.00238095,0.4661835533454156,-0.76317583,47.032,9.014,1075,154.437,64.988,97.332,0
187.036,460.186,0.00217303,2.143160240323646,0.76228149,53.807,14.699,805,31.8,65.913,122.724,1
196.612,469.762,0.00212874,2.966220109231946,1.08728845,53.012,9.807,231,262.181,60.006,204.803,1
178.489,451.639,0.00221416,1.584958628889847,0.46055831,50.634,1.374,647,292.215,58.216,123.58,1
143.568,416.718,0.0023997,0.4062440958917803,-0.90080108,46.475,12.748,183,261.891,54.979,112.277,0
199.146,472.296,0.00211732,3.225495467221836,1.17108657,57.613,9.68,829,212.541,52.823,156.768,1
96.287,369.437,0.00270682,0.04267568340680266,-3.154126,36.66,13.74,774,58.664,68.583,52.184,0
192.496,465.646,0.00214755,2.58372072474572,0.9492305,56.98,9.699,566,34.334,53.586,158.871,1
187.197,460.347,0.00217227,2.155143997555037,0.76785754,52.566,9.019,610,42.544,59.836,127.081,1
179.354,452.504,0.00220993,1.634950662590402,0.49161263,51.919,6.155,632,125.121,65.16,217.848,1
152.193,425.343,0.00235104,0.5805512975987384,-0.54377711,45.877,6.951,812,294.463,68.872,100.412,0
105.707,378.857,0.00263952,0.06992573484259738,-2.66032153,35.792,10.073,391,237.186,57.961,95.623,0
67.37,340.52,0.00293669,0.007901992561862099,-4.84064033,39.888,10.451,1094,198.858,68.961,181.516,0
49.035,322.185,0.00310381,0.002318543110012238,-6.06681626,44.901,9.849,161,34.924,61.267,216.172,0
162.542,435.692,0.0022952,0.8745501495410533,-0.13404564,46.968,9.657,819,120.441,62.571,212.645,0
182.523,455.673,0.00219456,1.830109047368271,0.60437555,48.293,2.229,1109,38.909,57.638,112.229,1
131.239,404.389,0.00247287,0.2374987005688628,-1.43759313,46.238,6.737,191,259.558,57.636,110.239,0
113.766,386.916,0.00258454,0.1046696014208751,-2.25694654,38.349,14.895,837,92.222,61.491,74.69,0
56.447,329.597,0.00303401,0.003869220362764065,-5.55470225,41.887,7.318,565,109.742,62.405,218.139,0
92.145,365.295,0.00273751,0.03407080973370205,-3.37931428,44.131,9.52,591,123.845,51.073,236.175,0
181.391,454.541,0.00220002,1.758174347966,0.56427597,55.013,7.363,227,260.562,71.898,87.321,1
120.664,393.814,0.00253927,0.1459055405889624,-1.92479585,44.907,7.906,661,284.504,68.894,56.37,0
172.88,446.03,0.002242,1.292097754662282,0.25626706,48.282,2.193,252,92.129,63.592,141.041,1
166.54,439.69,0.00227433,1.01925905890985,0.01907595,45.118,6.166,529,200.307,50.417,29.07,0
70.921,344.071,0.00290638,0.009869871087193458,-4.61826849,41.524,11.026,875,211.904,70.82,100.547,0
163.499,436.649,0.00229017,0.907431036209297,-0.09713771,45.602,8.812,170,118.903,55.414,238.598,0
82.918,356.068,0.00280845,0.02024608532818652,-3.89979382,39.457,10.95,205,238.724,50.044,52.034,0
138.018,411.168,0.0024321,0.3203124293370178,-1.13845842,46.739,3.408,133,173.357,66.981,49.846,1
118.158,391.308,0.00255553,0.1294954234726949,-2.04410974,37.322,12.097,1043,56.95,51.626,106.949,0
122.596,395.746,0.00252687,0.1597983800146918,-1.83384238,39.745,5.771,844,178.454,49.78,64.105,0
162.911,436.061,0.00229326,0.8871018371564507,-0.11979549,42.743,8.642,878,221.024,51.104,97.886,0
88.43,361.58,0.00276564,0.02771790596912296,-3.58567665,37.712,10.404,944,231.569,55.245,195.938,0
193.56,466.71,0.00214266,2.678219831822251,0.98515233,48.481,13.404,109,104.933,51.168,103.022,0
143.719,416.869,0.00239884,0.4088432233091242,-0.89442351,46.705,5.312,768,267.331,50.191,31.042,1
134.184,407.334,0.00245499,0.270788581430798,-1.3064169,47.141,8.427,645,32.506,58.609,110.595,0
126.288,399.438,0.00250352,0.189668027230218,-1.66247996,43.24,5.932,469,52.642,52.173,118.634,0
149.25,422.4,0.00236742,0.5148080451899522,-0.66396118,46.27,13.382,713,281.625,67.509,216.197,0
110.693,383.843,0.00260523,0.08992667830927499,-2.40876063,39.083,11.148,474,70.339,65.212,135.379,0
183.741,456.891,0.00218871,1.910375184377509,0.64729965,54.032,7.934,483,103.837,67.085,195.113,1
99.25,372.4,0.00268528,0.04998112363808842,-2.99610987,42.344,12.034,850,217.852,49.717,45.771,0
90.066,363.216,0.00275318,0.03037062955620904,-3.49427927,36.298,10.753,1036,142.932,55.864,17.004,0
91.628,364.778,0.00274139,0.03311459895795333,-3.40778104,42.655,4.932,958,168.24,72.995,130.449,0
41.873,315.023,0.00317437,0.001381548787280582,-6.5845501,39.991,5.639,407,74.799,69.306,131.881,0
67.325,340.475,0.00293707,0.007879521538365051,-4.8434881,38.753,11.177,278,126.643,60.514,9.603,0
44.641,317.791,0.00314672,0.001692264894452557,-6.38168747,38.551,2.837,326,190.675,56.951,172.014,0
54.983,328.133,0.00304754,0.003503404056471148,-5.6540202,43.78,1.868,429,254.29,52.16,165.946,0
196.974,470.124,0.0021271,3.002108632309811,1.09931492,52.926,11.375,469,253.725,66.71,61.725,1
144.546,417.696,0.00239409,0.4233413241047394,-0.85957651,42.022,1.973,127,107.637,53.24,95.328,0
136.658,409.808,0.00244017,0.3018946590918762,-1.19767713,43.656,10.142,1109,20.476,68.396,87.225,0
83.028,356.178,0.00280758,0.02037533698781551,-3.89343008,38.045,8.793,602,87.809,72.589,211.55,0
62.502,335.652,0.00297928,0.005781269102153289,-5.15313205,36.492,4.135,148,253.871,63.347,173.199,0
145.718,418.868,0.00238739,0.444667684989148,-0.81042805,46.823,12.144,1134,64.453,73.108,39.336,0
75.079,348.229,0.00287167,0.01273184171653958,-4.3636492,37.237,3.954,362,214.649,71.843,38.548,0
55.849,328.999,0.00303952,0.003715790416477585,-5.59516386,36.733,9.378,1185,270.21,56.604,237.063,0
109.871,383.021,0.00261082,0.08631235799264995,-2.44978249,36.023,10.544,299,155.82,49.071,206.731,0
161.136,434.286,0.00230263,0.8281467793796755,-0.18856487,44.586,9.946,314,214.535,63.021,230.074,0
185.423,458.573,0.00218068,2.026278649195604,0.70620093,50.936,11.951,874,36.429,66.742,23.736,1
183.158,456.308,0.0021915,1.871579026346527,0.62678247,51.553,3.274,1017,70.706,71.303,150.783,1
40.497,313.647,0.0031883,0.001247358080931882,-6.6867275,40.761,14.407,197,186.41,57.099,122.762,0
42.324,315.474,0.00316983,0.001428323046379844,-6.55125422,37.871,8.369,1096,260.855,50.011,49.395,0
109.843,382.993,0.00261101,0.08619156733682896,-2.45118293,42.605,10.252,660,21.103,56.572,131.926,0
89.978,363.128,0.00275385,0.03022232004314541,-3.49917455,37.331,11.927,380,146.528,70.22,147.641,0
73.342,346.492,0.00288607,0.01145564189876489,-4.46927293,42.645,1.395,1128,227.363,51.085,155.695,0
43.467,316.617,0.00315839,0.001553422019459187,-6.46729503,35.383,5.925,933,206.577,64.702,31.751,0
66.742,339.892,0.00294211,0.007593591062546974,-4.88045067,35.516,2.058,1143,123.997,56.466,125.313,0
81.618,354.768,0.00281874,0.01877365780930071,-3.97530057,37.876,4.935,555,174.466,68.99,9.729,0
95.199,368.349,0.00271482,0.04024429958764385,-3.21278691,41.885,4.485,601,26.853,51.962,177.73,0
148.786,421.936,0.00237003,0.5050677662167639,-0.68306267,45.233,13.42,907,299.027,69.508,83.739,0
173.742,446.892,0.00223768,1.333752448658008,0.28799636,47.861,9.851,722,201.476,61.937,38.469,0
64.308,337.458,0.00296333,0.006498736667558422,-5.03614748,43.121,10.725,241,283.711,54.241,67.686,0
172.696,445.846,0.00224293,1.283355755830983,0.24947833,46.146,9.349,816,103.693,67.308,93.282,0
194.497,467.647,0.00213837,2.763923261487002,1.01665114,49.349,4.25,915,34.116,67.377,100.724,1
99.599,372.749,0.00268277,0.05091166762932259,-2.97766316,43.982,13.985,547,182.95,68.001,128.687,0
190.736,463.886,0.0021557,2.433788759576579,0.8894492,47.539,7.961,643,48.107,69.416,141.397,0
112.248,385.398,0.00259472,0.0971365988284483,-2.33163706,40.441,13.359,240,254.417,63.648,127.919,0
83.54,356.69,0.00280355,0.0209868041329378,-3.86386141,38.093,10.03,752,78.551,64.535,85.184,0
52.209,325.359,0.00307353,0.002895319012176129,-5.84465998,39.076,3.13,618,161.324,67.89,77.321,0
93.274,366.424,0.00272908,0.03624589382495789,-3.31742918,37.374,13.858,821,82.897,68.818,192.934,0
84.956,358.106,0.00279247,0.02276511771734369,-3.78252584,37.167,14.025,357,92.516,50.575,241.153,0
177.977,451.127,0.00221667,1.556003868782012,0.44212091,46.186,5.362,755,188.266,67.417,238.862,0
130.815,403.965,0.00247546,0.2330187296460784,-1.45663644,40.199,14.42,1124,142.673,61.566,13.455,0
131.394,404.544,0.00247192,0.2391554546681425,-1.4306415,46.848,4.149,529,53.675,64.932,88.589,1
191.665,464.815,0.00215139,2.511953236585581,0.92106063,53.676,10.194,364,112.564,68.795,247.955,1
108.303,381.453,0.00262155,0.07977670506629869,-2.52852373,39.535,5.05,895,231.798,68.866,159.329,0
72.255,345.405,0.00289515,0.01071713107024074,-4.53591178,41.977,8.706,126,151.221,48.992,201.096,0
157.22,430.37,0.00232358,0.7101422811030742,-0.34228993,41.651,1.03,1175,152.114,72.149,74.471,0
199.613,472.763,0.00211522,3.275373792383277,1.186432,55.252,1.028,786,178.106,58.32,169.062,1
78.78,351.93,0.00284147,0.01588983353409502,-4.14207577,43.961,7.128,241,252.226,72.356,151.385,0
100.668,373.818,0.0026751,0.05385960602582819,-2.92137451,40.287,11.27,546,169.564,71.728,221.551,0
144.246,417.396,0.00239581,0.418030223503447,-0.87220154,41.208,14.948,422,291.221,63.706,56.11,0
88.566,361.716,0.0027646,0.02793018385919831,-3.57804732,41.452,8.03,1048,46.148,62.004,191.012,0
190.618,463.768,0.00215625,2.424014157486933,0.88542491,50.012,7.6,1062,177.843,56.821,97.838,1
184.836,457.986,0.00218347,1.985149377163244,0.68569416,53.781,3.579,1011,109.526,57.287,143.407,1
74.611,347.761,0.00287554,0.01237590846330099,-4.39200356,41.241,11.73,1196,278.916,71.434,151.462,0
97.675,370.825,0.00269669,0.04596891477680946,-3.07978988,45.216,12.625,1113,104.398,48.89,174.348,0
161.7,434.85,0.00229964,0.8464934713105943,-0.16665279,49.834,13.035,1023,226.545,60.909,105.682,0
69.651,342.801,0.00291714,0.009120144490799604,-4.69726963,37.698,8.717,997,111.273,67.803,156.388,0
143.235,416.385,0.00240162,0.4005639464771759,-0.91488186,44.561,2.031,875,199.151,71.359,130.672,0
75.979,349.129,0.00286427,0.01344248262153631,-4.30933524,39.467,6.233,313,203.116,54.551,176.141,0
119.185,392.335,0.00254884,0.136009761939621,-1.99502862,44.337,6.073,743,198.101,65.81,160.128,0
150.925,424.075,0.00235807,0.5513672170792209,-0.59535424,45.226,5.729,583,72.018,63.561,125.174,0
114.746,387.896,0.00257801,0.1098062426552264,-2.2090379,41.045,12.752,622,178.759,63.907,55.657,0
79.671,352.821,0.0028343,0.01674882491359586,-4.08942718,35.176,7.056,702,114.326,50.981,175.255,0
150.699,423.849,0.00235933,0.5463041500096893,-0.60457941,44.698,11.217,201,117.589,65.163,35.388,0
150.427,423.577,0.00236085,0.5402651068779981,-0.61569532,44.192,3.802,1039,242.614,64.036,225.737,0
85.863,359.013,0.00278541,0.02397449982357344,-3.73076452,42.327,2.046,1192,87.306,72.896,22.038,0
193.659,466.809,0.0021422,2.687163981928964,0.98848636,52.614,13.207,608,113.659,53.952,180.548,1
38.945,312.095,0.00320415,0.001110377404013755,-6.80305532,42.292,3.869,276,172.953,60.061,147.088,0
78.917,352.067,0.00284037,0.01601926531735021,-4.1339632,44.717,4.782,506,82.898,68.2,223.718,0
168.018,441.168,0.00226671,1.077862647404369,0.07498005,51.769,1.521,303,187.343,67.839,202.783,1
88.929,362.079,0.00276183,0.0285039731838105,-3.55771179,43.346,14.933,390,196.995,67.593,164.719,0
178.668,451.818,0.00221328,1.59519236291872,0.46699433,49.506,3.248,517,290.672,69.99,136.121,1
69.174,342.324,0.00292121,0.008852165661021696,-4.72709314,44.444,11.998,342,130.828,71.709,167.091,0
152.104,425.254,0.00235154,0.5784592140146229,-0.54738724,41.076,11.464,456,177.487,52.852,150.906,0
152.467,425.617,0.00234953,0.5870341530392027,-0.53267228,39.674,3.867,862,68.663,64.503,169.972,0
57.282,330.432,0.00302634,0.004093111403483352,-5.49844986,41.264,4.914,1096,43.06,58.666,70.442,0
124.894,398.044,0.00251229,0.1778511582565507,-1.72680827,38.527,1.526,864,212.194,66.423,171.3,0
150.829,423.979,0.00235861,0.5492114859924087,-0.59927169,48.464,2.588,307,85.502,52.158,77.129,1
181.259,454.409,0.00220066,1.749949688839414,0.55958704,51.352,1.953,154,81.796,63.562,92.817,1
127.289,400.439,0.00249726,0.1985799425275561,-1.61656353,36.895,2.883,672,194.023,49.674,39.803,0
172.19,445.34,0.00224548,1.259582594617846,0.23078039,44.345,4.14,521,95.747,51.945,10.668,0
114.216,387.366,0.00258154,0.1070009489700656,-2.23491758,42.907,1.419,323,214.188,52.513,94.613,0
178.586,451.736,0.00221368,1.590497114583949,0.46404662,45.212,4.515,155,280.977,60.689,12.016,0
88.861,362.011,0.00276235,0.02839568457920362,-3.5615181,37.784,3.912,423,185.973,50.502,11.728,0
59.085,332.235,0.00300992,0.004617279580984178,-5.37794958,37.261,6.809,265,193.782,64.657,204.597,0
90.734,363.884,0.00274813,0.03151798868112235,-3.45719683,41.062,6.033,145,78.978,49.554,66.126,0
85.647,358.797,0.00278709,0.02368134617890598,-3.74306762,36.222,4.36,747,235.022,65.55,167.498,0
147.63,420.78,0.00237654,0.4815067885030701,-0.73083495,40.947,7.984,840,14.718,67.134,47.348,0
156.357,429.507,0.00232825,0.6862285856082688,-0.37654449,42.568,11.453,910,53.014,72.371,171.964,0
133.154,406.304,0.00246121,0.2587018750910359,-1.35207894,42.61,6.126,963,149.376,63.646,31.486,0
103.729,376.879,0.00265337,0.06316767932320579,-2.76196251,38.842,8.883,196,88.221,67.01,144.781,0
60.138,333.288,0.00300041,0.004950942737064783,-5.30817727,41.111,14.927,831,199.56,49.868,139.795,0
125.89,399.04,0.00250601,0.1862248527289001,-1.68080045,46.457,9.52,427,153.031,53.168,101.829,0
130.122,403.272,0.00247972,0.2258582475831777,-1.4878477,44.887,11.222,925,130.325,65.196,147.079,0
49.518,322.668,0.00309916,0.002398940901845235,-6.03272793,39.202,11.034,1028,107.164,73.119,81.501,0
115.604,388.754,0.00257232,0.114487263438454,-2.1672917,38.188,2.278,1140,62.718,50.705,180.511,0
103.996,377.146,0.00265149,0.0640442980916961,-2.74818028,44.322,14.956,524,112.633,64.238,46.611,0
75.972,349.122,0.00286433,0.01343681967185104,-4.3097566,40.365,6.29,294,124.913,56.543,153.533,0
62.383,335.533,0.00298033,0.005736623042657939,-5.16088456,35.904,3.357,982,251.035,54.774,144.259,0
45.985,319.135,0.00313347,0.001865069700962064,-6.28445685,41.753,3.806,348,62.613,66.311,160.944,0
190.98,464.13,0.00215457,2.454109916582228,0.89776414,51.553,11.284,103,286.091,70.84,119.346,1
52.407,325.557,0.00307166,0.002935301806093598,-5.830945,38.573,6.942,208,13.044,51.757,127.135,0
38.004,311.154,0.00321384,0.001034174601412238,-6.87415166,41.289,6.724,1056,297.235,56.581,40.096,0
189.97,463.12,0.00215927,2.370945544410796,0.86328884,51.016,13.743,315,136.298,66.396,204.408,0
178.75,451.9,0.00221288,1.599899760412297,0.46994098,52.268,9.565,381,262.061,64.158,44.501,1
47.698,320.848,0.00311674,0.00210864025529969,-6.16171197,42.16,4.261,279,138.103,71.352,62.524,0
175.692,448.842,0.00222796,1.432360928804774,0.35932408,51.463,7.79,144,104.207,58.566,83.08,1
78.343,351.493,0.00284501,0.01548326719716358,-4.16799537,44.306,13.803,400,132.857,67.601,117.048,0
78.698,351.848,0.00284214,0.01581281646153095,-4.1469345,38.392,11.344,832,146.963,58.118,49.742,0
181.099,454.249,0.00220144,1.740025612863584,0.55389983,45.537,12.739,511,179.954,57.3,16.392,0
168.57,441.72,0.00226388,1.100498248430295,0.09576303,42.564,6.966,594,97.176,71.173,135.544,0
63.772,336.922,0.00296805,0.006277796218632534,-5.07073628,39.554,4.765,646,150.839,63.516,126.791,0
131.986,405.136,0.00246831,0.2455782296662346,-1.40413973,41.706,12.572,564,276.159,57.6,7.681,0
184.548,457.698,0.00218485,1.965238647842529,0.67561369,50.675,13.881,1151,184.264,52.062,43.788,1
125.043,398.193,0.00251135,0.1790820976668632,-1.71991093,39.6,14.956,433,292.52,65.534,66.839,0
39.573,312.723,0.00319772,0.001164055272626337,-6.75584545,44.772,5.954,1057,232.726,56.666,219.661,0
83.107,356.257,0.00280696,0.02046862234807288,-3.88886218,38.4,5.63,206,258.745,52.831,107.757,0
46.09,319.24,0.00313244,0.001879226187204215,-6.27689519,44.008,2.257,977,104.355,61.284,183.016,0
147.513,420.663,0.0023772,0.4791772708267715,-0.73568466,41.931,9.465,934,18.627,54.702,146.023,0
133.642,406.792,0.00245826,0.264367244560979,-1.33041606,38.5,2.661,954,64.286,58.386,224.56,0
194.208,467.358,0.00213969,2.73723804066245,1.0069494,56.276,1.33,235,145.367,67.402,170.472,1
181.541,454.691,0.0021993,1.767561641966991,0.56960099,46.541,13.083,1085,181.554,56.141,72.412,0
152.35,425.5,0.00235018,0.5842581392278188,-0.53741237,40.843,11.086,774,159.799,62.195,36.198,0
135.957,409.107,0.00244435,0.2927738911270928,-1.22835467,39.267,5.834,165,164.012,59.51,87.243,0
48.89,322.04,0.0031052,0.002294891362297699,-6.07706977,38.243,10.157,430,287.706,70.974,214.173,0
103.438,376.588,0.00265542,0.06222453797707537,-2.77700586,36.249,2.929,146,147.767,52.592,72.118,0
151.444,424.594,0.00235519,0.5631517378652613,-0.57420617,48.949,8.306,1050,87.064,55.457,205.392,1
187.868,461.018,0.00216911,2.205722086461037,0.79105493,53.322,8.01,1093,273.555,59.377,130.014,1
88.874,362.024,0.00276225,0.02841635809914049,-3.56079031,38.193,6.577,184,100.967,69.073,96.687,0
160.01,433.16,0.00230862,0.7925640085484952,-0.23248201,45.586,6.529,929,42.06,50.291,24.106,0
187.482,460.632,0.00217093,2.176501212349802,0.77771864,51.469,13.543,986,91.775,59.702,156.381,1
46.258,319.408,0.00313079,0.001902080735948061,-6.26480687,36.164,10.313,832,60.147,69.877,245.833,0
67.251,340.401,0.00293771,0.007842695206039245,-4.84817273,35.622,5.475,500,23.829,56.385,93.125,0
93.441,366.591,0.00272784,0.03657802651567854,-3.30830759,38.343,4.869,685,11.038,58.089,229.521,0
67.909,341.059,0.00293204,0.00817570102859096,-4.80658881,42.312,10.874,718,52.497,57.911,34.896,0
53.059,326.209,0.00306552,0.00307054495077602,-5.78590022,41.578,1.783,528,45.982,57.183,200.894,0
167.151,440.301,0.00227117,1.043136474773233,0.04223202,51.388,13.94,612,166.729,64.554,137.15,0
116.307,389.457,0.00256768,0.1184547604036461,-2.13322416,45.907,10.199,437,198.513,62.065,220.136,0
134.836,407.986,0.00245106,0.2786965964953048,-1.27763156,42.867,13.546,173,154.421,56.487,206.312,0
38.836,311.986,0.00320527,0.001101294751296186,-6.81126874,39.34,13.658,331,159.917,66.028,225.748,0
147.76,420.91,0.0023758,0.4841068953821857,-0.72544954,45.541,12.806,773,130.827,58.472,120.645,0
102.491,375.641,0.00266212,0.05924210921226527,-2.82612269,43.761,4.928,681,107.4,62.268,18.95,0
54.005,327.155,0.00305666,0.003276881462594431,-5.72086308,40.814,4.674,1109,19.884,64.661,133.531,0
77.686,350.836,0.00285033,0.01488970483863307,-4.20708526,37.721,5.654,612,276.089,50.474,133.485,0
169.915,443.065,0.00225701,1.157411335277124,0.1461859,51.765,6.57,712,286.251,67.939,240.929,1
185.642,458.792,0.00217964,2.041813184059417,0.71383823,48.574,13.831,708,89.728,52.597,159.88,0
153.495,426.645,0.00234387,0.6119308293726292,-0.49113603,41.284,1.266,232,87.899,70.81,29.819,0
120.541,393.691,0.00254006,0.1450587291271432,-1.93061659,37.72,2.94,507,236.389,66.55,163.911,0
101.832,374.982,0.00266679,0.05724307658998781,-2.86044858,41.317,6.19,1066,223.875,58.18,242.546,0
39.291,312.441,0.0032006,0.001139664558436119,-6.77702131,43.018,3.53,1065,91.184,71.453,11.556,0
129.986,403.136,0.00248055,0.2244762320875161,-1.49398545,44.992,4.923,190,69.046,68.751,172.624,0
98.658,371.808,0.00268956,0.04843755816772914,-3.02747977,36.803,13.38,1183,208.553,65.315,143.89,0
148.791,421.941,0.00237,0.5051718506803305,-0.68285661,40.11,7.758,222,128.721,58.888,117.694,0
183.993,457.143,0.0021875,1.927361454063031,0.65615195,48.425,3.767,393,41.026,55.975,38.87,1
125.699,398.849,0.00250721,0.1845923447647843,-1.68960543,38.967,2.704,243,278.636,69.495,28.584,0
158.654,431.804,0.00231587,0.7515077286920878,-0.28567379,45.55,4.256,1030,134.617,71.847,209.83,0
151.284,424.434,0.00235608,0.5594952220898028,-0.58072029,48.309,9.611,678,49.056,66.972,249.107,0
184.215,457.365,0.00218644,1.94243494040603,0.66394231,51.069,1.676,268,296.547,49.323,141.632,1
87.734,360.884,0.00277097,0.02665413713692125,-3.6248109,43.131,12.675,1148,111.107,51.729,210.153,0
131.644,404.794,0.00247039,0.2418493135276475,-1.41944042,43.109,14.514,342,256.021,71.415,178.048,0
103.573,376.723,0.00265447,0.06266049492465302,-2.77002409,39.933,9.285,670,178.343,51.982,207.019,0
74.298,347.448,0.00287813,0.0121429116619142,-4.41100968,42.382,12.463,477,48.636,67.035,66.779,0
152.732,425.882,0.00234807,0.5933648586005706,-0.52194579,48.141,11.351,501,187.192,52.621,172.181,0
181.438,454.588,0.00219979,1.761110990103757,0.56594485,53.043,9.433,466,68.756,49.784,5.771,1
49.445,322.595,0.00309986,0.002386628810211801,-6.03787345,40.894,5.006,994,114.418,68.523,195.87,0
57.271,330.421,0.00302644,0.004090086887950621,-5.49918907,39.222,1.065,583,37.808,54.162,132.807,0
94.168,367.318,0.00272244,0.03805604745007089,-3.26869527,37.705,5.84,874,275.124,69.434,158.492,0
35.491,308.641,0.00324001,0.0008535181676571513,-7.06614373,41.504,5.323,393,133.167,55.121,11.748,0
148.706,421.856,0.00237048,0.5034049939481857,-0.68636028,48.281,12.528,801,296.183,64.506,6.277,0
118.745,391.895,0.0025517,0.133183812066288,-2.01602506,43.855,6.706,1039,233.699,53.523,51.371,0
136.204,409.354,0.00244287,0.2959592994159828,-1.21753334,39.501,3.116,956,254.949,56.543,15.592,0
41.09,314.24,0.00318228,0.001303654926882358,-6.64258348,39.814,13.239,329,139.39,63.999,198.336,0
64.621,337.771,0.00296059,0.006630998133654372,-5.01599994,37.089,14.097,1077,17.35,64.656,89.6,0
153.695,426.845,0.00234277,0.6168815244147068,-0.48307829,48.281,8.702,1074,201.384,51.83,87.304,1
76.278,349.428,0.00286182,0.01368639707594786,-4.29135285,39.975,10.231,871,217.879,72.565,174.578,0
76.945,350.095,0.00285637,0.01424500470488001,-4.25134898,38.64,7.006,389,155.545,65.666,222.225,0
91.575,364.725,0.00274179,0.03301795237881914,-3.41070385,37.453,9.185,857,113.836,58.397,222.362,0
132.0,405.15,0.00246822,0.2457319590662242,-1.40351393,45.189,5.865,210,273.579,63.321,166.368,0
111.706,384.856,0.00259837,0.09456688139643403,-2.35844796,39.066,13.877,653,256.882,60.029,90.842,0
147.266,420.416,0.0023786,0.4742921401414044,-0.74593182,46.923,4.069,287,115.31,56.358,20.876,1
78.833,351.983,0.00284105,0.01593979312791139,-4.13893658,37.686,8.613,1148,43.353,49.435,219.87,0
150.187,423.337,0.00236218,0.5349856562552692,-0.62551534,41.732,5.177,684,43.348,57.646,224.545,0
93.45,366.6,0.00272777,0.03659600342527437,-3.30781624,38.183,11.59,281,22.337,56.712,127.365,0
140.754,413.904,0.00241602,0.3604135168291603,-1.02050325,41.388,4.398,494,277.896,71.351,95.503,0
158.227,431.377,0.00231816,0.7389737087536493,-0.30249294,44.657,11.095,1072,38.392,65.56,104.104,0
62.513,335.663,0.00297918,0.005785411945720316,-5.15241571,36.15,2.743,368,239.239,68.832,224.718,0
170.293,443.443,0.00225508,1.173865010363467,0.16030173,50.525,14.23,1132,248.013,50.392,218.83,0
146.761,419.911,0.00238146,0.4644413497121163,-0.76691999,43.551,2.733,918,42.481,55.17,113.444,0
179.451,452.601,0.00220945,1.64064198347034,0.49508762,52.092,6.049,377,249.142,58.483,34.574,1
57.782,330.932,0.00302177,0.004232757172478613,-5.46490168,36.978,10.329,1181,85.175,71.887,131.057,0
171.515,444.665,0.00224888,1.22847214866295,0.20577124,51.763,5.897,593,159.043,49.269,207.26,1
41.119,314.269,0.00318199,0.001306466733119785,-6.64042894,40.38,5.835,213,293.396,62.253,172.537,0
126.127,399.277,0.00250453,0.1882684115349949,-1.66988661,37.799,3.508,926,75.027,68.273,201.207,0
143.98,417.13,0.00239733,0.4133705271991478,-0.88341093,43.432,13.14,601,164.253,66.601,138.407,0
123.304,396.454,0.00252236,0.1651776758918564,-1.80073356,39.667,3.11,1054,201.556,52.687,145.045,0
179.322,452.472,0.00221008,1.633076913950341,0.49046591,45.066,12.859,323,22.321,61.853,221.628,0
82.76,355.91,0.0028097,0.02006172817950512,-3.90894135,40.021,8.956,1111,224.959,66.233,140.032,0
106.985,380.135,0.00263064,0.07462997370174246,-2.59521306,39.783,6.712,833,123.662,62.571,48.13,0
68.655,341.805,0.00292564,0.008568717748182235,-4.75963718,42.897,2.066,776,145.09,71.587,6.661,0
105.512,378.662,0.00264088,0.06923182889897757,-2.67029457,40.242,3.821,993,84.16,66.482,112.344,0
170.333,443.483,0.00225488,1.175618112742995,0.16179406,46.281,7.187,893,243.548,53.579,150.783,0
77.513,350.663,0.00285174,0.01473687103024513,-4.21740269,38.61,3.008,262,136.544,52.904,179.91,0
35.963,309.113,0.00323506,0.0008850689184330019,-7.02984504,38.346,7.313,256,45.571,61.308,238.524,0
49.563,322.713,0.00309873,0.002406559379854767,-6.02955719,38.627,1.309,1048,108.425,52.137,106.171,0
168.968,442.118,0.00226184,1.117077233895821,0.11071566,46.662,10.177,946,40.951,53.582,94.526,0
106.877,380.027,0.00263139,0.07422173516442039,-2.60069824,41.232,5.257,1136,129.622,65.093,217.873,0
55.548,328.698,0.00304231,0.003640676763425434,-5.61558569,38.121,5.003,353,49.157,55.336,22.421,0
180.757,453.907,0.00220309,1.718978102432981,0.54172999,48.635,7.033,114,258.659,69.208,34.199,1
162.12,435.27,0.00229742,0.8603877049032592,-0.15037217,50.448,6.542,343,129.098,53.401,66.414,1
182.276,455.426,0.00219575,1.81419693891109,0.59564291,50.41,6.745,685,236.04,55.297,247.085,1
170.731,443.881,0.00225286,1.193187263731087,0.1766281,45.788,13.491,236,114.818,61.575,231.287,0
171.55,444.7,0.00224871,1.230068524418494,0.20706988,49.958,11.89,1152,31.177,70.146,127.774,1
45.578,318.728,0.00313747,0.001811111765398725,-6.31381439,38.692,3.129,438,120.798,65.218,117.425,0
102.739,375.889,0.00266036,0.06001047974561652,-2.81323607,39.969,2.606,515,209.53,68.756,168.896,0
145.661,418.811,0.00238771,0.4436088765138254,-0.81281201,45.743,14.678,345,137.47,61.728,241.777,0
158.361,431.511,0.00231744,0.7428870900074513,-0.29721121,47.34,14.608,556,282.032,58.192,136.23,0
121.259,394.409,0.00253544,0.1500645320481993,-1.89668986,45.05,5.024,761,24.434,69.227,220.904,0
129.644,402.794,0.00248266,0.2210340767450968,-1.5094384,44.843,13.146,1130,298.866,60.868,29.853,0
139.281,412.431,0.00242465,0.3383030626226671,-1.08381315,37.958,5.526,706,238.904,71.293,216.169,0
165.564,438.714,0.00227939,0.9821149504317778,-0.01804692,48.337,14.709,778,171.551,49.62,151.77,0
175.747,448.897,0.00222768,1.435232567245522,0.3613269,48.467,5.366,234,175.267,50.6,84.669,1
69.129,342.279,0.00292159,0.008827256877485945,-4.72991097,39.821,1.279,602,259.902,65.677,117.652,0
192.03,465.18,0.00214971,2.543258351391946,0.93344607,57.635,5.836,1176,34.635,60.262,115.492,1
53.865,327.015,0.00305796,0.003245569943745576,-5.73046431,35.94,9.255,1156,248.623,68.701,249.532,0
112.091,385.241,0.00259578,0.0963858809558287,-2.33939555,40.59,13.484,503,264.399,59.124,133.107,0
68.684,341.834,0.0029254,0.008584336110013725,-4.75781612,39.057,10.973,539,51.326,63.228,143.333,0
139.529,412.679,0.00242319,0.3419391749211097,-1.07312241,43.715,3.702,709,14.114,72.751,98.54,0
45.452,318.602,0.00313871,0.001794698630609865,-6.32291816,35.217,9.872,1088,86.257,59.203,133.027,0
166.086,439.236,0.00227668,1.001829924288015,0.00182825,43.991,4.022,260,86.998,50.134,130.15,0
54.535,327.685,0.00305171,0.003397926425241035,-5.68458991,38.347,4.902,248,262.073,73.046,19.222,0
43.043,316.193,0.00316263,0.001505893043662931,-6.49836917,42.228,4.934,163,57.124,66.64,180.142,0
99.506,372.656,0.00268344,0.05066219135949949,-2.98257538,38.3,3.613,372,63.427,71.496,101.624,0
188.036,461.186,0.00216832,2.218546732692682,0.79685236,53.602,5.645,429,130.973,63.178,50.906,1
116.249,389.399,0.00256806,0.1181228378216351,-2.1360302,43.034,11.713,649,245.107,68.831,75.387,0
67.259,340.409,0.00293764,0.00784666888957971,-4.84766618,44.513,14.147,314,124.841,72.708,93.002,0
42.12,315.27,0.00317188,0.001406989331562972,-6.56630308,37.138,3.382,1186,176.472,62.41,189.406,0
80.009,353.159,0.00283159,0.01708551097348296,-4.06952449,38.169,10.099,258,191.886,59.397,110.521,0
139.275,412.425,0.00242468,0.3382155190003566,-1.08407196,43.338,13.965,1019,11.328,68.195,20.759,0
58.328,331.478,0.00301679,0.004390190426763204,-5.42838268,43.541,7.247,180,299.866,70.802,160.461,0
126.252,399.402,0.00250374,0.1893542673839957,-1.66413559,46.054,13.039,1009,62.366,72.263,248.715,0
39.194,312.344,0.0032016,0.001131383520574465,-6.78431404,41.773,14.611,491,84.004,51.673,142.996,0
160.29,433.44,0.00230712,0.8012839400313592,-0.22153991,46.554,10.166,151,209.683,50.771,78.514,0
74.18,347.33,0.00287911,0.01205610848256192,-4.41818382,42.016,6.252,527,248.756,69.947,67.145,0
50.235,323.385,0.00309229,0.002522985057822923,-5.98231253,38.926,10.604,455,73.122,72.389,187.646,0
38.893,312.043,0.00320469,0.001106035881110606,-6.80697293,35.576,3.601,786,283.195,68.664,185.816,0
92.28,365.43,0.0027365,0.03432455640169692,-3.37189425,39.718,14.568,690,167.071,68.965,102.377,0
142.579,415.729,0.00240541,0.3895797981215569,-0.94268656,45.472,9.078,856,126.091,54.484,42.552,0
90.366,363.516,0.00275091,0.03088117144029658,-3.47760862,36.129,5.682,852,41.232,59.707,127.755,0
156.115,429.265,0.00232956,0.679651723344317,-0.38617478,42.563,3.396,464,242.484,58.188,189.704,0
75.199,348.349,0.00287068,0.01282458656852497,-4.35639112,43.665,13.944,324,40.953,59.318,99.749,0
191.946,465.096,0.00215009,2.536023868117552,0.93059745,53.412,4.84,1061,115.008,65.099,15.667,1
107.185,380.335,0.00262926,0.07539128934452378,-2.58506354,42.308,13.217,912,161.688,72.815,190.541,0
80.741,353.891,0.00282573,0.01783572271478174,-4.02655194,35.917,5.16,496,168.193,65.251,203.0,0
164.528,437.678,0.00228478,0.94399625639158,-0.05763308,44.501,13.353,569,241.021,56.456,87.693,0
183.085,456.235,0.00219185,1.86677012775467,0.62420973,53.221,13.512,871,155.478,62.247,236.075,1
97.973,371.123,0.00269452,0.04670506745796387,-3.06390261,38.231,8.379,688,141.004,65.715,108.726,0
158.54,431.69,0.00231648,0.7481431904392671,-0.29016089,42.317,9.441,552,91.048,49.912,190.545,0
91.081,364.231,0.00274551,0.03212927661292111,-3.43798762,43.129,14.29,896,236.216,70.776,198.335,0
196.263,469.413,0.00213032,2.931975160776228,1.07567631,50.503,4.027,368,154.453,55.929,117.492,1
92.112,365.262,0.00273776,0.03400904024459053,-3.3811289,37.352,12.739,737,257.136,65.969,19.934,0
40.585,313.735,0.0031874,0.001255569441034509,-6.68016607,37.97,3.101,496,116.833,73.097,101.808,0
176.226,449.376,0.00222531,1.460456318200099,0.37874893,48.169,4.501,275,228.095,53.955,127.783,1
186.267,459.417,0.00217667,2.086721393068363,0.73559412,52.382,13.577,547,50.863,58.839,115.604,1
123.747,396.897,0.00251955,0.1686251217599491,-1.78007724,39.879,6.494,149,116.883,66.655,130.638,0
111.719,384.869,0.00259829,0.09462779732667091,-2.35780401,41.259,12.316,495,49.086,50.458,29.876,0
189.038,462.188,0.00216362,2.296399178952368,0.83134232,47.613,9.035,1184,99.269,70.487,179.586,0
106.164,379.314,0.00263634,0.07157646205787095,-2.636989,42.059,6.906,885,66.125,53.526,95.928,0
44.751,317.901,0.00314563,0.001705838125698038,-6.37369872,35.45,2.529,251,281.672,70.791,178.242,0
59.289,332.439,0.00300807,0.004680277301419514,-5.36439792,42.991,10.445,112,78.585,59.26,100.588,0
151.933,425.083,0.00235248,0.5744582902623016,-0.55432779,42.82,6.624,900,204.67,60.693,38.825,0
129.009,402.159,0.00248658,0.2147673398699179,-1.53819998,44.212,6.89,1182,155.98,56.598,99.895,0
35.572,308.722,0.00323916,0.0008588582933940114,-7.05990662,35.463,12.86,273,286.72,60.386,10.805,0
154.221,427.371,0.00233989,0.6300711997798156,-0.46192245,46.526,14.586,904,151.929,58.065,93.873,0
141.853,415.003,0.00240962,0.3777356366011882,-0.9735607,45.379,9.507,236,11.472,68.365,185.92,0
140.154,413.304,0.00241953,0.3512570718520925,-1.04623693,41.989,13.973,691,209.922,63.857,78.415,0
96.197,369.347,0.00270748,0.04246965959617633,-3.15896535,40.897,4.358,305,291.198,68.179,162.716,0
179.35,452.5,0.00220994,1.634716340988219,0.4914693,50.223,9.988,1112,21.211,72.728,96.835,1
180.799,453.949,0.00220289,1.721550809243865,0.54322552,51.526,1.018,928,233.669,55.384,99.597,1
151.89,425.04,0.00235272,0.5734560678449693,-0.55607395,42.946,8.408,794,40.101,61.988,134.717,0
199.101,472.251,0.00211752,3.2207243486383,1.16960629,54.142,6.674,976,237.799,51.485,125.052,1
86.045,359.195,0.002784,0.02422404593336784,-3.72040951,39.404,2.403,1004,122.512,69.941,154.416,0
170.41,443.56,0.00225449,1.178999315766052,0.16466604,47.237,5.577,154,38.558,71.818,55.857,0
181.199,454.349,0.00220095,1.746222364364725,0.55745481,52.108,9.416,549,186.056,49.262,154.05,1
95.057,368.207,0.00271586,0.03993633980294012,-3.2204686,43.131,8.338,124,169.0,64.737,207.872,0
53.995,327.145,0.00305675,0.003274635834438126,-5.72154861,41.144,7.454,940,50.45,63.722,159.449,0
61.44,334.59,0.00298873,0.005393755923008364,-5.22251331,40.646,8.105,629,176.326,62.593,212.936,0
125.615,398.765,0.00250774,0.1838784304838937,-1.69348044,45.345,12.728,801,61.214,73.01,173.417,0
95.957,369.107,0.00270924,0.04192462857673439,-3.17188183,44.896,13.439,1066,247.327,50.207,228.099,0
126.875,400.025,0.00249984,0.1948498390764915,-1.63552607,45.086,13.629,1134,169.418,49.204,151.827,0
62.725,335.875,0.0029773,0.005865784573451069,-5.13861903,39.04,7.302,171,194.7,61.974,149.206,0
164.025,437.175,0.00228741,0.9259633170139033,-0.07692066,45.17,8.694,1165,267.554,50.321,167.588,0
81.078,354.228,0.00282304,0.01819100871721931,-4.00682783,36.372,2.577,383,22.69,49.063,206.535,0
89.781,362.931,0.00275534,0.02989267186331079,-3.51014192,41.37,1.86,267,38.429,53.109,178.676,0
99.89,373.04,0.00268068,0.0516994327191416,-2.96230847,40.239,13.373,932,171.751,67.49,115.335,0
88.474,361.624,0.0027653,0.02778642441384822,-3.58320771,44.976,12.656,421,211.183,66.551,105.863,0
131.271,404.421,0.00247267,0.237839901159978,-1.43615752,46.654,11.336,799,235.102,68.348,112.601,0
109.426,382.576,0.00261386,0.08441047773054483,-2.47206374,38.847,11.53,820,240.013,64.407,47.458,0
161.125,434.275,0.00230269,0.8277924670719486,-0.1889928,44.552,7.309,467,207.494,58.792,166.815,0
78.187,351.337,0.00284627,0.01534042536766806,-4.17726375,43.488,9.069,866,208.603,55.909,7.453,0
108.426,381.576,0.00262071,0.08027286989858373,-2.52232357,43.58,3.504,243,109.7,57.946,58.334,0
133.367,406.517,0.00245992,0.2611612536871373,-1.34261723,37.574,7.407,132,55.889,67.034,77.172,0
156.992,430.142,0.00232481,0.7037539794303355,-0.35132644,46.536,1.822,1017,68.121,51.071,107.196,1
48.364,321.514,0.00311028,0.002210928088001825,-6.1143429,35.732,12.446,180,260.189,65.899,56.603,0
127.7,400.85,0.0024947,0.2023458059120968,-1.59777713,38.517,6.383,436,266.738,56.204,20.379,0
108.04,381.19,0.00262336,0.07872500810062878,-2.54179441,42.993,3.115,995,197.836,61.948,210.292,0
74.611,347.761,0.00287554,0.01237590846330099,-4.39200356,38.467,11.881,1017,238.731,59.082,133.594,0
133.243,406.393,0.00246067,0.2597269866120845,-1.34812425,44.262,9.722,634,294.538,69.164,80.813,0
118.021,391.171,0.00255643,0.1286478365665817,-2.05067656,45.32,14.998,866,280.792,70.206,10.264,0
159.92,433.07,0.0023091,0.7897790029759996,-0.23600212,47.709,11.616,502,170.101,62.38,234.976,0
82.448,355.598,0.00281216,0.0197021266315446,-3.9270287,36.995,14.24,103,246.286,49.139,203.952,0
60.162,333.312,0.00300019,0.004958796767531484,-5.30659215,40.838,14.658,134,189.582,49.17,15.57,0
104.669,377.819,0.00264677,0.06630253028774949,-2.71352722,38.491,2.867,422,224.704,57.968,132.01,0
111.079,384.229,0.00260261,0.09167020420464048,-2.38955788,40.808,13.247,1190,178.701,71.332,55.776,0
122.157,395.307,0.00252968,0.1565419442565288,-1.85443129,40.73,10.439,894,196.457,68.453,199.072,0
193.732,466.882,0.00214187,2.693775851007453,0.99094387,52.291,11.677,647,11.347,61.478,71.913,1
57.131,330.281,0.00302772,0.004051770294008093,-5.50860138,39.265,2.414,435,221.353,63.424,14.803,0
127.178,400.328,0.00249795,0.1975736525890304,-1.62164384,41.924,13.292,1176,291.005,59.648,7.175,0
59.856,333.006,0.00300295,0.004859501250679652,-5.32681947,41.485,11.172,139,43.111,49.05,230.073,0
88.912,362.062,0.00276196,0.02847686619559092,-3.55866323,43.1,9.648,166,170.58,72.316,88.246,0
190.77,463.92,0.00215554,2.436611552270018,0.89060837,56.342,9.908,725,187.91,66.131,241.98,1
68.135,341.285,0.0029301,0.0082930025408708,-4.79234319,39.768,13.48,891,43.62,52.819,159.643,0
131.559,404.709,0.00247091,0.240930388048728,-1.42324723,46.023,3.909,725,67.97,58.304,5.941,1
67.739,340.889,0.00293351,0.008088459408244918,-4.817317,40.568,11.595,1006,221.707,57.419,42.733,0
86.507,359.657,0.00278043,0.02486806659407357,-3.69417076,44.368,4.174,794,192.578,49.32,12.456,0
61.432,334.582,0.0029888,0.005390928624182026,-5.22303762,36.895,7.886,244,147.764,55.832,9.238,0
146.218,419.368,0.00238454,0.4540518524819557,-0.78954387,42.979,13.121,191,154.213,58.449,232.281,0
161.38,434.53,0.00230134,0.8360405226476405,-0.1790782,41.671,7.537,788,130.238,66.351,123.883,0
177.762,450.912,0.00221773,1.543984116985732,0.43436616,49.219,9.954,910,101.655,50.476,45.28,1
146.293,419.443,0.00238411,0.4554745015264519,-0.78641554,39.899,6.263,258,236.908,52.386,87.302,0
118.842,391.992,0.00255107,0.1338022590201254,-2.01139225,46.242,7.482,957,135.283,59.124,60.024,0
193.881,467.031,0.00214119,2.707315389226714,0.99595751,54.476,11.088,275,107.891,61.829,70.931,1
108.991,382.141,0.00261684,0.0825877062736481,-2.49389444,42.212,3.36,936,112.069,63.937,128.558,0
60.452,333.602,0.00299758,0.005054599160850423,-5.28745673,36.867,12.473,172,170.55,70.747,237.064,0
186.335,459.485,0.00217635,2.09165913193571,0.73795759,46.351,3.996,1123,183.843,58.968,158.592,1
54.64,327.79,0.00305073,0.003422384889997932,-5.67741763,43.639,8.944,347,95.245,55.995,164.09,0
112.408,385.558,0.00259364,0.09790704120295343,-2.32373681,37.805,13.809,921,288.838,71.889,61.214,0
124.352,397.502,0.00251571,0.1734368850045962,-1.75194152,40.275,11.434,1165,183.168,66.258,153.966,0
111.834,384.984,0.00259751,0.0951682005420441,-2.35210942,44.873,7.681,141,240.882,58.597,123.585,0
65.17,338.32,0.00295578,0.006868899894696694,-4.98075132,36.976,12.869,170,54.799,59.791,25.369,0
79.29,352.44,0.00283736,0.01637650429340737,-4.11190764,41.368,13.05,923,139.871,49.163,46.229,0
102.173,375.323,0.00266437,0.05826978591671531,-2.84267157,40.599,2.866,829,141.836,48.912,180.731,0
152.653,425.803,0.0023485,0.5914713083214528,-0.5251421,41.42,11.61,453,28.541,64.503,222.945,0
156.53,429.68,0.00232731,0.6909646074014633,-0.36966668,47.272,11.732,395,42.124,61.038,112.173,0
183.493,456.643,0.00218989,1.893786638347156,0.63857834,54.274,3.017,815,194.088,64.968,174.901,1
71.264,344.414,0.00290348,0.01008171509286737,-4.59703188,37.293,5.424,435,299.399,50.506,59.975,0
197.309,470.459,0.00212558,3.035657062898976,1.1104279,49.408,9.047,232,295.928,58.751,104.888,0
186.63,459.78,0.00217495,2.113198747298022,0.74820279,49.61,10.022,798,250.044,69.463,219.726,1
86.771,359.921,0.00277839,0.0252429734263448,-3.67920744,43.238,2.707,569,221.008,65.106,129.607,0
73.86,347.01,0.00288176,0.01182353000377817,-4.43766366,41.129,10.463,1017,253.53,49.252,81.864,0
82.35,355.5,0.00281294,0.01959038228257074,-3.93271653,43.072,10.985,868,109.892,57.745,71.594,0
172.817,445.967,0.00224232,1.289098699602492,0.25394329,46.555,3.196,684,230.553,50.494,213.387,1
164.794,437.944,0.0022834,0.9536570158669212,-0.04745119,42.186,7.942,1181,290.356,53.642,196.279,0
165.101,438.251,0.0022818,0.9649149787988083,-0.03571529,45.223,8.789,852,80.383,64.395,156.57,0
184.999,458.149,0.0021827,1.99649634744996,0.69139382,52.687,5.002,881,109.413,53.1,112.756,1
162.184,435.334,0.00229709,0.8625224738904418,-0.14789407,44.003,10.155,647,248.549,59.519,73.035,0
71.692,344.842,0.00289988,0.01035183157869153,-4.57059181,37.958,3.125,1058,82.395,60.925,15.649,0
199.562,472.712,0.00211545,3.269894213027558,1.18475763,54.62,10.503,1002,92.585,68.026,63.947,1
52.73,325.88,0.00306861,0.003001607365421742,-5.80860735,42.463,11.785,503,238.601,73.171,140.225,0
92.329,365.479,0.00273614,0.03441707709086143,-3.36920241,44.435,12.461,909,121.382,54.033,159.801,0
192.203,465.353,0.00214891,2.558214739483803,0.93930965,56.098,3.003,576,262.924,52.701,124.756,1
179.036,452.186,0.00221148,1.616413709907104,0.48020994,45.577,5.3,902,37.825,51.129,156.135,0
199.348,472.498,0.00211641,3.246988432104656,1.17772793,57.43,4.128,893,158.426,64.758,216.147,1
59.147,332.297,0.00300936,0.004636343883259794,-5.37382918,44.891,5.923,392,94.741,63.919,174.555,0
57.11,330.26,0.00302792,0.00404605106264039,-5.51001392,37.303,2.872,556,247.159,53.821,204.128,0
92.197,365.347,0.00273712,0.03416834849919714,-3.37645555,40.322,7.851,251,211.861,50.569,126.541,0
161.487,434.637,0.00230077,0.8395229928318119,-0.17492141,46.415,12.417,384,96.535,53.603,25.932,0
55.135,328.285,0.00304613,0.003539862886521548,-5.64366729,40.391,1.85,565,202.66,55.642,125.909,0
169.52,442.67,0.00225902,1.140434669521923,0.13140948,45.562,10.676,374,279.426,55.09,184.474,0
65.85,339.0,0.00294985,0.007174299840245536,-4.93725011,38.148,10.538,1035,183.859,69.444,83.222,0
184.57,457.72,0.00218474,1.966753416139842,0.67638417,54.432,10.267,568,186.291,61.494,70.541,1
52.051,325.201,0.00307502,0.002863770296930572,-5.85561624,39.378,8.228,500,135.224,61.028,137.552,0
182.36,455.51,0.00219534,1.819594692688214,0.59861378,51.409,1.209,1003,135.589,50.761,199.663,1
92.637,365.787,0.00273383,0.03500379530031304,-3.35229879,39.439,13.12,511,45.439,70.2,174.326,0
196.025,469.175,0.0021314,2.908820069021294,1.06774752,53.989,8.675,836,291.005,64.446,172.991,1
199.722,472.872,0.00211474,3.287111874486599,1.19000933,55.165,1.733,770,162.977,59.84,140.613,1
39.085,312.235,0.00320272,0.001122143733850086,-6.79251438,37.105,8.353,1005,190.68,67.301,8.608,0
146.202,419.352,0.00238463,0.4537488638740241,-0.7902114,44.93,2.768,935,249.422,49.33,75.503,1
123.769,396.919,0.00251941,0.1687979869625668,-1.77905262,40.391,7.431,155,37.73,54.005,76.285,0
75.314,348.464,0.00286974,0.01291404036981021,-4.34944016,39.23,1.073,100,215.862,69.003,195.313,0
161.624,434.774,0.00230005,0.8440005206170117,-0.16960217,42.987,14.048,385,165.155,68.276,57.462,0
172.094,445.244,0.00224596,1.25511620310911,0.22722816,50.021,4.224,786,100.532,70.02,5.168,1
79.127,352.277,0.00283868,0.0162195153182845,-4.12154011,39.802,10.54,620,23.386,70.379,202.058,0
106.202,379.352,0.00263607,0.07171528242849835,-2.63505141,36.87,2.017,356,158.771,51.709,100.822,0
84.6,357.75,0.00279525,0.02230567776642538,-3.80291402,42.339,5.963,632,197.647,63.542,40.738,0
44.596,317.746,0.00314717,0.001686740697285521,-6.38495719,43.078,6.815,809,149.333,65.588,204.758,0
168.061,441.211,0.00226649,1.079611097995194,0.07660088,44.836,1.077,539,14.353,49.38,94.815,0
52.989,326.139,0.00306618,0.003055757722028532,-5.79072769,39.557,6.371,1092,88.289,66.703,82.09,0
117.857,391.007,0.0025575,0.1276397269052166,-2.05854362,42.086,9.779,466,137.897,60.527,30.317,0
135.6,408.75,0.00244648,0.2882237086053188,-1.24401833,44.797,2.261,764,111.586,61.329,241.922,0
97.271,370.421,0.00269963,0.04498756602313125,-3.10136914,40.781,12.56,1014,72.171,62.786,241.262,0
91.487,364.637,0.00274245,0.03285804350513451,-3.41555871,36.029,9.995,527,192.195,49.053,117.787,0
185.458,458.608,0.00218051,2.028754372460219,0.707422,54.389,5.58,150,239.464,65.705,185.352,1
177.057,450.207,0.0022212,1.505139889327778,0.40888584,47.217,6.099,902,254.394,58.554,135.93,1
118.866,392.016,0.00255092,0.1339556720899424,-2.01024634,37.748,1.52,383,284.997,61.531,111.583,0
103.647,376.797,0.00265395,0.06290062503362867,-2.76619918,38.516,8.847,218,81.036,63.825,64.403,0
80.0,353.15,0.00283166,0.01707646727985536,-4.07005395,40.463,12.215,378,166.433,58.687,152.252,0
158.145,431.295,0.0023186,0.7365879350830087,-0.30572665,43.674,11.426,1121,57.619,61.167,207.996,0
171.426,444.576,0.00224933,1.224420991437446,0.20246807,44.618,2.127,779,139.018,53.535,214.329,0
60.376,333.526,0.00299827,0.005029330979210367,-5.29246831,38.172,12.735,685,225.14,60.149,215.893,0
117.23,390.38,0.00256161,0.1238503031800094,-2.08868168,41.279,10.455,188,121.269,49.866,215.832,0
105.715,378.865,0.00263946,0.0699543354884042,-2.6599126,41.989,12.67,1055,264.769,65.003,234.192,0
66.263,339.413,0.00294626,0.007365748553833532,-4.9109146,39.531,10.587,332,254.121,53.15,10.407,0
178.428,451.578,0.00221446,1.58148433193095,0.45836386,49.312,8.615,938,166.902,65.479,114.66,1
177.424,450.574,0.00221939,1.525252572513612,0.42216002,50.174,14.736,944,87.989,66.66,14.13,0
91.713,364.863,0.00274075,0.03327013021264105,-3.40309528,40.336,2.043,291,204.681,69.341,84.108,0
182.927,456.077,0.00219261,1.856398862038809,0.61863852,48.256,7.379,956,272.089,71.519,191.085,1
151.447,424.597,0.00235517,0.5632204988735637,-0.57408408,44.498,12.388,1112,105.21,59.493,53.979,0
122.952,396.102,0.0025246,0.1624833652794922,-1.81717965,40.472,4.374,384,274.058,65.831,187.349,0
167.65,440.8,0.0022686,1.063000757814251,0.06109581,49.661,3.956,873,85.926,53.909,176.006,1
86.875,360.025,0.00277758,0.02539205814936657,-3.67331883,39.403,10.559,159,206.415,52.408,88.386,0
137.155,410.305,0.00243721,0.3085131969976045,-1.17599066,38.704,11.614,452,202.164,72.694,161.206,0
179.375,452.525,0.00220982,1.636181334146019,0.49236507,45.649,9.442,215,47.976,61.567,246.319,0
41.756,314.906,0.00317555,0.001369645387611275,-6.59320341,43.392,8.637,739,71.514,59.215,233.158,0
170.711,443.861,0.00225296,1.192298915674689,0.17588331,52.546,8.405,303,130.7,68.008,222.167,1
64.18,337.33,0.00296446,0.006445342503500084,-5.0443975,36.384,10.155,1166,102.631,55.042,33.861,0
184.627,457.777,0.00218447,1.970682797711375,0.67838008,55.879,12.703,1115,294.635,59.371,161.959,1
47.863,321.013,0.00311514,0.002133571222154728,-6.14995807,41.224,3.678,842,285.188,69.72,137.728,0
67.477,340.627,0.00293576,0.007955657306752132,-4.83387199,40.154,4.19,149,61.183,64.612,190.183,0
136.99,410.14,0.00243819,0.3063017457568679,-1.18318457,45.921,4.37,756,76.342,58.886,90.499,0
193.303,466.453,0.00214384,2.655122347628009,0.97649074,57.615,13.402,760,37.339,65.623,50.183,1
124.351,397.501,0.00251572,0.1734288317087649,-1.75198796,40.753,6.218,889,63.743,60.614,214.282,0
184.107,457.257,0.00218695,1.935089053138262,0.66015335,46.222,14.522,509,49.658,57.597,196.873,0
132.66,405.81,0.00246421,0.2530770652043401,-1.37406123,38.974,14.935,1168,79.515,56.63,145.218,0
127.436,400.586,0.00249634,0.1999196230238978,-1.60983988,42.367,13.428,108,130.465,72.929,55.622,0
179.077,452.227,0.00221128,1.618793299561822,0.48168099,50.823,10.033,1096,230.205,69.135,47.157,1
57.377,330.527,0.00302547,0.004119317027602798,-5.4920679,37.207,5.938,596,57.574,53.97,235.375,0
151.624,424.774,0.00235419,0.5672905623043769,-0.56688365,43.929,4.108,318,161.196,62.453,24.159,0
162.285,435.435,0.00229655,0.865900903305559,-0.14398481,41.505,3.968,1162,265.72,56.457,153.282,0
71.098,344.248,0.00290488,0.009978680901378982,-4.60730437,41.688,4.377,451,260.769,63.651,97.427,0
58.959,332.109,0.00301106,0.00457875548862325,-5.38632805,40.106,6.543,1140,277.766,52.802,86.577,0
158.175,431.325,0.00231844,0.7374599894725177,-0.30454344,50.009,10.367,458,99.249,66.125,72.861,1
63.937,337.087,0.00296659,0.006345071622334245,-5.06007689,38.69,1.818,927,268.646,65.922,88.158,0
76.828,349.978,0.00285732,0.01414555095932286,-4.25835512,42.64,3.975,510,249.699,61.838,199.825,0
184.174,457.324,0.00218663,1.939643354668875,0.66250412,50.157,2.494,512,161.407,53.508,30.023,1
139.95,413.1,0.00242072,0.3481912421351313,-1.0550034,40.623,7.433,133,51.737,71.65,221.215,0
41.759,314.909,0.00317552,0.001369949428084305,-6.59298145,44.487,4.492,717,269.382,67.143,83.168,0
52.097,325.247,0.00307459,0.002872922881136907,-5.85242534,44.103,14.103,506,75.998,57.108,73.534,0
119.781,392.931,0.00254498,0.1399230056038786,-1.96666297,43.758,14.286,389,173.475,50.014,162.023,0
81.977,355.127,0.00281589,0.01917028526786786,-3.95439384,35.832,8.677,476,124.113,52.302,199.305,0
76.515,349.665,0.00285988,0.01388257109111083,-4.2771211,39.826,2.095,599,217.899,52.886,31.048,0
139.923,413.073,0.00242088,0.3477872551697844,-1.05616432,44.606,7.832,806,15.973,57.924,22.358,0
162.562,435.712,0.00229509,0.875226424465254,-0.13327266,45.398,14.737,260,81.289,53.377,173.412,0
128.484,401.634,0.00248983,0.2097061705060973,-1.56204792,46.149,4.495,651,121.927,55.641,129.542,0
74.84,347.99,0.00287365,0.01254893115251599,-4.37811978,44.189,4.235,790,221.162,72.424,198.056,0
89.862,363.012,0.00275473,0.03002781824153276,-3.50563105,39.088,13.019,966,184.263,61.221,44.682,0
50.586,323.736,0.00308894,0.00258581740439377,-5.95771361,38.934,7.958,927,193.396,58.973,216.839,0
177.976,451.126,0.00221668,1.555947773545865,0.44208486,50.137,8.621,196,21.812,72.481,62.311,1
152.427,425.577,0.00234975,0.5860837796353824,-0.53429253,41.118,7.148,414,95.218,56.113,244.271,0
80.862,354.012,0.00282476,0.01796256033005199,-4.01946567,43.881,7.463,409,135.283,59.053,97.169,0
113.525,386.675,0.00258615,0.1034398120132795,-2.26876536,39.867,9.666,664,241.679,53.247,53.939,0
115.946,389.096,0.00257006,0.1164023069450565,-2.15070292,40.333,8.761,715,87.566,68.413,210.964,0
137.02,410.17,0.00243801,0.3067027774272529,-1.18187615,45.884,14.483,831,141.004,66.883,132.261,0
101.094,374.244,0.00267205,0.0550764586427251,-2.8990329,37.866,11.995,311,281.031,70.946,196.953,0
60.569,333.719,0.00299653,0.005093724513074294,-5.27974598,42.59,9.759,175,112.781,59.975,183.459,0
74.26,347.41,0.00287844,0.0121148965314587,-4.41331947,35.977,9.68,1194,48.063,59.05,180.288,0
97.722,370.872,0.00269635,0.04608432212506155,-3.07728247,43.363,9.101,288,128.624,49.475,102.047,0
182.409,455.559,0.00219511,1.822749873642177,0.60034628,46.233,7.69,548,176.696,61.912,217.452,0
45.517,318.667,0.00313807,0.001803148685239642,-6.31822087,44.333,5.381,278,114.321,64.498,72.934,0
152.84,425.99,0.00234747,0.5959621787639015,-0.51757807,40.97,8.87,379,78.162,62.857,29.608,0
159.175,432.325,0.00231307,0.7670547799448821,-0.26519706,47.36,11.112,584,210.653,69.579,154.685,0
39.859,313.009,0.0031948,0.001189278819646879,-6.73440819,39.03,12.383,423,245.675,58.158,152.325,0
124.496,397.646,0.0025148,0.1746000466933065,-1.74525737,37.213,13.909,1055,264.229,56.076,216.438,0
114.884,388.034,0.00257709,0.1105473863074448,-2.20231101,43.802,11.016,901,35.968,54.382,129.569,0
107.976,381.126,0.0026238,0.07847096888307378,-2.54502655,39.882,10.647,755,112.475,52.17,96.716,0
108.646,381.796,0.0026192,0.08116721888633587,-2.51124382,37.635,12.295,573,275.709,66.982,125.816,0
148.681,421.831,0.00237062,0.502886372094688,-0.68739103,43.948,13.212,382,122.182,71.456,213.149,0
105.499,378.649,0.00264097,0.06918578882770315,-2.6709598,42.002,5.655,452,97.193,55.671,42.714,0
78.943,352.093,0.00284016,0.01604393634599167,-4.1324243,40.356,5.255,580,233.064,71.573,15.112,0
136.375,409.525,0.00244185,0.2981825817234801,-1.21004929,46.789,14.339,1099,286.506,66.743,166.892,0
53.196,326.346,0.00306423,0.003099674484729905,-5.77645818,42.575,7.297,318,200.045,69.415,22.212,0
180.212,453.362,0.00220574,1.685898367491682,0.52229858,51.978,12.555,991,55.504,51.382,202.921,1
76.805,349.955,0.00285751,0.01412607425758661,-4.25973295,44.205,5.076,1161,263.337,66.291,224.096,0
46.439,319.589,0.00312902,0.001926987526309247,-6.25179736,40.287,14.821,660,181.716,61.505,238.962,0
49.944,323.094,0.00309507,0.002471952307061829,-6.00274703,36.939,1.866,1052,26.907,53.173,224.12,0
143.328,416.478,0.00240109,0.4021431648090252,-0.91094712,45.141,10.798,943,40.403,71.001,231.03,0
60.789,333.939,0.00299456,0.005168039922119573,-5.26526179,41.873,9.804,824,143.46,62.253,98.622,0
83.879,357.029,0.00280089,0.02140072698752843,-3.84433039,37.489,12.497,617,86.546,69.001,223.695,0
162.098,435.248,0.00229754,0.8596549543209884,-0.15122419,49.327,11.004,268,266.738,53.996,54.225,0
94.853,368.003,0.00271737,0.03949762889523877,-3.23151464,42.565,11.046,995,95.821,70.579,33.675,0
40.361,313.511,0.00318968,0.001234764353790136,-6.69687513,43.865,12.905,305,273.788,66.976,92.282,0
118.032,391.182,0.00255635,0.1287157075293317,-2.05014912,37.889,13.681,305,229.619,67.754,233.777,0
62.337,335.487,0.00298074,0.005719449016254832,-5.1638828,39.7,1.239,914,158.463,71.071,200.777,0
36.989,310.139,0.00322436,0.0009573680534295919,-6.95132265,37.871,8.072,571,98.421,68.846,133.748,0
137.601,410.751,0.00243456,0.3145619524381932,-1.15657424,40.351,6.447,597,143.531,65.912,170.918,0
141.829,414.979,0.00240976,0.3773496078511076,-0.97458318,45.485,7.771,402,179.954,52.846,111.13,0
192.814,465.964,0.00214609,2.611653969558268,0.95998373,55.668,1.791,166,214.065,59.072,20.005,1
140.131,413.281,0.00241966,0.3509102206790696,-1.04722487,45.132,5.031,1105,71.477,62.201,116.073,0
88.642,361.792,0.00276402,0.02804944696238782,-3.57378636,41.232,1.904,384,277.071,66.378,210.954,0
173.462,446.612,0.00223908,1.320094454788601,0.27770329,52.684,13.236,855,57.034,57.413,102.864,1
170.829,443.979,0.00225236,1.197548584427158,0.18027662,45.703,4.504,1155,210.163,62.217,237.562,0
88.309,361.459,0.00276657,0.02753026486475859,-3.59246934,43.015,7.641,117,261.453,60.215,49.102,0
151.085,424.235,0.00235718,0.554976735485998,-0.58882908,41.782,5.782,580,243.244,61.31,6.514,0
62.951,336.101,0.0029753,0.005952580706094624,-5.12393042,35.144,10.013,843,272.025,70.213,114.778,0
80.465,353.615,0.00282793,0.01754942999670861,-4.04273381,40.383,7.906,189,205.231,71.492,21.739,0
158.926,432.076,0.00231441,0.7595893808194344,-0.27497728,41.634,10.963,606,189.052,50.763,60.004,0
54.58,327.73,0.00305129,0.003408389065838814,-5.68151551,39.634,3.329,607,127.475,61.279,88.055,0
116.992,390.142,0.00256317,0.1224384280296932,-2.100147,44.556,8.51,679,244.307,57.038,23.915,0
128.485,401.635,0.00248982,0.2097157089796251,-1.56200243,44.55,9.55,521,172.429,70.936,178.613,0
198.584,471.734,0.00211984,3.166349042988557,1.1525792,55.733,12.632,356,125.894,64.469,216.383,1
150.725,423.875,0.00235919,0.5468845257958455,-0.6035176,42.8,3.394,331,267.581,70.193,163.888,0
65.294,338.444,0.0029547,0.006923694866090077,-4.97280571,36.34,6.796,734,294.617,61.887,173.715,0
126.671,399.821,0.00250112,0.1930348803504262,-1.64488438,45.471,14.21,768,121.329,70.18,240.529,0
172.305,445.455,0.0022449,1.264951338355017,0.23503365,47.898,4.18,606,33.34,53.1,249.97,1
109.066,382.216,0.00261632,0.08289943895426961,-2.49012698,36.091,5.558,702,80.298,51.143,34.838,0
154.683,427.833,0.00233736,0.6418609326887453,-0.44338361,40.431,1.014,376,92.592,69.394,177.085,0
128.336,401.486,0.00249075,0.2082987288875583,-1.56878203,46.873,6.926,865,227.241,71.646,34.354,0
167.865,441.015,0.0022675,1.071661600317308,0.06921034,43.612,7.281,165,79.69,70.499,201.747,0
107.038,380.188,0.00263028,0.07483104825442091,-2.5925224,41.035,5.431,468,88.864,55.958,96.79,0
147.079,420.229,0.00237965,0.4706230631581201,-0.7536978,43.354,1.99,1169,240.374,50.426,107.646,0
103.742,376.892,0.00265328,0.06321011049768395,-2.76129101,37.99,11.921,928,219.33,54.362,127.745,0
39.992,313.142,0.00319344,0.001201178098661678,-6.72445245,40.481,13.466,1164,137.232,54.487,53.241,0
112.936,386.086,0.0025901,0.1004884528380429,-2.29771246,36.929,7.34,1018,46.1,56.013,82.098,0
134.44,407.59,0.00245345,0.2738694622044635,-1.2951037,42.465,8.277,1122,114.587,64.48,196.877,0
186.089,459.239,0.00217752,2.073844383954523,0.72940408,51.925,14.776,589,35.311,54.876,90.618,1
79.687,352.837,0.00283417,0.01676462648865651,-4.08848418,36.487,12.559,244,167.573,60.691,216.127,0
102.309,375.459,0.00266341,0.05868385514967502,-2.83559063,43.88,1.354,450,231.212,66.817,91.452,0
45.055,318.205,0.00314263,0.001743868365201589,-6.35164944,39.044,7.822,789,211.34,49.357,43.446,0
187.323,460.473,0.00217168,2.164563425344693,0.77221869,56.421,8.555,1023,60.816,67.296,161.489,1
54.491,327.641,0.00305212,0.003387724576425922,-5.6875968,43.551,1.272,659,34.389,64.316,42.99,0
81.532,354.682,0.00281943,0.01867975142310644,-3.98031515,37.741,13.416,784,83.828,54.107,88.234,0
61.051,334.201,0.00299221,0.005257827797771683,-5.2480373,40.68,10.077,542,155.18,58.762,232.81,0
124.548,397.698,0.00251447,0.1750217834646635,-1.74284484,44.085,2.304,608,254.939,59.337,142.011,0
37.091,310.241,0.0032233,0.0009648434355309008,-6.94354471,41.694,12.792,317,125.437,69.948,157.915,0
160.09,433.24,0.00230819,0.7950468364475853,-0.22935425,47.306,14.237,369,207.877,63.842,29.682,0
78.855,352.005,0.00284087,0.01596057274697914,-4.1376338,44.742,10.869,573,188.929,50.522,35.884,0
85.116,358.266,0.00279122,0.0229743751653318,-3.77337581,40.979,8.345,716,129.694,67.605,202.303,0
35.429,308.579,0.00324066,0.0008494512297476745,-7.07092003,42.065,4.002,548,39.78,50.773,66.75,0
81.587,354.737,0.00281899,0.0187397587937361,-3.97710787,38.353,11.527,1130,93.75,64.471,249.262,0
118.676,391.826,0.00255215,0.1327454412264538,-2.01932196,44.592,14.381,967,254.076,61.047,237.598,0
87.317,360.467,0.00277418,0.02603456734373793,-3.64833011,36.525,1.608,1157,219.412,58.286,244.01,0
176.651,449.801,0.00222321,1.483161304264584,0.39417583,52.954,3.141,140,45.268,71.759,47.674,1
116.013,389.163,0.00256962,0.1167808131825585,-2.14745649,45.284,13.053,648,73.678,52.905,219.269,0
136.284,409.434,0.0024424,0.2969975914930744,-1.21403125,47.24,6.246,593,110.199,71.604,107.287,0
73.994,347.144,0.00288065,0.01192042326688767,-4.42950211,43.92,14.722,424,47.294,61.665,8.747,0
166.637,439.787,0.00227383,1.023017316998599,0.02275641,45.791,13.663,294,289.411,50.179,162.766,0
79.779,352.929,0.00283343,0.01685574731603735,-4.08306359,44.77,2.875,1135,250.821,67.282,216.232,0
156.98,430.13,0.00232488,0.7034191628084306,-0.35180232,44.69,10.737,1116,87.155,48.843,237.418,0
76.368,349.518,0.00286108,0.01376059620328692,-4.28594612,39.436,7.021,1139,14.423,56.901,249.014,0
140.015,413.165,0.00242034,0.3491655118107199,-1.05220922,47.445,3.741,1068,112.789,67.589,96.405,1
163.929,437.079,0.00228792,0.9225563386636388,-0.08060683,49.009,12.504,559,118.81,62.827,248.896,0
111.766,384.916,0.00259797,0.09484832498896453,-2.35547624,37.73,13.642,934,204.92,56.976,74.589,0
42.663,315.813,0.00316643,0.001464429486319405,-6.52628954,37.995,14.882,519,141.134,65.65,148.684,0
102.243,375.393,0.00266387,0.05848258106568451,-2.83902633,36.376,10.423,1112,115.926,68.291,206.281,0
146.804,419.954,0.00238121,0.4652730152895031,-0.76513092,45.639,8.255,469,186.111,50.043,236.623,0
126.893,400.043,0.00249973,0.195010710083532,-1.6347008,38.454,8.576,1074,22.535,59.823,232.887,0
117.958,391.108,0.00255684,0.1282597366090275,-2.05369788,40.41,13.831,989,243.438,56.69,249.611,0
66.77,339.92,0.00294187,0.007607105362719094,-4.87867255,36.013,10.624,305,258.829,55.682,238.247,0
110.496,383.646,0.00260657,0.08904834231523055,-2.41857588,38.145,2.325,519,78.576,51.309,127.892,0
112.907,386.057,0.00259029,0.1003451058599842,-2.29913998,37.305,5.033,371,178.819,59.563,147.616,0
88.671,361.821,0.0027638,0.02809507611352625,-3.57216095,39.331,4.496,418,202.229,68.52,172.363,0
193.173,466.323,0.00214444,2.643505156400688,0.97210575,54.429,2.66,1061,149.657,51.359,176.023,1
71.208,344.358,0.00290395,0.01004684932453168,-4.60049619,38.645,2.025,194,215.924,71.269,94.835,0
163.476,436.626,0.00229029,0.9066281998589237,-0.09802284,43.023,2.009,1103,45.373,63.489,232.008,0
140.729,413.879,0.00241617,0.3600278117213119,-1.021574,46.578,7.708,714,260.267,57.127,249.177,0
84.634,357.784,0.00279498,0.02234919255459178,-3.80096509,42.751,1.971,783,217.752,58.402,170.341,0
66.272,339.422,0.00294618,0.007369971691356616,-4.91034141,37.149,11.674,670,289.954,55.805,79.679,0
83.637,356.787,0.00280279,0.02110449772673074,-3.8582691,41.926,4.542,1068,92.608,55.259,85.552,0
154.081,427.231,0.00234065,0.6265365317632287,-0.4675482,42.836,1.659,606,261.358,72.698,223.736,0
131.464,404.614,0.00247149,0.2399070308289545,-1.4275038,42.364,1.415,614,170.377,68.097,140.417,0
135.193,408.343,0.00244892,0.2831129909902284,-1.2619092,40.339,11.109,931,203.224,63.336,86.19,0
48.859,322.009,0.0031055,0.002289863427655808,-6.0792631,35.998,4.656,1118,173.047,62.121,153.228,0
176.92,450.07,0.00222188,1.497691743533547,0.40392509,44.343,1.227,540,274.616,59.776,22.645,0
107.752,380.902,0.00262535,0.07758760628598925,-2.55634758,42.775,9.52,776,285.827,68.666,24.551,0
124.584,397.734,0.00251424,0.1753142868847537,-1.74117499,41.798,7.938,734,46.755,72.36,241.018,0
124.642,397.792,0.00251388,0.1757864592228053,-1.73848532,43.219,9.285,878,114.264,56.779,227.416,0
122.814,395.964,0.00252548,0.1614378172005004,-1.82363524,38.306,7.328,142,45.804,59.199,187.564,0
193.744,466.894,0.00214181,2.694864091299786,0.99134777,57.386,11.941,585,67.268,61.716,46.824,1
93.173,366.323,0.00272983,0.03604634294201001,-3.32294986,43.267,6.51,249,85.325,68.119,113.758,0
46.451,319.601,0.0031289,0.001928649282110832,-6.25093537,43.227,12.683,589,80.071,49.622,58.012,0
103.277,376.427,0.00265656,0.06170817878969503,-2.7853388,39.848,8.342,433,42.269,51.172,80.711,0
166.555,439.705,0.00227425,1.019839437359864,0.0196452,43.497,14.954,156,263.266,72.95,123.25,0
190.549,463.699,0.00215657,2.418314404630227,0.88307077,53.5,3.439,1138,49.015,67.378,58.082,1
95.405,368.555,0.0027133,0.04069485625589252,-3.20165358,37.998,3.32,473,123.706,59.931,228.252,0
131.828,404.978,0.00246927,0.2438492051856626,-1.41120526,40.939,1.468,453,293.642,61.146,76.839,0
117.892,391.042,0.00255727,0.1278542779024135,-2.05686412,43.145,1.282,365,120.705,52.378,156.672,0
93.24,366.39,0.00272933,0.03617860753203334,-3.31928729,44.948,5.984,301,178.096,61.825,205.139,0
159.798,432.948,0.00230975,0.786017554349682,-0.24077615,50.51,2.324,763,209.398,70.625,87.495,1
190.483,463.633,0.00215688,2.412873426324289,0.88081833,54.856,7.258,106,242.08,68.044,19.215,1
84.272,357.422,0.00279781,0.02188979805432482,-3.82173459,35.963,6.388,402,10.959,55.066,83.763,0
80.752,353.902,0.00282564,0.01784721987584944,-4.02590753,40.095,10.871,1131,240.158,53.376,117.615,0
120.654,393.804,0.00253933,0.1458365297038856,-1.92526894,39.383,10.18,788,183.573,49.958,159.514,0
55.876,329.026,0.00303927,0.003722596659325545,-5.59333383,42.444,10.013,818,248.397,56.482,38.045,0
94.194,367.344,0.00272224,0.03810988790401976,-3.26728151,36.126,10.703,250,86.776,51.113,85.409,0
148.981,422.131,0.00236893,0.5091411534047272,-0.67502999,43.716,11.378,1138,242.254,55.526,245.306,0
95.436,368.586,0.00271307,0.04076304983910558,-3.19997925,40.105,6.806,538,145.609,60.82,173.602,0
186.221,459.371,0.00217689,2.083386942683673,0.73399491,50.498,8.933,690,51.462,71.503,209.029,1
84.542,357.692,0.0027957,0.02223162309887549,-3.80623954,42.407,13.554,586,12.646,59.299,150.025,0
91.036,364.186,0.00274585,0.03204940494625135,-3.44047666,36.834,2.673,1069,95.013,54.688,19.481,0
90.475,363.625,0.00275009,0.03106857475084828,-3.47155843,37.529,14.615,471,224.039,54.271,88.018,0
111.453,384.603,0.00260008,0.09338833117514868,-2.37098888,38.382,3.023,548,106.037,59.094,10.521,0
137.537,410.687,0.00243494,0.3136875485505908,-1.15935786,43.263,12.838,189,21.628,72.851,200.877,0
96.18,369.33,0.00270761,0.04243084457587135,-3.15987971,44.173,9.833,1160,48.528,63.896,143.854,0
80.659,353.809,0.00282638,0.01775022726412457,-4.03135696,41.535,5.241,1157,51.147,54.134,140.891,0
91.774,364.924,0.0027403,0.03338215187616553,-3.3997339,38.219,6.202,659,176.677,58.728,82.239,0
129.59,402.74,0.00248299,0.2204948954580926,-1.51188073,37.291,9.622,578,149.845,51.665,199.228,0
99.546,372.696,0.00268315,0.05076935805979124,-2.98046229,36.53,2.145,439,106.964,72.504,113.88,0
171.632,444.782,0.00224829,1.233815745431944,0.2101116,47.338,10.769,965,150.857,61.922,131.339,0
125.335,398.485,0.0025095,0.1815164557078842,-1.70640896,42.628,9.659,860,288.57,55.364,25.827,0
62.237,335.387,0.00298163,0.005682275221875862,-5.17040356,44.695,2.747,712,129.718,52.656,222.775,0
97.524,370.674,0.00269779,0.04559989397368198,-3.08784989,37.354,2.84,758,266.205,66.162,175.671,0
144.247,417.397,0.0023958,0.4180478286253236,-0.87215943,46.181,1.516,1147,231.116,48.881,98.89,1
143.61,416.76,0.00239946,0.406965557510052,-0.89902672,46.38,10.846,338,253.197,72.053,107.542,0
45.114,318.264,0.00314205,0.001751338346576647,-6.34737501,36.832,8.47,1095,77.088,57.528,79.76,0
149.081,422.231,0.00236837,0.5112413252694443,-0.67091354,48.456,13.364,337,246.546,51.293,65.517,0
182.844,455.994,0.00219301,1.850970907444939,0.61571032,45.916,11.172,479,114.835,55.659,116.262,0
67.625,340.775,0.00293449,0.008030430125930165,-4.82451719,41.436,9.883,534,177.517,49.002,22.063,0
96.562,369.712,0.00270481,0.0433107814487102,-3.13935368,35.909,4.505,917,142.616,55.241,81.212,0
86.112,359.262,0.00278348,0.0243165002492813,-3.71660014,39.476,3.155,429,119.378,59.228,128.084,0
57.903,331.053,0.00302066,0.004267196373977185,-5.45679825,37.764,6.064,166,128.624,51.826,26.666,0
135.582,408.732,0.00244659,0.2879959609184757,-1.24480882,40.29,2.62,538,15.334,72.536,242.502,0
120.381,393.531,0.0025411,0.1439637523371871,-1.93819373,43.979,1.719,1059,28.331,67.04,124.444,0
113.328,386.478,0.00258747,0.1024441674137022,-2.27843734,43.273,6.925,803,15.053,69.014,51.972,0
178.007,451.157,0.00221652,1.557687550828322,0.44320238,46.549,3.516,1127,87.406,56.271,132.425,1
166.971,440.121,0.0022721,1.036051592233425,0.03541694,50.201,6.233,1125,16.271,70.914,61.101,1
37.776,310.926,0.0032162,0.001016446313333894,-6.89144274,40.096,10.546,303,94.305,68.335,135.909,0
139.633,412.783,0.00242258,0.3434742898370055,-1.06864302,39.935,14.773,576,105.08,61.356,150.504,0
159.136,432.286,0.00231328,0.7658812427731863,-0.26672816,44.535,12.908,765,273.736,51.366,31.667,0
70.545,343.695,0.00290956,0.009642286949092003,-4.64159696,40.049,1.028,640,66.924,72.472,191.045,0
49.98,323.13,0.00309473,0.002478214201212272,-6.00021706,36.814,9.079,1001,71.112,72.541,43.246,0
85.791,358.941,0.00278597,0.02387642020763574,-3.73486391,39.337,1.861,550,273.025,71.825,195.349,0
82.392,355.542,0.00281261,0.01963820244185604,-3.93027851,42.408,6.86,1024,93.79,71.541,76.689,0
88.675,361.825,0.00276377,0.02810137503738603,-3.57193677,45.026,3.664,1051,22.525,50.217,212.355,0
121.936,395.086,0.00253109,0.15492511496358,-1.86481341,39.757,10.504,989,61.599,71.805,229.278,0
44.222,317.372,0.00315088,0.001641461817979719,-6.41216808,41.217,10.846,435,73.24,56.504,209.591,0
156.733,429.883,0.00232621,0.6965586835717749,-0.36160323,48.275,2.027,318,189.837,54.263,62.353,1
145.943,419.093,0.00238611,0.4488690844486123,-0.80102401,47.031,7.416,852,268.697,59.261,168.018,0
90.622,363.772,0.00274897,0.03132293382318507,-3.46340474,41.731,5.804,522,295.745,54.353,133.699,0
154.07,427.22,0.00234071,0.6262595516739703,-0.46799037,42.475,2.455,195,197.35,55.509,227.386,0
189.573,462.723,0.00216112,2.338936768102085,0.84969645,56.791,5.051,360,43.971,62.978,208.179,1
197.643,470.793,0.00212408,3.069430243055934,1.12149196,52.329,7.794,1073,290.901,49.756,40.922,1
130.799,403.949,0.00247556,0.2328511566072287,-1.45735584,38.384,14.279,661,153.099,65.927,242.21,0
114.577,387.727,0.00257913,0.1089046649563244,-2.21728241,41.911,3.933,770,212.059,71.132,35.115,0
81.614,354.764,0.00281878,0.01876928063251539,-3.97553375,37.184,7.02,523,188.069,56.465,89.995,0
129.432,402.582,0.00248397,0.2189240094384849,-1.5190306,45.161,11.794,839,22.954,59.827,49.105,0
196.875,470.025,0.00212755,2.992256404881783,1.09602775,55.927,5.151,541,271.396,61.773,154.81,1
95.741,368.891,0.00271083,0.041439488135074,-3.18352103,38.457,5.471,833,275.734,63.579,169.915,0
104.249,377.399,0.00264972,0.06488500685672272,-2.7351387,44.507,2.78,886,115.316,50.793,87.64,0
61.438,334.588,0.00298875,0.005393048971997326,-5.22264438,40.721,7.483,566,267.95,58.277,195.195,0
185.167,458.317,0.0021819,2.008250741307637,0.69726407,52.004,12.108,727,216.434,59.099,192.751,1
87.591,360.741,0.00277207,0.02644018901099425,-3.63287012,41.874,13.122,181,229.678,66.794,164.37,0
140.342,413.492,0.00241843,0.3541036286244207,-1.03816567,46.802,4.067,508,238.085,55.416,86.95,1
108.135,381.285,0.00262271,0.07910345652776754,-2.53699871,41.505,10.588,284,280.995,55.677,156.196,0
158.643,431.793,0.00231592,0.7511824993645422,-0.28610665,50.393,1.269,903,107.997,55.242,131.56,1
111.207,384.357,0.00260175,0.09225501404251758,-2.38319864,37.406,4.406,1118,23.836,66.624,187.845,0
97.273,370.423,0.00269962,0.04499237742891346,-3.10126219,37.997,2.29,303,82.738,61.427,172.529,0
129.481,402.631,0.00248366,0.2194101137118672,-1.51681264,38.112,6.833,960,256.237,54.01,127.704,0
114.843,387.993,0.00257737,0.1103267257672309,-2.20430908,41.63,1.503,344,37.841,72.206,171.709,0
107.252,380.402,0.0026288,0.07564788229154304,-2.58166583,39.682,9.425,144,47.934,72.094,53.118,0
183.507,456.657,0.00218983,1.894719718479968,0.63907092,54.55,10.449,398,102.74,50.288,218.589,1
93.217,366.367,0.0027295,0.03613315411058623,-3.32054444,39.759,2.436,349,168.421,50.619,191.437,0
60.248,333.398,0.00299942,0.004987033484881886,-5.30091404,39.916,1.344,860,25.613,72.478,51.225,0
178.995,452.145,0.00221168,1.614037187589818,0.47873861,45.497,3.894,1091,223.799,69.519,26.987,1
161.585,434.735,0.00230025,0.8427237576763242,-0.17111606,48.628,13.362,1122,44.278,71.844,143.71,0
154.994,428.144,0.00233566,0.6499066511590927,-0.43092654,43.099,11.634,1110,228.51,64.974,233.234,0
70.793,343.943,0.00290746,0.009791854921017766,-4.62620437,43.13,2.081,123,15.403,66.043,180.076,0
132.471,405.621,0.00246536,0.2509540007278021,-1.38248562,44.979,14.129,881,194.094,65.85,18.767,0
173.878,447.028,0.002237,1.340430991451258,0.2929912,45.554,5.747,203,20.983,55.014,29.38,0
187.327,460.477,0.00217166,2.164863043457812,0.7723571,49.396,4.113,464,285.839,49.571,249.346,1
47.511,320.661,0.00311856,0.00208070672396316,-6.17504767,38.232,10.044,440,172.138,65.552,61.033,0
184.221,457.371,0.00218641,1.942843759991794,0.66415276,51.14,4.179,355,189.131,72.517,57.182,1
128.583,401.733,0.00248922,0.2106523557321404,-1.55754611,41.565,8.605,174,226.081,63.503,207.41,0
144.976,418.126,0.00239162,0.4310581723315665,-0.84151223,44.452,8.531,1120,130.371,68.207,91.503,0
170.209,443.359,0.00225551,1.170190974451167,0.15716696,43.469,14.305,323,41.078,62.195,129.643,0
95.39,368.54,0.00271341,0.0406618962166569,-3.20246384,41.912,2.877,181,119.669,58.869,163.431,0
168.506,441.656,0.00226421,1.09785258017333,0.09335607,43.17,6.347,1062,201.603,51.354,174.293,0
43.645,316.795,0.00315662,0.001573780584177033,-6.45427454,41.011,13.165,578,206.406,66.473,185.916,0
118.68,391.83,0.00255213,0.1327708187942384,-2.0191308,43.983,14.256,581,160.326,72.099,76.846,0
53.6,326.75,0.00306044,0.003187046737317154,-5.74866058,44.568,10.596,311,298.896,55.153,44.637,0
136.076,409.226,0.00244364,0.2943047386613963,-1.22313952,43.556,10.161,745,174.954,52.724,242.614,0
118.133,391.283,0.00255569,0.1293403832352348,-2.04530772,37.681,10.614,148,36.915,59.044,220.051,0
170.552,443.702,0.00225376,1.18525720661779,0.1699598,52.383,3.15,597,281.944,54.778,116.934,1
79.752,352.902,0.00283365,0.01682895903834269,-4.08465412,42.114,12.511,458,262.42,60.13,242.955,0
88.47,361.62,0.00276533,0.02778018916126044,-3.58343213,44.77,5.837,126,57.054,49.113,238.929,0
139.94,413.09,0.00242078,0.3480415688048776,-1.05543336,44.39,1.984,1189,279.928,71.363,140.863,1
188.673,461.823,0.00216533,2.267767667488741,0.81879594,54.791,8.305,181,27.882,68.448,220.739,1
100.956,374.106,0.00267304,0.05467959075529837,-2.90626475,37.605,14.354,832,179.1,53.758,177.988,0
146.547,419.697,0.00238267,0.4603219098183901,-0.77582923,39.232,2.372,949,122.645,65.081,30.894,0
106.246,379.396,0.00263577,0.07187632334738867,-2.63280837,42.475,14.289,861,74.194,57.233,230.212,0
132.371,405.521,0.00246596,0.2498371068069859,-1.38694615,42.223,1.959,904,226.176,64.848,44.578,0
104.797,377.947,0.00264587,0.06674002630989151,-2.70695041,39.811,1.534,1180,15.907,56.657,103.802,0
55.273,328.423,0.00304485,0.003573262510349159,-5.63427623,43.872,10.444,449,75.409,62.794,17.986,0
85.332,358.482,0.00278954,0.02325962577970437,-3.76103622,43.094,8.855,533,171.955,65.769,121.658,0
116.684,389.834,0.00256519,0.120632653928703,-2.11500527,39.776,1.263,488,266.118,54.289,145.803,0
71.355,344.505,0.00290272,0.01013860585923951,-4.59140478,37.243,7.967,184,144.025,57.577,52.435,0
74.243,347.393,0.00287858,0.01210238240130572,-4.41435295,42.023,12.799,346,99.149,53.138,226.456,0
65.456,338.606,0.00295328,0.00699587961180591,-4.96243393,43.66,10.436,1194,150.155,58.373,32.967,0
78.259,351.409,0.00284569,0.01540620362928634,-4.17298502,37.965,3.284,492,65.182,55.688,68.615,0
76.608,349.758,0.00285912,0.01396024317392428,-4.27154176,38.314,3.725,892,244.416,65.886,211.294,0
147.259,420.409,0.00237864,0.4741543400693293,-0.7462224,47.034,7.408,635,256.779,72.479,175.326,0
61.415,334.565,0.00298896,0.005384925085632044,-5.22415188,37.146,5.363,609,94.643,56.691,204.814,0
172.172,445.322,0.00224557,1.258744084091565,0.23011447,47.252,7.783,812,232.039,67.384,90.028,0
63.991,337.141,0.00296612,0.006367230807208937,-5.05659063,40.273,12.106,514,297.603,64.794,93.544,0
121.015,394.165,0.00253701,0.1483463678953167,-1.90820542,37.367,9.604,374,206.688,72.37,182.535,0
42.563,315.713,0.00316743,0.001453692834149182,-6.53364818,38.659,4.912,526,76.491,53.028,28.828,0
54.165,327.315,0.00305516,0.003313002795582686,-5.70990031,41.555,1.063,792,65.652,54.909,194.435,0
169.126,442.276,0.00226103,1.123719503936506,0.11664417,51.633,10.137,1122,161.361,56.498,214.325,1
156.026,429.176,0.00233005,0.6772469956996989,-0.38971923,45.12,1.277,373,219.98,63.801,26.105,1
144.109,417.259,0.00239659,0.4156245238105976,-0.87797301,47.354,5.198,1016,142.361,49.234,5.151,1
74.526,347.676,0.00287624,0.01231223760975657,-4.39716158,40.366,1.536,1186,207.149,55.881,37.192,0
118.354,391.504,0.00255425,0.1307167036386741,-2.03472287,39.69,5.396,375,277.028,63.071,211.709,0
140.167,413.317,0.00241945,0.3514532527047342,-1.04567857,41.14,10.067,1092,249.548,49.468,100.247,0
45.43,318.58,0.00313893,0.00179184681303709,-6.32450845,38.974,6.691,1070,173.55,71.066,199.477,0
123.338,396.488,0.00252214,0.1654400203466107,-1.79914656,39.386,5.783,909,170.904,58.031,31.839,0
35.055,308.205,0.00324459,0.000825292526750373,-7.09977266,43.431,5.502,1123,24.161,50.556,48.132,0
193.673,466.823,0.00214214,2.688430912785886,0.98895772,51.779,14.522,917,169.446,69.497,215.485,1
150.252,423.402,0.00236182,0.5364109817909958,-0.62285465,48.723,13.93,582,262.999,50.802,28.392,0
86.216,359.366,0.00278268,0.02446064206160578,-3.7106899,43.998,7.312,1162,191.001,67.755,29.47,0
56.687,329.837,0.0030318,0.003932402438971464,-5.53850473,44.208,10.716,750,291.763,62.844,247.732,0
38.362,311.512,0.00321015,0.001062582839109841,-6.84705269,40.574,12.077,463,232.04,54.997,213.665,0
109.126,382.276,0.00261591,0.08314958357513948,-2.48711408,36.045,1.792,355,114.607,60.665,56.224,0
74.978,348.128,0.00287251,0.01265425241613989,-4.36976196,35.956,12.849,219,207.967,64.211,204.66,0
176.417,449.567,0.00222436,1.470622189260904,0.38568557,47.972,2.207,273,57.815,57.501,17.286,1
136.359,409.509,0.00244195,0.2979739279685158,-1.21074929,38.932,4.049,699,148.788,71.016,219.799,0
199.199,472.349,0.00211708,3.231122680990612,1.17282966,57.088,10.93,818,158.473,49.295,121.668,1
137.615,410.765,0.00243448,0.3147535165664017,-1.15596543,43.334,4.954,120,40.279,53.427,29.665,0
141.452,414.602,0.00241195,0.3713314833597442,-0.99066013,47.555,10.836,959,228.402,50.049,120.812,0
55.551,328.701,0.00304228,0.003641418533559825,-5.61538197,42.138,13.336,159,250.25,53.541,194.938,0
64.134,337.284,0.00296486,0.006426251491139207,-5.04736388,43.372,5.559,542,73.842,58.459,124.523,0
194.785,467.935,0.00213705,2.790741677083734,1.02630739,56.57,5.658,911,17.035,69.187,39.012,1
83.554,356.704,0.00280344,0.02100375416667576,-3.86305409,40.636,7.263,1096,195.078,65.304,90.578,0
131.412,404.562,0.00247181,0.2393485167546154,-1.42983456,39.901,11.811,644,177.965,63.726,186.392,0
97.668,370.818,0.00269674,0.04595174869444814,-3.08016337,38.177,5.169,686,45.266,65.792,20.053,0
108.195,381.345,0.0026223,0.07934331571493415,-2.53397107,41.159,3.917,954,294.941,62.271,123.908,0
73.084,346.234,0.00288822,0.01127630312877696,-4.48505182,37.564,11.908,606,94.424,53.877,41.477,0
47.619,320.769,0.00311751,0.002096797976144486,-6.16734387,40.576,7.707,748,52.487,51.929,224.295,0
85.678,358.828,0.00278685,0.02372321940706459,-3.74130099,44.316,12.692,291,213.007,59.267,172.264,0
179.096,452.246,0.00221119,1.619897077251899,0.48236261,53.87,12.232,1000,17.519,58.958,41.356,1
70.487,343.637,0.00291005,0.009607607470303672,-4.64520005,41.12,10.417,204,69.344,69.604,125.07,0
118.852,392.002,0.00255101,0.1338661620516665,-2.01091477,38.632,14.769,536,295.405,56.115,154.866,0
124.167,397.317,0.00251688,0.1719526877265112,-1.76053591,40.65,3.03,1139,276.21,72.402,115.546,0
92.615,365.765,0.002734,0.03496159016798466,-3.35350524,44.128,3.558,294,110.545,69.882,103.66,0
54.05,327.2,0.00305623,0.00328700415723275,-5.71777872,43.489,10.188,428,255.111,71.526,12.356,0
46.036,319.186,0.00313297,0.001871933502319138,-6.28078342,38.591,8.067,493,179.521,72.787,134.656,0
62.628,335.778,0.00297816,0.005828885270647712,-5.1449295,36.533,4.434,1144,202.149,62.406,191.5,0
186.751,459.901,0.00217438,2.122089593637715,0.75240126,46.866,9.377,1005,12.111,53.348,87.656,0
169.279,442.429,0.00226025,1.13018465302451,0.12238103,45.69,13.059,959,27.886,49.593,234.799,0
182.424,455.574,0.00219503,1.823716702809448,0.60087656,53.26,10.712,454,238.807,63.365,115.352,1
150.61,423.76,0.00235983,0.5443216008165633,-0.60821503,42.072,7.814,1136,196.511,62.365,135.201,0
36.37,309.52,0.00323081,0.0009131284454032568,-6.998634,41.841,9.341,393,295.83,58.031,85.534,0
37.265,310.415,0.00322149,0.0009777189858296467,-6.93028826,44.356,5.219,1167,247.844,52.785,16.014,0
165.634,438.784,0.00227903,0.9847387301938183,-0.01537892,49.543,1.697,688,115.868,59.914,22.427,1
191.705,464.855,0.00215121,2.5153674344812,0.92241889,53.721,7.397,929,295.451,48.863,237.136,1
52.99,326.14,0.00306617,0.003055968510526513,-5.79065871,42.861,3.443,986,195.973,56.065,6.536,0
98.898,372.048,0.00268783,0.04905808807031254,-3.01475021,42.194,14.456,824,197.798,66.748,172.167,0
85.004,358.154,0.0027921,0.02282771362528736,-3.77977997,45.111,13.77,696,30.464,71.157,64.386,0
102.874,376.024,0.0026594,0.06043249495372859,-2.80622832,44.65,8.545,665,195.281,50.008,87.83,0
195.122,468.272,0.00213551,2.822410961001228,1.03759147,56.192,9.741,1181,161.037,62.132,146.273,1
199.691,472.841,0.00211488,3.283769797915398,1.18899209,55.111,6.331,1200,163.339,67.639,40.839,1
101.871,375.021,0.00266652,0.05735967249649706,-2.85841379,37.467,7.886,1052,295.99,71.785,208.937,0
164.912,438.062,0.00228278,0.9579704203173626,-0.04293838,42.839,6.118,113,101.868,58.956,205.819,0
87.494,360.644,0.00277282,0.02629594607539668,-3.63834049,40.522,7.004,173,168.501,66.88,147.803,0
182.329,455.479,0.00219549,1.817601029146539,0.59751752,45.472,10.891,694,51.22,59.996,26.826,0
122.812,395.962,0.00252549,0.1614227085542756,-1.82372884,44.931,9.063,1021,122.796,60.191,226.348,0
155.151,428.301,0.00233481,0.6540020506931881,-0.42464479,46.79,2.786,791,111.104,55.095,91.663,1
130.746,403.896,0.00247588,0.2322968366110545,-1.45973926,46.927,11.844,628,113.744,67.968,227.659,0
197.708,470.858,0.00212378,3.076040802801194,1.12364332,50.554,3.622,426,24.184,53.499,69.601,1
85.012,358.162,0.00279203,0.02283816136320187,-3.7793224,44.835,6.845,296,248.837,54.032,135.539,0
170.526,443.676,0.0022539,1.184109216790282,0.16899078,44.054,9.052,492,83.31,71.675,213.992,0
157.973,431.123,0.00231952,0.7316056988062226,-0.31251357,49.607,2.261,1117,181.734,58.942,66.095,1
105.222,378.372,0.0026429,0.06821128403048624,-2.68514527,35.833,6.247,852,194.05,54.807,51.543,0
37.582,310.732,0.00321821,0.001001581215896214,-6.90617531,44.951,8.412,699,168.61,58.197,170.232,0
109.022,382.172,0.00261662,0.08271642823260038,-2.49233705,42.395,2.277,299,207.032,59.422,141.911,0
149.46,422.61,0.00236625,0.5192707315317073,-0.65532989,41.469,7.139,1163,281.566,69.731,142.445,0
93.404,366.554,0.00272811,0.0365042049191916,-3.31032782,38.863,5.526,945,166.093,66.028,79.483,0
102.205,375.355,0.00266414,0.05836697730186599,-2.84100501,38.367,4.725,882,199.685,50.773,234.132,0
83.234,356.384,0.00280596,0.02061939590531099,-3.8815231,43.586,13.774,746,211.568,48.869,209.948,0
52.27,325.42,0.00307295,0.002907583720750479,-5.84043288,41.332,14.083,1122,174.305,56.868,115.574,0
124.762,397.912,0.00251312,0.1767669687230103,-1.73292297,37.649,10.815,178,292.741,62.564,87.158,0
186.366,459.516,0.0021762,2.093913549620876,0.73903483,54.71,11.338,506,264.707,60.768,115.69,1
159.88,433.03,0.00230931,0.7885439956840525,-0.23756708,41.172,14.709,582,170.531,71.605,65.147,0
199.058,472.208,0.00211771,3.216171025987087,1.16819153,57.907,3.966,1034,284.422,53.697,187.089,1
100.475,373.625,0.00267648,0.05331630010940777,-2.93151318,36.886,4.04,835,78.113,66.711,19.818,0
102.046,375.196,0.00266527,0.05788548845865546,-2.84928856,38.161,5.452,385,11.969,57.478,25.038,0
171.868,445.018,0.0022471,1.244656470398853,0.21885956,48.548,12.562,316,273.972,71.103,90.028,0
87.495,360.645,0.00277281,0.02629742948893421,-3.63828408,38.07,13.082,412,149.477,55.17,161.735,0
92.817,365.967,0.00273249,0.03535083671501843,-3.34243322,44.338,14.71,539,156.236,51.804,94.508,0
43.369,316.519,0.00315937,0.001542316362129944,-6.47446986,38.623,1.94,594,286.728,58.239,97.268,0
36.058,309.208,0.00323407,0.0008915468599501128,-7.02255256,43.575,9.586,171,63.482,70.787,118.72,0
149.224,422.374,0.00236757,0.5142578899651257,-0.66503041,45.882,6.588,1102,259.221,54.77,157.264,0
47.78,320.93,0.00311594,0.002120996766929745,-6.15586913,36.881,13.701,392,78.746,57.079,138.397,0
74.273,347.423,0.00287834,0.01212447406333769,-4.41252922,42.285,2.997,583,29.975,61.771,96.566,0
101.87,375.02,0.00266652,0.05735668019649696,-2.85846596,38.982,11.147,1007,205.329,51.315,120.618,0
196.457,469.607,0.00212944,2.950968224896227,1.08213333,54.671,7.755,987,14.732,73.067,147.276,1
105.654,378.804,0.00263989,0.06973652026130672,-2.66303113,36.75,11.589,445,72.402,59.378,51.214,0
197.804,470.954,0.00212335,3.085826789146445,1.12681962,51.575,5.9,412,98.097,70.643,241.03,1
139.064,412.214,0.00242592,0.3351496597924559,-1.0931781,45.822,8.39,525,218.382,55.659,82.253,0
69.838,342.988,0.00291555,0.00922719248375435,-4.68560045,37.414,5.236,557,197.249,60.653,197.664,0
117.709,390.859,0.00255847,0.1267360341835471,-2.06564883,38.03,12.027,385,152.202,68.241,162.876,0
118.654,391.804,0.0025523,0.1326059420319934,-2.02037339,43.517,3.727,217,290.214,67.909,97.454,0
100.43,373.58,0.0026768,0.05319033239828253,-2.93387862,40.033,11.461,295,62.747,56.58,183.465,0
155.378,428.528,0.00233357,0.6599637279100871,-0.4155704,45.304,2.321,342,299.025,66.781,232.028,0
164.884,438.034,0.00228293,0.9569453490005048,-0.044009,42.082,5.772,695,63.947,49.507,178.357,0
96.365,369.515,0.00270625,0.0428549639185124,-3.1499338,41.9,10.82,1167,12.61,52.143,5.793,0
154.373,427.523,0.00233906,0.6339287766730094,-0.45581867,43.162,2.845,723,119.793,68.158,224.413,0
78.645,351.795,0.00284256,0.01576321686382804,-4.1500761,44.938,7.486,1093,269.883,61.584,131.038,0
48.751,321.901,0.00310655,0.002272425138500101,-6.08690767,40.751,13.13,280,182.906,54.76,104.066,0
154.034,427.184,0.00234091,0.6253538276499525,-0.46943767,40.006,8.282,491,230.632,71.494,19.634,0
156.877,430.027,0.00232544,0.7005510984665062,-0.35588797,40.95,5.968,561,258.999,69.514,44.126,0
102.49,375.64,0.00266212,0.05923902890374962,-2.82617468,43.854,2.309,660,95.836,50.842,62.948,0
93.114,366.264,0.00273027,0.035930231716815,-3.32617623,43.324,14.679,920,122.587,67.984,75.292,0
58.99,332.14,0.00301078,0.004588206427621011,-5.38426609,35.657,4.725,795,132.034,73.081,149.248,0
84.323,357.473,0.00279741,0.02195399928021334,-3.81880596,42.38,12.777,794,187.101,51.866,210.168,0
97.257,370.407,0.00269973,0.04495389913256801,-3.10211778,43.331,1.214,191,118.906,71.752,171.668,0
188.557,461.707,0.00216588,2.258733921147992,0.81480444,47.899,6.42,111,124.571,60.778,216.38,0
44.676,317.826,0.00314638,0.001696572911342201,-6.379145,43.573,12.563,902,56.233,58.794,240.082,0
52.178,325.328,0.00307382,0.002889104212432279,-5.84680879,44.958,2.968,947,209.23,59.999,79.052,0
94.871,368.021,0.00271724,0.03953616352153741,-3.23053949,39.658,1.019,1103,204.406,58.89,164.855,0
35.915,309.065,0.00323557,0.0008818122704645549,-7.03353137,41.765,11.606,1189,123.164,71.96,95.706,0
121.222,394.372,0.00253568,0.149802853707624,-1.89843516,44.943,4.705,673,246.453,60.573,112.308,0
111.774,384.924,0.00259792,0.09488590739158838,-2.35508008,42.596,7.015,1046,27.236,69.392,225.814,0
80.115,353.265,0.00283074,0.0171923517715905,-4.06329066,37.132,10.256,533,48.359,66.828,103.731,0
69.142,342.292,0.00292148,0.008834446212532208,-4.72909686,39.914,1.898,738,14.959,67.78,84.125,0
194.119,467.269,0.00214009,2.729065509290417,1.00395925,53.685,12.379,1054,221.386,63.546,156.349,1
190.346,463.496,0.00215752,2.401613403603742,0.87614076,48.811,4.262,112,208.955,66.139,166.002,1
109.112,382.262,0.00261601,0.08309115609737895,-2.48781701,44.844,1.51,864,243.293,59.352,50.34,1
69.258,342.408,0.00292049,0.008898832634460369,-4.72183518,37.304,13.025,1197,175.399,51.949,163.054,0
178.985,452.135,0.00221173,1.61345801292002,0.47837971,48.75,11.526,1136,21.944,66.764,88.925,0
151.818,424.968,0.00235312,0.5717813890623041,-0.55899855,45.428,2.642,143,185.047,64.707,108.44,0
171.223,444.373,0.00225036,1.215224612343345,0.19492893,49.525,7.554,875,245.974,60.659,147.714,1
191.504,464.654,0.00215214,2.498251982735142,0.91559128,53.28,5.892,580,215.654,70.17,64.955,1
92.449,365.599,0.00273524,0.03464460738788541,-3.3626132,41.533,14.484,954,285.222,55.046,84.395,0
194.939,468.089,0.00213635,2.805175017405897,1.03146593,56.885,3.923,206,198.092,58.903,106.743,1
175.093,448.243,0.00223093,1.401411168693806,0.33747971,51.7,5.679,1082,15.094,72.978,146.048,1
160.041,433.191,0.00230845,0.793525291688037,-0.23126987,44.307,1.174,809,39.281,56.075,228.495,0
147.423,420.573,0.00237771,0.4773921294946976,-0.73941705,47.25,3.5,210,187.979,70.214,165.915,1
167.921,441.071,0.00226721,1.073927613314505,0.07132259,51.663,14.276,1128,299.445,73.141,102.802,1
76.886,350.036,0.00285685,0.01419477403478139,-4.25488141,42.512,13.03,1033,94.624,59.425,144.106,0
91.793,364.943,0.00274015,0.03341711317835941,-3.39868714,42.257,8.547,129,40.552,54.177,187.786,0
170.747,443.897,0.00225277,1.19389836101646,0.17722389,50.666,4.539,643,207.486,65.05,141.392,1
76.99,350.14,0.002856,0.01428342425638405,-4.24865556,39.752,6.968,887,196.979,51.771,208.765,0
171.312,444.462,0.00224991,1.219249022219191,0.19823511,49.083,11.947,713,201.924,72.016,164.968,0
59.977,333.127,0.00300186,0.004898547016142618,-5.31881665,36.819,14.221,213,54.439,51.227,116.902,0
125.065,398.215,0.00251121,0.1792644891263534,-1.71889297,40.499,3.288,1030,224.94,71.926,248.441,0
179.863,453.013,0.00220744,1.665009431546517,0.50983079,45.401,5.253,1038,205.732,53.084,115.432,0
112.107,385.257,0.00259567,0.0964621488834284,-2.33860459,44.688,10.604,851,163.404,59.49,46.241,0
86.232,359.382,0.00278255,0.02448288600273592,-3.70978094,39.758,6.807,135,143.193,61.401,246.093,0
132.274,405.424,0.00246655,0.2487579463156182,-1.39127496,40.926,4.832,321,109.607,58.144,98.445,0
97.146,370.296,0.00270054,0.04468776949170844,-3.10805543,43.938,7.611,376,282.121,53.612,59.645,0
137.358,410.508,0.00243601,0.3112534001308517,-1.16714791,46.531,11.735,660,82.159,64.298,76.542,0
89.58,362.73,0.00275687,0.0295596729763925,-3.52134425,42.175,13.899,446,104.687,61.778,9.395,0
107.869,381.019,0.00262454,0.07804788742227742,-2.5504327,43.454,6.302,536,12.454,70.633,143.402,0
95.374,368.524,0.00271353,0.04062676531150737,-3.20332819,37.128,6.579,114,73.133,69.117,231.93,0
64.684,337.834,0.00296003,0.006657913076351713,-5.0119492,42.475,11.66,950,17.889,63.851,152.398,0
98.634,371.784,0.00268973,0.04837589479338866,-3.02875363,38.03,7.079,612,66.695,56.106,183.865,0
189.928,463.078,0.00215946,2.36754121935521,0.86185196,47.294,3.744,661,192.71,62.785,102.513,1
180.821,453.971,0.00220278,1.722899763617222,0.54400878,46.389,14.918,892,291.459,56.198,5.577,0
134.41,407.56,0.00245363,0.2735068170243564,-1.29642873,40.274,14.427,384,96.908,50.015,90.454,0
110.033,383.183,0.00260972,0.08701419901863153,-2.44168397,40.181,12.429,541,52.704,69.455,214.773,0
55.7,328.85,0.0030409,0.003678433367772863,-5.60526833,42.427,12.869,1176,276.114,57.437,158.685,0
140.099,413.249,0.00241985,0.3504281507088658,-1.04859958,39.691,6.214,787,94.671,71.781,149.289,0
151.726,424.876,0.00235363,0.5696478151523195,-0.56273698,41.226,11.051,689,293.35,64.412,174.522,0
197.6,470.75,0.00212427,3.065063912282002,1.12006842,56.215,3.239,456,92.947,69.109,169.239,1
46.234,319.384,0.00313103,0.001898800339830366,-6.26653299,38.479,14.296,556,16.039,57.264,49.174,0
167.763,440.913,0.00226802,1.067545026333016,0.06536164,45.646,1.467,569,233.474,50.549,182.48,1
158.225,431.375,0.00231817,0.7389154381232811,-0.30257179,48.178,9.246,737,108.874,65.801,243.181,0
199.427,472.577,0.00211606,3.2554279742978,1.18032375,50.558,6.025,165,218.846,61.048,192.183,1
144.806,417.956,0.0023926,0.4279925548157537,-0.84864948,40.832,10.331,1008,112.127,57.912,98.435,0
87.486,360.636,0.00277288,0.02628408148308964,-3.63879179,43.708,13.411,764,83.851,66.559,131.488,0
93.659,366.809,0.00272621,0.03701571010667815,-3.29641286,40.853,11.337,633,123.624,71.314,171.564,0
45.816,318.966,0.00313513,0.001842488847981484,-6.29663799,44.785,7.744,799,175.33,67.668,209.58,0
184.021,457.171,0.00218737,1.929256953839847,0.65713493,48.306,11.568,118,22.562,54.078,95.213,0
120.148,393.298,0.0025426,0.1423823878871775,-1.94923897,36.408,2.679,531,241.07,49.024,225.099,0
121.682,394.832,0.00253272,0.1530852762436408,-1.87676015,45.975,11.132,487,254.929,61.224,7.381,0
107.969,381.119,0.00262385,0.07844322795950745,-2.54538013,40.695,4.739,389,132.224,62.803,133.226,0
136.024,409.174,0.00244395,0.2936349242526554,-1.22541804,46.883,10.036,1094,79.105,67.86,24.633,0
104.34,377.49,0.00264908,0.06518980859440379,-2.73045213,41.935,11.048,981,198.048,64.402,209.146,0
181.776,454.926,0.00219816,1.782356691127861,0.57793647,48.171,10.275,230,213.839,57.034,227.918,0
195.304,468.454,0.00213468,2.839644275991411,1.04367879,53.01,10.654,310,280.277,59.614,55.944,1
198.569,471.719,0.00211991,3.164783438986999,1.15208463,58.325,7.011,224,184.507,60.41,137.212,1
69.54,342.69,0.00291809,0.00905713637904494,-4.70420228,41.374,7.739,644,196.297,56.518,127.19,0
128.025,401.175,0.00249268,0.2053685787262028,-1.58294897,45.98,5.03,867,31.073,69.115,37.426,1
185.079,458.229,0.00218231,2.002086147454636,0.69418971,52.268,1.462,457,137.572,53.611,92.965,1
131.138,404.288,0.00247348,0.2364246410115453,-1.44212576,46.661,11.46,1195,151.651,57.414,206.656,0
109.971,383.121,0.00261014,0.08674499176614314,-2.44478259,44.683,2.687,608,291.345,71.861,212.63,0
49.734,322.884,0.00309709,0.002435711272591267,-6.01751646,42.118,7.879,765,72.271,67.343,175.479,0
85.226,358.376,0.00279037,0.02311924480452434,-3.7670899,40.206,4.973,868,31.054,68.852,201.871,0
40.93,314.08,0.0031839,0.001288240746035079,-6.65447775,37.371,13.751,534,172.886,50.008,39.187,0
147.241,420.391,0.00237874,0.4738001597851808,-0.74696965,41.722,10.553,658,20.09,49.887,158.839,0
106.616,379.766,0.0026332,0.07324341094139572,-2.61396699,44.909,1.807,436,38.613,70.716,120.627,0
153.461,426.611,0.00234406,0.6110927121306126,-0.49250659,42.59,2.589,517,195.284,59.611,180.533,0
97.615,370.765,0.00269713,0.04582196379582835,-3.08299174,35.698,11.255,877,209.608,70.691,6.7,0
131.27,404.42,0.00247268,0.2378292320432676,-1.43620238,46.69,7.278,982,184.142,60.782,207.947,0
197.305,470.455,0.0021256,3.035254564783599,1.1102953,50.794,8.669,149,24.704,71.998,101.563,1
183.387,456.537,0.0021904,1.886734933668175,0.63484779,49.197,3.39,1009,38.791,50.814,17.429,1
117.983,391.133,0.00255668,0.1284136191702241,-2.05249883,42.063,5.655,1020,262.827,55.981,246.821,0
197.929,471.079,0.00212279,3.098609621929396,1.1309535,49.393,13.358,176,109.882,63.196,102.044,0
111.642,384.792,0.00259881,0.09426749904096711,-2.3616188,38.063,12.228,704,271.676,71.037,209.083,0
70.985,344.135,0.00290584,0.009909090021310183,-4.61430276,35.264,8.506,697,81.783,63.522,173.038,0
142.137,415.287,0.00240797,0.3823303092080726,-0.96147036,45.19,7.798,241,119.268,66.718,244.713,0
168.497,441.647,0.00226425,1.097480982127125,0.09301754,51.199,13.937,471,184.188,59.267,224.98,0
146.265,419.415,0.00238427,0.4549429180776549,-0.78758332,44.055,1.27,896,203.7,65.666,55.459,0
76.228,349.378,0.00286223,0.01364533193234,-4.2943578,42.593,12.832,963,220.721,64.762,14.704,0
69.092,342.242,0.00292191,0.008806823948939635,-4.73222841,35.963,8.804,933,244.962,66.292,39.042,0
188.568,461.718,0.00216582,2.259589217306928,0.81518303,49.593,7.826,356,255.877,49.006,212.002,1
197.973,471.123,0.00212259,3.103120148094615,1.1324081,54.992,11.178,386,95.895,59.731,76.976,1
174.011,447.161,0.00223633,1.34699059744783,0.29787292,48.217,6.225,507,174.174,59.449,184.882,1
103.236,376.386,0.00265685,0.06157729941566764,-2.78746199,45.264,13.615,154,66.456,50.424,52.64,0
181.809,454.959,0.002198,1.784442955807025,0.5791063,48.105,7.266,1155,216.074,49.028,212.468,1
163.193,436.343,0.00229178,0.8968009176722684,-0.10892138,42.06,11.393,1000,99.906,53.271,16.236,0
171.736,444.886,0.00224777,1.238582745383486,0.21396778,52.763,2.529,633,241.412,72.317,237.554,1
126.987,400.137,0.00249914,0.1958527383543897,-1.63039224,43.588,5.332,394,24.915,57.128,41.376,0
189.397,462.547,0.00216194,2.324867725309214,0.84366315,49.104,3.97,169,299.736,66.597,222.218,1
145.062,418.212,0.00239113,0.4326164120677499,-0.83790383,43.905,11.719,1196,105.21,64.558,111.144,0
146.107,419.257,0.00238517,0.451953554320592,-0.79417586,44.102,3.726,586,39.071,49.491,90.266,0
135.765,408.915,0.0024455,0.290318864679102,-1.23677543,40.494,9.403,389,248.325,68.561,44.461,0
158.356,431.506,0.00231746,0.7427407405426301,-0.29740823,41.06,1.904,687,230.398,69.581,158.997,0
40.482,313.632,0.00318845,0.001245963326361034,-6.68784629,37.35,5.315,746,225.863,69.233,13.687,0
174.311,447.461,0.00223483,1.361890296506264,0.30887366,53.56,11.789,772,166.437,69.16,11.489,1
42.723,315.873,0.00316583,0.001470906213938984,-6.5218766,42.479,13.842,745,283.906,66.377,239.229,0
122.253,395.403,0.00252907,0.1572489552985828,-1.84992503,42.692,14.81,147,247.625,52.458,117.691,0
134.737,407.887,0.00245166,0.2774827770839869,-1.28199641,46.552,14.958,144,158.506,63.315,24.652,0
157.321,430.471,0.00232304,0.7129885081362858,-0.33828998,48.68,4.288,936,57.147,53.548,96.861,1
190.296,463.446,0.00215775,2.397515356070704,0.87443293,47.451,4.854,862,144.497,56.856,55.933,1
76.759,349.909,0.00285789,0.01408719361336615,-4.26248915,44.517,1.032,931,200.843,69.259,172.078,1
178.913,452.063,0.00221208,1.609293331532145,0.47579516,49.488,3.769,903,201.212,52.248,224.663,1
150.58,423.73,0.00235999,0.5436547613332556,-0.60944086,42.956,13.571,875,22.577,49.886,90.167,0
84.947,358.097,0.00279254,0.02275339824298749,-3.78304077,35.348,13.087,1149,117.952,71.082,152.17,0
157.276,430.426,0.00232328,0.7117191458843449,-0.3400719,44.363,2.734,1054,257.88,49.639,106.918,0
178.708,451.858,0.00221308,1.597487134984479,0.46843185,48.578,10.387,587,40.363,61.138,86.269,0
168.726,441.876,0.00226308,1.106970572790126,0.10162707,43.848,9.329,419,140.971,71.65,88.872,0
132.482,405.632,0.00246529,0.2510771297706803,-1.3819951,42.668,13.043,575,181.538,51.4,50.051,0
127.807,400.957,0.00249403,0.2033365904227312,-1.59289259,40.449,12.289,1086,294.423,57.559,76.854,0
190.38,463.53,0.00215736,2.404403570295906,0.87730188,55.291,5.784,365,257.32,67.306,38.795,1
89.777,362.927,0.00275538,0.02988601219169378,-3.51036473,35.749,5.373,136,195.204,52.634,122.476,0
112.153,385.303,0.00259536,0.09668172012704954,-2.33633093,44.642,14.564,1056,273.388,53.671,13.573,0
169.504,442.654,0.0022591,1.139751646031426,0.13081038,49.071,7.188,396,65.938,64.614,72.149,1
61.604,334.754,0.00298727,0.005452013325721341,-5.21177032,44.408,6.218,1013,244.303,72.256,5.845,0
67.29,340.44,0.00293738,0.00786208417146538,-4.84570355,40.701,1.324,754,50.085,73.01,224.025,0
95.278,368.428,0.00271423,0.04041655264254734,-3.20851586,41.129,5.045,538,119.147,56.181,205.729,0
166.049,439.199,0.00227687,1.000421119789026,0.00042103,50.454,5.38,470,243.615,63.24,161.189,1
193.712,466.862,0.00214196,2.691962969452642,0.99027066,50.881,3.631,427,278.025,64.408,28.695,1
115.171,388.321,0.00257519,0.1121030926555046,-2.18833636,42.751,7.615,266,158.394,70.877,25.968,0
54.537,327.687,0.00305169,0.003398390809705602,-5.68445325,41.908,6.945,833,33.384,59.484,29.599,0
165.68,438.83,0.00227879,0.9864662866252307,-0.01362613,43.21,14.741,338,124.964,53.359,9.979,0
81.062,354.212,0.00282317,0.01817399703452606,-4.00776344,43.322,11.46,184,159.71,63.614,222.549,0
134.94,408.09,0.00245044,0.2799768004855152,-1.27304853,45.826,13.433,452,60.477,59.208,52.676,0
164.615,437.765,0.00228433,0.9471464498030242,-0.05430155,42.168,14.828,953,137.971,55.365,151.64,0
188.874,462.024,0.00216439,2.283495758988573,0.8257075,55.361,13.631,692,16.862,66.679,200.266,1
108.639,381.789,0.00261925,0.08113862539235003,-2.51159616,36.238,8.278,526,215.443,54.34,84.793,0
199.557,472.707,0.00211548,3.269357429460557,1.18459346,49.767,9.755,901,52.535,48.821,230.339,1
50.301,323.451,0.00309166,0.002534692330481923,-5.97768302,37.133,5.856,365,241.013,66.684,47.435,0
157.029,430.179,0.00232461,0.7047872164618209,-0.34985934,44.797,9.64,519,258.14,67.518,50.938,0
180.209,453.359,0.00220576,1.685717832309682,0.52219149,47.578,7.709,857,29.993,65.587,226.517,0
116.395,389.545,0.0025671,0.1189599592252797,-2.12896832,43.525,13.841,715,35.215,63.843,26.985,0
161.257,434.407,0.00230199,0.832053048030745,-0.18385908,47.268,7.646,1067,274.174,67.201,51.083,1
68.272,341.422,0.00292893,0.008364851094881814,-4.78371675,37.108,6.903,451,216.382,49.367,182.767,0
66.243,339.393,0.00294644,0.007356371665097629,-4.91218845,38.911,14.94,577,282.066,70.575,249.382,0
141.489,414.639,0.00241174,0.3719183301326271,-0.98908099,47.269,13.433,756,259.034,57.395,169.853,0
169.593,442.743,0.00225865,1.143555533580269,0.1341423,44.995,7.409,1183,29.296,60.487,91.726,0
104.338,377.488,0.00264909,0.06518309587407324,-2.73055511,43.402,14.447,105,38.08,64.42,35.711,0
162.891,436.041,0.00229336,0.8864174826306007,-0.12056724,48.693,10.301,425,250.871,72.789,30.531,0
99.207,372.357,0.00268559,0.04986753598360776,-2.99838507,38.167,7.812,753,116.878,66.201,11.339,0
86.887,360.037,0.00277749,0.02540931123088371,-3.67263959,38.244,6.543,268,67.012,71.665,163.743,0
110.202,383.352,0.00260857,0.08775180927238685,-2.4332428,37.041,4.423,1091,90.237,59.282,7.097,0
74.421,347.571,0.00287711,0.01223399483493236,-4.40353674,36.018,2.316,706,143.457,50.791,200.181,0
39.347,312.497,0.00320003,0.001144470573496289,-6.77281313,35.648,9.182,411,93.763,55.781,153.429,0
69.93,343.08,0.00291477,0.009280274708524473,-4.67986413,43.409,11.384,609,284.514,62.158,243.8,0
124.796,397.946,0.0025129,0.1770456647658216,-1.73134759,46.555,5.591,684,257.43,59.603,28.924,0
123.68,396.83,0.00251997,0.1680996407676127,-1.78319838,43.134,1.031,198,129.883,62.484,60.821,0
147.055,420.205,0.00237979,0.4701539900828194,-0.754695,41.831,5.125,553,251.133,49.093,150.13,0
177.408,450.558,0.00221947,1.524370835302362,0.42158176,44.947,1.709,170,138.75,64.782,204.151,0
165.766,438.916,0.00227834,0.9897032244242402,-0.01035015,49.732,5.387,1009,215.16,62.474,180.014,1
118.212,391.362,0.00255518,0.1298308771212756,-2.04152262,43.592,8.821,532,276.396,57.709,83.901,0
179.295,452.445,0.00221021,1.631497403125161,0.48949825,47.738,12.685,485,183.407,69.065,166.052,0
60.813,333.963,0.00299434,0.005176206391309657,-5.26368285,40.767,10.169,1036,154.704,59.458,166.753,0
37.734,310.884,0.00321663,0.001013211076599076,-6.89463071,44.568,2.778,677,105.781,72.356,108.611,0
198.364,471.514,0.00212083,3.143454359132389,1.14532231,53.545,5.289,793,158.647,60.167,31.158,1
98.581,371.731,0.00269012,0.04823997134684656,-3.03156732,42.551,2.413,1058,75.475,52.555,35.135,0
150.593,423.743,0.00235992,0.5439436363411372,-0.60890965,45.759,5.366,1082,283.872,67.994,90.125,0
40.18,313.33,0.00319152,0.001218183938233375,-6.7103941,38.005,6.027,838,36.703,53.157,143.532,0
93.679,366.829,0.00272607,0.03705609966301936,-3.29532231,38.955,6.778,859,105.376,71.79,90.35,0
107.864,381.014,0.00262458,0.07802816734859867,-2.5506854,40.895,2.368,1153,266.515,70.427,224.125,0
68.698,341.848,0.00292528,0.008591885244370628,-4.7569371,44.748,12.448,923,12.07,60.479,214.85,0
83.487,356.637,0.00280397,0.02092274795260581,-3.86691829,41.891,13.606,1131,169.181,60.859,118.402,0
182.69,455.84,0.00219375,1.840936569600623,0.61027445,48.551,1.086,1199,53.396,50.691,90.963,1
91.659,364.809,0.00274116,0.03317124610247362,-3.40607186,35.6,8.471,621,233.344,70.268,127.041,0
74.296,347.446,0.00287815,0.01214143572050089,-4.41113124,36.657,10.033,1172,131.991,51.876,154.917,0
92.071,365.221,0.00273807,0.03393243681000404,-3.38338388,40.852,4.84,1109,28.216,56.9,244.593,0
108.23,381.38,0.00262206,0.07948353433945653,-2.53220539,42.992,9.388,670,94.73,68.711,248.024,0
44.472,317.622,0.0031484,0.001671603582271489,-6.39397188,39.492,13.479,432,75.79,65.897,64.572,0
150.234,423.384,0.00236192,0.5360159403418194,-0.62359138,48.742,7.937,970,28.812,51.868,162.314,1
105.677,378.827,0.00263973,0.06981857578547099,-2.66185518,40.581,7.761,1135,283.599,56.495,50.116,0
161.621,434.771,0.00230006,0.8439022475826692,-0.16971861,43.881,10.786,875,200.955,64.534,15.87,0
178.762,451.912,0.00221282,1.600589668507018,0.4703721,45.78,5.214,1191,78.739,54.232,132.624,0
129.997,403.147,0.00248048,0.2245877322978794,-1.49348886,40.994,11.671,894,114.942,54.549,19.463,0
116.861,390.011,0.00256403,0.121667456470516,-2.10646372,40.749,1.852,762,110.974,64.229,229.919,0
179.839,452.989,0.00220756,1.663581316763147,0.5089727,46.125,6.215,678,34.57,53.429,237.046,0
168.707,441.857,0.00226318,1.106180490537013,0.10091308,47.567,4.081,1145,277.172,50.729,67.457,1
101.649,374.799,0.0026681,0.05669880938708152,-2.87000207,39.853,3.801,577,85.451,55.254,188.126,0
140.141,413.291,0.0024196,0.351060988176067,-1.04679532,47.609,1.134,471,277.076,60.55,9.265,1
162.1,435.25,0.00229753,0.8597215452750524,-0.15114673,48.881,10.053,1155,121.48,71.831,171.884,1
192.411,465.561,0.00214795,2.576298616124921,0.94635372,49.215,2.579,408,104.553,67.844,41.093,1
147.75,420.9,0.00237586,0.4839064468009827,-0.72586368,46.23,6.104,1040,203.386,54.728,224.525,0
35.394,308.544,0.00324103,0.0008471632230588741,-7.07361717,44.223,6.18,880,89.579,56.997,224.852,0
148.005,421.155,0.00237442,0.4890409026114085,-0.71530915,39.289,4.546,536,100.802,63.576,35.238,0
142.221,415.371,0.00240749,0.3836987606317159,-0.95789751,46.932,7.135,784,79.454,60.7,180.355,0
84.842,357.992,0.00279336,0.02261707274443178,-3.78905023,35.749,9.603,423,298.804,70.452,96.675,0
44.978,318.128,0.00314339,0.001734163175279943,-6.3572303,42.427,11.228,142,185.359,72.8,120.358,0
156.314,429.464,0.00232848,0.685055880777126,-0.37825487,43.363,6.903,1149,45.26,62.842,143.337,0
104.986,378.136,0.00264455,0.06739075166846539,-2.69724749,39.925,5.257,1027,52.4,54.057,37.968,0
107.602,380.752,0.00262638,0.07700106146787222,-2.56393607,39.726,3.572,422,74.687,51.967,68.42,0
35.339,308.489,0.00324161,0.000843579185797292,-7.07785678,42.157,3.566,129,216.12,61.997,95.435,0
112.232,385.382,0.00259483,0.0970598538110564,-2.33242744,37.544,11.236,455,96.957,64.474,20.74,0
88.648,361.798,0.00276397,0.02805888199224396,-3.57345005,45.068,4.771,848,109.098,68.963,193.673,0
177.976,451.126,0.00221668,1.555947773545865,0.44208486,49.061,3.006,249,170.095,70.103,11.609,1
196.005,469.155,0.00213149,2.906881547159387,1.06708087,56.928,2.618,961,145.414,60.239,202.008,1
175.816,448.966,0.00222734,1.438842312915706,0.36383884,46.791,13.952,818,201.656,57.439,71.367,0
130.223,403.373,0.0024791,0.2268894925429048,-1.4832922,38.294,3.259,1193,160.684,50.073,169.515,0
99.34,372.49,0.00268464,0.05021961802065646,-2.99134953,40.616,11.843,593,54.291,69.597,39.124,0
179.078,452.228,0.00221127,1.618851376681141,0.48171687,47.363,11.172,594,61.553,62.826,134.693,0
120.406,393.556,0.00254093,0.1441343545636228,-1.9370094,37.1,4.699,539,192.473,51.617,176.058,0
195.661,468.811,0.00213306,2.8737148669946,1.05560557,50.746,1.992,471,109.522,49.674,40.599,1
171.38,444.53,0.00224957,1.222331740827132,0.2007603,47.947,14.598,660,236.268,50.437,47.111,0
129.365,402.515,0.00248438,0.2182608880784407,-1.5220642,39.802,5.973,380,60.199,50.449,98.614,0
153.507,426.657,0.0023438,0.6122268778912624,-0.49065235,47.423,5.355,102,82.856,60.178,61.586,0
141.086,414.236,0.00241408,0.3655705535817095,-1.00629599,43.824,10.98,457,299.283,64.941,53.637,0
71.679,344.829,0.00289999,0.01034353149903616,-4.57139393,39.77,3.354,1017,112.592,62.632,129.798,0
52.02,325.17,0.00307531,0.002857617248004626,-5.85776713,38.936,4.44,401,258.809,53.134,152.474,0
114.393,387.543,0.00258036,0.1079305982695697,-2.22626687,44.885,8.592,158,58.073,60.803,156.19,0
187.144,460.294,0.00217252,2.151192580168112,0.76602238,54.701,10.435,195,101.311,57.205,29.839,1
66.378,339.528,0.00294527,0.007419876473988424,-4.90359287,38.794,14.679,1161,173.556,66.895,118.687,0
103.159,376.309,0.00265739,0.0613321746099998,-2.7914507,38.263,4.379,650,113.112,73.11,106.344,0
198.189,471.339,0.00212162,3.125345832372232,1.13954494,54.926,5.672,240,88.945,53.05,95.366,1
161.901,435.051,0.00229858,0.8531179800937279,-0.15885743,44.491,10.883,1176,25.48,63.508,187.924,0
86.591,359.741,0.00277978,0.02498680670381285,-3.68940733,42.21,9.607,894,67.56,59.489,84.24,0
142.366,415.516,0.00240665,0.3860711910126923,-0.95173349,42.73,3.366,1119,81.343,58.611,63.269,0
147.883,421.033,0.00237511,0.4865784321562197,-0.72035717,41.786,14.924,806,202.258,71.569,205.35,0
83.395,356.545,0.0028047,0.02081197508106554,-3.87222673,42.784,3.714,727,101.009,66.91,180.243,0
100.716,373.866,0.00267476,0.05399549848241485,-2.9188546,36.309,2.143,145,156.188,60.617,117.191,0
127.887,401.037,0.00249354,0.2040801846129883,-1.5892423,43.724,12.122,117,220.644,50.635,160.448,0
80.051,353.201,0.00283125,0.01712777213575456,-4.06705403,39.476,6.711,1039,145.928,52.728,200.65,0
42.358,315.508,0.00316949,0.001431907273874386,-6.54874797,36.529,12.574,165,122.427,63.336,66.085,0
42.909,316.059,0.00316397,0.001491150792797406,-6.50820711,37.939,1.223,1177,212.972,59.757,88.812,0
59.885,333.035,0.00300269,0.004868833455281678,-5.32490091,35.065,8.816,713,213.406,52.44,213.448,0
119.864,393.014,0.00254444,0.1404758708662769,-1.96271954,40.465,8.657,907,267.629,62.702,70.256,0
164.254,437.404,0.00228622,0.9341351668440926,-0.06813413,45.13,13.862,1096,11.805,65.233,86.592,0
63.471,336.621,0.0029707,0.006156735995934096,-5.09020851,40.448,14.418,531,287.611,58.906,6.579,0
158.978,432.128,0.00231413,0.7611431027046457,-0.27293389,48.122,3.174,965,55.891,50.669,65.796,1
53.632,326.782,0.00306014,0.003194062292822694,-5.74646173,39.485,7.28,597,54.781,59.505,95.604,0
152.821,425.971,0.00234758,0.59550451569561,-0.51834631,45.493,13.02,1041,48.037,54.942,243.616,0
36.863,310.013,0.00322567,0.0009482069711763605,-6.96093776,37.93,4.998,136,179.669,66.952,181.276,0
49.274,322.424,0.00310151,0.002358013454847596,-6.04993577,41.545,11.329,1035,267.372,61.071,69.209,0
195.53,468.68,0.00213365,2.861171589460028,1.05123119,48.955,4.396,287,113.294,53.619,117.986,1
153.559,426.709,0.00234352,0.6135112178945555,-0.48855673,43.864,5.208,183,36.099,66.378,5.503,0
120.459,393.609,0.00254059,0.1444966283005472,-1.93449911,36.907,14.856,320,176.626,58.036,168.34,0
37.322,310.472,0.0032209,0.0009819709168443567,-6.92594887,41.679,11.253,1105,118.131,70.711,114.912,0
114.484,387.634,0.00257975,0.1084113595605036,-2.2218224,43.447,3.388,131,226.687,57.055,50.98,0
193.844,466.994,0.00214136,2.703947691323645,0.99471281,50.274,3.52,635,241.196,55.114,39.409,1
122.318,395.468,0.00252865,0.1577292768493276,-1.84687515,40.709,4.892,321,159.539,52.957,222.08,0
196.726,469.876,0.00212822,2.977481447385138,1.09107779,55.02,13.94,986,193.252,57.84,225.135,1
181.149,454.299,0.00220119,1.743121575960732,0.55567752,53.564,14.299,942,106.747,50.766,141.118,1
121.071,394.221,0.00253665,0.148739140553017,-1.90556124,38.068,13.992,423,133.213,71.675,9.002,0
137.474,410.624,0.00243532,0.3128289160953003,-1.16209883,42.398,1.163,774,89.498,59.147,236.877,0
136.781,409.931,0.00243943,0.3035207925778828,-1.19230516,47.017,11.648,659,250.327,53.646,57.414,0
144.128,417.278,0.00239648,0.4159574264589603,-0.87717236,44.29,11.361,410,74.378,69.861,85.943,0
108.87,382.02,0.00261766,0.08208699082799471,-2.49997573,39.474,9.146,993,274.584,67.56,198.747,0
149.347,422.497,0.00236688,0.516865146041976,-0.65997328,48.354,8.469,760,202.515,64.41,185.68,0
87.611,360.761,0.00277192,0.02647001838543622,-3.63174257,37.644,12.27,605,285.982,51.854,219.705,0
176.38,449.53,0.00222455,1.468648049525081,0.38434228,52.541,7.695,753,135.041,54.725,60.205,1
91.692,364.842,0.00274091,0.03323164378124369,-3.40425273,36.538,3.277,1024,79.846,50.723,104.87,0
173.431,446.581,0.00223924,1.318589899061871,0.27656291,46.56,1.72,717,249.887,70.205,132.788,1
56.653,329.803,0.00303211,0.00392339492706217,-5.54079795,40.492,2.242,534,125.276,67.616,218.513,0
112.438,385.588,0.00259344,0.09805210642525007,-2.32225624,37.018,11.418,699,200.956,68.572,249.735,0
74.019,347.169,0.00288044,0.011938579737625,-4.42798013,39.406,1.449,867,34.219,61.922,234.509,0
120.327,393.477,0.00254144,0.1435958666083539,-1.94075241,40.267,8.068,225,48.685,51.596,108.413,0
66.145,339.295,0.00294729,0.007310581306687798,-4.91843249,41.041,10.148,483,83.7,71.239,21.104,0
101.021,374.171,0.00267257,0.05486620021397097,-2.90285778,40.286,10.445,464,82.782,70.08,55.606,0
193.624,466.774,0.00214236,2.683998934219366,0.98730782,52.981,3.99,966,133.918,63.607,243.922,1
132.076,405.226,0.00246776,0.2465679847780475,-1.40011752,38.151,13.198,582,123.153,69.486,31.285,0
116.768,389.918,0.00256464,0.1211227618522712,-2.11095069,41.366,7.807,368,131.594,56.296,139.29,0
136.821,409.971,0.0024392,0.3040512904074271,-1.19055887,44.78,6.744,800,99.097,54.593,177.429,0
192.816,465.966,0.00214608,2.611830481270335,0.96005131,57.055,13.715,189,156.986,65.797,127.702,1
193.688,466.838,0.00214207,2.689788917174988,0.98946272,48.503,2.533,574,294.073,59.468,75.373,1
98.367,371.517,0.00269167,0.04769463213226847,-3.04293642,43.167,12.7,294,168.76,66.967,44.311,0
144.066,417.216,0.00239684,0.4148719843136734,-0.87978528,45.016,5.58,830,180.299,63.825,71.715,0
50.479,323.629,0.00308996,0.002566513866365189,-5.96520677,43.369,14.326,674,125.222,49.123,89.722,0
145.543,418.693,0.00238838,0.4414240518308677,-0.8177493,46.727,9.601,1094,24.026,55.585,228.773,0
125.043,398.193,0.00251135,0.1790820976668632,-1.71991093,40.615,3.337,616,123.143,67.061,158.225,0
45.984,319.134,0.00313348,0.001864935346613864,-6.28452889,40.341,10.891,251,158.158,66.238,141.328,0
143.75,416.9,0.00239866,0.4093786389263476,-0.89311478,47.567,1.131,705,130.429,71.753,181.879,1
128.978,402.128,0.00248677,0.2144654960607195,-1.53960641,37.212,8.213,258,13.428,53.278,72.047,0
184.75,457.9,0.00218388,1.979185407577948,0.68268535,47.647,14.229,729,221.272,50.137,215.52,0
75.603,348.753,0.00286736,0.01314133971663669,-4.33199231,39.782,1.086,339,33.505,57.98,37.175,0
167.206,440.356,0.00227089,1.045309786716902,0.04431329,42.801,12.154,257,206.949,59.863,7.877,0
41.658,314.808,0.00317654,0.001359747254005914,-6.60045644,44.857,13.035,632,291.696,64.962,172.253,0
84.911,358.061,0.00279282,0.02270657476849108,-3.78510076,37.76,1.042,360,202.055,65.323,16.506,0
192.102,465.252,0.00214937,2.549473673509835,0.93588694,48.753,3.139,751,161.808,54.49,195.234,1
94.085,367.235,0.00272305,0.03788462986851882,-3.27320979,40.501,6.496,112,202.899,65.394,75.356,0
179.721,452.871,0.00220813,1.656575357742353,0.50475243,47.87,10.672,926,37.554,56.35,116.582,0
58.722,331.872,0.00301321,0.004507084567353718,-5.40210477,42.485,13.304,516,196.514,73.035,24.781,0
75.489,348.639,0.0028683,0.01305124953325227,-4.3388714,44.717,6.164,1092,40.638,57.518,111.142,0
127.098,400.248,0.00249845,0.196851218093416,-1.62530707,43.938,8.065,168,270.276,56.087,113.58,0
187.377,460.527,0.00217143,2.168611331071732,0.77408702,56.041,9.851,909,225.45,63.024,64.169,1
54.18,327.33,0.00305502,0.003316407694570638,-5.7088731,41.713,6.906,373,179.37,52.844,27.488,0
102.996,376.146,0.00265854,0.06081616078203109,-2.79989972,38.646,1.78,606,46.063,71.011,187.805,0
102.521,375.671,0.0026619,0.0593345853465012,-2.82456292,36.434,4.267,838,53.105,64.049,88.942,0
138.317,411.467,0.00243033,0.3244929391711426,-1.1254915,45.455,12.876,300,136.592,57.951,44.061,0
135.879,409.029,0.00244481,0.2917743208719515,-1.23177465,38.309,8.528,1049,184.284,57.592,195.213,0
49.854,323.004,0.00309594,0.002456360646754592,-6.00907444,36.848,13.936,554,130.089,51.533,127.216,0
179.606,452.756,0.0022087,1.649772414411301,0.50063735,45.185,1.868,235,161.349,72.348,101.423,0
172.591,445.741,0.00224346,1.278390436136348,0.24560181,49.415,8.887,1167,83.468,63.93,171.952,1
168.938,442.088,0.00226199,1.115819951510958,0.10958952,50.43,10.114,1154,135.576,61.613,218.555,1
198.515,471.665,0.00212015,3.159152848654037,1.15030391,50.301,3.432,812,247.428,59.942,151.691,1
140.516,413.666,0.00241741,0.356756426885321,-1.03070201,47.235,13.626,176,160.781,63.553,140.249,0
179.573,452.723,0.00220886,1.647824792992494,0.49945611,52.414,2.725,424,41.811,67.217,42.177,1
108.687,381.837,0.00261892,0.08133487643178995,-2.50918037,41.105,14.827,591,149.19,64.111,193.579,0
145.929,419.079,0.00238618,0.4486066418992831,-0.80160885,39.014,9.138,270,289.137,60.752,63.52,0
51.402,324.552,0.00308117,0.002737440267563581,-5.900732,38.883,2.836,887,16.591,57.639,189.348,0
49.199,322.349,0.00310223,0.002345561874280071,-6.0552303,37.804,9.316,502,200.216,59.921,165.053,0
159.637,432.787,0.00231061,0.781077863689076,-0.24708044,41.959,2.395,533,284.079,50.09,117.837,0
118.679,391.829,0.00255213,0.1327644739960733,-2.01917859,42.001,8.917,533,276.504,52.743,33.874,0
66.802,339.952,0.00294159,0.0076225769964284,-4.87664078,42.523,5.845,905,288.674,63.983,45.425,0
108.694,381.844,0.00261887,0.08136353187822315,-2.50882812,39.684,9.731,398,203.859,51.102,236.874,0
155.074,428.224,0.00233523,0.651990639535735,-0.42772507,40.84,7.741,634,147.588,72.632,11.927,0
159.662,432.812,0.00231047,0.7818430960156355,-0.2461012,45.894,1.971,1088,298.842,57.413,197.556,1
87.542,360.692,0.00277245,0.02636723509786724,-3.63563313,41.461,8.149,529,49.377,57.583,88.1,0
125.565,398.715,0.00250806,0.1834546508656933,-1.69578778,40.994,3.105,685,83.687,72.394,172.203,0
54.532,327.682,0.00305174,0.003397229956898101,-5.6847949,40.51,13.431,801,34.156,63.003,140.189,0
199.08,472.23,0.00211761,3.218499931724026,1.16891539,55.48,2.635,652,105.655,70.681,234.503,1
186.694,459.844,0.00217465,2.117897276128946,0.75042375,52.546,1.287,833,106.07,65.555,58.843,1
154.035,427.185,0.00234091,0.6253789710140953,-0.46939746,41.775,12.766,650,129.29,69.47,218.124,0
107.574,380.724,0.00262657,0.07689201429525687,-2.56535325,44.493,10.884,1197,243.576,64.68,87.511,0
155.399,428.549,0.00233346,0.6605176665812273,-0.41473141,47.615,8.059,513,163.305,55.119,143.072,0
69.538,342.688,0.00291811,0.00905600472610441,-4.70432724,36.43,2.152,133,117.448,57.295,48.429,0
183.749,456.899,0.00218867,1.910912409998956,0.64758083,49.374,1.139,635,222.31,56.854,219.059,1
53.544,326.694,0.00306097,0.003174803282529843,-5.75250961,40.598,10.26,770,69.724,67.915,246.631,0
72.766,345.916,0.00289088,0.01105875769058572,-4.50453261,43.285,13.468,597,29.339,59.954,44.278,0
184.385,457.535,0.00218563,1.954047365198308,0.66990279,52.079,2.814,1119,261.763,52.187,117.429,1
147.186,420.336,0.00237905,0.4727193931896616,-0.74925332,44.161,7.042,1130,236.129,54.625,54.737,0
163.201,436.351,0.00229173,0.8970774263726267,-0.1086131,48.422,11.23,1189,110.901,51.09,113.414,0
69.151,342.301,0.00292141,0.00883942655404675,-4.72853327,38.786,1.912,588,37.315,64.788,234.529,0
35.338,308.488,0.00324162,0.0008435141502242407,-7.07793388,42.539,6.663,837,63.535,66.471,76.355,0
189.51,462.66,0.00216141,2.333892164546207,0.84753733,52.822,8.693,850,123.184,57.757,245.765,1
158.039,431.189,0.00231917,0.7335139596500759,-0.30990865,45.363,14.748,218,260.893,63.293,73.11,0
58.249,331.399,0.00301751,0.004367086856360494,-5.43365912,44.32,7.258,865,23.287,69.607,127.819,0
195.95,469.1,0.00213174,2.901556420274082,1.06524729,50.445,14.341,1038,136.419,51.818,43.01,1
163.48,436.63,0.00229027,0.9067677786050696,-0.09786889,42.097,1.703,1143,270.222,49.424,248.337,0
189.17,462.32,0.002163,2.306831101677465,0.83587477,56.819,5.76,154,258.06,57.517,197.601,1
121.004,394.154,0.00253708,0.1482693249952512,-1.9087249,37.799,4.472,475,78.179,50.564,77.738,0
153.824,426.974,0.00234206,0.6200934675241384,-0.47788506,49.627,13.644,729,208.69,67.349,94.415,0
119.241,392.391,0.00254848,0.1363732427636824,-1.99235972,44.031,12.496,582,117.237,71.872,7.801,0
125.498,398.648,0.00250848,0.1828881510481344,-1.69888051,37.735,10.833,931,86.985,60.426,247.965,0
177.168,450.318,0.00222065,1.511198327783383,0.41290293,50.634,1.602,890,237.015,62.062,122.668,1
164.67,437.82,0.00228404,0.949142724404094,-0.0521961,43.675,5.481,496,198.766,50.836,30.193,0
195.553,468.703,0.00213355,2.863370381839768,1.05199939,54.257,12.163,1156,183.415,68.227,40.44,1
114.649,387.799,0.00257866,0.1092879564659587,-2.21376908,41.719,3.116,989,200.863,52.827,238.729,0
47.123,320.273,0.00312234,0.002023822657372275,-6.20276715,41.922,10.825,283,106.002,49.888,195.522,0
186.243,459.393,0.00217679,2.084981097839552,0.73475979,47.329,10.526,828,85.587,57.052,42.254,0
95.502,368.652,0.00271259,0.04090857868351025,-3.19641549,43.271,7.258,996,91.161,58.85,241.119,0
138.417,411.567,0.00242974,0.3259018731827497,-1.12115895,47.001,12.424,148,89.198,61.852,96.454,0
106.569,379.719,0.00263353,0.07306847112827207,-2.61635832,39.709,1.539,386,21.606,51.64,66.485,0
185.334,458.484,0.0021811,2.019995142565048,0.70309511,46.337,10.406,115,224.5,66.906,65.269,0
86.572,359.722,0.00277992,0.02495990416075509,-3.69048458,36.434,9.865,698,121.904,67.922,118.86,0
109.849,382.999,0.00261097,0.08621743829637907,-2.45088282,36.884,7.543,827,220.741,54.07,151.836,0
189.145,462.295,0.00216312,2.304852185506612,0.83501655,47.35,8.442,1073,194.317,56.846,212.98,0
78.695,351.845,0.00284216,0.01581000517429506,-4.1471123,42.109,7.056,708,223.849,54.971,23.421,0
47.295,320.445,0.00312066,0.002048861816004379,-6.19047085,37.647,14.71,835,16.605,63.66,104.659,0
163.748,436.898,0.00228886,0.9161627890407755,-0.08756121,45.035,4.93,623,77.43,57.662,136.388,0
53.688,326.838,0.00305962,0.0032063733734758,-5.74261477,44.413,3.342,1023,66.484,57.093,96.363,0
126.553,399.703,0.00250186,0.1919919417533096,-1.65030188,45.104,5.741,477,36.475,51.759,227.532,0
179.062,452.212,0.00221135,1.61792236194998,0.48114283,48.566,13.205,1100,224.641,50.518,77.476,0
70.042,343.192,0.00291382,0.009345270091444806,-4.67288494,36.988,8.918,718,164.895,49.49,234.155,0
74.492,347.642,0.00287652,0.01228685240495606,-4.3992255,37.302,1.763,1157,286.932,69.501,57.109,0
91.296,364.446,0.00274389,0.03251336588355202,-3.42610402,43.784,1.244,822,124.614,57.155,174.777,0
179.614,452.764,0.00220866,1.650244868830019,0.50092368,52.586,12.148,939,166.042,60.024,5.688,1
64.275,337.425,0.00296362,0.006484932695930278,-5.03827384,37.589,14.622,298,61.778,57.598,9.436,0
81.22,354.37,0.00282191,0.01834261899157514,-3.99852802,35.692,3.336,668,132.937,64.924,67.127,0
36.975,310.125,0.00322451,0.0009563461691018745,-6.95239061,39.155,3.978,487,263.366,65.926,6.175,0
37.267,310.417,0.00322147,0.000977867890641265,-6.93013598,42.243,3.379,161,226.534,63.772,123.484,0
144.935,418.085,0.00239186,0.43031704269556,-0.84323303,40.134,12.251,857,140.17,56.369,223.844,0
152.71,425.86,0.00234819,0.5928370032379517,-0.52283579,41.091,6.402,727,37.47,63.47,195.136,0
40.754,313.904,0.00318569,0.001271477761095773,-6.66757546,42.011,13.766,847,183.225,52.689,5.076,0
97.161,370.311,0.00270043,0.04472364998548272,-3.10725283,43.044,10.596,112,282.687,53.094,133.063,0
163.386,436.536,0.00229076,0.9034926781365838,-0.10148727,43.404,7.83,568,233.342,48.967,115.737,0
77.136,350.286,0.00285481,0.01440872060693001,-4.23992166,44.891,1.157,776,265.891,57.876,85.67,1
103.131,376.281,0.00265759,0.06124325566403709,-2.79290155,43.772,2.505,1057,87.114,69.676,225.254,0
138.815,411.965,0.00242739,0.3315634071071014,-1.10393621,38.291,7.001,1070,296.892,64.181,25.907,0
194.442,467.592,0.00213862,2.758827341594729,1.01480571,55.374,3.575,1188,103.762,58.431,240.773,1
99.691,372.841,0.00268211,0.05115954673656029,-2.97280616,37.027,4.256,1016,148.434,69.433,79.113,0
133.91,407.06,0.00245664,0.2675252475617402,-1.31854133,45.612,3.897,338,49.566,50.265,29.844,0
168.428,441.578,0.00226461,1.094635737396764,0.09042165,48.427,5.593,1041,232.222,69.958,149.464,1
84.996,358.146,0.00279216,0.02281727020045561,-3.78023756,44.116,6.374,823,261.079,52.616,95.109,0
146.171,419.321,0.00238481,0.4531623329902817,-0.79150487,42.124,10.721,1023,110.282,71.996,17.237,0
100.985,374.135,0.00267283,0.05476277674753642,-2.90474457,38.876,11.538,784,138.026,56.842,103.142,0
134.894,408.044,0.00245072,0.2794099132213101,-1.27507535,40.002,4.992,295,250.565,55.641,128.561,0
106.811,379.961,0.00263185,0.07397324262265105,-2.60405184,44.881,11.495,305,126.849,68.191,161.965,0
145.304,418.454,0.00238975,0.437028041008991,-0.82775792,45.773,13.544,202,190.786,69.572,129.54,0
138.382,411.532,0.00242994,0.3254081297041251,-1.1226751,40.896,14.474,397,37.589,62.629,41.651,0
181.271,454.421,0.0022006,1.750695989621248,0.56001342,54.885,6.337,378,216.443,55.832,15.626,1
52.273,325.423,0.00307292,0.002908188122826939,-5.84022503,42.905,6.409,794,164.645,70.594,129.107,0
79.351,352.501,0.00283687,0.01643560706063653,-4.10830514,36.079,4.568,140,155.82,64.943,202.983,0
178.269,451.419,0.00221524,1.572459749063371,0.45264111,47.678,1.537,1170,180.046,50.384,81.222,1
57.154,330.304,0.00302751,0.004058042654087359,-5.50705453,35.401,1.594,578,250.131,69.904,43.411,0
39.461,312.611,0.00319886,0.001154311584718345,-6.76425114,42.417,6.152,614,74.311,71.561,205.318,0
173.87,447.02,0.00223704,1.340037324641707,0.29269747,44.816,2.245,835,24.857,60.282,183.176,0
106.328,379.478,0.0026352,0.07217731046417145,-2.62862954,43.669,5.638,288,107.546,62.964,115.71,0
72.569,345.719,0.00289252,0.01092590308056204,-4.51661888,40.52,13.943,117,126.109,63.147,111.395,0
91.616,364.766,0.00274148,0.03309269443019296,-3.40844273,35.524,11.244,741,154.122,52.624,80.854,0
162.464,435.614,0.00229561,0.8719170752175411,-0.13706096,46.913,4.493,693,125.093,67.134,170.363,1
63.778,336.928,0.00296799,0.00628023120210118,-5.07034848,37.648,14.77,636,54.074,64.172,124.815,0
60.381,333.531,0.00299822,0.005030989823983646,-5.29213853,35.469,8.8,682,17.834,65.506,28.904,0
56.051,329.201,0.00303766,0.003766987063447919,-5.58147978,37.36,14.692,909,152.971,53.133,231.637,0
93.816,366.966,0.00272505,0.03733383622995232,-3.28785523,36.733,4.113,786,195.45,53.658,186.51,0
197.093,470.243,0.00212656,3.013988628539159,1.10326433,54.058,11.272,305,27.033,71.157,203.672,1
189.584,462.734,0.00216107,2.339818548286007,0.85007338,52.44,2.202,252,169.717,62.802,57.472,1
99.606,372.756,0.00268272,0.05093048999975288,-2.97729352,38.223,2.271,940,206.25,68.779,194.839,0
189.909,463.059,0.00215955,2.366002571182095,0.86120185,48.505,10.052,813,13.003,55.655,230.153,0
185.922,459.072,0.00217831,2.061826404401435,0.72359219,51.955,8.558,1030,271.09,65.057,24.619,1
157.817,430.967,0.00232036,0.7271126691375441,-0.31867384,43.501,2.715,164,35.276,58.286,26.679,0
43.139,316.289,0.00316167,0.001516536411968636,-6.49132622,39.199,4.629,639,298.658,50.552,231.769,0
125.535,398.685,0.00250825,0.1832008011502235,-1.69717245,41.148,6.473,648,35.181,70.779,249.175,0
83.926,357.076,0.00280052,0.02145869248159667,-3.84162547,36.705,10.564,594,131.998,63.008,164.774,0
120.646,393.796,0.00253939,0.1457813419761027,-1.92564744,38.439,11.737,118,269.949,60.862,123.866,0
173.828,446.978,0.00223725,1.337972239105215,0.29115521,51.893,11.791,1186,26.083,68.287,51.743,1
78.593,351.743,0.00284298,0.01571468985340007,-4.15315934,36.266,3.704,255,294.235,67.029,111.742,0
115.32,388.47,0.0025742,0.1129184536442759,-2.18108937,44.184,9.989,138,135.324,53.88,84.22,0
105.0,378.15,0.00264445,0.06743917916484668,-2.69652914,41.011,11.328,372,171.644,67.255,149.542,0
71.242,344.392,0.00290367,0.01006800477277001,-4.59839273,42.86,10.751,1106,34.117,51.121,45.469,0
115.15,388.3,0.00257533,0.1119886002801339,-2.1893582,42.339,2.68,812,99.82,64.934,174.395,0
184.851,458.001,0.0021834,1.986191213677027,0.68621884,53.365,10.166,158,70.367,60.671,205.98,1
195.181,468.331,0.00213524,2.82798756330267,1.03956535,55.969,12.487,537,233.416,61.041,141.246,1
111.144,384.294,0.00260217,0.09196676187608421,-2.38632805,44.347,6.172,1069,17.664,64.933,93.936,0
57.725,330.875,0.00302229,0.004216621532159757,-5.46872106,39.839,8.318,483,297.056,49.098,69.669,0
188.056,461.206,0.00216823,2.22007781008604,0.79754224,46.7,14.038,412,269.268,67.137,207.744,0
132.237,405.387,0.00246678,0.2483474014661662,-1.3929267,37.497,12.715,1116,78.639,52.791,159.079,0
66.248,339.398,0.00294639,0.007358714871151788,-4.91186997,43.887,1.484,461,29.89,68.691,130.285,0
122.398,395.548,0.00252814,0.1583222385361801,-1.84312284,43.275,14.482,1127,213.66,66.241,247.851,0
171.827,444.977,0.00224731,1.242767138734819,0.21734046,52.615,7.829,858,49.909,70.802,103.817,1
90.232,363.382,0.00275192,0.03065218158015344,-3.48505144,44.754,8.227,224,169.52,66.38,9.115,0
130.803,403.953,0.00247554,0.2328930398101641,-1.45717599,43.654,1.212,1033,256.407,68.565,237.338,0
176.487,449.637,0.00222402,1.474363418638942,0.38822632,53.574,12.065,990,106.782,52.371,208.158,1
127.533,400.683,0.00249574,0.2008080330972043,-1.60540589,38.14,10.278,873,85.727,72.76,153.658,0
79.987,353.137,0.00283176,0.01706341180432547,-4.07081877,43.998,3.21,1185,46.88,62.282,201.752,0
56.506,329.656,0.00303347,0.003884666378563426,-5.55071817,35.527,14.687,611,215.35,59.212,51.165,0
128.531,401.681,0.00248954,0.2101548966330268,-1.55991042,42.751,2.056,194,271.825,49.836,51.849,0
54.198,327.348,0.00305485,0.003320497780189041,-5.70764057,39.572,10.612,1124,210.017,58.593,123.794,0
192.538,465.688,0.00214736,2.587395005773499,0.95065158,55.831,2.144,653,255.045,69.444,107.253,1
79.123,352.273,0.00283871,0.01621567998880393,-4.1217766,37.358,1.842,288,135.629,61.145,103.512,0
157.327,430.477,0.002323,0.7131579073267492,-0.33805241,41.455,6.002,1015,91.198,54.608,101.433,0
81.541,354.691,0.00281936,0.01868955891785156,-3.97979026,41.278,8.833,986,42.736,60.774,199.545,0
127.964,401.114,0.00249306,0.2047981805162284,-1.58573027,37.475,9.556,303,160.184,65.792,172.245,0
170.48,443.63,0.00225413,1.1820805520886,0.16727607,42.826,11.129,503,162.104,50.672,41.79,0
184.082,457.232,0.00218707,1.933392086502522,0.65927602,51.607,7.072,241,156.641,52.482,124.33,1
42.691,315.841,0.00316615,0.001467448708764299,-6.52422996,35.504,1.682,1087,116.955,71.101,200.373,0
126.501,399.651,0.00250218,0.1915339377026911,-1.65269027,38.563,13.237,919,264.647,67.223,109.949,0
59.703,332.853,0.00300433,0.004810534522740768,-5.33694707,44.822,4.799,1124,13.084,63.627,126.955,0
141.471,414.621,0.00241184,0.3716327344357886,-0.98984919,44.49,4.451,235,50.261,63.241,137.407,0
160.183,433.333,0.00230769,0.7979417436139912,-0.22571969,45.6,12.546,328,162.844,57.287,76.836,0
143.926,417.076,0.00239764,0.4124302150767559,-0.88568826,42.273,13.241,126,290.535,72.518,105.317,0
89.143,362.293,0.0027602,0.0288471969962961,-3.54574245,43.966,8.828,1026,114.769,54.802,110.283,0
46.44,319.59,0.00312901,0.001927125956020336,-6.25172553,37.019,12.398,420,178.619,51.368,223.419,0
195.902,469.052,0.00213196,2.896915991255376,1.06364672,58.488,3.108,293,246.475,71.116,166.238,1
108.262,381.412,0.00262184,0.07961192848766943,-2.53059134,37.466,8.525,902,223.82,57.556,25.611,0
100.451,373.601,0.00267665,0.05324908402647847,-2.93277468,44.826,4.629,1044,94.192,59.03,211.501,0
72.197,345.347,0.00289564,0.01067896586508672,-4.53947928,37.423,13.605,728,155.73,72.117,136.506,0
160.617,433.767,0.00230539,0.8115745816838922,-0.20877899,50.695,12.915,1152,205.58,60.57,232.99,1
104.788,377.938,0.00264594,0.06670918045191895,-2.7074127,40.19,4.959,583,213.391,58.032,58.705,0
178.946,452.096,0.00221192,1.611200972393057,0.47697985,47.602,8.208,136,196.964,71.923,224.519,0
44.443,317.593,0.00314868,0.00166808140133518,-6.39608117,44.045,14.77,143,246.662,59.439,15.488,0
86.365,359.515,0.00278153,0.02466849618384394,-3.70222831,39.841,8.306,568,54.11,60.037,131.947,0
151.187,424.337,0.00235662,0.5572886959763477,-0.58467187,43.809,13.17,1152,189.64,50.351,225.592,0
157.782,430.932,0.00232055,0.7261079687042427,-0.32005656,49.743,6.416,547,103.673,63.156,40.799,1
132.06,405.21,0.00246786,0.2463917694062693,-1.40083245,47.027,14.276,861,66.418,62.886,62.486,0
42.271,315.421,0.00317037,0.001422752219763366,-6.5551621,35.82,3.55,1162,257.222,51.444,186.089,0
69.529,342.679,0.00291818,0.00905091387402106,-4.70488955,40.669,6.409,972,194.905,53.186,64.285,0
114.144,387.294,0.00258202,0.1066248403567704,-2.23843877,37.494,9.941,232,148.733,71.677,232.563,0
88.259,361.409,0.00276695,0.02745306215442709,-3.59527756,39.461,7.907,1004,152.444,55.445,215.311,0
122.687,395.837,0.00252629,0.1604809174887554,-1.82958024,39.253,6.752,805,126.184,52.404,87.048,0
52.516,325.666,0.00307063,0.002957526643805844,-5.82340195,40.835,13.737,786,225.677,65.521,140.658,0
132.668,405.818,0.00246416,0.2531672816966207,-1.37370482,46.147,3.926,366,248.865,59.715,186.107,0
49.685,322.835,0.00309756,0.002427325060421291,-6.02096543,41.958,3.662,1194,187.468,57.585,184.64,0
130.571,403.721,0.00247696,0.2304748653352487,-1.46761347,39.035,7.189,631,117.144,71.852,197.066,0
118.885,392.035,0.00255079,0.1340772354997487,-2.00933926,44.26,13.652,1115,92.004,60.444,149.283,0
150.408,423.558,0.00236095,0.5398454770404101,-0.61647233,44.117,11.058,137,215.342,52.69,108.163,0
168.711,441.861,0.00226316,1.106346782412638,0.1010634,50.791,4.076,121,19.434,55.191,206.967,1
46.94,320.09,0.00312412,0.001997489071160686,-6.21586435,36.29,8.094,130,275.916,68.852,187.073,0
163.63,436.78,0.00228948,0.9120156665064917,-0.09209811,43.292,14.99,623,37.591,71.818,36.094,0
95.474,368.624,0.00271279,0.04084678219382539,-3.19792723,42.358,13.115,441,33.172,61.078,236.533,0
154.239,427.389,0.00233979,0.6305269328828857,-0.46119941,49.776,2.611,492,38.026,58.622,79.133,1
37.673,310.823,0.00321727,0.001008529062767027,-6.89926238,41.151,6.225,790,79.185,49.918,143.116,0
112.843,385.993,0.00259072,0.1000294011651097,-2.30229112,39.917,9.138,1133,159.105,68.928,207.303,0
56.09,329.24,0.0030373,0.00377694520317094,-5.57883974,42.228,2.713,953,279.04,65.677,126.348,0
73.385,346.535,0.00288571,0.01148578153935431,-4.4666454,35.837,3.685,549,172.719,54.233,53.206,0
106.855,380.005,0.00263154,0.07413882130247143,-2.60181598,38.299,9.516,933,234.871,63.994,136.857,0
143.584,416.734,0.00239961,0.4065188046224193,-0.90012509,39.754,5.427,1049,159.812,66.571,8.074,0
84.542,357.692,0.0027957,0.02223162309887549,-3.80623954,36.348,5.227,384,299.323,66.195,89.578,0
63.476,336.626,0.00297066,0.006158729521409466,-5.08988477,40.838,2.695,1112,225.045,62.581,193.873,0
162.138,435.288,0.00229733,0.8609876374926885,-0.14967513,48.801,13.949,646,135.976,63.416,125.681,0
176.665,449.815,0.00222314,1.483914472738675,0.39468351,50.06,2.368,516,262.412,54.645,213.565,1
59.493,332.643,0.00300623,0.004744055701981012,-5.35086288,44.746,14.503,971,105.419,54.567,30.653,0
84.768,357.918,0.00279394,0.02252143897737254,-3.79328758,44.594,11.37,801,175.559,53.531,67.738,0
47.718,320.868,0.00311655,0.002111647966335828,-6.16028661,35.757,9.093,866,45.13,70.634,246.988,0
191.526,464.676,0.00215204,2.500120345316737,0.91633887,57.429,13.801,760,87.616,55.021,192.331,1
158.238,431.388,0.0023181,0.7392942697070877,-0.30205924,45.352,12.932,631,141.928,66.776,155.382,0
167.524,440.674,0.00226925,1.057953774260786,0.05633664,47.046,9.536,1109,17.929,62.482,161.941,0
64.705,337.855,0.00295985,0.006666906740946147,-5.01059928,38.216,12.394,270,170.071,72.649,176.054,0
41.084,314.234,0.00318234,0.00130307386515424,-6.64302929,37.63,5.318,492,200.453,67.04,103.758,0
96.869,370.019,0.00270256,0.0440298113418062,-3.12288834,37.948,13.512,290,13.735,72.885,180.254,0
173.335,446.485,0.00223972,1.31394017877736,0.27303039,53.374,13.687,126,85.187,58.355,171.725,1
63.398,336.548,0.00297134,0.006127697188749915,-5.09493626,37.979,11.213,1109,242.613,66.76,172.817,0
158.326,431.476,0.00231763,0.7418631778682777,-0.29859045,41.307,9.307,1108,65.543,51.768,192.903,0
56.136,329.286,0.00303687,0.003788721497332814,-5.57572665,35.236,10.592,575,126.115,60.504,60.31,0
145.192,418.342,0.00239039,0.4349813653616151,-0.83245209,39.055,2.467,478,249.997,69.674,166.097,0
92.741,365.891,0.00273305,0.0352039320781843,-3.3465975,38.214,9.925,850,34.54,72.625,168.376,0
199.523,472.673,0.00211563,3.265709336543817,1.18347699,55.084,8.872,617,138.166,59.935,96.488,1
102.696,375.846,0.00266066,0.05987661661213845,-2.81546922,38.341,9.572,955,126.555,59.741,191.343,0
140.029,413.179,0.00242026,0.3493756708585905,-1.05160751,38.31,12.349,213,251.445,72.292,221.334,0
169.291,442.441,0.00226019,1.130693104120533,0.12283081,51.626,1.508,419,49.858,70.747,205.187,1
158.695,431.845,0.00231565,0.7527210418739639,-0.28406058,41.624,6.778,1100,184.735,60.336,94.573,0
132.639,405.789,0.00246433,0.2528403829348315,-1.37499689,44.291,5.707,811,284.314,56.54,55.51,0
98.183,371.333,0.002693,0.04723017922914677,-3.0527222,40.12,14.07,643,84.21,65.424,96.178,0
42.086,315.236,0.00317223,0.001403462163547671,-6.56881312,44.272,1.342,695,187.282,70.85,106.692,0
78.9,352.05,0.00284051,0.01600315280884655,-4.13496953,44.75,5.693,698,64.968,57.338,221.003,0
77.028,350.178,0.00285569,0.01431594039966079,-4.24638165,38.531,6.008,1002,76.362,61.771,125.32,0
169.938,443.088,0.00225689,1.158406659606975,0.14704549,49.097,9.153,294,278.742,57.583,139.047,0
148.115,421.265,0.0023738,0.4912706133254352,-0.71076016,43.58,1.011,572,218.954,68.537,58.713,0
71.504,344.654,0.00290146,0.01023238501552556,-4.58219759,40.46,8.941,467,217.431,50.077,46.512,0
134.319,407.469,0.00245417,0.27240940302121,-1.30044919,46.36,13.367,351,274.561,60.421,124.385,0
92.653,365.803,0.00273371,0.0350345187464768,-3.35142145,41.128,4.699,755,264.609,62.833,245.498,0
129.011,402.161,0.00248657,0.2147868266465005,-1.53810925,37.325,7.838,735,205.78,49.613,244.857,0
86.718,359.868,0.0027788,0.02516730163539675,-3.68220968,42.904,5.267,161,133.951,51.269,219.524,0
91.456,364.606,0.00274269,0.03280187831641973,-3.4172695,37.027,14.173,1016,173.068,64.325,70.708,0
102.808,375.958,0.00265987,0.06022584477767769,-2.8096537,44.527,3.992,1033,235.341,60.274,116.183,0
56.876,330.026,0.00303006,0.003982817606623463,-5.52576577,43.934,8.666,573,201.495,52.498,31.796,0
90.128,363.278,0.00275271,0.03047551375506626,-3.49083175,36.347,7.469,300,12.964,68.303,178.6,0
162.89,436.04,0.00229337,0.8863832771190051,-0.12060583,42.867,9.419,738,99.938,69.438,31.47,0
158.245,431.395,0.00231806,0.7394983269229256,-0.30178326,45.27,9.723,947,242.551,61.244,142.361,0
126.977,400.127,0.00249921,0.1957630071727453,-1.6308505,44.162,9.542,948,250.74,62.824,193.029,0
128.984,402.134,0.00248673,0.2145238879469188,-1.53933418,41.65,4.59,355,145.765,49.824,107.983,0
157.494,430.644,0.0023221,0.7178871288528806,-0.33144292,48.249,3.045,478,53.428,50.826,58.61,1
157.959,431.109,0.0023196,0.7312014798794649,-0.31306623,49.529,14.749,735,87.946,59.734,140.414,0
35.4,308.55,0.00324097,0.0008475550514655588,-7.07315476,38.983,12.452,1141,44.388,53.112,223.401,0
82.544,355.694,0.00281141,0.01981214826733931,-3.92145998,39.157,13.989,1191,295.273,68.374,243.638,0
129.425,402.575,0.00248401,0.2188546442960733,-1.51934749,37.161,12.082,589,169.389,65.73,107.071,0
187.932,461.082,0.00216881,2.210600002328999,0.79326397,49.069,1.332,773,32.244,57.08,168.35,1
127.904,401.054,0.00249343,0.204238510047306,-1.5884668,38.692,14.45,530,231.697,62.056,222.943,0
120.398,393.548,0.00254099,0.1440797422252843,-1.93738837,40.554,1.619,1025,267.682,61.903,58.48,0
148.157,421.307,0.00237357,0.4921243283358569,-0.70902389,39.014,11.607,143,130.093,63.543,243.393,0
111.104,384.254,0.00260245,0.09178416337793947,-2.38831551,44.379,5.446,265,171.427,67.917,69.299,0
195.035,468.185,0.00213591,2.814205338157831,1.03467993,56.71,8.604,628,13.646,69.19,50.351,1
92.586,365.736,0.00273421,0.03490602613048976,-3.3550958,39.905,11.225,780,29.026,69.143,146.672,0
141.702,414.852,0.0024105,0.3753126908435104,-0.97999576,45.228,10.432,379,132.941,49.939,163.468,0
132.163,405.313,0.00246723,0.2475281193737795,-1.39623109,39.445,4.372,508,163.197,49.376,25.844,0
105.115,378.265,0.00264365,0.06783815922041954,-2.69063042,41.283,8.819,1065,142.797,51.3,133.903,0
113.521,386.671,0.00258618,0.1034195100886816,-2.26896165,42.731,4.515,978,216.659,62.827,220.447,0
184.728,457.878,0.00218399,1.97766226208747,0.68191547,54.937,7.528,826,252.827,63.155,16.0,1
99.633,372.783,0.00268253,0.05100314914713335,-2.9758679,42.345,8.173,673,139.553,52.661,14.915,0
111.007,384.157,0.0026031,0.09134270918867737,-2.39313681,39.031,7.13,692,169.169,54.199,174.015,0
181.464,454.614,0.00219967,1.762737360923015,0.56686792,53.685,2.096,219,241.661,55.229,91.277,1
162.157,435.307,0.00229723,0.8616212996199248,-0.14893943,42.833,14.524,702,278.89,68.686,198.931,0
46.75,319.9,0.00312598,0.001970479444363372,-6.22947839,40.918,1.235,333,227.369,60.595,111.625,0
161.674,434.824,0.00229978,0.8456398903154311,-0.16766167,43.915,6.417,635,20.673,48.917,215.166,0
189.325,462.475,0.00216228,2.319133558845189,0.84119365,49.758,10.246,126,209.086,69.311,121.124,0
105.507,378.657,0.00264091,0.06921411792876056,-2.67055042,44.644,8.346,688,154.048,55.236,239.072,0
63.989,337.139,0.00296614,0.006366408845086412,-5.05671973,44.845,1.936,304,209.023,59.509,213.792,0
182.004,455.154,0.00219706,1.79681460608373,0.58601543,47.418,5.028,818,67.786,64.734,222.518,1
107.459,380.609,0.00262737,0.07644559207419427,-2.57117601,36.999,5.353,1050,82.194,65.502,55.185,0
65.148,338.298,0.00295597,0.006859219426313023,-4.98216163,36.75,11.822,602,109.271,55.978,181.07,0
134.86,408.01,0.00245092,0.2789915654969232,-1.27657373,46.411,5.639,100,90.947,63.208,28.264,0
91.507,364.657,0.0027423,0.03289432505936229,-3.41445513,39.07,1.083,993,269.99,69.923,170.05,0
117.92,391.07,0.00255709,0.1280261506215145,-2.05552073,40.619,8.942,168,248.83,52.632,30.147,0
91.189,364.339,0.0027447,0.03232170060601588,-3.43201643,35.662,8.583,463,11.348,62.956,27.149,0
83.859,357.009,0.00280105,0.02137610371829336,-3.84548163,43.734,8.488,679,191.83,54.592,136.854,0
194.99,468.14,0.00213611,2.809969222624309,1.03317353,56.667,2.306,164,66.951,59.127,127.523,1
51.219,324.369,0.00308291,0.002702748584793526,-5.91348603,43.612,1.273,798,57.029,72.819,239.664,0
96.453,369.603,0.00270561,0.04305804199276048,-3.14520626,40.517,12.244,321,291.584,69.356,197.464,0
69.633,342.783,0.0029173,0.00910990004067105,-4.69839354,39.369,8.856,491,98.631,49.08,143.411,0
150.603,423.753,0.00235987,0.5441659402621678,-0.60850104,48.417,14.807,475,197.749,68.467,44.059,0
146.999,420.149,0.00238011,0.4690610957853588,-0.75702225,42.667,4.084,813,77.149,56.809,221.835,0
39.523,312.673,0.00319823,0.001159696153084151,-6.75959725,37.717,3.681,670,282.384,68.548,117.034,0
156.986,430.136,0.00232485,0.7035865535383724,-0.35156438,43.596,13.419,174,168.672,67.377,83.068,0
96.399,369.549,0.002706,0.04293332357253437,-3.14810698,40.996,11.646,670,202.316,61.824,159.995,0
52.17,325.32,0.0030739,0.002887502367842565,-5.84736338,35.285,4.9,411,141.127,60.445,62.659,0
114.465,387.615,0.00257988,0.1083108229320768,-2.2227502,45.437,7.212,997,70.641,55.704,64.242,0
197.81,470.96,0.00212332,3.086439313268936,1.1270181,55.981,12.112,683,59.596,52.867,214.65,1
65.195,338.345,0.00295556,0.006879915480050514,-4.97914891,35.211,1.377,210,264.228,64.659,9.012,0
191.857,465.007,0.00215051,2.528378373389266,0.92757814,49.167,4.083,973,211.18,63.191,44.959,1
135.607,408.757,0.00244644,0.2883123203606132,-1.24371094,43.795,3.365,944,66.744,61.99,86.689,0
151.184,424.334,0.00235663,0.5572205757588026,-0.58479411,40.073,9.258,217,89.563,53.091,229.105,0
188.506,461.656,0.00216612,2.254772153768642,0.81304893,48.791,14.149,1114,290.288,64.703,162.524,0
70.467,343.617,0.00291022,0.009595675266174539,-4.64644278,40.409,6.271,779,181.591,64.539,169.053,0
177.492,450.642,0.00221906,1.529004948709152,0.42461716,48.099,5.218,380,35.094,57.808,155.05,1
89.589,362.739,0.0027568,0.02957451158585052,-3.52084238,40.342,10.795,228,163.027,54.316,229.141,0
123.363,396.513,0.00252199,0.1656331577099044,-1.79797983,44.593,8.901,456,153.041,71.44,195.673,0
124.61,397.76,0.00251408,0.1755258103303736,-1.73996918,43.892,14.13,365,136.583,73.102,142.062,0
112.192,385.342,0.0025951,0.09686822862084661,-2.33440369,42.172,13.238,394,139.605,56.906,228.681,0
172.092,445.242,0.00224597,1.255023301449432,0.22715414,48.433,14.525,549,137.855,62.954,224.095,0
145.659,418.809,0.00238772,0.4435717659300491,-0.81289567,43.514,5.903,1016,201.725,52.982,139.062,0
69.331,342.481,0.00291987,0.00893956948862275,-4.71726785,42.104,4.162,554,277.923,64.962,106.645,0
76.865,350.015,0.00285702,0.01417693402163447,-4.256139,40.106,7.993,1146,23.788,69.608,242.071,0
39.948,313.098,0.00319389,0.001197229495586213,-6.72774515,38.048,7.764,739,150.793,63.776,248.633,0
162.881,436.031,0.00229341,0.8860754798481018,-0.12095314,44.297,7.046,868,105.909,61.73,101.15,0
98.711,371.861,0.00268918,0.04857398174647939,-3.02466725,44.605,5.374,628,294.431,48.991,72.608,0
195.316,468.466,0.00213463,2.840783757005327,1.04407998,48.847,10.937,125,226.877,67.601,222.841,0
140.797,413.947,0.00241577,0.361077787213054,-1.01866187,41.61,1.725,1121,159.204,62.707,65.291,0
171.008,444.158,0.00225145,1.205550852001854,0.1869366,43.058,2.044,730,138.781,69.05,39.51,0
125.487,398.637,0.00250855,0.1827952927760866,-1.69938837,41.072,12.958,185,147.763,66.355,169.228,0
189.886,463.036,0.00215966,2.364141166150405,0.86041481,50.262,3.489,1111,246.988,56.039,190.007,1
42.324,315.474,0.00316983,0.001428323046379844,-6.55125422,44.842,1.222,480,267.098,52.335,154.806,0
182.536,455.686,0.00219449,1.830949901966723,0.6048349,51.751,3.674,137,276.133,61.492,237.479,1
144.481,417.631,0.00239446,0.422185538527498,-0.8623104,42.665,13.723,1020,41.826,64.345,24.826,0
103.427,376.577,0.0026555,0.06218913576995812,-2.77757496,43.324,3.806,1004,254.865,52.451,109.421,0
100.387,373.537,0.00267711,0.05307021307234076,-2.93613947,44.824,9.567,917,94.381,73.076,159.661,0
193.907,467.057,0.00214107,2.709684068924052,0.99683205,55.119,5.19,305,289.111,57.829,239.984,1
108.157,381.307,0.00262256,0.07919132934835792,-2.53588846,41.367,3.964,597,291.577,60.744,95.311,0
177.952,451.102,0.00221679,1.5546020198496,0.44121958,46.642,13.865,181,146.141,64.454,124.931,0
96.055,369.205,0.00270852,0.04214641833497957,-3.16660557,43.25,13.12,128,32.271,59.832,104.617,0
193.426,466.576,0.00214327,2.666154999570905,0.98063736,50.303,12.893,236,251.35,65.518,141.351,0
117.832,390.982,0.00255766,0.1274866731884283,-2.05974344,45.573,10.757,926,216.204,64.297,101.644,0
39.943,313.093,0.00319394,0.001196781542724323,-6.72811937,37.383,3.684,287,161.55,61.061,228.526,0
44.344,317.494,0.00314967,0.001656108414463229,-6.40328476,41.259,11.631,899,211.621,52.763,76.76,0
87.084,360.234,0.00277597,0.0256940648865815,-3.66149525,44.18,10.408,748,132.904,64.119,174.608,0
189.261,462.411,0.00216258,2.31404690227229,0.8389979,49.901,9.896,1162,70.486,70.287,163.874,1
185.452,458.602,0.00218054,2.028329774882068,0.70721268,52.745,6.335,205,93.219,62.356,243.898,1
100.209,373.359,0.00267839,0.05257556248133327,-2.94550386,36.107,12.135,369,297.425,66.137,6.028,0
46.925,320.075,0.00312427,0.001995344510252198,-6.21693856,40.968,10.77,457,288.759,55.158,91.462,0
61.523,334.673,0.00298799,0.005423168766604985,-5.21707499,37.73,8.226,1153,82.382,59.72,227.999,0
127.377,400.527,0.00249671,0.1993809639858778,-1.61253789,42.752,3.571,795,43.399,57.173,61.52,0
73.186,346.336,0.00288737,0.01134689834856284,-4.47881085,39.549,2.532,356,133.138,60.411,157.077,0
196.036,469.186,0.00213135,2.909886736530024,1.06811416,51.534,14.632,393,233.389,70.466,215.57,0
122.639,395.789,0.0025266,0.1601205743093265,-1.83182816,46.218,5.195,650,177.74,64.35,182.304,0
107.105,380.255,0.00262981,0.07508593173562148,-2.58912206,36.227,8.594,442,33.74,57.588,222.142,0
100.276,373.426,0.00267791,0.05276126304448093,-2.94197801,38.236,8.129,400,70.799,72.431,158.749,0
75.381,348.531,0.00286919,0.01296641689036864,-4.34539258,44.291,13.28,665,168.336,53.032,85.584,0
78.903,352.053,0.00284048,0.01600599512765062,-4.13479193,43.121,13.198,257,89.919,61.408,149.668,0
48.154,321.304,0.00311232,0.002178196808591305,-6.1292579,35.903,12.895,316,118.602,50.351,24.48,0
105.377,378.527,0.00264182,0.06875505652335415,-2.677205,43.256,5.583,330,177.373,51.178,39.376,0
103.718,376.868,0.00265345,0.06313179598510041,-2.76253074,43.737,12.308,759,177.62,56.861,114.09,0
128.668,401.818,0.00248869,0.211467768234669,-1.55368269,40.874,3.569,1111,81.539,54.738,194.887,0
165.687,438.837,0.00227875,0.9867294094172366,-0.01335943,43.502,12.603,582,254.837,50.214,189.708,0
152.137,425.287,0.00235135,0.5792341515974405,-0.54604848,44.379,12.689,444,100.373,62.385,159.815,0
63.476,336.626,0.00297066,0.006158729521409466,-5.08988477,37.823,13.333,884,81.606,62.798,130.263,0
40.884,314.034,0.00318437,0.001283840115664152,-6.6578996,44.146,7.138,106,181.815,59.032,163.269,0
97.054,370.204,0.00270121,0.04446826803855666,-3.11297942,44.886,1.792,211,94.943,57.978,139.702,0
75.176,348.326,0.00287087,0.01280676324861165,-4.35778187,43.783,7.583,766,107.782,64.325,54.883,0
40.815,313.965,0.00318507,0.001277264938771516,-6.66303425,41.049,12.705,1078,60.442,61.443,23.498,0
44.188,317.338,0.00315121,0.00163740111627765,-6.41464498,42.007,1.277,726,291.156,56.035,184.047,0
191.92,465.07,0.00215021,2.533788268247846,0.92971552,48.94,9.159,947,15.256,55.281,48.924,1
110.109,383.259,0.0026092,0.0873452155599076,-2.43788702,39.081,14.924,979,17.525,61.286,218.942,0
91.544,364.694,0.00274202,0.03296154106262361,-3.41241382,37.525,14.371,539,96.558,56.968,16.269,0
44.515,317.665,0.00314797,0.001676838631692305,-6.39084503,36.985,6.58,824,90.789,63.101,123.03,0
161.096,434.246,0.00230284,0.8268590115114871,-0.19012108,49.998,6.457,425,151.837,68.664,108.187,1
110.893,384.043,0.00260388,0.0908263172667166,-2.3988062,44.66,3.638,153,259.987,52.867,127.194,0
100.959,374.109,0.00267302,0.054688190937389,-2.90610748,42.615,11.286,550,279.027,62.16,9.346,0
149.364,422.514,0.00236679,0.5172264169447054,-0.65927456,43.995,8.457,661,299.368,55.717,205.591,0
192.915,466.065,0.00214562,2.620580838163759,0.96339599,50.36,12.639,503,113.754,67.306,28.384,0
188.681,461.831,0.00216529,2.268391846961841,0.81907114,49.255,1.368,221,294.203,53.833,33.752,1
68.302,341.452,0.00292867,0.008380659504348865,-4.78182867,41.451,14.327,461,58.814,60.465,221.497,0
165.451,438.601,0.00227998,0.9778924064569412,-0.02235563,51.494,7.434,434,69.023,49.428,34.194,1
83.965,357.115,0.00280022,0.02150689905762379,-3.83938151,35.651,8.083,1149,84.855,49.916,128.423,0
72.438,345.588,0.00289362,0.01083836019824209,-4.52466357,44.959,4.471,376,17.906,61.708,178.498,0
166.395,439.545,0.00227508,1.013663703587189,0.0135712,43.523,7.678,239,137.6,70.956,111.645,0
165.84,438.99,0.00227796,0.9924959773050057,-0.00753232,45.705,2.235,248,138.18,59.849,93.36,0
111.112,384.262,0.00260239,0.09182065709022255,-2.38791798,38.056,13.38,171,180.098,68.046,228.976,0
64.232,337.382,0.002964,0.006466985651841951,-5.04104518,43.086,2.58,667,71.004,51.502,108.42,0
113.651,386.801,0.00258531,0.1040811504549578,-2.26258439,41.189,6.732,213,85.48,56.586,99.669,0
97.517,370.667,0.00269784,0.04558285182019172,-3.08822369,37.643,14.72,206,121.989,70.612,73.374,0
176.156,449.306,0.00222565,1.456746077422749,0.37620523,53.929,3.663,125,22.328,58.451,119.472,1
94.946,368.096,0.00271668,0.03969708879995544,-3.22647742,42.971,4.518,772,102.837,66.522,197.041,0
185.111,458.261,0.00218216,2.004325899262759,0.69530779,48.822,13.252,626,44.274,62.089,94.689,0
62.662,335.812,0.00297786,0.005841794974514521,-5.14271717,41.179,13.752,376,63.039,65.145,41.24,0
138.137,411.287,0.00243139,0.321970480364415,-1.13329541,42.283,6.853,446,80.748,60.18,165.776,0
129.369,402.519,0.00248435,0.2183004271624703,-1.52188306,41.097,5.208,599,163.098,65.607,18.803,0
82.163,355.313,0.00281442,0.01937874259767144,-3.94357856,36.931,10.584,395,36.73,57.398,147.036,0
46.755,319.905,0.00312593,0.001971185931572251,-6.22911992,37.991,13.598,119,53.826,51.341,96.467,0
72.276,345.426,0.00289498,0.01073097994407762,-4.5346204,39.69,1.309,931,11.014,65.078,239.182,0
165.656,438.806,0.00227891,0.9855646202368178,-0.01454058,41.954,10.226,411,47.95,70.236,159.843,0
192.073,465.223,0.00214951,2.54696868653146,0.9349039,57.473,6.854,568,252.242,59.781,141.13,1
52.481,325.631,0.00307096,0.002950373571092028,-5.82582348,42.438,4.312,968,266.795,73.179,84.627,0
59.657,332.807,0.00300474,0.004795900469350181,-5.33999379,44.992,4.307,116,211.733,51.003,14.215,0
189.073,462.223,0.00216346,2.299161194186802,0.83254436,47.81,12.153,280,260.709,52.992,8.743,0
45.213,318.363,0.00314107,0.001763938405340911,-6.34020624,44.674,12.912,189,76.561,63.194,68.863,0
79.254,352.404,0.00283765,0.0163417141849596,-4.11403429,42.325,13.648,170,136.819,57.417,55.883,0
84.6,357.75,0.00279525,0.02230567776642538,-3.80291402,43.229,2.499,817,245.317,60.334,138.372,0
174.946,448.096,0.00223166,1.393906135108474,0.33210998,48.585,12.004,1197,216.086,59.445,73.655,0
103.64,376.79,0.002654,0.06287787471621796,-2.76656093,37.181,4.117,836,296.698,55.415,138.942,0
109.412,382.562,0.00261396,0.08435125720364033,-2.47276557,38.215,13.033,1117,77.652,57.156,25.391,0
158.672,431.822,0.00231577,0.7520401901222852,-0.28496551,42.481,5.168,731,107.291,65.99,237.203,0
170.379,443.529,0.00225464,1.177637025545041,0.16350991,49.992,7.479,856,281.109,54.724,230.732,1
160.894,434.044,0.00230391,0.8203827153315151,-0.19798432,50.454,11.676,933,254.619,70.518,25.965,1
139.554,412.704,0.00242304,0.3423076359157591,-1.07204543,44.216,5.26,275,280.348,59.426,175.023,0
165.435,438.585,0.00228006,0.9772958178307438,-0.02296589,46.421,9.658,266,127.46,65.0,52.878,0
168.302,441.452,0.00226525,1.089456811811612,0.08567923,42.561,6.456,170,192.496,57.243,7.058,0
112.002,385.152,0.00259638,0.09596262480036037,-2.34379649,38.916,7.827,578,118.423,70.47,17.901,0
183.505,456.655,0.00218984,1.89458639667983,0.63900055,47.459,7.307,1003,19.829,56.509,55.824,1
176.352,449.502,0.00222468,1.467155652006931,0.3833256,47.856,10.903,376,26.701,64.721,153.182,0
113.036,386.186,0.00258943,0.1009841590713497,-2.29279162,36.29,10.941,164,12.343,63.268,146.223,0
190.464,463.614,0.00215697,2.411309067951266,0.88016978,57.102,13.018,1038,209.505,54.886,205.515,1
138.747,411.897,0.00242779,0.3305899696180654,-1.10687643,43.628,3.51,420,157.883,61.08,25.999,0
169.042,442.192,0.00226146,1.120183859032539,0.11349283,52.319,6.645,295,215.329,53.61,180.367,1
140.429,413.579,0.00241792,0.3554278318273769,-1.03443306,42.684,11.295,537,249.036,55.717,134.54,0
191.901,465.051,0.0021503,2.532155649142205,0.92907098,51.375,14.831,531,107.248,54.588,17.148,0
121.045,394.195,0.00253682,0.1485566665371002,-1.9067888,37.907,5.078,159,291.756,51.063,146.298,0
94.131,367.281,0.00272271,0.03797954635261196,-3.27070752,36.7,3.328,610,79.227,64.186,169.773,0
49.618,322.768,0.0030982,0.002415900816773553,-6.02568305,39.388,4.211,1085,216.438,56.397,210.006,0
85.511,358.661,0.00278815,0.02349843111213818,-3.75082162,39.64,4.905,1142,290.744,58.777,249.636,0
142.498,415.648,0.00240588,0.3882422216281939,-0.94612585,41.276,6.945,448,221.415,62.56,21.34,0
106.729,379.879,0.00263242,0.07366554848979093,-2.60822005,44.019,1.014,429,77.366,51.319,200.594,0
63.196,336.346,0.00297313,0.006047990420596993,-5.10802922,38.267,3.727,157,90.254,56.532,105.499,0
170.74,443.89,0.00225281,1.193587210131094,0.17696324,52.2,9.035,108,142.564,57.461,56.654,1
86.215,359.365,0.00278269,0.02445925242076959,-3.71074671,44.481,1.555,484,289.889,56.719,15.982,0
59.175,332.325,0.0030091,0.004644977009263032,-5.37196886,39.652,6.802,415,125.468,64.752,86.576,0
52.105,325.255,0.00307451,0.002874517353433797,-5.8518705,44.728,1.613,626,28.682,53.366,207.336,0
189.102,462.252,0.00216332,2.301451920177721,0.83354019,51.201,3.063,940,77.757,52.085,160.586,1
99.197,372.347,0.00268567,0.0498411535146652,-2.99891426,36.458,6.153,531,152.221,58.427,232.908,0
95.176,368.326,0.00271499,0.04019427424299301,-3.21403073,39.479,13.524,655,113.616,64.837,190.566,0
85.251,358.401,0.00279017,0.02315228445745366,-3.76566182,38.471,11.772,1042,58.013,53.376,239.363,0
77.495,350.645,0.00285189,0.01472105101867872,-4.21847677,37.957,6.033,494,123.157,69.096,27.047,0
87.231,360.381,0.00277484,0.02590841744096118,-3.65318737,41.155,14.353,1106,203.325,56.467,180.211,0
106.524,379.674,0.00263384,0.07290132667717485,-2.61864844,42.382,12.895,572,176.95,64.675,22.486,0
161.744,434.894,0.00229941,0.8479397232376711,-0.16494573,48.322,8.949,1086,240.036,72.314,13.687,1
40.853,314.003,0.00318468,0.001280882231188905,-6.6602062,40.733,8.037,1061,115.218,71.18,89.644,0
150.88,424.03,0.00235832,0.5503557881428337,-0.59719032,40.602,6.62,531,54.769,67.753,166.719,0
55.09,328.24,0.00304655,0.003529033320462993,-5.64673129,35.826,13.728,433,86.537,50.973,83.676,0
126.037,399.187,0.00250509,0.1874900349272668,-1.67402958,41.485,8.185,238,82.707,72.257,236.511,0
174.761,447.911,0.00223259,1.384511182919087,0.32534714,51.292,7.579,751,52.114,63.764,191.721,1
60.342,333.492,0.00299857,0.005018064014994494,-5.29471107,44.647,4.404,1090,18.759,63.982,55.219,0
79.127,352.277,0.00283868,0.0162195153182845,-4.12154011,44.86,2.77,897,33.562,65.608,99.07,0
52.698,325.848,0.00306892,0.002994978016543358,-5.81081839,41.971,6.544,311,58.555,61.901,209.228,0
129.511,402.661,0.00248348,0.2197082025966729,-1.51545496,44.613,6.274,1037,78.787,66.548,154.015,0
132.114,405.264,0.00246753,0.2469869456616918,-1.3984198,38.448,12.684,100,48.716,62.328,52.738,0
75.867,349.017,0.00286519,0.01335213406076766,-4.31607905,41.062,5.299,555,277.554,49.789,236.987,0
42.914,316.064,0.00316392,0.001491698499349261,-6.50783988,38.391,10.887,257,118.178,50.816,90.234,0
40.19,313.34,0.00319142,0.00121909464204222,-6.70964679,36.118,9.997,1051,254.034,50.094,134.655,0
58.664,331.814,0.00301374,0.004489700983277944,-5.40596918,39.423,6.022,207,71.132,62.809,153.24,0
188.361,461.511,0.0021668,2.243541472306007,0.80805563,55.208,3.048,454,267.444,57.711,152.035,1
52.357,325.507,0.00307213,0.002925157935355831,-5.8344068,38.575,14.446,1059,122.729,60.381,71.761,0
71.814,344.964,0.00289885,0.0104300191804297,-4.56306717,38.732,4.11,1006,72.198,59.26,69.302,0
179.677,452.827,0.00220835,1.653969593800266,0.50317821,45.667,7.507,1186,229.071,56.151,179.543,0
62.109,335.259,0.00298277,0.005635013126175103,-5.1787558,41.584,9.964,454,266.929,53.969,36.508,0
117.074,390.224,0.00256263,0.1229232397820776,-2.09619519,43.042,8.653,212,54.884,58.623,239.481,0
167.225,440.375,0.00227079,1.046061492630303,0.04503215,49.175,7.315,514,73.739,54.028,200.061,1
93.383,366.533,0.00272827,0.03646236585541672,-3.31147462,41.588,12.182,248,202.738,70.618,242.283,0
65.098,338.248,0.00295641,0.006837264404494565,-4.98536757,37.929,14.918,346,288.675,66.616,40.116,0
156.566,429.716,0.00232712,0.6919537573347018,-0.36823615,46.849,12.399,884,138.777,70.047,76.623,0
54.322,327.472,0.0030537,0.003348798994939905,-5.69915351,39.52,9.861,490,202.951,72.068,88.161,0
168.455,441.605,0.00226447,1.09574832036094,0.09143753,51.222,4.842,348,36.973,57.875,188.38,1
76.332,349.482,0.00286138,0.01373087299111063,-4.28810848,40.589,10.047,682,128.736,63.028,151.646,0
153.125,426.275,0.0023459,0.602864529483465,-0.50606277,40.484,1.987,848,87.279,60.528,104.64,0
89.458,362.608,0.0027578,0.02935918817250517,-3.52814973,43.662,6.564,1190,134.437,64.999,241.489,0
117.812,390.962,0.00255779,0.1273643482942864,-2.06070342,38.372,5.113,1193,219.836,49.064,86.058,0
48.168,321.318,0.00311218,0.002180365061046663,-6.12826296,41.425,12.271,353,37.425,50.457,28.765,0
142.896,416.046,0.00240358,0.3948538827982615,-0.9292395,40.228,5.402,1071,85.015,63.819,11.382,0
106.625,379.775,0.00263314,0.07327695285659798,-2.61350914,38.609,6.92,1071,295.142,72.505,200.436,0
48.099,321.249,0.00311285,0.002169697706658875,-6.13316743,36.428,1.404,190,199.721,70.905,247.81,0
151.967,425.117,0.00235229,0.5752518412133673,-0.55294735,48.418,4.08,599,168.453,52.971,78.888,1
135.006,408.156,0.00245004,0.2807919459413245,-1.27014129,46.521,14.599,333,267.01,66.971,235.308,0
60.645,333.795,0.00299585,0.00511928655522436,-5.27474019,42.784,14.752,590,268.983,53.867,16.624,0
100.098,373.248,0.00267918,0.05226920097786334,-2.95134797,42.408,8.981,1166,283.586,56.636,149.898,0
52.873,326.023,0.00306727,0.003031395955255334,-5.79873205,39.425,13.841,619,163.645,69.931,209.932,0
42.217,315.367,0.00317091,0.001417096714743659,-6.55914507,39.569,9.995,400,146.194,68.209,227.993,0
62.127,335.277,0.00298261,0.005641637703906009,-5.17758088,39.264,13.606,927,137.147,64.99,204.138,0
128.706,401.856,0.00248845,0.2118332138362876,-1.55195604,44.165,2.913,921,127.014,66.432,34.434,0
40.212,313.362,0.0031912,0.001221100382662952,-6.70800287,40.399,1.536,820,196.893,69.175,32.673,0
61.798,334.948,0.00298554,0.005521665519374782,-5.19907574,42.532,13.542,1080,295.384,57.28,238.083,0
129.251,402.401,0.00248508,0.217136700959787,-1.52722817,46.689,11.513,1162,227.09,58.055,34.6,0
96.833,369.983,0.00270283,0.04394494324666048,-3.12481772,43.794,2.845,562,94.965,61.829,10.124,0
150.888,424.038,0.00235828,0.5505354777118888,-0.59686388,40.071,5.999,655,233.449,55.365,73.507,0
55.018,328.168,0.00304722,0.003511768747266589,-5.65163545,42.298,4.806,623,220.727,56.558,243.278,0
47.579,320.729,0.0031179,0.00209082505920098,-6.17019653,37.162,10.029,996,14.62,62.777,110.34,0
183.452,456.602,0.00219009,1.891056360436168,0.63713559,55.306,10.662,1110,110.631,70.955,61.944,1
86.185,359.335,0.00278292,0.0244175962957034,-3.71245125,44.59,7.607,1008,97.979,49.231,213.749,0
52.036,325.186,0.00307516,0.002860791509069715,-5.85665694,42.808,13.166,139,192.942,54.594,228.413,0
135.633,408.783,0.00244629,0.2886416617137411,-1.24256929,43.719,5.665,986,73.535,62.007,229.29,0
158.295,431.445,0.00231779,0.7409573243886975,-0.29981225,48.931,14.8,270,176.481,65.61,232.544,0
128.06,401.21,0.00249246,0.2056964948254945,-1.58135352,41.259,4.168,1014,163.365,61.395,247.931,0
47.136,320.286,0.00312221,0.002025705349313352,-6.20183732,39.586,13.446,886,60.138,53.092,139.21,0
100.276,373.426,0.00267791,0.05276126304448093,-2.94197801,42.3,8.751,664,53.381,59.828,219.814,0
170.102,443.252,0.00225605,1.165525595471687,0.15317214,43.117,12.023,505,84.592,49.496,90.288,0
99.185,372.335,0.00268575,0.049809511106473,-2.99954933,40.191,6.974,810,76.08,69.411,131.942,0
80.507,353.657,0.0028276,0.01759272665344883,-4.04026972,42.67,3.585,1044,254.746,50.913,108.695,0
76.754,349.904,0.00285793,0.0140829732949393,-4.26278878,40.491,14.561,508,283.299,52.38,217.184,0
86.122,359.272,0.00278341,0.02433032666690237,-3.7160317,44.228,6.269,697,71.609,50.859,10.396,0
56.305,329.455,0.00303532,0.003832274102399297,-5.56429689,43.6,11.231,365,130.267,56.304,138.195,0
36.813,309.963,0.00322619,0.0009445939170662776,-6.96475544,42.469,5.407,322,232.3,52.128,101.351,0
86.251,359.401,0.00278241,0.02450932438085565,-3.70870165,39.746,6.093,111,136.919,55.51,74.57,0
181.461,454.611,0.00219968,1.762549635623142,0.56676142,49.938,4.409,984,159.923,52.571,212.928,1
51.218,324.368,0.00308292,0.00270256011880962,-5.91355576,44.26,3.098,614,157.591,54.309,45.017,0
75.178,348.328,0.00287086,0.01280831221207976,-4.35766093,37.963,1.17,822,196.716,61.952,217.752,0
90.466,363.616,0.00275015,0.03105306236878443,-3.47205785,42.621,11.756,1048,271.436,68.314,122.99,0
45.134,318.284,0.00314185,0.001753877167916111,-6.34592642,36.207,3.724,953,14.108,54.652,72.213,0
197.019,470.169,0.00212689,3.00659625890653,1.10080863,57.986,8.691,509,287.714,52.823,246.984,1
98.908,372.058,0.00268775,0.04908409780451811,-3.01422017,41.418,13.169,799,268.119,53.073,231.613,0
180.961,454.111,0.0022021,1.731505739814177,0.5489914,54.306,7.202,265,55.616,54.58,109.671,1
127.361,400.511,0.00249681,0.199235109985984,-1.61326969,44.44,4.464,375,84.328,68.943,165.199,0
171.272,444.422,0.00225011,1.217438851869035,0.19674935,44.015,3.869,642,250.27,64.121,244.154,0
87.294,360.444,0.00277436,0.02600077543674192,-3.64962892,39.733,4.59,274,112.249,70.03,82.09,0
127.992,401.142,0.00249288,0.2050598272155003,-1.5844535,37.658,12.692,197,50.134,57.375,95.928,0
104.938,378.088,0.00264489,0.06722495124298536,-2.6997108,38.565,9.248,1110,150.082,67.056,41.832,0
105.56,378.71,0.00264054,0.0694020611141138,-2.66783871,39.374,3.904,360,80.029,69.946,192.412,0
133.91,407.06,0.00245664,0.2675252475617402,-1.31854133,39.43,13.222,1110,95.092,49.01,181.532,0
172.314,445.464,0.00224485,1.265372347912534,0.23536643,45.792,14.55,805,62.735,50.866,217.804,0
65.864,339.014,0.00294973,0.007180714950705392,-4.93635633,43.766,7.064,664,134.907,55.569,176.989,0
196.987,470.137,0.00212704,3.003404457530264,1.09974646,51.164,12.904,776,140.074,52.125,226.697,1
192.183,465.333,0.002149,2.556481760499814,0.938632,51.542,2.313,288,204.78,65.273,48.369,1
54.774,327.924,0.00304949,0.003453831382690741,-5.66827112,36.016,7.219,199,189.519,53.772,212.218,0
135.585,408.735,0.00244657,0.2880339077577905,-1.24467707,42.635,3.41,765,166.246,66.272,31.351,0
131.146,404.296,0.00247344,0.2365095571478156,-1.44176666,38.681,2.959,261,50.037,57.055,60.078,0
85.851,359.001,0.00278551,0.02395812802267339,-3.73144764,41.279,6.216,703,240.953,71.746,31.982,0
50.635,323.785,0.00308847,0.002594701454735534,-5.95428382,39.967,4.449,139,50.307,49.584,185.146,0
139.681,412.831,0.0024223,0.3441848650051461,-1.06657637,42.547,12.024,905,177.452,69.137,38.751,0
128.18,401.33,0.00249172,0.2068243218006869,-1.57588553,45.867,8.012,454,224.613,59.632,190.453,0
102.445,375.595,0.00266244,0.05910056372502057,-2.82851482,37.116,13.003,126,234.325,69.964,209.103,0
49.597,322.747,0.0030984,0.002412330190549743,-6.02716211,44.672,10.995,845,72.054,69.513,60.469,0
167.583,440.733,0.00226895,1.060314413368997,0.05856548,46.319,13.396,1123,232.918,68.33,165.506,0
40.679,313.829,0.00318645,0.001264395245632744,-6.67316134,41.882,12.3,708,50.168,62.356,40.074,0
169.401,442.551,0.00225963,1.135363287253306,0.12695268,48.576,3.943,906,39.897,53.62,51.072,1
199.018,472.168,0.00211789,3.211940413431209,1.16687524,57.08,13.084,152,183.871,58.762,98.272,1
134.654,407.804,0.00245216,0.2764687539845425,-1.28565747,46.507,3.885,176,214.808,64.799,57.615,0
194.803,467.953,0.00213697,2.792425340071277,1.02691052,50.625,5.939,859,88.198,58.891,130.955,1
163.411,436.561,0.00229063,0.9043626966191367,-0.10052479,51.198,2.638,642,191.144,50.39,117.14,1
70.012,343.162,0.00291408,0.009327820277508355,-4.67475392,37.402,11.96,136,16.811,50.673,108.311,0
44.962,318.112,0.00314355,0.001732152712933769,-6.3583903,43.129,5.156,1052,276.154,50.017,231.844,0
102.213,375.363,0.00266409,0.05839129787491972,-2.84058841,39.549,5.984,349,173.904,60.505,80.205,0
125.314,398.464,0.00250964,0.1813404027412709,-1.70737934,44.394,14.355,441,155.918,72.679,146.903,0
103.739,376.889,0.0026533,0.06320031641897685,-2.76144597,37.439,7.117,747,114.956,70.485,48.994,0
108.42,381.57,0.00262075,0.08024860273998499,-2.52262593,39.976,10.191,311,179.127,53.219,87.514,0
57.272,330.422,0.00302643,0.004090361759850916,-5.49912186,44.308,7.954,1046,107.806,69.894,227.572,0
193.986,467.136,0.0021407,2.716892310815487,0.99948869,48.553,13.284,108,228.14,55.874,64.273,0
127.04,400.19,0.00249881,0.1963289256629206,-1.62796383,44.426,1.93,229,102.903,50.096,191.715,0
185.67,458.82,0.0021795,2.043806828064459,0.71481416,51.621,9.903,394,51.225,63.085,164.092,1
83.441,356.591,0.00280433,0.02086729515779533,-3.86957217,41.108,10.802,136,109.166,50.548,135.425,0
128.737,401.887,0.00248826,0.2121317569110702,-1.5505477,37.127,14.234,121,273.352,60.838,10.728,0
107.691,380.841,0.00262577,0.07734859672815905,-2.55943284,42.977,4.438,440,103.961,54.939,200.761,0
121.846,394.996,0.00253167,0.1542709589876819,-1.86904475,45.464,9.028,151,222.434,64.167,103.834,0
180.656,453.806,0.00220358,1.712805142470649,0.53813246,49.229,4.873,601,246.921,67.685,26.636,1
62.058,335.208,0.00298322,0.00561628185355216,-5.18208543,44.74,7.02,383,76.853,59.599,83.929,0
97.037,370.187,0.00270134,0.04442781426286596,-3.11388956,39.724,6.0,622,160.284,58.376,23.298,0
71.165,344.315,0.00290432,0.01002015159253121,-4.60315705,40.991,9.129,992,13.476,56.06,156.229,0
86.927,360.077,0.00277718,0.02546689788591098,-3.67037579,45.033,12.374,284,84.474,70.294,94.756,0
80.907,354.057,0.0028244,0.0180099388537879,-4.01683151,42.032,8.21,728,256.713,59.046,141.046,0
183.332,456.482,0.00219067,1.883085097647381,0.63291144,53.452,6.335,1135,187.982,56.79,172.542,1
138.324,411.474,0.00243029,0.3245913882303153,-1.12518815,43.571,13.557,368,297.227,60.386,68.361,0
109.812,382.962,0.00261123,0.08605801143766699,-2.45273366,38.754,6.533,819,31.888,56.131,231.538,0
198.121,471.271,0.00212192,3.118333942634139,1.13729887,54.955,7.15,468,105.855,58.043,222.076,1
81.903,355.053,0.00281648,0.01908791536969052,-3.95869985,36.343,11.486,548,214.841,65.688,86.658,0
132.592,405.742,0.00246462,0.252311378692993,-1.37709132,39.619,3.76,341,159.921,72.188,206.324,0
127.014,400.164,0.00249898,0.1960951956072831,-1.62915505,42.336,8.616,994,284.574,55.176,242.28,0
47.133,320.283,0.00312224,0.002025270740120166,-6.20205189,35.564,7.139,1177,263.042,71.509,214.469,0
144.928,418.078,0.0023919,0.4301906212658076,-0.84352686,48.461,13.784,502,70.557,68.686,125.684,0
56.905,330.055,0.0030298,0.003990605105480691,-5.5238124,36.372,9.74,599,220.493,68.822,188.915,0
75.291,348.441,0.00286993,0.01289610456538889,-4.35082998,43.017,8.837,385,231.966,56.41,48.205,0
176.365,449.515,0.00222462,1.467848385282545,0.38379765,46.532,7.144,923,75.055,50.765,44.516,0
137.141,410.291,0.00243729,0.3083250096992965,-1.17660083,38.256,9.448,934,103.645,63.418,185.071,0
114.428,387.578,0.00258013,0.1081152803377923,-2.22455721,36.632,6.604,670,217.876,65.344,19.481,0
175.586,448.736,0.00222848,1.426840719698816,0.35546271,47.151,13.596,270,117.045,61.209,202.068,0
164.172,437.322,0.00228664,0.9312017315106258,-0.07127934,45.892,11.716,586,180.89,66.082,233.692,0
195.487,468.637,0.00213385,2.857064753973008,1.04979479,52.708,10.848,229,55.741,67.683,26.143,1
49.708,322.858,0.00309734,0.00243125816090328,-6.01934639,35.794,6.223,835,53.32,54.263,227.404,0
145.49,418.64,0.00238869,0.4404458384402382,-0.8199678,45.65,1.974,550,129.21,69.031,125.231,1
128.519,401.669,0.00248961,0.2100402470502388,-1.56045611,44.685,9.979,439,201.876,63.255,229.017,0
89.642,362.792,0.0027564,0.02966203074171135,-3.51788748,41.344,11.196,471,73.654,59.565,245.06,0
97.159,370.309,0.00270045,0.04471886442362905,-3.10735984,41.353,10.825,146,118.719,67.837,193.113,0
143.107,416.257,0.00240236,0.398399389855369,-0.92030028,39.028,7.791,112,289.882,57.433,153.807,0
71.195,344.345,0.00290406,0.01003877112749768,-4.60130057,40.105,9.842,711,237.413,62.564,198.25,0
147.448,420.598,0.00237757,0.4778874105011881,-0.73838012,40.888,13.529,605,124.116,71.996,221.028,0
196.948,470.098,0.00212722,2.999518444112135,1.09845176,57.303,7.127,1155,42.7,52.245,87.593,1
48.035,321.185,0.00311347,0.002159845939779146,-6.13771838,40.056,5.712,908,17.655,51.188,246.328,0
92.157,365.307,0.00273742,0.03409329639981348,-3.3786545,40.453,6.012,391,295.354,72.226,29.155,0
101.228,374.378,0.0026711,0.05546429640822835,-2.89201577,44.663,14.528,591,184.493,49.529,220.393,0
136.475,409.625,0.00244126,0.2994896109645003,-1.20567555,45.481,7.223,470,283.868,66.68,116.959,0
106.725,379.875,0.00263244,0.07365056841186308,-2.60842342,39.87,5.525,1181,68.066,55.376,90.851,0
162.821,435.971,0.00229373,0.8840259037470704,-0.12326891,41.846,1.522,212,40.983,62.505,246.445,0
46.157,319.307,0.00313178,0.00188831057231888,-6.27207273,40.815,9.58,603,187.345,63.118,226.217,0
100.074,373.224,0.00267936,0.05220317187303115,-2.95261202,35.948,7.412,1122,281.289,72.73,151.303,0
117.936,391.086,0.00255698,0.128124456253343,-2.05475317,41.256,7.249,295,190.815,54.085,66.468,0
114.681,387.831,0.00257844,0.1094586951454989,-2.21220801,36.752,11.806,664,269.088,69.808,191.215,0
172.98,446.13,0.0022415,1.296870745435903,0.25995424,50.756,4.049,630,58.262,54.492,84.3,1
184.621,457.771,0.0021845,1.970268855295654,0.67817001,55.755,2.944,405,96.689,61.786,189.457,1
62.862,336.012,0.00297608,0.005918261632141518,-5.12971252,42.413,5.185,555,287.644,69.138,72.183,0
120.994,394.144,0.00253714,0.1481993169877912,-1.90919717,37.204,6.533,1099,285.448,56.566,164.648,0
116.83,389.98,0.00256423,0.1214856488590162,-2.10795914,36.387,2.783,876,278.519,49.658,131.226,0
66.926,340.076,0.00294052,0.007682799623890811,-4.86877126,43.431,14.872,173,229.241,52.252,187.68,0
185.736,458.886,0.00217919,2.048512871907068,0.7171141,54.29,6.512,1124,180.922,71.333,210.0,1
51.459,324.609,0.00308063,0.00274832848422956,-5.89676238,41.638,12.284,193,218.378,61.376,32.414,0
123.683,396.833,0.00251995,0.1681231384987218,-1.7830586,39.446,5.458,719,247.499,58.141,230.998,0
107.992,381.142,0.00262369,0.07853440972286227,-2.54421841,44.157,11.674,1111,50.121,55.772,141.453,0
195.635,468.785,0.00213317,2.871221553621074,1.05473757,55.325,5.077,408,61.627,62.06,168.535,1
84.22,357.37,0.00279822,0.02182451249933594,-3.82472151,40.684,9.74,1069,132.285,49.327,170.635,0
127.909,401.059,0.0024934,0.2042850971670347,-1.58823873,39.266,8.325,316,295.181,63.205,82.373,0
66.032,339.182,0.00294827,0.007258103403686634,-4.92563672,38.181,12.221,420,25.313,59.89,78.889,0
40.048,313.198,0.00319287,0.001206220820015696,-6.7202631,36.414,14.576,1149,140.224,62.335,174.162,0
188.461,461.611,0.00216633,2.25128152251243,0.81149962,51.158,7.556,993,47.993,53.117,144.718,1
65.454,338.604,0.0029533,0.006994984293194102,-4.96256192,39.028,11.436,1144,89.847,65.846,161.615,0
171.334,444.484,0.0022498,1.220245623811167,0.19905217,44.422,1.405,553,239.522,59.453,102.594,0
100.545,373.695,0.00267598,0.05351278250895435,-2.92783473,42.207,3.874,1158,136.182,50.11,237.152,0
128.165,401.315,0.00249181,0.2066830429047223,-1.57656885,46.737,4.859,1059,297.271,62.075,243.356,1
145.777,418.927,0.00238705,0.445766001867391,-0.80796112,48.171,9.855,201,165.995,50.638,29.377,0
61.874,335.024,0.00298486,0.005549171660883374,-5.19410661,37.754,13.527,335,67.358,72.087,183.879,0
98.168,371.318,0.00269311,0.04719249602636606,-3.05352038,40.667,12.167,246,13.933,55.327,24.057,0
154.699,427.849,0.00233727,0.6422727031677068,-0.44274229,42.722,6.614,768,119.939,49.133,128.871,0
92.873,366.023,0.00273207,0.03545943512461208,-3.33936591,38.323,11.061,805,260.783,68.641,242.108,0
135.381,408.531,0.00244779,0.2854636197872714,-1.25364068,45.836,6.065,1150,274.806,68.808,216.916,0
35.836,308.986,0.00323639,0.0008764762548642017,-7.03960094,39.533,3.934,1099,191.654,70.652,102.867,0
116.168,389.318,0.00256859,0.1176606820160464,-2.13995037,38.613,10.006,565,216.068,62.253,193.509,0
69.143,342.293,0.00292147,0.00883499945814318,-4.72903423,35.51,3.527,121,95.854,65.355,24.959,0
119.826,392.976,0.00254468,0.1402225102207946,-1.96452476,38.988,8.993,385,114.413,52.772,207.777,0
120.841,393.991,0.00253813,0.1471318672261606,-1.91642604,41.681,9.006,541,133.608,62.175,60.38,0
184.198,457.348,0.00218652,1.94127702713961,0.66334602,48.268,11.082,960,290.238,52.477,219.65,0
118.104,391.254,0.00255588,0.1291607443221198,-2.04669757,41.777,10.432,1147,263.177,67.817,163.711,0
144.233,417.383,0.00239588,0.4178014167026604,-0.87274904,45.933,14.026,1193,24.957,69.224,129.558,0
185.844,458.994,0.00217868,2.056234122351625,0.72087621,55.562,11.732,227,161.302,56.106,245.645,1
127.592,400.742,0.00249537,0.2013501246907165,-1.60270997,45.961,3.87,797,261.924,52.535,181.019,0
102.676,375.826,0.00266081,0.05981444605713694,-2.81650807,43.909,6.038,150,278.528,72.605,50.991,0
60.794,333.944,0.00299451,0.005169740303448453,-5.26493282,45.023,3.353,966,286.799,54.669,175.307,0
141.533,414.683,0.00241148,0.372617272646897,-0.98720346,47.211,9.013,1141,269.736,67.829,130.862,0
160.077,433.227,0.00230826,0.794642910760041,-0.22986243,46.811,8.461,936,151.069,70.339,71.037,0
113.295,386.445,0.00258769,0.1022782253284638,-2.28005848,44.213,8.049,570,235.04,52.537,39.855,0
140.799,413.949,0.00241576,0.3611087099268858,-1.01857623,47.255,10.53,552,49.625,51.217,71.881,0
53.569,326.719,0.00306073,0.003180263806414826,-5.75079113,39.884,8.122,1133,171.427,72.356,97.289,0
38.329,311.479,0.00321049,0.001059934636218087,-6.84954804,40.594,4.14,1101,57.49,51.021,12.061,0
73.252,346.402,0.00288682,0.01139279063101662,-4.47477452,36.84,11.571,905,180.048,69.477,137.801,0
183.785,456.935,0.0021885,1.913331562352193,0.648846,51.222,14.524,1124,119.431,53.405,130.92,1
112.948,386.098,0.00259002,0.1005478224042863,-2.29712182,37.576,6.713,307,51.365,54.904,57.067,0
196.48,469.63,0.00212934,2.953227077823316,1.0828985,57.423,7.427,605,160.007,56.224,200.638,1
40.621,313.771,0.00318704,0.001258942858203004,-6.67748291,38.315,1.437,583,269.082,72.461,198.761,0
54.457,327.607,0.00305244,0.003379860443501281,-5.68992086,43.341,10.232,531,294.584,54.271,196.903,0
39.259,312.409,0.00320093,0.001136926560795055,-6.77942666,42.442,9.098,451,160.477,70.101,100.754,0
119.413,392.563,0.00254736,0.137495078408338,-1.98416716,39.559,14.099,675,278.195,49.728,6.035,0
135.602,408.752,0.00244647,0.2882490237799656,-1.24393051,41.367,9.984,822,38.699,66.605,18.678,0
121.179,394.329,0.00253595,0.1494992527697187,-1.90046388,44.688,3.473,526,133.045,68.791,105.619,0
198.202,471.352,0.00212156,3.126687904161315,1.13997427,53.637,1.591,970,239.685,70.926,92.31,1
148.372,421.522,0.00237236,0.4965151363191799,-0.70014131,39.34,9.01,625,21.814,61.038,214.47,0
55.858,329.008,0.00303944,0.003718057904358921,-5.59455382,39.41,1.24,163,150.584,54.524,184.404,0
137.538,410.688,0.00243494,0.3137011944941945,-1.15931436,46.752,11.496,589,133.273,50.019,117.694,0
172.769,445.919,0.00224256,1.28681781126399,0.25217236,46.662,6.716,717,239.718,58.416,38.748,0
83.522,356.672,0.0028037,0.02096502937775331,-3.8648995,42.074,6.277,299,61.345,71.226,131.2,0
109.139,382.289,0.00261582,0.08320387061287342,-2.48646141,37.349,1.376,964,61.557,62.527,203.723,0
159.997,433.147,0.00230869,0.7921611955546601,-0.23299038,47.205,13.704,665,208.675,69.099,109.928,0
176.851,450.001,0.00222222,1.493952746482296,0.40142546,49.101,12.508,475,283.587,60.773,213.916,0
84.258,357.408,0.00279792,0.0218722038568419,-3.82253868,40.624,10.493,738,236.238,71.327,73.464,0
44.668,317.818,0.00314645,0.001695587339601902,-6.37972609,42.494,4.178,1087,264.589,53.582,96.919,0
109.124,382.274,0.00261592,0.08314123453997034,-2.4872145,42.72,14.416,572,17.473,51.062,75.946,0
82.253,355.403,0.00281371,0.01948034213243875,-3.93834942,39.495,14.753,879,35.2,61.498,162.947,0
184.036,457.186,0.00218729,1.930273071256502,0.65766148,48.073,13.528,843,219.503,51.412,176.621,0
57.651,330.801,0.00302297,0.004195756998290082,-5.4736815,41.134,7.947,339,45.449,66.777,196.403,0
157.988,431.138,0.00231944,0.7320390093301617,-0.31192148,41.635,1.561,1073,29.314,72.836,167.899,0
183.209,456.359,0.00219126,1.874945100735169,0.62857938,50.309,10.093,734,222.996,59.833,66.579,1
105.522,378.672,0.00264081,0.06926726303253941,-2.66978288,45.622,8.393,927,49.117,59.616,238.029,0
186.388,459.538,0.0021761,2.095514748115524,0.73979923,49.439,4.861,1102,118.388,63.035,212.599,1
163.826,436.976,0.00228846,0.9189132185079868,-0.08456359,46.13,14.614,129,275.829,53.971,138.194,0
165.299,438.449,0.00228077,0.9722377388113645,-0.02815492,50.334,10.126,657,10.673,68.346,145.851,1
187.783,460.933,0.00216951,2.199258155436275,0.7881201,49.855,6.693,266,116.758,54.959,107.363,1
91.27,364.42,0.00274409,0.03246669910286393,-3.42754036,36.206,5.044,412,176.018,64.452,196.835,0
192.557,465.707,0.00214727,2.589058678606685,0.95129437,54.978,6.694,213,171.661,61.383,177.63,1
172.963,446.113,0.00224158,1.296058246047851,0.25932754,48.252,2.893,997,187.459,54.924,222.053,1
185.478,458.628,0.00218042,2.030170259454362,0.70811966,52.557,14.066,1069,22.485,66.437,177.23,1
170.658,443.808,0.00225323,1.189947604351938,0.17390928,49.073,10.736,391,75.171,67.37,171.11,0
173.869,447.019,0.00223704,1.339988123429825,0.29266075,45.102,11.103,128,173.407,59.386,137.938,0
48.964,322.114,0.00310449,0.002306934268039301,-6.07183579,41.842,4.21,214,151.943,54.014,105.158,0
111.946,385.096,0.00259676,0.09569715972152218,-2.34656666,41.092,12.807,513,57.476,66.926,97.5,0
174.898,448.048,0.0022319,1.391463165188463,0.33035583,45.964,12.158,533,15.481,67.861,165.017,0
137.159,410.309,0.00243719,0.3085669835310488,-1.17581633,42.522,13.77,789,264.928,64.383,188.471,0
159.176,432.326,0.00231307,0.7670848914881769,-0.2651578,41.46,9.813,927,257.642,68.182,237.559,0
124.412,397.562,0.00251533,0.1739206933799606,-1.74915587,44.993,13.695,801,277.223,57.405,56.931,0
117.384,390.534,0.0025606,0.1247716041674649,-2.08127038,41.306,1.993,160,201.682,51.856,104.395,0
147.697,420.847,0.00237616,0.4828452954864877,-0.72805898,48.345,13.854,761,249.098,72.804,122.589,0
89.555,362.705,0.00275706,0.02951848981135477,-3.52273844,44.285,1.923,936,32.858,71.763,49.826,0
156.623,429.773,0.00232681,0.6935224682362849,-0.36597164,48.902,8.415,991,237.317,68.624,34.096,1
129.012,402.162,0.00248656,0.2147965706251386,-1.53806388,39.932,3.589,589,18.428,66.646,9.594,0
53.416,326.566,0.00306217,0.003146978973224092,-5.76131234,36.791,4.903,576,146.261,51.311,81.573,0
125.508,398.658,0.00250842,0.1829726041420993,-1.69841884,42.179,5.135,658,167.275,52.617,127.102,0
72.422,345.572,0.00289375,0.01082771159258581,-4.52564654,44.363,8.473,107,65.495,63.657,196.068,0
102.446,375.596,0.00266244,0.05910363757006981,-2.82846281,38.306,8.808,464,252.984,67.349,207.254,0
67.678,340.828,0.00293403,0.008057361513097001,-4.82116913,38.115,6.734,289,200.744,58.721,176.481,0
182.132,455.282,0.00219644,1.804976269767128,0.59054744,51.506,7.811,748,36.791,60.92,217.145,1
123.916,397.066,0.00251847,0.1699571024224001,-1.77220921,44.309,9.176,204,224.483,55.577,211.611,0
174.455,447.605,0.00223411,1.369093410624042,0.31414878,50.516,13.867,514,44.471,62.562,85.012,0
73.209,346.359,0.00288718,0.01136287207393596,-4.47740407,44.988,6.466,500,48.77,50.394,219.575,0
172.263,445.413,0.00224511,1.262988253883521,0.23348054,44.734,11.508,1077,208.078,73.144,101.645,0
131.99,405.14,0.00246828,0.245622143619755,-1.40396093,43.735,10.308,995,199.323,60.148,203.309,0
189.434,462.584,0.00216177,2.327819266481391,0.84493189,54.211,2.818,983,107.887,61.857,89.595,1
55.507,328.657,0.00304269,0.003630553015660718,-5.6183703,40.384,12.068,710,77.018,61.965,12.588,0
113.422,386.572,0.00258684,0.1029181719885461,-2.27382105,42.033,3.568,181,256.571,56.161,88.391,0
97.608,370.758,0.00269718,0.04580484705148982,-3.08336536,42.69,1.976,969,218.728,66.513,53.368,0
42.503,315.653,0.00316804,0.00144728542508721,-6.5380656,43.547,5.043,178,162.093,61.269,173.28,0
123.098,396.248,0.00252367,0.1635960966099619,-1.81035471,44.598,11.552,903,79.774,72.035,156.142,0
53.937,327.087,0.00305729,0.00326163880920692,-5.72552551,43.138,5.077,237,77.65,54.957,66.108,0
91.698,364.848,0.00274087,0.03324263581130189,-3.40392202,41.771,10.312,971,239.549,50.092,111.628,0
79.063,352.213,0.00283919,0.01615824834120773,-4.12532463,39.325,13.469,723,62.946,57.754,197.111,0
113.506,386.656,0.00258628,0.1033434096150958,-2.26969776,42.252,4.247,687,141.808,57.463,81.86,0
50.128,323.278,0.00309331,0.00250410981206207,-5.98982197,36.242,5.615,662,234.53,53.971,112.968,0
172.17,445.32,0.00224558,1.258650946536333,0.23004047,43.58,12.948,749,169.046,71.498,168.738,0
83.839,356.989,0.00280121,0.0213515060258893,-3.846633,42.347,5.809,307,269.308,70.087,132.62,0
56.922,330.072,0.00302964,0.003995176630787294,-5.52266749,41.821,12.695,784,185.331,65.01,181.756,0
43.08,316.23,0.00316226,0.001509987064324152,-6.49565419,44.924,4.387,214,68.574,68.155,137.129,0
86.133,359.283,0.00278332,0.02434554391698425,-3.71540645,42.513,5.397,269,290.639,57.474,192.806,0
151.401,424.551,0.00235543,0.5621669788050602,-0.57595636,44.637,14.037,322,244.84,51.852,38.324,0
130.124,403.274,0.0024797,0.2258786277186241,-1.48775747,46.951,13.811,938,242.193,56.607,214.222,0
94.306,367.456,0.00272141,0.03834260046849822,-3.26119372,45.183,12.148,1196,175.046,51.542,51.577,0
174.751,447.901,0.00223264,1.384004935164012,0.32498142,52.756,14.767,902,57.456,56.901,210.338,1
75.426,348.576,0.00286881,0.0130017029918464,-4.34267493,36.582,3.777,625,19.497,66.676,207.443,0
116.349,389.499,0.0025674,0.1186956383047153,-2.13119272,45.141,7.522,625,224.832,57.895,169.07,0
104.169,377.319,0.00265028,0.06461810599310128,-2.73926063,36.701,7.515,291,265.462,72.319,219.936,0
104.466,377.616,0.00264819,0.06561396230193059,-2.72396677,35.669,3.221,940,177.791,71.524,99.424,0
53.897,327.047,0.00305766,0.003252702738226478,-5.72826902,37.007,13.214,309,296.996,59.907,89.035,0
79.015,352.165,0.00283958,0.01611243548589047,-4.12816391,39.434,8.178,1007,61.959,66.487,10.194,0
199.199,472.349,0.00211708,3.231122680990612,1.17282966,58.805,7.892,964,70.146,52.614,134.143,1
63.994,337.144,0.00296609,0.006368463931087615,-5.05639698,42.648,10.594,1174,34.658,65.944,167.961,0
171.969,445.119,0.00224659,1.249321448186612,0.22260056,43.948,9.191,1007,207.04,51.601,40.634,0
151.331,424.481,0.00235582,0.5605671395022894,-0.57880626,40.274,1.764,135,173.645,63.582,98.653,0
87.344,360.494,0.00277397,0.02607428663296167,-3.64680564,42.462,11.863,263,233.274,50.107,216.504,0
153.22,426.37,0.00234538,0.6051809621380072,-0.50222775,49.052,14.826,314,287.076,71.905,239.722,0
89.802,362.952,0.00275519,0.02992765708272778,-3.50897224,40.345,1.781,780,168.543,64.2,225.485,0
197.485,470.635,0.00212479,3.053413107706829,1.11626002,53.533,11.705,1076,249.492,61.506,148.316,1
153.35,426.5,0.00234467,0.6083635632939968,-0.49698261,48.012,5.078,585,240.102,60.519,8.671,1
135.324,408.474,0.00244814,0.2847491038567302,-1.25614682,42.016,12.487,235,139.634,62.271,230.567,0
192.272,465.422,0.00214859,2.564201393262616,0.94164708,50.471,2.485,771,204.401,67.182,48.005,1
194.142,467.292,0.00213999,2.731175468832606,1.00473209,49.118,13.16,437,280.821,53.802,220.582,0
111.331,384.481,0.00260091,0.09282473126435112,-2.37704217,40.72,3.538,466,266.295,66.42,139.388,0
65.7,338.85,0.00295116,0.007105892199000211,-4.94683095,44.281,4.084,667,161.688,52.885,104.003,0
161.656,434.806,0.00229988,0.8450493941639171,-0.1683602,47.288,3.638,138,125.676,72.55,216.373,0
159.533,432.683,0.00231116,0.7779015827542481,-0.25115526,44.837,13.012,651,217.857,60.325,248.379,0
136.9,410.05,0.00243873,0.3051014437634845,-1.18711096,40.658,8.599,1112,261.886,58.764,6.95,0
176.587,449.737,0.00222352,1.479722517982224,0.39185458,53.269,4.681,669,165.825,67.386,166.973,1
153.431,426.581,0.00234422,0.6103540395090531,-0.4937161,48.521,6.61,360,201.264,52.315,135.836,1
101.688,374.838,0.00266782,0.05681440961228741,-2.8679653,37.967,6.605,522,21.306,61.482,30.948,0
74.365,347.515,0.00287757,0.01219244965973365,-4.4069384,43.45,10.827,401,76.407,73.089,49.551,0
62.591,335.741,0.00297849,0.005814865928573444,-5.14733755,43.233,8.673,513,183.364,63.072,83.038,0
84.135,357.285,0.00279889,0.02171817407344168,-3.82960585,44.824,11.28,722,216.317,67.52,47.993,0
67.214,340.364,0.00293803,0.007824340656266963,-4.85051581,43.149,10.111,430,231.902,64.628,79.9,0
46.097,319.247,0.00313237,0.001880173431974259,-6.27639126,43.247,12.275,275,233.609,62.543,118.601,0
134.562,407.712,0.00245271,0.2753486265095049,-1.28971725,40.364,11.037,559,93.608,70.999,83.63,0
94.93,368.08,0.0027168,0.03966270871010769,-3.22734386,42.747,2.051,711,193.047,57.591,115.412,0
193.557,466.707,0.00214267,2.677949203075285,0.98505128,57.495,1.347,933,51.161,57.212,219.265,1
68.688,341.838,0.00292536,0.008586492391544144,-4.75756496,39.711,4.795,555,248.002,62.517,84.84,0
151.653,424.803,0.00235403,0.5679598825260833,-0.56570449,48.697,10.011,616,284.918,51.313,229.462,0
109.409,382.559,0.00261398,0.08433857193354531,-2.47291596,41.082,1.643,870,129.131,70.654,64.888,0
172.014,445.164,0.00224636,1.251404846097497,0.2242668,50.371,14.353,231,184.715,68.18,171.603,0
72.344,345.494,0.00289441,0.01077593522213882,-4.53043985,40.696,8.056,577,146.663,67.237,54.515,0
109.728,382.878,0.0026118,0.08569704908186362,-2.45693689,41.382,2.108,308,275.528,59.053,38.449,0
147.021,420.171,0.00237998,0.4694901785448036,-0.7561079,48.751,7.889,464,11.634,60.803,123.303,1
36.547,309.697,0.00322896,0.0009255834650563411,-6.98508625,43.003,14.568,897,116.643,71.097,140.0,0
110.214,383.364,0.00260849,0.08780439624583519,-2.43264371,40.917,2.819,876,180.806,58.474,207.861,0
42.784,315.934,0.00316522,0.001477517713631443,-6.51739182,35.742,13.707,528,10.441,55.202,73.239,0
154.31,427.46,0.0023394,0.6323273880291888,-0.458348,46.598,13.677,847,21.442,66.311,97.456,0
100.702,373.852,0.00267486,0.05395583140968975,-2.9195895,36.714,13.776,235,193.272,55.819,39.635,0
63.859,337.009,0.00296728,0.006313187535497465,-5.06511457,45.026,6.922,686,276.822,48.876,143.854,0
140.582,413.732,0.00241702,0.3577672639510766,-1.0278726,46.731,5.196,994,195.001,50.643,75.465,1
176.554,449.704,0.00222368,1.477952128843004,0.39065743,49.859,12.827,460,279.982,69.256,91.582,0
97.498,370.648,0.00269798,0.04553662340462825,-3.08923837,39.157,11.496,327,166.135,58.393,33.976,0
164.12,437.27,0.00228692,0.9293457110508838,-0.07327448,45.986,3.54,571,116.219,59.214,64.764,1
120.134,393.284,0.00254269,0.142287866102836,-1.94990305,38.213,8.471,698,227.885,64.147,160.75,0
178.77,451.92,0.00221278,1.601049752142617,0.47065951,49.705,7.38,689,164.204,59.088,200.464,1
153.844,426.994,0.00234195,0.6205927640584417,-0.47708019,43.523,14.284,458,58.625,53.113,169.039,0
97.956,371.106,0.00269465,0.04666278889157374,-3.06480824,36.504,5.497,1156,119.991,63.92,63.879,0
156.296,429.446,0.00232858,0.6845655066950725,-0.37897094,47.535,3.389,488,221.228,64.029,214.022,1
185.164,458.314,0.00218191,2.008040311547071,0.69715928,54.92,12.448,981,69.273,54.252,41.47,1
193.694,466.844,0.00214204,2.690332286536186,0.98966471,49.529,4.958,984,207.613,53.268,160.779,1
45.69,318.84,0.00313637,0.001825816160108233,-6.30572818,43.052,3.967,441,116.908,55.721,95.265,0
68.961,342.111,0.00292303,0.00873482457215102,-4.74043742,39.353,5.327,598,71.541,55.661,222.421,0
63.181,336.331,0.00297326,0.006042109331453467,-5.1090021,42.627,11.914,1103,203.182,56.551,85.633,0
177.773,450.923,0.00221767,1.544597098451731,0.4347631,52.494,7.507,370,145.71,62.547,202.03,1
81.67,354.82,0.00281833,0.01883064507783361,-3.97226968,41.333,6.415,939,74.58,64.935,214.242,0
45.063,318.213,0.00314255,0.001744879535873401,-6.35106976,44.477,5.748,235,276.347,49.646,197.776,0
164.358,437.508,0.00228567,0.9378673268707667,-0.06414678,43.933,4.51,543,11.772,68.467,28.681,0
192.876,466.026,0.0021458,2.617130677646731,0.96207856,50.272,4.196,358,127.78,65.309,157.518,1
38.413,311.563,0.00320962,0.001066687427276926,-6.84319729,36.94,3.8,491,135.514,55.686,7.231,0
170.56,443.71,0.00225372,1.185610631030684,0.17025794,42.894,10.155,163,107.444,49.932,74.388,0
73.07,346.22,0.00288834,0.01126664469583264,-4.48590872,44.858,13.879,966,271.126,52.402,43.514,0
70.72,343.87,0.00290808,0.009747611990635664,-4.63073295,37.034,7.689,1006,80.752,51.863,42.123,0
114.605,387.755,0.00257895,0.1090535796776207,-2.21591596,41.302,7.997,576,159.218,56.214,100.513,0
147.497,420.647,0.00237729,0.4788594811063462,-0.73634808,46.664,1.361,142,235.924,65.607,213.306,1
77.737,350.887,0.00284992,0.01493503266167095,-4.20404564,41.699,12.967,912,110.694,70.292,198.922,0
131.79,404.94,0.0024695,0.2434349828430158,-1.41290538,40.422,14.179,572,244.3,58.017,123.869,0
129.05,402.2,0.00248633,0.2151671335842237,-1.53634019,37.354,6.593,608,290.862,54.39,231.122,0
116.494,389.644,0.00256645,0.1195306091524188,-2.1241828,38.706,10.255,420,253.991,63.298,139.214,0
76.485,349.635,0.00286013,0.01385759910908917,-4.27892152,44.315,6.509,140,245.824,68.766,145.675,0
124.326,397.476,0.00251588,0.1732276076453086,-1.7531489,40.379,8.511,1082,250.304,60.703,205.358,0
154.838,427.988,0.00233651,0.6458597902395802,-0.43717284,49.189,10.79,1169,216.025,61.133,33.169,1
64.575,337.725,0.00296099,0.006611408393283792,-5.01895858,36.838,14.62,162,91.548,70.237,120.838,0
107.378,380.528,0.00262793,0.07613255131899213,-2.57527936,40.839,4.96,486,156.13,67.216,154.777,0
176.599,449.749,0.00222346,1.480366757027961,0.39228987,48.659,10.262,841,155.855,56.6,15.871,1
78.525,351.675,0.00284353,0.01565143526208341,-4.15719266,36.661,10.233,1003,265.352,58.411,169.37,0
108.513,381.663,0.00262011,0.0806254833413565,-2.51794051,39.524,6.725,416,248.947,68.761,237.53,0
160.886,434.036,0.00230396,0.8201271516475381,-0.19829589,41.874,7.565,315,274.572,72.289,232.497,0
92.453,365.603,0.00273521,0.03465221500031469,-3.36239363,41.653,14.92,214,242.07,62.876,148.068,0
111.182,384.332,0.00260192,0.09214053160781797,-2.38444035,43.425,10.437,423,156.255,59.838,90.162,0
152.706,425.856,0.00234821,0.5927410741424913,-0.52299761,47.422,13.729,840,95.687,55.863,122.418,0
117.778,390.928,0.00255802,0.1271566366184818,-2.06233559,43.047,4.25,934,138.331,60.679,28.967,0
194.864,468.014,0.00213669,2.798137679033933,1.02895408,48.556,12.115,558,19.035,51.623,219.027,0
195.865,469.015,0.00213213,2.893343412723945,1.06241272,54.425,6.708,926,174.835,59.015,69.965,1
138.637,411.787,0.00242844,0.329020662042769,-1.11163473,44.875,9.305,341,280.207,55.45,210.602,0
119.089,392.239,0.00254947,0.1353886644224536,-1.99960564,38.965,3.251,945,197.45,52.774,146.873,0
146.653,419.803,0.00238207,0.4623583178004784,-0.77141511,40.481,11.886,263,27.175,59.716,225.417,0
71.648,344.798,0.00290025,0.01032376332778379,-4.57330692,35.339,8.72,622,287.936,72.718,71.087,0
174.725,447.875,0.00223277,1.382689451467165,0.32403048,52.605,3.554,1181,216.523,70.386,95.062,1
84.906,358.056,0.00279286,0.02270007838974727,-3.7853869,40.735,12.579,884,172.318,56.537,210.034,0
48.686,321.836,0.00310717,0.002261988357217386,-6.09151105,36.945,8.033,179,293.289,64.378,128.198,0
128.075,401.225,0.00249237,0.2058371729913442,-1.58066985,45.741,7.318,894,19.434,61.382,22.889,0
86.451,359.601,0.00278086,0.02478918952020449,-3.69734763,44.953,1.226,537,215.985,58.41,200.155,0
184.079,457.229,0.00218709,1.933188538071836,0.65917073,54.111,11.929,871,97.709,72.764,70.552,1
78.887,352.037,0.00284061,0.01599084136605276,-4.13573914,39.933,14.721,750,64.808,55.056,223.169,0
127.85,401.0,0.00249377,0.2037359717846666,-1.59093038,42.863,12.869,506,138.45,68.495,65.659,0
143.621,416.771,0.0023994,0.4071546993180317,-0.89856207,45.974,8.917,356,275.444,58.505,194.094,0
37.502,310.652,0.00321904,0.0009955094347088,-6.91225596,37.769,11.043,810,159.872,53.632,161.23,0
149.152,422.302,0.00236797,0.5127370973071141,-0.66799205,40.303,9.881,959,130.336,64.189,86.227,0
118.549,391.699,0.00255298,0.1319419525689062,-2.02539321,45.466,2.138,1188,118.346,61.52,64.924,1
172.346,445.496,0.00224469,1.266870267979329,0.2365495,50.643,2.793,1059,100.981,50.048,72.048,1
141.26,414.41,0.00241307,0.3682993937739086,-0.9988591,47.401,6.737,849,106.358,61.683,112.541,1
35.918,309.068,0.00323553,0.0008820154890281127,-7.03330094,43.59,12.008,231,263.82,62.458,147.009,0
194.041,467.191,0.00214045,2.721920582066987,1.00133773,51.233,2.636,1051,46.077,49.769,55.321,1
115.685,388.835,0.00257178,0.1149382626621615,-2.16336014,38.942,3.577,490,110.505,71.899,171.961,0
50.258,323.408,0.00309207,0.002527059255715173,-5.980699,43.138,14.399,647,159.532,68.936,49.09,0
72.969,346.119,0.00288918,0.01119718768858099,-4.49209263,35.361,14.601,350,125.045,55.63,122.62,0
50.25,323.4,0.00309215,0.002525641463473603,-5.9812602,40.687,7.617,744,197.431,64.295,225.033,0
99.23,372.38,0.00268543,0.04992826328637747,-2.99716804,44.699,1.197,721,86.816,67.564,225.311,0
147.061,420.211,0.00237976,0.4702712195246716,-0.75444569,44.082,6.264,1007,293.261,71.901,161.119,0
69.638,342.788,0.00291725,0.009112744674315923,-4.69808133,41.317,8.609,1096,68.308,55.858,41.484,0
74.914,348.064,0.00287303,0.01260530869467965,-4.37363723,38.647,14.066,900,202.184,69.452,234.907,0
85.757,358.907,0.00278624,0.02383023078501309,-3.7368003,38.665,7.416,461,173.303,50.792,233.002,0
57.752,330.902,0.00302204,0.004224257741175258,-5.46691172,39.791,14.585,544,48.014,52.095,93.496,0
183.542,456.692,0.00218966,1.897054179991496,0.64030225,54.329,7.191,694,45.5,52.246,89.872,1
151.495,424.645,0.00235491,0.5643216851266794,-0.57213083,40.316,2.761,143,143.256,63.975,148.476,0
192.826,465.976,0.00214603,2.612713196056573,0.96038922,49.664,1.665,1100,239.096,52.733,208.556,1
186.054,459.204,0.00217768,2.071320582398235,0.72818637,49.911,1.684,230,299.23,56.714,219.763,1
138.51,411.66,0.00242919,0.3272170533012309,-1.11713156,46.576,3.931,306,225.83,58.968,215.22,0
115.571,388.721,0.00257254,0.1143039770620432,-2.16889391,36.349,5.776,1131,90.19,60.14,19.863,0
61.294,334.444,0.00299004,0.005342369243127195,-5.23208605,43.381,14.093,478,100.193,62.394,57.796,0
176.935,450.085,0.0022218,1.498505654472071,0.40446838,46.141,5.012,820,141.616,57.297,93.238,0
179.808,452.958,0.00220771,1.661738257641198,0.5078642,46.682,2.772,371,200.522,65.887,42.56,1
129.788,402.938,0.00248177,0.2224776361223934,-1.50292869,40.53,5.478,781,168.328,50.492,104.21,0
167.698,440.848,0.00226836,1.064928983045822,0.06290811,49.546,6.881,720,114.269,50.222,235.821,1
193.844,466.994,0.00214136,2.703947691323645,0.99471281,51.388,13.458,224,136.439,54.057,243.596,0
109.72,382.87,0.00261185,0.08566274253748471,-2.45733729,44.893,4.643,278,195.664,66.748,206.025,0
101.816,374.966,0.00266691,0.05719530395800414,-2.86128348,44.532,1.651,512,16.328,64.256,213.961,0
159.102,432.252,0.00231347,0.7648594516684495,-0.26806319,44.851,3.984,390,34.795,57.621,241.643,0
44.675,317.825,0.00314639,0.001696449686266604,-6.37921763,43.007,12.613,729,189.089,50.392,158.14,0
89.97,363.12,0.00275391,0.03020886977208652,-3.4996197,41.084,12.99,1050,293.644,61.276,232.943,0
167.759,440.909,0.00226804,1.067383875943875,0.06521068,48.385,11.053,856,20.685,49.23,140.684,0
169.34,442.49,0.00225994,1.132771367732166,0.12466717,49.319,3.872,537,149.284,53.102,72.695,1
172.472,445.622,0.00224405,1.272783482806789,0.24120622,52.069,2.031,739,208.385,58.536,82.385,1
42.601,315.751,0.00316705,0.001457764258099255,-6.53085135,44.082,2.436,953,14.44,71.49,122.947,0
110.767,383.917,0.00260473,0.09025861052860615,-2.40507628,45.855,14.929,827,169.451,52.444,27.19,0
72.15,345.3,0.00289603,0.010648129241884,-4.54237106,42.373,12.49,879,131.381,62.566,46.746,0
112.465,385.615,0.00259326,0.09818282954933517,-2.32092393,41.314,12.478,179,65.359,52.684,237.109,0
112.823,385.973,0.00259085,0.09993092587615622,-2.30327607,36.77,7.929,1087,64.429,55.896,227.874,0
150.395,423.545,0.00236102,0.539558528025434,-0.61700401,48.24,1.284,774,17.898,51.292,176.772,1
43.167,316.317,0.00316139,0.001519653650466801,-6.48927283,42.478,2.184,696,150.556,64.315,31.498,0
75.364,348.514,0.00286933,0.01295310915618783,-4.34641943,38.265,10.696,938,211.156,66.366,137.397,0
65.942,339.092,0.00294905,0.007216551682427198,-4.93137805,44.074,6.987,369,264.791,65.26,84.086,0
129.862,403.012,0.00248132,0.2232227247174374,-1.49958524,45.652,9.888,381,82.792,57.922,119.607,0
168.608,441.758,0.00226368,1.102071765932042,0.09719183,51.667,10.522,1069,296.955,63.518,35.767,1
69.51,342.66,0.00291834,0.009040175038868132,-4.70607674,41.759,2.702,1001,23.746,69.738,36.009,0
76.734,349.884,0.00285809,0.01406610345632542,-4.26398739,43.545,2.672,982,19.552,71.332,153.153,0
76.982,350.132,0.00285607,0.01427658727111254,-4.24913434,41.623,4.151,1045,27.574,54.425,103.656,0
120.24,393.39,0.00254201,0.1430049268947278,-1.9448762,45.513,12.951,924,52.687,61.939,40.132,0
180.965,454.115,0.00220209,1.731752177303745,0.54913372,45.415,3.636,236,222.489,60.59,170.998,0
168.244,441.394,0.00226555,1.087080115097347,0.08349531,48.536,10.408,608,28.116,50.23,249.635,0
113.983,387.133,0.00258309,0.1057880947383837,-2.24631729,45.478,11.187,1144,82.306,64.486,236.373,0
35.26,308.41,0.00324244,0.0008384555012815063,-7.08394905,38.881,6.229,519,107.392,70.553,175.411,0
56.271,329.421,0.00303563,0.003823475597367162,-5.56659543,37.498,5.33,848,54.24,63.133,145.087,0
71.643,344.793,0.00290029,0.01032057812068213,-4.5736155,42.321,2.467,478,147.099,49.991,161.739,0
74.292,347.442,0.00287818,0.0121384843248831,-4.41137435,41.475,8.41,467,89.016,51.144,209.227,0
131.481,404.631,0.00247139,0.2400898733066838,-1.42674195,40.69,1.78,453,274.969,69.214,245.937,0
199.48,472.63,0.00211582,3.261100650838735,1.18206476,56.795,11.56,251,200.702,68.711,117.601,1
183.299,456.449,0.00219083,1.880898164653975,0.63174941,55.323,9.204,1111,146.625,54.463,30.3,1
137.343,410.493,0.0024361,0.311050185026269,-1.16780101,43.385,9.949,984,255.792,66.715,149.17,0
66.313,339.463,0.00294583,0.007389238248122981,-4.90773063,42.444,3.645,1009,145.767,52.954,33.162,0
163.214,436.364,0.00229166,0.8975269132180361,-0.10811217,50.554,5.233,219,299.416,73.0,99.072,1
127.484,400.634,0.00249604,0.2003588100507661,-1.60764547,43.299,11.667,380,169.808,67.331,77.178,0
163.187,436.337,0.00229181,0.896593585428671,-0.1091526,42.644,8.642,109,238.06,67.026,169.863,0
40.224,313.374,0.00319108,0.001222195694654493,-6.70710629,37.608,13.704,738,105.393,49.023,100.693,0
41.42,314.57,0.00317894,0.00133598057487981,-6.61808974,44.21,8.547,945,230.143,68.825,179.825,0
61.69,334.84,0.0029865,0.005482790945411637,-5.20614101,36.351,12.857,916,155.292,49.557,244.32,0
95.927,369.077,0.00270946,0.04185694392113608,-3.17349757,43.313,4.224,1134,73.839,52.349,113.92,0
60.342,333.492,0.00299857,0.005018064014994494,-5.29471107,42.249,5.722,333,82.721,68.196,41.231,0
96.702,369.852,0.00270378,0.04363735768962013,-3.13184167,36.44,6.547,525,222.019,48.853,248.734,0
75.859,349.009,0.00286526,0.01334570166664127,-4.31656092,40.229,5.073,844,275.746,67.152,209.334,0
138.518,411.668,0.00242914,0.3273304068613444,-1.1167852,38.194,2.944,880,273.303,64.942,157.742,0
84.161,357.311,0.00279868,0.02175065136632728,-3.82811157,44.339,2.247,895,102.23,72.267,38.523,0
74.494,347.644,0.00287651,0.0122883443397406,-4.39910408,40.584,8.46,621,263.969,65.278,207.587,0
74.554,347.704,0.00287601,0.01233317871047165,-4.39546219,41.062,7.0,169,87.788,51.074,158.252,0
120.231,393.381,0.00254206,0.1429439192899341,-1.9453029,45.142,9.422,657,92.882,53.63,210.96,0
193.744,466.894,0.00214181,2.694864091299786,0.99134777,56.502,6.849,179,257.792,70.163,92.861,1
49.853,323.003,0.00309595,0.002456187911009135,-6.00914476,36.034,14.687,994,121.215,56.633,67.802,0
192.093,465.243,0.00214941,2.548696033643179,0.93558187,55.205,7.43,590,171.355,53.367,102.592,1
40.1,313.25,0.00319234,0.001210920676863425,-6.71637432,41.685,1.548,682,232.583,67.954,114.432,0
174.276,447.426,0.00223501,1.36014457451769,0.307591,43.61,3.238,293,68.214,61.537,168.514,0
112.026,385.176,0.00259622,0.09607659716832101,-2.34260952,38.744,4.208,601,137.499,61.785,192.251,0
193.807,466.957,0.00214152,2.700583649891887,0.99346792,54.393,8.025,314,194.947,68.219,58.989,1
59.834,332.984,0.00300315,0.004852432499252666,-5.32827515,39.657,14.134,200,276.322,73.135,152.639,0
162.258,435.408,0.0022967,0.8649966186506207,-0.14502968,41.385,10.491,1155,272.728,67.26,13.635,0
117.521,390.671,0.0025597,0.1255963450508918,-2.07468213,38.742,11.236,131,40.008,65.603,147.638,0
36.007,309.157,0.0032346,0.0008880638505578293,-7.02646691,38.372,8.862,674,87.355,57.565,24.644,0
177.91,451.06,0.002217,1.552249407113829,0.43970511,49.828,3.23,182,12.457,55.498,175.392,1
68.893,342.043,0.00292361,0.008697661666762085,-4.74470106,42.31,8.843,1011,125.332,59.612,204.755,0
100.282,373.432,0.00267786,0.05277792165281776,-2.94166233,45.188,14.934,933,296.311,60.912,225.512,0
129.053,402.203,0.00248631,0.2151964127823819,-1.53620412,37.363,1.57,1062,251.542,56.031,153.046,0
122.788,395.938,0.00252565,0.161241503161096,-1.82485202,43.406,6.035,478,140.042,69.58,42.225,0
106.088,379.238,0.00263687,0.07129954389038934,-2.64086535,36.265,10.098,983,244.981,58.967,137.877,0
162.294,435.444,0.00229651,0.8662025166124009,-0.14363654,48.543,3.579,539,160.161,58.536,150.443,1
162.156,435.306,0.00229723,0.8615879387375289,-0.14897815,46.24,8.855,827,138.88,49.931,145.337,0
162.923,436.073,0.00229319,0.8875126732979226,-0.11933248,47.199,12.327,449,53.092,48.939,160.358,0
87.341,360.491,0.00277399,0.02606987068182906,-3.64697501,45.036,6.365,952,187.05,70.193,244.27,0
160.878,434.028,0.002304,0.8198716581594641,-0.19860747,45.856,1.105,1001,167.06,72.085,56.809,1
139.613,412.763,0.0024227,0.3431786013073967,-1.06950426,45.711,5.557,849,103.105,55.019,111.006,0
79.421,352.571,0.00283631,0.0165036674343925,-4.10417265,40.522,12.443,165,116.773,58.983,89.327,0
73.343,346.493,0.00288606,0.01145634200643805,-4.46921182,43.322,5.128,1043,287.301,59.653,7.053,0
116.066,389.216,0.00256927,0.1170810075567809,-2.14488921,41.127,11.149,1071,105.295,63.575,174.338,0
120.189,393.339,0.00254234,0.1426595242510058,-1.94729444,45.152,11.007,418,176.019,65.247,33.856,0
153.867,427.017,0.00234183,0.6211673942071356,-0.47615468,47.417,9.932,733,161.887,60.23,114.025,0
72.343,345.493,0.00289441,0.01077527288108096,-4.53050132,35.471,2.021,744,33.504,63.876,106.877,0
47.352,320.502,0.00312011,0.002057221841939732,-6.18639883,36.025,8.105,1035,285.286,61.844,70.393,0
58.733,331.883,0.00301311,0.004510388351858139,-5.40137202,42.184,10.864,811,210.085,62.973,124.55,0
192.345,465.495,0.00214825,2.570548412530411,0.94411927,48.46,8.425,411,210.748,68.238,195.999,0
87.12,360.27,0.0027757,0.02574641098864397,-3.65946004,40.522,10.279,1074,108.3,50.064,29.875,0
77.606,350.756,0.00285098,0.0148188529725871,-4.21185506,36.485,4.313,447,254.46,69.426,216.773,0
95.837,368.987,0.00271012,0.04165447922079894,-3.17834637,43.637,5.303,1192,291.829,49.612,238.035,0
167.384,440.534,0.00226997,1.052370753687831,0.05104548,51.532,4.372,438,284.281,55.376,191.938,1
88.368,361.518,0.00276611,0.02762161575650714,-3.58915663,35.959,6.066,783,184.368,68.62,54.136,0
152.105,425.255,0.00235153,0.5784826834981234,-0.54734667,41.636,1.828,642,210.256,64.687,221.927,0
106.275,379.425,0.00263557,0.07198264114641265,-2.63133028,39.2,1.566,926,288.726,58.039,174.21,0
160.989,434.139,0.00230341,0.8234229060715561,-0.19428535,42.31,12.356,1193,296.521,52.673,244.432,0
161.985,435.135,0.00229814,0.8558999418174086,-0.1556018,42.62,9.712,1172,263.117,68.467,51.478,0
95.996,369.146,0.00270896,0.04201276578733112,-3.16978176,39.149,11.526,1011,16.852,49.973,237.002,0
76.181,349.331,0.00286261,0.01360683237771821,-4.29718323,40.918,7.664,381,171.394,52.491,223.189,0
174.655,447.805,0.00223311,1.379153219079395,0.3214697,46.121,1.625,1136,136.068,56.426,188.162,1
43.128,316.278,0.00316178,0.001515313382024743,-6.49213301,38.343,5.167,803,66.372,59.341,150.146,0
116.859,390.009,0.00256404,0.1216557196137149,-2.10656019,45.465,4.748,1135,156.541,51.456,81.187,0
123.879,397.029,0.00251871,0.1696646858046303,-1.77393123,40.81,12.724,185,157.662,66.54,215.494,0
83.618,356.768,0.00280294,0.02108139752720851,-3.85936426,43.564,9.797,801,95.401,70.751,156.216,0
181.907,455.057,0.00219753,1.790651144030229,0.58257932,47.78,12.545,123,11.531,51.199,146.388,0
192.416,465.566,0.00214792,2.576734694874257,0.94652298,55.971,14.842,989,240.777,61.959,27.992,1
88.555,361.705,0.00276468,0.02791296001378117,-3.57866418,37.635,9.393,461,121.607,56.107,165.04,0
188.456,461.606,0.00216635,2.250893966349769,0.81132746,56.249,13.118,716,296.113,62.359,22.126,1
46.237,319.387,0.003131,0.001899210106694631,-6.26631721,39.599,1.24,493,261.74,71.425,123.649,0
187.222,460.372,0.00217216,2.157010075807017,0.76872304,47.309,5.35,136,165.235,57.356,222.279,0
100.655,373.805,0.00267519,0.05382285471700061,-2.92205709,35.861,9.439,554,130.858,67.611,109.754,0
184.791,457.941,0.00218369,1.982026736627493,0.68411993,54.97,10.776,721,83.447,70.277,81.79,1
64.604,337.754,0.00296073,0.006623752316138943,-5.01709325,36.624,10.78,891,72.59,57.273,105.688,0
91.73,364.88,0.00274063,0.03330131528901407,-3.40215838,44.494,10.913,522,19.69,66.965,238.607,0
156.997,430.147,0.00232479,0.7038935278714216,-0.35112817,47.677,14.362,1068,46.742,66.441,154.543,0
68.428,341.578,0.00292759,0.008447351131908643,-4.77390236,40.784,10.274,423,270.238,50.542,58.038,0
120.388,393.538,0.00254105,0.1440115027800262,-1.9378621,39.328,14.128,1071,208.113,59.692,110.846,0
165.33,438.48,0.00228061,0.9733886505975134,-0.02697184,47.005,1.358,1034,50.742,65.575,164.347,1
80.576,353.726,0.00282705,0.01766406645266904,-4.03622285,35.731,10.851,474,172.674,64.825,85.517,0
81.903,355.053,0.00281648,0.01908791536969052,-3.95869985,37.788,12.045,1057,127.085,72.628,224.013,0
66.79,339.94,0.0029417,0.007616771791135142,-4.87740265,43.805,8.268,619,117.55,49.932,42.492,0
105.8,378.95,0.00263887,0.07025886582972579,-2.65556877,36.941,13.992,189,86.002,69.083,73.178,0
101.48,374.63,0.0026693,0.05620031154114261,-2.87883298,40.486,10.135,1100,238.051,54.85,210.196,0
64.19,337.34,0.00296437,0.006449499532206416,-5.04375274,36.281,6.94,617,233.283,62.311,130.803,0
145.895,419.045,0.00238638,0.447969847188678,-0.80302935,45.809,7.514,1044,54.479,56.285,142.607,0
80.314,353.464,0.00282914,0.01739456239310602,-4.05159763,37.897,10.647,703,232.577,61.23,65.742,0
40.811,313.961,0.00318511,0.001276884715051215,-6.66333198,37.391,13.24,948,257.855,60.394,107.904,0
143.199,416.349,0.00240183,0.3999541136924556,-0.91640545,39.12,8.656,102,170.361,54.188,59.5,0
119.141,392.291,0.00254913,0.1357247770838198,-1.99712614,44.842,3.19,651,155.672,64.278,218.431,0
65.909,339.059,0.00294934,0.007201370225671549,-4.93348396,38.124,13.133,372,118.975,49.611,228.948,0
137.979,411.129,0.00243233,0.3197706863791987,-1.14015115,42.039,9.241,266,75.723,70.909,43.825,0
193.281,466.431,0.00214394,2.653153234606772,0.97574883,49.684,12.81,232,103.002,56.939,16.904,0
73.06,346.21,0.00288842,0.01125975040273442,-4.48652082,35.923,6.162,884,273.788,65.878,39.88,0
182.151,455.301,0.00219635,1.806190530268679,0.59121995,54.903,8.015,164,15.828,49.763,127.344,1
170.442,443.592,0.00225432,1.180407003752498,0.1658593,45.977,9.712,453,37.126,51.156,88.705,0
75.868,349.018,0.00286518,0.01335293830725274,-4.31601882,41.294,12.181,717,299.997,72.079,199.779,0
167.902,441.052,0.00226731,1.073158315449371,0.070606,48.749,13.377,302,121.634,69.787,69.073,0
164.73,437.88,0.00228373,0.9513247035891877,-0.04989984,50.307,4.069,1162,154.182,54.729,23.958,1
119.997,393.147,0.00254358,0.1413658551125853,-1.95640403,38.725,3.004,857,244.194,51.262,172.481,0
137.248,410.398,0.00243666,0.3097658900981791,-1.17193846,46.099,12.847,215,222.032,73.137,184.147,0
148.393,421.543,0.00237224,0.4969458590377783,-0.69927419,43.16,2.793,164,211.297,65.827,45.508,0
178.326,451.476,0.00221496,1.575689770243946,0.45469313,53.236,2.542,479,265.045,65.161,118.369,1
111.583,384.733,0.00259921,0.09399225777831319,-2.36454286,38.27,10.13,812,103.24,50.18,23.634,0
111.236,384.386,0.00260155,0.09238797318431831,-2.38175847,43.201,11.088,324,14.99,58.093,147.169,0
101.646,374.796,0.00266812,0.05668992581535401,-2.87015876,41.439,9.5,603,203.757,69.662,101.143,0
42.483,315.633,0.00316824,0.001445155364830189,-6.53953844,39.638,13.291,533,298.266,56.238,43.426,0
114.257,387.407,0.00258126,0.1072156517616779,-2.23291304,39.647,2.127,303,25.685,70.527,33.119,0
108.995,382.145,0.00261681,0.08260430546891336,-2.49369348,41.555,1.233,290,217.468,62.499,154.054,0
149.164,422.314,0.00236791,0.5129902860480904,-0.66749837,43.61,6.552,912,158.695,63.924,224.729,0
74.251,347.401,0.00287852,0.01210826994525058,-4.41386659,37.07,8.524,387,150.505,50.763,115.963,0
84.562,357.712,0.00279555,0.0222571340884036,-3.80509269,36.133,11.005,461,94.922,54.686,218.259,0
68.175,341.325,0.00292976,0.008313922146701177,-4.7898238,35.577,11.933,330,45.525,62.958,152.056,0
57.417,330.567,0.00302511,0.00413039657406188,-5.48938185,44.031,7.603,409,213.116,65.546,222.432,0
135.061,408.211,0.00244971,0.2814728443138338,-1.2677193,45.746,1.024,848,36.64,58.305,6.324,1
112.882,386.032,0.00259046,0.100221677759709,-2.30037077,35.986,8.977,113,266.289,60.318,161.304,0
117.607,390.757,0.00255914,0.1261165508357101,-2.07054879,37.467,4.198,826,100.84,51.116,136.42,0
163.313,436.463,0.00229114,0.9009564428754301,-0.10429837,44.514,3.203,900,264.011,59.852,117.847,0
55.774,328.924,0.00304022,0.003696943581763179,-5.60024886,41.827,6.173,413,201.674,51.581,124.29,0
113.797,386.947,0.00258433,0.1048287357349273,-2.25542735,36.269,10.904,601,31.156,68.711,178.102,0
66.525,339.675,0.00294399,0.007489591590664777,-4.89424101,36.304,4.545,1065,274.529,49.547,40.36,0
166.58,439.73,0.00227412,1.020807381158577,0.02059386,43.067,11.467,563,72.72,52.98,65.795,0
38.65,311.8,0.00320718,0.001085952738147959,-6.82529758,37.707,13.942,804,10.411,55.612,202.436,0
178.536,451.686,0.00221393,1.58764010945687,0.46224871,52.222,12.161,187,108.962,67.72,75.172,1
59.391,332.541,0.00300715,0.004712068377972264,-5.35762832,37.484,11.905,746,243.355,63.792,90.663,0
96.514,369.664,0.00270516,0.04319931942365576,-3.14193054,41.106,1.564,655,11.493,66.246,29.729,0
62.875,336.025,0.00297597,0.005923263294855042,-5.12886775,44.792,11.388,821,56.521,72.389,68.998,0
184.414,457.564,0.00218549,1.956034363267218,0.67091914,55.622,5.84,316,105.127,53.182,101.454,1
92.688,365.838,0.00273345,0.03510181094047426,-3.34950256,35.929,14.75,961,137.19,70.331,170.398,0
177.253,450.403,0.00222023,1.51585212527211,0.41597774,52.111,1.796,326,183.941,71.8,84.722,1
159.447,432.597,0.00231162,0.7752836542756175,-0.25452631,49.672,4.382,280,286.36,72.334,194.517,1
141.799,414.949,0.00240993,0.3768675639541575,-0.97586144,43.142,14.033,247,178.41,51.749,49.328,0
139.678,412.828,0.00242232,0.3441404158667709,-1.06670552,43.365,10.857,630,43.231,50.861,12.92,0
79.132,352.282,0.00283863,0.01622431063328331,-4.12124451,43.166,6.519,918,188.859,62.959,23.973,0
158.437,431.587,0.00231703,0.7451147367679579,-0.29421706,50.48,9.44,1071,186.66,68.414,32.642,1
186.889,460.039,0.00217373,2.132269486678077,0.7571869,55.84,6.168,1124,65.723,50.377,222.135,1
134.876,408.026,0.00245082,0.2791883656157454,-1.27586858,47.27,11.871,1007,39.913,55.185,27.419,0
104.367,377.517,0.00264889,0.06528049103679995,-2.72906205,44.35,3.885,1137,66.655,68.925,107.696,0
43.672,316.822,0.00315635,0.001576889885238316,-6.4523008,40.356,8.964,351,175.902,69.567,179.265,0
185.938,459.088,0.00217823,2.062975182395204,0.7241492,47.591,6.135,562,242.098,65.263,158.29,0
147.947,421.097,0.00237475,0.487868847751137,-0.71770866,45.122,8.114,973,277.926,54.642,100.657,0
113.857,387.007,0.00258393,0.1051373525676178,-2.25248766,45.339,7.509,538,99.582,49.967,153.576,0
128.843,401.993,0.00248761,0.2131554144270341,-1.54573373,39.424,2.354,816,202.124,53.949,181.829,0
128.5,401.65,0.00248973,0.2098588324528382,-1.5613202,40.24,14.828,1099,136.856,64.53,234.899,0
61.631,334.781,0.00298703,0.005461659115835797,-5.21000267,37.611,1.371,223,252.929,67.753,76.289,0
127.796,400.946,0.0024941,0.2032345351747588,-1.59339462,43.161,3.182,641,193.356,64.802,198.723,0
57.873,331.023,0.00302094,0.004258634044804834,-5.45880682,44.728,9.542,1106,251.426,69.105,171.789,0
69.337,342.487,0.00291982,0.008942925230871283,-4.71689254,44.756,7.983,451,36.124,71.867,141.402,0
91.816,364.966,0.00273998,0.03345947886848877,-3.39742016,43.818,9.454,1077,195.611,67.186,132.227,0
153.061,426.211,0.00234626,0.6013084065745785,-0.50864732,48.82,10.847,649,182.175,50.431,125.897,0
99.236,372.386,0.00268539,0.04994411611519312,-2.99685058,37.351,8.45,888,31.81,70.158,233.754,0
194.022,467.172,0.00214054,2.720182625552162,1.00069902,56.568,13.449,147,159.793,55.665,136.152,1
148.014,421.164,0.00237437,0.4892229964067075,-0.71493687,42.424,14.642,485,276.732,71.495,11.472,0
46.029,319.179,0.00313304,0.001870990048465493,-6.28128755,35.6,4.728,792,28.435,65.572,223.471,0
120.908,394.058,0.0025377,0.1475984649786923,-1.91325977,38.854,6.766,618,212.911,50.003,218.64,0
49.705,322.855,0.00309737,0.002430744818399926,-6.01955756,43.162,3.709,269,288.872,53.876,92.396,0
78.629,351.779,0.00284269,0.01574827106586757,-4.15102469,38.214,7.898,424,79.515,49.577,105.936,0
132.515,405.665,0.00246509,0.251446839358955,-1.38052369,42.728,11.772,181,171.917,64.196,83.163,0
197.78,470.93,0.00212346,3.083377752068614,1.12602567,55.542,4.368,343,110.634,64.646,212.091,1
143.18,416.33,0.00240194,0.3996325894470401,-0.91720968,40.382,10.373,1181,100.823,69.765,240.251,0
91.058,364.208,0.00274568,0.03208843094450269,-3.43925972,37.252,13.787,191,116.522,64.524,115.696,0
110.269,383.419,0.00260811,0.08804578114008452,-2.42989836,40.85,9.402,1095,296.113,55.337,167.439,0
141.676,414.826,0.00241065,0.3748968888461158,-0.98110425,45.829,1.856,683,261.657,55.09,211.042,1
131.636,404.786,0.00247044,0.2417626936977592,-1.41979864,45.434,14.248,106,218.21,67.284,115.035,0
139.183,412.333,0.00242522,0.3368756989957495,-1.08804126,44.663,11.412,1061,253.713,69.334,58.864,0
93.421,366.571,0.00272798,0.03653810628136166,-3.30939956,43.745,2.6,994,90.386,59.982,51.105,0
56.504,329.654,0.00303348,0.003884141867223852,-5.5508532,39.03,8.398,1074,268.832,53.82,247.929,0
72.239,345.389,0.00289529,0.01070659041622037,-4.5368958,44.975,7.986,596,10.653,65.377,228.592,0
57.935,331.085,0.00302037,0.004276346785289069,-5.45465619,43.084,2.008,284,41.348,51.153,217.512,0
122.01,395.16,0.00253062,0.1554648295146397,-1.86133575,44.549,14.156,360,205.355,49.586,140.249,0
137.833,410.983,0.00243319,0.3177498394325777,-1.14649087,44.501,4.537,602,172.378,63.234,19.835,0
124.204,397.354,0.00251665,0.1722486178754546,-1.75881639,45.362,11.923,259,113.026,67.017,88.229,0
93.109,366.259,0.00273031,0.03592040727429086,-3.3264497,35.441,1.225,547,74.566,71.548,214.163,0
108.931,382.081,0.00261725,0.08233907666249332,-2.49690948,37.432,7.122,503,111.715,50.645,119.213,0
136.511,409.661,0.00244104,0.2999613858759878,-1.20410153,38.793,13.917,614,55.414,49.987,229.657,0
178.255,451.405,0.00221531,1.571667299313225,0.45213703,52.517,8.095,862,191.046,65.555,181.873,1
179.133,452.283,0.00221101,1.622048432805714,0.48368982,46.684,11.111,1194,196.01,58.489,249.641,0
76.063,349.213,0.00286358,0.01351060666278983,-4.30428022,43.529,4.418,857,25.49,64.232,149.858,0
69.014,342.164,0.00292258,0.008763889555125916,-4.73711546,40.694,13.578,505,231.342,68.323,169.004,0
61.958,335.108,0.00298411,0.005579717997666391,-5.18861704,43.38,13.477,972,105.589,50.839,137.274,0
157.34,430.49,0.00232293,0.7135250607810425,-0.33753772,45.733,1.14,957,168.481,62.34,237.624,1
119.333,392.483,0.00254788,0.1369722733768679,-1.98797676,40.389,7.794,435,209.65,50.727,172.486,0
52.633,325.783,0.00306953,0.002981553206164466,-5.8153109,38.614,7.559,177,59.543,48.836,58.936,0
126.172,399.322,0.00250424,0.1886586786862049,-1.66781583,41.744,7.085,560,151.984,63.814,41.62,0
79.847,352.997,0.00283289,0.01692338493022925,-4.07905889,42.203,8.482,470,39.608,64.977,152.543,0
88.194,361.344,0.00276745,0.0273529904250609,-3.59892942,41.603,4.851,259,77.003,65.63,176.44,0
56.145,329.295,0.00303679,0.003791029460367887,-5.57511767,44.339,10.168,904,64.817,54.807,166.293,0
62.243,335.393,0.00298158,0.005684499443689272,-5.1700122,36.264,4.613,956,92.998,59.356,15.526,0
141.587,414.737,0.00241117,0.3734766578669884,-0.98489977,48.056,3.823,366,108.855,54.799,195.533,1
133.122,406.272,0.00246141,0.2583341759966254,-1.35350128,39.929,4.709,346,239.91,70.388,73.541,0
182.171,455.321,0.00219625,1.807469472123315,0.59192779,52.206,7.5,356,216.868,50.887,105.183,1
94.652,367.802,0.00271885,0.03906961521090924,-3.24241022,38.468,2.771,774,269.346,57.677,135.333,0
49.891,323.041,0.00309558,0.002462759662756118,-6.00647274,42.272,6.208,403,64.155,69.892,80.038,0
141.676,414.826,0.00241065,0.3748968888461158,-0.98110425,44.754,2.736,529,153.444,56.475,99.773,0
41.707,314.857,0.00317604,0.00136468811709471,-6.59682936,40.988,8.113,151,191.822,58.089,238.32,0
81.278,354.428,0.00282145,0.01840487196738434,-3.99513987,44.725,1.286,653,119.578,66.75,16.873,1
81.344,354.494,0.00282092,0.01847594368665975,-3.99128573,39.964,4.994,449,247.104,69.479,202.539,0
171.077,444.227,0.0022511,1.208648052211142,0.18950242,49.528,2.706,1115,238.58,59.329,36.304,1
160.931,434.081,0.00230372,0.8215656109397675,-0.19654348,47.681,4.646,1190,78.908,61.317,52.686,1
165.65,438.8,0.00227894,0.9853393170427751,-0.01476921,50.839,4.107,777,261.798,50.102,48.101,1
72.671,345.821,0.00289167,0.01099450917235283,-4.5103593,44.121,10.714,484,206.338,70.244,72.67,0
48.287,321.437,0.00311103,0.002198874873292736,-6.11980947,37.306,4.218,846,56.651,62.424,63.107,0
176.31,449.46,0.00222489,1.464919550807563,0.38180033,46.843,12.652,603,129.544,53.461,70.391,0
152.386,425.536,0.00234998,0.585111058684466,-0.53595361,48.161,13.062,521,140.948,54.513,180.026,0
131.926,405.076,0.00246867,0.2449203579403687,-1.40682219,47.09,7.584,796,115.56,72.849,249.946,0
164.113,437.263,0.00228695,0.9290961111467506,-0.07354309,49.76,7.369,1066,98.942,57.784,42.872,1
43.32,316.47,0.00315986,0.001536790781732038,-6.47805894,42.309,10.826,728,20.495,68.572,178.601,0
144.708,417.858,0.00239316,0.4262341084798482,-0.85276653,43.248,12.422,971,129.058,57.519,119.18,0
163.328,436.478,0.00229107,0.9014770744808679,-0.10372067,45.827,2.369,119,180.048,64.505,186.332,0
160.668,433.818,0.00230511,0.8131900045279624,-0.20679049,47.645,9.032,724,43.076,55.825,46.746,0
171.418,444.568,0.00224937,1.224057418232318,0.20217109,44.425,4.365,1020,98.632,72.174,58.858,0
163.275,436.425,0.00229134,0.8996386949010197,-0.10576205,46.247,4.586,1042,244.446,70.094,46.303,1
68.177,341.327,0.00292974,0.008314969382240413,-4.78969785,37.271,9.827,367,178.838,52.289,190.996,0
57.002,330.152,0.00302891,0.004016753742269802,-5.51728123,38.189,5.574,1177,272.369,72.48,63.182,0
75.68,348.83,0.00286673,0.01320250812683628,-4.32734846,38.43,7.184,389,232.233,71.65,169.491,0
197.552,470.702,0.00212449,3.060196264636959,1.11847905,57.235,9.684,635,218.561,70.849,159.49,1
96.274,369.424,0.00270692,0.04264586898391821,-3.15482487,41.398,5.585,1036,55.025,72.247,14.547,0
139.129,412.279,0.00242554,0.3360914789164384,-1.0903719,45.078,10.954,427,11.379,49.8,144.174,0
61.57,334.72,0.00298757,0.005439888797495777,-5.21399666,36.205,1.121,496,56.009,72.315,204.739,0
35.467,308.617,0.00324026,0.000851941758338112,-7.06799239,43.864,3.303,200,230.606,66.452,29.76,0
73.723,346.873,0.0028829,0.01172520522848279,-4.44601446,44.469,11.635,912,164.821,61.778,145.242,0
81.217,354.367,0.00282193,0.0183394041902901,-3.9987033,44.586,11.73,615,122.87,54.45,104.444,0
109.802,382.952,0.00261129,0.08601496844438893,-2.45323395,41.265,4.624,297,24.896,57.235,49.042,0
146.276,419.426,0.00238421,0.4551516888655981,-0.78712453,42.435,1.231,632,129.403,58.248,166.715,0
46.846,319.996,0.00312504,0.00198408446320051,-6.2225977,36.116,8.369,365,291.827,63.403,244.954,0
97.972,371.122,0.00269453,0.04670257953069053,-3.06395588,44.504,3.345,492,199.005,58.779,101.615,0
49.996,323.146,0.00309458,0.0024810019056401,-5.99909281,36.212,2.828,675,218.079,55.801,212.141,0
83.822,356.972,0.00280134,0.02133061807953707,-3.84761177,38.371,6.457,605,107.981,71.145,101.44,0
197.236,470.386,0.00212591,3.028318791628173,1.10800761,57.491,14.476,121,239.608,56.241,46.083,1
117.179,390.329,0.00256194,0.1235465397056506,-2.09113735,38.106,4.738,855,179.378,49.259,145.051,0
154.439,427.589,0.00233869,0.6356102638251236,-0.4531697,45.4,6.48,141,56.069,63.487,90.09,0
159.426,432.576,0.00231173,0.774645574420164,-0.25534968,48.473,14.761,1094,251.466,54.643,82.054,0
170.968,444.118,0.00225165,1.203758569581239,0.1854488,43.453,7.592,787,193.686,71.17,223.344,0
160.651,433.801,0.0023052,0.8126512155061932,-0.20745327,46.689,14.031,253,212.283,50.303,166.608,0
82.584,355.734,0.00281109,0.01985815413350787,-3.91914057,44.919,5.107,874,62.042,65.529,61.479,0
139.917,413.067,0.00242091,0.3476975367954617,-1.05642232,41.362,11.78,509,37.838,56.299,209.16,0
173.068,446.218,0.00224106,1.301083781163512,0.26319759,45.987,9.81,692,67.285,50.764,171.431,0
99.912,373.062,0.00268052,0.05175943168180632,-2.96114861,42.673,9.449,478,244.994,71.11,111.787,0
152.799,425.949,0.0023477,0.5949749781551322,-0.51923593,46.873,5.351,1151,59.69,50.258,80.587,1
66.465,339.615,0.00294451,0.007461064967850517,-4.89805712,40.479,13.279,498,208.879,62.57,221.137,0
192.313,465.463,0.0021484,2.56776447095929,0.94303566,48.049,8.142,208,188.355,55.71,111.382,0
138.508,411.658,0.0024292,0.3271887203569561,-1.11721815,44.981,6.633,1140,63.206,66.805,154.115,0
110.824,383.974,0.00260434,0.09051503551415571,-2.4022393,43.227,6.857,313,294.744,60.031,53.27,0
160.097,433.247,0.00230815,0.7952644098861072,-0.22908063,42.428,11.232,637,45.962,56.588,94.931,0
115.685,388.835,0.00257178,0.1149382626621615,-2.16336014,36.093,13.283,284,205.446,62.905,52.741,0
139.459,412.609,0.0024236,0.3409093560565132,-1.07613866,47.307,10.972,564,38.041,60.03,141.728,0
112.528,385.678,0.00259284,0.09848845688261011,-2.31781593,41.894,9.58,542,278.51,66.618,117.92,0
53.647,326.797,0.00306,0.003197355674549421,-5.74543116,43.403,8.791,176,165.075,68.056,74.648,0
136.151,409.301,0.00244319,0.2952732080495526,-1.21985422,38.879,2.875,304,198.909,68.55,249.693,0
54.139,327.289,0.0030554,0.003307108512002192,-5.71168103,37.105,1.075,364,161.345,55.316,172.38,0
171.412,444.562,0.00224941,1.223784800593402,0.20194835,46.674,5.491,443,132.726,56.502,30.674,0
85.484,358.634,0.00278836,0.02346226911176386,-3.75236172,38.107,11.729,526,299.718,58.462,247.964,0
48.091,321.241,0.00311293,0.002168463997533539,-6.1337362,35.813,10.469,128,70.04,59.642,184.449,0
87.453,360.603,0.00277313,0.02623519104570792,-3.6406536,38.388,3.538,314,202.905,60.166,135.875,0
83.508,356.658,0.00280381,0.02094810756010896,-3.86570697,44.886,10.799,340,114.429,53.824,89.708,0
131.707,404.857,0.00247001,0.2425324101056546,-1.41661993,38.551,2.12,1070,213.172,68.02,134.396,0
107.968,381.118,0.00262386,0.07843926568790492,-2.54543064,35.764,5.695,1015,222.414,59.279,185.954,0
122.341,395.491,0.0025285,0.15789955005868,-1.84579621,41.632,7.346,1118,158.759,52.275,35.435,0
194.929,468.079,0.00213639,2.804235814405706,1.03113106,54.479,10.54,375,149.251,67.424,115.725,1
169.204,442.354,0.00226063,1.12701138663878,0.11956934,52.326,4.422,194,11.362,50.062,75.912,1
146.25,419.4,0.00238436,0.4546583673210064,-0.78820898,44.12,13.127,263,148.198,70.603,158.625,0
104.142,377.292,0.00265047,0.06452824951411833,-2.74065217,39.382,12.719,299,253.558,66.09,126.595,0
194.411,467.561,0.00213876,2.755958709908299,1.01376537,53.915,13.631,429,262.612,53.483,137.824,1
72.234,345.384,0.00289533,0.01070329838826176,-4.53720332,38.804,13.749,589,176.313,64.583,212.071,0
60.719,333.869,0.00299519,0.005144287901417551,-5.26986833,39.802,8.588,890,206.388,65.84,122.283,0
58.979,332.129,0.00301088,0.004584850839791493,-5.38499771,44.842,8.402,996,182.715,59.531,206.403,0
104.782,377.932,0.00264598,0.06668862365145181,-2.7077209,45.592,13.207,826,199.163,66.507,207.283,0
83.02,356.17,0.00280765,0.02036591180662254,-3.89389277,38.788,1.081,698,192.806,63.828,33.193,0
149.228,422.378,0.00236755,0.5143424953540474,-0.6648659,39.504,8.193,865,111.612,56.393,147.783,0
177.078,450.228,0.0022211,1.506284443372203,0.40964598,52.098,10.373,481,165.494,51.552,148.264,1
104.839,377.989,0.00264558,0.06688414287258561,-2.70479337,36.472,9.99,933,157.554,62.981,165.814,0
179.485,452.635,0.00220929,1.642640986050299,0.4963053,54.277,13.593,265,169.403,65.373,243.496,1
39.461,312.611,0.00319886,0.001154311584718345,-6.76425114,40.155,6.97,584,254.299,71.185,214.01,0
195.549,468.699,0.00213357,2.862987877325491,1.05186579,54.086,1.498,591,52.169,63.336,130.612,1
95.621,368.771,0.00271171,0.04117215303815535,-3.18999315,36.493,10.943,915,269.305,52.92,50.321,0
185.161,458.311,0.00218192,2.007829901081462,0.69705449,54.726,13.442,555,244.195,62.955,12.286,1
70.88,344.03,0.00290672,0.009844820434663042,-4.62080981,35.624,1.948,647,45.79,62.442,155.194,0
139.033,412.183,0.00242611,0.3347013101525802,-1.09451676,41.097,6.517,499,152.771,64.794,5.477,0
107.1,380.25,0.00262985,0.07506688374602954,-2.58937578,41.322,12.397,1103,250.83,71.408,178.462,0
165.872,439.022,0.00227779,0.9937058013145552,-0.00631409,48.731,13.699,1050,270.897,68.888,201.774,0
158.844,431.994,0.00231485,0.7571449657163256,-0.27820054,45.952,7.323,335,223.058,72.495,239.827,0
143.356,416.506,0.00240093,0.4026197081495703,-0.90976281,40.057,13.753,944,139.03,65.181,153.487,0
123.346,396.496,0.00252209,0.1655018024368946,-1.79877319,40.345,8.446,1111,163.91,49.988,54.926,0
48.239,321.389,0.00311149,0.002191391547767353,-6.12321853,39.682,7.879,495,246.923,54.136,180.068,0
45.614,318.764,0.00313712,0.001815826342412474,-6.31121463,37.88,8.546,144,251.289,51.111,190.531,0
104.044,377.194,0.00265116,0.06420304487323866,-2.74570464,38.839,3.551,432,70.266,69.471,108.286,0
41.725,314.875,0.00317586,0.001366507246076225,-6.59549725,39.766,8.078,1183,11.131,66.564,79.187,0
90.514,363.664,0.00274979,0.03113587577441219,-3.46939456,43.03,9.731,729,37.896,73.051,187.585,0
43.123,316.273,0.00316183,0.001514757757327596,-6.49249975,36.317,10.269,175,196.08,67.705,179.309,0
96.554,369.704,0.00270487,0.04329218650453182,-3.13978311,37.73,7.593,361,165.446,70.978,90.432,0
97.582,370.732,0.00269737,0.04574132088297377,-3.08475321,43.35,2.178,493,17.453,67.674,134.795,0
187.822,460.972,0.00216933,2.20222189986175,0.78946681,53.424,3.674,711,197.114,71.135,36.743,1
100.013,373.163,0.00267979,0.05203568499723921,-2.95582555,45.303,12.29,110,94.924,52.88,37.923,0
93.824,366.974,0.00272499,0.03735011216491388,-3.28741936,45.364,12.1,149,220.388,60.525,85.092,0
78.019,351.169,0.00284763,0.01518792923614776,-4.1872543,38.23,10.434,228,26.259,65.993,121.344,0
161.555,434.705,0.00230041,0.841742791181714,-0.17228079,45.497,7.082,911,164.524,60.204,146.971,0
116.119,389.269,0.00256892,0.1173818915446757,-2.14232263,42.69,10.767,1197,245.103,66.822,185.479,0
185.703,458.853,0.00217935,2.046158666258984,0.71596421,54.776,13.729,607,122.823,57.446,236.008,1
119.779,392.929,0.00254499,0.1399097075551108,-1.96675801,43.507,10.552,890,67.469,66.206,181.945,0
140.169,413.319,0.00241944,0.3514834430021673,-1.04559267,46.126,4.2,260,167.157,48.883,5.262,0
80.159,353.309,0.00283038,0.01723687782945661,-4.06070413,41.921,1.486,1182,68.666,70.608,100.09,0
39.289,312.439,0.00320062,0.001139493257019773,-6.77717163,38.207,11.621,1025,242.573,56.535,189.027,0
41.538,314.688,0.00317775,0.001347716167153823,-6.60934385,35.099,12.699,466,54.368,64.494,159.908,0
76.188,349.338,0.00286256,0.01361256011809318,-4.29676237,36.318,3.309,937,261.823,57.293,85.547,0
152.068,425.218,0.00235173,0.5776148730473311,-0.54884794,40.033,6.671,366,232.217,68.441,179.421,0
148.684,421.834,0.0023706,0.5029485817397448,-0.68726734,40.408,14.597,225,111.45,59.064,173.277,0
171.977,445.127,0.00224655,1.249691607138956,0.22289681,51.434,3.062,857,250.728,50.027,230.018,1
60.528,333.678,0.0029969,0.005079982696751189,-5.28244742,41.593,10.927,775,210.591,67.835,194.796,0
135.107,408.257,0.00244944,0.2820434493980783,-1.26569414,38.653,13.799,1074,109.564,69.531,32.825,0
127.807,400.957,0.00249403,0.2033365904227312,-1.59289259,46.724,7.095,338,49.703,56.028,171.915,0
76.821,349.971,0.00285738,0.01413962069749884,-4.25877444,44.491,10.489,990,272.913,56.762,8.129,0
63.065,336.215,0.00297429,0.005996804025950182,-5.11652861,40.12,4.484,359,283.789,59.676,21.227,0
141.83,414.98,0.00240975,0.3773656853942414,-0.97454057,40.462,8.92,340,87.152,57.047,88.482,0
169.395,442.545,0.00225966,1.135108113301918,0.1267279,43.296,4.802,372,135.62,62.974,207.813,0
114.368,387.518,0.00258053,0.1077988553024538,-2.22748824,42.287,6.078,241,189.396,69.232,236.611,0
140.448,413.598,0.00241781,0.3557176094984539,-1.03361809,45.454,3.385,594,42.928,63.775,224.412,0
143.001,416.151,0.00240297,0.3966147224153045,-0.92478994,38.9,10.593,1068,281.914,55.959,55.212,0
60.847,333.997,0.00299404,0.005187795635796278,-5.26144641,35.68,1.95,142,158.941,56.726,83.671,0
102.227,375.377,0.00266399,0.05843388076847024,-2.83985941,44.487,10.121,656,92.535,48.947,66.113,0
122.319,395.469,0.00252864,0.1577366766244349,-1.84682824,43.424,1.244,1200,82.286,67.211,137.144,0
110.105,383.255,0.00260923,0.08732776556317869,-2.43808682,43.386,13.446,1018,18.571,70.44,172.635,0
181.766,454.916,0.00219821,1.781724911695279,0.57758195,50.724,10.859,755,184.332,57.12,14.078,1
67.371,340.521,0.00293668,0.007902492577568618,-4.84057705,41.954,14.123,303,135.783,49.542,174.397,0
102.168,375.318,0.00266441,0.05825461289359545,-2.842932,38.643,12.758,356,195.247,64.507,118.648,0
51.888,325.038,0.00307656,0.002831551815038581,-5.86693037,36.044,3.708,806,95.193,65.238,159.975,0
131.831,404.981,0.00246925,0.2438819336386288,-1.41107105,45.261,8.459,1052,285.054,71.751,248.622,0
154.284,427.434,0.00233954,0.6316675400171011,-0.45939207,48.065,5.813,1073,114.51,68.338,106.906,1
193.204,466.354,0.00214429,2.646271373466903,0.97315162,50.514,11.148,595,247.305,52.729,198.714,1
159.296,432.446,0.00231243,0.7707058559885341,-0.26044849,46.26,13.715,506,75.395,59.343,14.9,0
114.893,388.043,0.00257703,0.1105958767782772,-2.20187247,44.686,3.164,237,172.509,58.154,203.538,0
113.993,387.143,0.00258302,0.10583989492362,-2.24582775,42.67,1.87,668,184.235,58.558,81.058,0
45.032,318.182,0.00314286,0.001740964229752574,-6.35331616,41.771,12.167,558,53.937,72.134,189.501,0
43.277,316.427,0.00316029,0.001531956711126286,-6.48120946,39.715,13.033,777,155.02,50.707,160.196,0
179.267,452.417,0.00221035,1.629860806665812,0.48849462,48.373,14.387,313,89.402,61.542,17.316,0
129.156,402.306,0.00248567,0.2162038194330773,-1.53153371,38.174,2.056,1071,106.606,56.123,142.629,0
56.366,329.516,0.00303475,0.003848105860112381,-5.56017424,41.907,8.748,867,22.345,62.598,148.551,0
155.126,428.276,0.00233494,0.653348395095375,-0.42564476,44.414,2.469,1121,31.076,49.791,229.786,0
76.846,349.996,0.00285718,0.01416081053667186,-4.25727695,35.791,8.144,636,265.181,71.374,242.289,0
37.4,310.55,0.00322009,0.000987816779320001,-6.92001332,44.76,1.099,813,76.546,66.81,38.664,1
141.723,414.873,0.00241038,0.3756488294606155,-0.97910054,39.91,9.118,344,99.558,55.096,45.205,0
135.008,408.158,0.00245003,0.2808166802106873,-1.27005321,47.225,11.247,412,178.212,69.263,232.857,0
79.024,352.174,0.00283951,0.01612101644147758,-4.12763149,35.665,14.192,455,292.538,60.249,192.676,0
180.513,453.663,0.00220428,1.704098433140558,0.53303619,53.939,9.21,459,10.173,49.82,93.344,1
192.477,465.627,0.00214764,2.582060047081856,0.94858755,49.062,14.823,1129,227.532,60.064,238.051,0
76.359,349.509,0.00286116,0.01375315994798032,-4.28648667,43.308,13.697,385,10.344,70.302,205.798,0
175.926,449.076,0.00222679,1.44461345703079,0.36784178,48.006,11.641,201,41.76,64.786,102.155,0
105.186,378.336,0.00264315,0.06808554176522523,-2.6869904,36.312,3.411,427,281.936,52.594,205.468,0
195.262,468.412,0.00213487,2.835659231577461,1.04227444,53.254,7.866,347,275.378,71.658,211.88,1
139.886,413.036,0.0024211,0.3472343189712971,-1.05775546,41.43,13.229,370,91.007,65.691,56.625,0
147.351,420.501,0.00237812,0.4759682583976231,-0.74240411,39.858,3.768,881,77.026,53.647,127.338,0
57.324,330.474,0.00302596,0.004104678282618178,-5.49562791,35.3,11.666,1150,159.675,49.811,93.522,0
199.196,472.346,0.00211709,3.230803931240625,1.172731,54.554,8.08,1196,112.496,59.303,45.883,1
141.932,415.082,0.00240916,0.3790087895923956,-0.97019588,47.782,11.204,869,159.949,56.582,81.084,0
64.207,337.357,0.00296422,0.006456572068758999,-5.04265674,35.131,10.592,680,236.372,53.296,140.575,0
63.083,336.233,0.00297413,0.006003813871707464,-5.11536037,43.668,4.489,146,164.426,68.058,107.201,0
152.542,425.692,0.00234912,0.588819775616332,-0.52963513,41.412,7.589,443,266.878,53.964,83.767,0
152.13,425.28,0.00235139,0.5790696942475139,-0.54633244,43.328,6.403,1113,256.451,63.798,52.727,0
84.283,357.433,0.00279773,0.02190363102688116,-3.82110286,43.209,13.752,819,139.47,54.103,102.279,0
53.875,327.025,0.00305787,0.003247797410070515,-5.72977823,39.047,11.192,103,254.77,71.894,161.396,0
35.428,308.578,0.00324067,0.0008493857796641187,-7.07099708,39.331,3.579,756,231.176,58.328,147.803,0
188.348,461.498,0.00216686,2.242536976453145,0.8076078,47.554,8.678,137,182.384,49.034,23.592,0
96.462,369.612,0.00270554,0.04307886004134576,-3.14472289,37.745,4.186,1166,177.219,49.556,121.402,0
124.242,397.392,0.00251641,0.1725530187615713,-1.75705073,37.96,10.02,971,215.855,69.951,16.986,0
71.997,345.147,0.00289732,0.01054830405162371,-4.55179019,41.569,11.302,649,78.752,56.113,216.254,0
144.451,417.601,0.00239463,0.4216530427894423,-0.86357248,44.553,6.931,407,185.761,58.742,189.875,0
150.192,423.342,0.00236216,0.5350951776138528,-0.62531065,40.723,8.353,344,59.172,56.641,84.775,0
154.025,427.175,0.00234096,0.6251275775624291,-0.46979953,47.497,12.288,240,231.858,66.606,37.532,0
198.074,471.224,0.00212213,3.11349550629157,1.13574605,58.735,7.868,1038,267.198,50.682,41.376,1
130.302,403.452,0.00247861,0.2276990286401474,-1.47973057,39.355,1.975,703,15.314,58.553,120.308,0
146.484,419.634,0.00238303,0.45911535880373,-0.77845377,40.918,13.392,239,210.661,50.326,222.009,0
70.802,343.952,0.00290738,0.009797322111360134,-4.62564618,41.151,8.157,563,235.786,60.381,32.736,0
37.702,310.852,0.00321696,0.001010752463271235,-6.89706021,37.418,9.734,250,186.059,55.298,93.931,0
107.066,380.216,0.00263008,0.07493747224103148,-2.59110122,37.457,10.981,1014,192.305,57.615,63.81,0
45.458,318.608,0.00313865,0.001795477118027415,-6.32248449,43.609,7.475,839,128.159,49.185,49.612,0
99.8,372.95,0.00268132,0.05145463247470478,-2.96705478,43.01,8.627,446,254.189,54.174,33.7,0
132.753,405.903,0.00246364,0.2541275998512588,-1.36991878,41.82,1.009,189,165.775,66.943,95.774,0
38.45,311.6,0.00320924,0.001069674341368212,-6.84040103,38.945,12.06,395,228.54,71.358,87.31,0
160.684,433.834,0.00230503,0.8136973877808014,-0.20616674,49.862,1.642,337,231.18,62.625,56.617,1
132.783,405.933,0.00246346,0.2544673083387388,-1.36858291,37.707,12.147,124,173.128,69.881,212.255,0
42.933,316.083,0.00316373,0.001493781461312158,-6.50644448,39.009,4.612,121,251.211,51.885,32.306,0
186.292,459.442,0.00217655,2.088535551669757,0.73646313,50.618,3.573,871,66.016,60.176,130.768,1
153.736,426.886,0.00234255,0.6179007770961121,-0.48142739,40.32,1.968,792,26.196,55.138,76.559,0
68.038,341.188,0.00293094,0.00824247061165679,-4.79845515,38.375,4.796,690,125.474,64.232,217.986,0
114.498,387.648,0.00257966,0.108485492577783,-2.22113882,38.443,11.965,901,294.231,67.653,113.747,0
126.997,400.147,0.00249908,0.1959425061777966,-1.629934,42.549,8.967,204,240.377,49.411,174.563,0
196.837,469.987,0.00212772,2.988482235572266,1.09476565,54.472,9.417,201,273.949,59.485,29.628,1
45.021,318.171,0.00314296,0.001739576857367211,-6.35411338,41.859,10.453,833,111.798,70.381,238.854,0
128.011,401.161,0.00249276,0.2052375427063212,-1.58358723,39.936,2.55,312,289.809,56.662,57.36,0
60.284,333.434,0.00299909,0.004998896846665129,-5.29853802,39.635,7.318,293,27.669,73.136,196.687,0
123.9,397.05,0.00251857,0.1698305968857089,-1.77295383,44.679,11.214,816,47.488,50.925,178.288,0
114.369,387.519,0.00258052,0.1078041222584822,-2.22743938,38.897,8.524,1157,181.28,49.05,240.126,0
83.623,356.773,0.0028029,0.02108747431301673,-3.85907605,41.681,12.487,472,173.529,67.883,145.249,0
60.795,333.945,0.00299451,0.005170080440731636,-5.26486703,44.855,8.091,205,13.725,54.113,178.475,0
152.093,425.243,0.0023516,0.5782011052493619,-0.54783354,40.43,10.91,464,161.715,62.355,228.461,0
43.073,316.223,0.00316233,0.001509211740662729,-6.49616779,43.698,7.438,265,135.021,69.393,233.149,0
150.062,423.212,0.00236288,0.5322540590427052,-0.63063435,43.543,4.379,608,79.638,55.818,94.033,0
58.645,331.795,0.00301391,0.004484019635651142,-5.40723539,39.091,9.977,432,298.831,72.911,50.362,0
69.34,342.49,0.00291979,0.008944603530238482,-4.71670489,41.988,2.877,1046,262.932,68.318,36.451,0
126.9,400.05,0.00249969,0.1950733029811846,-1.63437988,44.327,12.77,533,201.312,61.364,193.732,0
81.485,354.635,0.0028198,0.01862860999675959,-3.98305671,44.556,5.423,1143,44.959,53.404,97.701,0
132.716,405.866,0.00246387,0.2537091815566442,-1.37156662,41.885,12.131,388,78.174,49.919,204.407,0
89.942,363.092,0.00275412,0.03016183628618349,-3.50117785,35.648,14.198,425,191.006,56.733,109.665,0
47.77,320.92,0.00311604,0.00211948634584622,-6.15658151,44.665,1.11,741,133.013,55.302,91.0,1
77.55,350.7,0.00285144,0.01476943823968984,-4.21519522,38.646,10.786,769,137.922,68.311,20.427,0
118.619,391.769,0.00255252,0.1323842813424253,-2.02204636,43.367,9.789,971,45.923,67.138,198.987,0
104.756,377.906,0.00264616,0.06659960982680975,-2.70905656,35.65,5.605,152,160.968,60.839,193.953,0
159.952,433.102,0.00230892,0.7907682367427346,-0.23475035,46.017,7.23,768,88.988,54.523,156.384,0
85.607,358.757,0.0027874,0.02362741473982244,-3.7453476,44.216,4.0,142,235.656,57.39,87.461,0
199.036,472.186,0.00211781,3.213843588665413,1.1674676,54.886,5.017,399,105.578,62.687,105.444,1
105.962,379.112,0.00263774,0.07084255859682104,-2.64729535,44.179,3.355,419,158.478,55.077,169.056,0
196.341,469.491,0.00212997,2.939598694425904,1.07827307,53.095,4.806,790,187.387,60.698,222.916,1
37.574,310.724,0.00321829,0.00100097251605114,-6.90678324,40.027,14.287,1119,199.34,50.242,235.51,0
190.188,463.338,0.00215825,2.388684417862402,0.87074276,51.479,10.878,714,104.787,53.579,222.593,1
186.935,460.085,0.00217351,2.135672262333725,0.75878147,46.964,1.593,446,63.592,61.117,123.901,1
133.167,406.317,0.00246113,0.2588513857368445,-1.35150118,40.779,10.694,398,256.619,50.924,247.181,0
134.126,407.276,0.00245534,0.2700948653140024,-1.30898203,44.252,10.963,832,45.257,55.476,216.388,0
107.868,381.018,0.00262455,0.07804394305028116,-2.55048324,37.206,8.321,514,41.908,72.096,191.358,0
90.873,364.023,0.00274708,0.03176158697812659,-3.44949768,38.332,4.43,553,145.235,64.181,77.148,0
60.707,333.857,0.00299529,0.005140226104237874,-5.27065821,44.5,12.003,512,263.175,52.817,80.573,0
147.649,420.799,0.00237643,0.4818860310149186,-0.73004764,41.14,2.305,1012,131.553,52.871,248.473,0
197.164,470.314,0.00212624,3.021096197787867,1.10561974,51.247,8.42,441,192.048,68.211,37.232,1
37.138,310.288,0.00322281,0.0009683059249194368,-6.93996248,45.0,10.218,956,248.363,48.906,69.003,0
106.815,379.965,0.00263182,0.07398828151980488,-2.60384856,37.221,9.998,614,79.73,49.036,101.629,0
183.004,456.154,0.00219224,1.861446892728263,0.62135408,55.309,6.586,225,163.042,63.288,48.213,1
93.828,366.978,0.00272496,0.03735825252682876,-3.28720144,38.518,6.171,609,195.939,62.374,210.473,0
151.892,425.042,0.00235271,0.5735026485386163,-0.55599272,45.588,7.149,1096,97.174,63.549,239.114,0
137.082,410.232,0.00243765,0.3075330543456478,-1.1791727,46.882,10.066,104,38.481,49.571,189.164,0
87.453,360.603,0.00277313,0.02623519104570792,-3.6406536,35.822,9.071,1177,53.844,72.549,32.512,0
127.53,400.68,0.00249576,0.2007805038840122,-1.60554299,40.158,8.649,430,163.546,49.202,222.379,0
85.14,358.29,0.00279104,0.02300591303832981,-3.77200401,45.13,14.907,1200,35.306,51.43,129.813,0
179.533,452.683,0.00220905,1.645466742121834,0.49802408,46.034,9.011,815,214.674,52.246,144.075,0
81.483,354.633,0.00281982,0.01862643657413397,-3.98317339,37.665,13.805,370,299.883,50.604,22.164,0
76.119,349.269,0.00286312,0.01355619607048971,-4.30091156,40.444,4.54,760,264.177,60.629,116.109,0
172.259,445.409,0.00224513,1.262801433130267,0.23333261,50.068,2.892,271,298.722,69.105,129.617,1
148.848,421.998,0.00236968,0.5063597559587587,-0.68050788,48.491,14.139,817,72.273,61.523,96.073,0
53.199,326.349,0.0030642,0.003100315165157311,-5.77625151,37.442,12.856,743,247.479,64.955,213.496,0
75.717,348.867,0.00286642,0.01323199228631462,-4.32511772,42.347,11.867,439,19.636,70.541,21.876,0
137.348,410.498,0.00243607,0.3111179102981912,-1.16758331,41.681,10.586,551,286.462,62.524,71.294,0
118.272,391.422,0.00255479,0.1302045136629559,-2.03864888,43.025,10.601,479,275.927,72.805,171.333,0
66.002,339.152,0.00294853,0.0072442287672954,-4.92755016,44.669,12.596,312,239.052,56.823,213.913,0
179.258,452.408,0.00221039,1.629335063550071,0.488172,50.176,14.657,271,133.329,67.102,171.472,0
135.705,408.855,0.00244585,0.2895554292329466,-1.23940853,38.468,11.689,706,286.955,54.529,249.14,0
115.658,388.808,0.00257196,0.1147877534230884,-2.16467048,40.9,4.743,727,130.221,64.513,165.173,0
46.762,319.912,0.00312586,0.001972175402104447,-6.22861808,38.274,3.739,759,222.92,59.217,70.471,0
84.157,357.307,0.00279871,0.02174565200821904,-3.82834145,42.378,10.984,1043,273.775,65.683,216.316,0
199.372,472.522,0.0021163,3.249550325559024,1.17851663,51.272,4.662,914,146.489,70.118,88.431,1
166.292,439.442,0.00227561,1.009705512819518,0.00965872,42.401,3.816,449,241.391,56.733,134.414,0
103.499,376.649,0.00265499,0.06242118772249117,-2.77385051,45.353,10.125,1083,100.825,70.294,178.409,0
114.546,387.696,0.00257934,0.1087400072333258,-2.2187955,40.86,12.938,860,109.385,49.163,107.691,0
190.713,463.863,0.00215581,2.431880843576308,0.88866497,49.814,13.508,806,260.447,51.069,190.962,0
82.353,355.503,0.00281292,0.01959379451750608,-3.93254237,38.591,3.171,1188,219.638,61.283,19.321,0
139.53,412.68,0.00242319,0.3419539065998027,-1.07307933,40.789,14.021,905,172.716,53.541,15.014,0
46.238,319.388,0.00313099,0.00189934671358837,-6.26624529,44.378,10.775,597,76.102,59.949,87.641,0
43.362,316.512,0.00315944,0.001541525883673738,-6.47498252,42.26,6.828,432,40.589,68.481,103.22,0
64.305,337.455,0.00296336,0.006497480659452998,-5.03634077,42.263,7.097,384,287.282,70.474,144.36,0
131.276,404.426,0.00247264,0.2378932531316508,-1.43593322,38.2,13.768,722,119.715,62.353,62.648,0
100.709,373.859,0.00267481,0.0539756616734588,-2.91922204,35.92,9.386,783,64.335,50.39,84.926,0
128.122,401.272,0.00249208,0.2062785196274589,-1.57852799,44.439,1.804,579,70.099,60.854,148.334,0
154.503,427.653,0.00233834,0.6372445585527821,-0.45060177,48.567,7.488,455,142.685,57.021,179.351,0
91.027,364.177,0.00274592,0.03203345209099151,-3.44097454,44.391,13.644,454,10.584,65.951,59.859,0
36.784,309.934,0.00322649,0.0009425041252374078,-6.96697026,42.563,1.477,244,155.854,57.555,94.777,0
67.872,341.022,0.00293236,0.008156640809174496,-4.80892286,37.293,8.889,839,13.106,71.44,49.369,0
100.389,373.539,0.0026771,0.05307579461052877,-2.9360343,38.598,8.788,885,113.93,63.727,48.856,0
119.469,392.619,0.002547,0.1378621014394398,-1.98150136,40.31,2.372,444,250.947,57.002,213.828,0
104.915,378.065,0.00264505,0.06714563494254394,-2.70089136,41.077,4.904,883,49.556,52.378,113.432,0
96.896,370.046,0.00270237,0.04409355909279893,-3.12144156,37.0,12.189,1111,73.335,70.823,242.948,0
50.261,323.411,0.00309204,0.002527591114880034,-5.98048856,40.345,2.828,654,63.838,66.488,196.587,0
177.875,451.025,0.00221717,1.550291282344632,0.43844284,47.503,10.484,254,252.785,65.247,173.854,0
90.438,363.588,0.00275037,0.03100484623622711,-3.47361176,43.545,1.791,1160,130.877,57.536,176.607,0
175.053,448.203,0.00223113,1.3993654781642,0.3360189,48.335,7.04,380,174.706,53.483,188.817,0
147.575,420.725,0.00237685,0.4804104702897045,-0.73311439,40.88,1.172,1091,131.788,68.012,199.295,0
144.199,417.349,0.00239608,0.4172035235586298,-0.87418111,42.329,4.289,853,64.471,50.676,217.306,0
175.935,449.085,0.00222675,1.445086539317261,0.36816921,50.311,13.715,1064,296.174,50.519,69.854,1
146.785,419.935,0.00238132,0.464905372674003,-0.76592139,40.279,12.852,650,141.556,63.879,228.274,0
76.448,349.598,0.00286043,0.01382685630275783,-4.28114247,37.461,12.721,400,155.352,57.751,105.468,0
196.933,470.083,0.00212728,2.998024991241758,1.09795374,58.711,1.063,111,105.888,61.03,198.535,1
168.804,441.954,0.00226268,1.110219272045783,0.10455754,42.504,11.384,296,73.738,70.569,98.645,0
93.381,366.531,0.00272828,0.03645838343465189,-3.31158385,42.008,13.043,203,100.434,55.846,110.719,0
142.658,415.808,0.00240496,0.3908882823375432,-0.93933348,38.702,10.736,782,178.852,67.704,56.597,0
168.092,441.242,0.00226633,1.080873156225064,0.07776919,46.624,4.644,527,39.985,70.051,108.016,0
78.129,351.279,0.00284674,0.01528762212204165,-4.18071179,41.683,4.812,474,155.218,54.094,155.653,0
124.625,397.775,0.00251398,0.1756479465639395,-1.73927359,45.927,10.906,956,169.778,66.169,142.406,0
60.838,333.988,0.00299412,0.005184725601553618,-5.26203836,38.969,6.955,953,14.576,61.117,15.27,0
114.896,388.046,0.00257701,0.1106120444947007,-2.20172629,45.926,2.355,690,278.361,56.292,122.399,1
110.832,383.982,0.00260429,0.09055107713335638,-2.4018412,43.92,10.61,175,97.425,67.264,140.497,0
125.971,399.121,0.00250551,0.1869210494923407,-1.67706895,39.933,5.376,334,200.808,57.146,89.787,0
177.934,451.084,0.00221688,1.553593374603073,0.44057055,50.589,4.95,1197,25.036,58.579,198.643,1
76.094,349.244,0.00286333,0.01353582648553198,-4.30241529,44.52,4.323,1022,263.874,53.399,226.224,0
134.652,407.802,0.00245217,0.2764443603859604,-1.28574571,40.166,5.827,717,181.369,71.406,235.209,0
186.29,459.44,0.00217656,2.08839036822707,0.73639361,49.144,14.447,644,212.273,68.777,102.68,0
58.4,331.55,0.00301614,0.004411343628490207,-5.42357596,38.645,9.732,1079,260.847,63.032,179.554,0
176.109,449.259,0.00222589,1.454259559387365,0.37449688,47.645,11.55,1068,211.601,59.097,123.122,0
174.693,447.843,0.00223293,1.381071901608842,0.32285994,43.845,8.256,304,295.966,58.889,101.491,0
83.104,356.254,0.00280699,0.02046507283427853,-3.88903561,37.091,14.368,497,247.532,58.66,184.221,0
106.601,379.751,0.0026333,0.07318753833534244,-2.61473011,43.688,1.382,1019,50.213,59.713,159.508,0
76.585,349.735,0.00285931,0.01394099744577129,-4.27292132,40.165,13.94,789,193.22,70.3,210.728,0
182.736,455.886,0.00219353,1.843928837665363,0.61189853,51.796,9.263,454,138.931,67.507,106.019,1
144.625,417.775,0.00239363,0.4247498222400674,-0.85625494,39.3,3.137,837,189.65,58.594,165.909,0
194.253,467.403,0.00213948,2.741378342138601,1.00846084,56.849,6.523,449,55.551,48.827,16.235,1
101.247,374.397,0.00267096,0.05551948638707956,-2.89102121,44.026,3.3,232,79.317,69.731,169.174,0
137.243,410.393,0.00243669,0.3096984262770286,-1.17215627,43.369,12.973,435,274.562,51.587,135.065,0
151.432,424.582,0.00235526,0.5628767680573025,-0.57469456,46.782,10.737,1162,102.656,71.251,108.793,0
72.842,345.992,0.00289024,0.01111040112699605,-4.49987357,42.308,12.803,951,167.221,63.923,97.597,0
46.081,319.231,0.00313253,0.00187800894128551,-6.27754314,41.17,13.752,418,69.835,63.166,51.796,0
102.657,375.807,0.00266094,0.05975543770252524,-2.81749508,43.105,6.485,769,294.578,53.897,189.254,0
86.262,359.412,0.00278232,0.02452464257840117,-3.70807685,43.118,13.688,769,273.764,59.165,216.183,0
104.131,377.281,0.00265054,0.06449167346938664,-2.74121916,42.303,4.435,418,149.362,62.624,19.533,0
37.659,310.809,0.00321741,0.001007457299989099,-6.90032565,37.816,8.338,971,187.722,67.497,241.621,0
182.897,456.047,0.00219276,1.854435344385677,0.61758025,49.737,10.611,963,215.29,64.861,214.547,1
73.893,347.043,0.00288149,0.01184732536409296,-4.43565314,36.099,6.711,1019,84.862,61.003,197.189,0
72.543,345.693,0.00289274,0.01090847738529765,-4.51821505,35.496,2.09,627,87.99,56.138,105.181,0
179.245,452.395,0.00221046,1.628575919303347,0.48770596,46.732,1.791,1164,296.775,51.51,211.92,1
171.218,444.368,0.00225039,1.21499886866633,0.19474315,44.695,7.301,1095,21.599,67.325,152.81,0
86.548,359.698,0.00278011,0.02492595934423613,-3.69184547,40.463,4.216,382,206.804,62.487,162.895,0
181.662,454.812,0.00219871,1.775166025604793,0.57389395,45.537,4.753,1147,137.448,50.904,21.186,1
40.145,313.295,0.00319188,0.001215001372669681,-6.71301007,37.84,1.868,1186,100.609,63.567,76.008,0
91.367,364.517,0.00274336,0.03264110999553534,-3.42218274,40.09,10.165,1055,229.118,66.78,24.377,0
179.462,452.612,0.0022094,1.641288486108371,0.4954816,53.856,1.386,811,228.552,56.381,35.903,1
105.993,379.143,0.00263753,0.07095474722256025,-2.64571297,43.626,12.235,1182,239.172,64.929,171.385,0
198.693,471.843,0.00211935,3.177746050608138,1.15617216,51.005,11.082,1069,224.989,56.276,72.796,1
173.589,446.739,0.00223844,1.326274032690799,0.28237353,48.099,3.503,418,223.077,59.453,222.813,1
176.269,449.419,0.0022251,1.462739575228155,0.3803111,52.059,6.148,344,57.705,66.308,13.175,1
149.557,422.707,0.0023657,0.5213435991747688,-0.65134596,42.634,2.844,444,297.043,50.867,78.408,0
54.753,327.903,0.00304968,0.003448885878985816,-5.66970403,36.813,11.817,442,69.346,63.62,108.43,0
169.94,443.09,0.00225688,1.158493245103019,0.14712023,50.955,1.788,235,115.865,72.826,108.561,1
120.167,393.317,0.00254248,0.1425107571166465,-1.94833779,42.644,12.19,824,167.121,52.431,215.667,0
176.831,449.981,0.00222232,1.49287051125862,0.40070078,47.204,1.09,352,106.908,70.729,66.592,1
36.937,310.087,0.0032249,0.0009535775144395418,-6.95528984,41.309,5.881,302,172.523,66.753,55.978,0
122.097,395.247,0.00253006,0.1561015039793741,-1.85724882,38.859,9.719,1086,241.549,51.543,24.316,0
37.066,310.216,0.00322356,0.0009630063072069209,-6.9454506,44.768,1.155,412,67.759,66.522,155.057,0
92.654,365.804,0.0027337,0.03503643976770665,-3.35136662,43.446,9.965,895,104.059,69.345,181.943,0
139.033,412.183,0.00242611,0.3347013101525802,-1.09451676,39.23,13.188,192,139.85,65.595,51.015,0
97.55,370.7,0.0026976,0.04566324355983066,-3.0864616,42.384,11.724,515,34.131,49.233,82.903,0
125.889,399.039,0.00250602,0.1862162721680893,-1.68084653,45.16,4.076,392,267.597,64.236,59.755,0
136.064,409.214,0.00244371,0.2941500457363654,-1.22366528,43.821,9.851,850,205.3,67.318,91.35,0
146.702,419.852,0.00238179,0.4633023695560636,-0.76937537,44.263,4.231,788,63.464,71.038,65.82,0
66.532,339.682,0.00294393,0.007492926135293162,-4.89379589,37.322,7.641,104,67.451,50.928,116.038,0
134.694,407.844,0.00245192,0.2769570279024982,-1.28389292,39.214,12.54,286,282.074,64.17,76.246,0
126.097,399.247,0.00250472,0.1880086332925559,-1.6712674,44.16,11.763,273,273.78,51.421,99.742,0
178.755,451.905,0.00221285,1.600187190424531,0.47012062,50.993,9.394,1169,91.954,64.846,63.498,1
68.606,341.756,0.00292606,0.008542386646027283,-4.76271484,42.448,1.713,757,156.696,52.33,154.552,0
153.396,426.546,0.00234441,0.6094932521589222,-0.4951274,47.854,3.718,1174,71.962,61.942,161.787,1
131.232,404.382,0.00247291,0.2374241210211095,-1.4379072,42.147,6.153,812,39.694,72.239,161.754,0
151.315,424.465,0.00235591,0.5602020277435426,-0.5794578,40.69,10.804,898,13.434,62.737,94.354,0
99.411,372.561,0.00268412,0.05040848452097072,-2.98759577,41.474,10.976,1085,56.555,55.658,39.523,0
192.009,465.159,0.0021498,2.541448043212852,0.93273401,51.113,3.607,643,280.782,67.975,49.408,1
130.024,403.174,0.00248032,0.224861623664011,-1.49227007,44.702,5.153,330,197.429,66.301,120.639,0
179.364,452.514,0.00220988,1.635536595421698,0.49197094,44.706,1.516,819,246.014,54.304,91.583,1
142.49,415.64,0.00240593,0.3881103365202609,-0.94646561,41.678,13.076,1041,281.522,70.202,159.061,0
133.04,406.19,0.0024619,0.2573940674800473,-1.35714703,38.57,13.155,617,250.337,64.432,227.73,0
172.583,445.733,0.0022435,1.278012818913966,0.24530639,48.642,6.838,887,51.413,63.499,14.226,1
144.206,417.356,0.00239604,0.4173265571816127,-0.87388625,40.582,1.545,410,153.455,67.139,213.625,0
91.189,364.339,0.0027447,0.03232170060601588,-3.43201643,35.888,8.746,133,226.263,71.854,109.65,0
138.097,411.247,0.00243163,0.3214123040392654,-1.13503054,39.705,3.596,318,98.664,73.069,86.855,0
164.654,437.804,0.00228413,0.9485616081600066,-0.05280854,46.448,11.33,447,178.675,55.758,101.922,0
176.746,449.896,0.00222274,1.488278681228094,0.3976202,53.866,5.846,1004,61.505,65.658,204.574,1
60.731,333.881,0.00299508,0.00514835261590604,-5.2690785,43.931,13.73,433,39.793,57.213,111.352,0
51.766,324.916,0.00307772,0.00280765391425885,-5.87540605,38.726,5.935,643,153.456,53.409,72.477,0
152.875,426.025,0.00234728,0.5968060561838583,-0.51616308,41.75,9.132,395,23.286,61.926,127.662,0
88.103,361.253,0.00276814,0.02721344245655528,-3.60404422,37.544,1.249,1050,11.475,53.068,89.199,0
111.272,384.422,0.00260131,0.09255326455031986,-2.37997097,42.162,1.444,1015,269.192,62.688,90.332,0
175.837,448.987,0.00222724,1.439942511489122,0.36460319,45.296,10.428,907,283.62,64.615,184.11,0
138.738,411.888,0.00242784,0.3304613226031386,-1.10726565,44.959,1.525,612,261.101,57.406,74.145,1
158.707,431.857,0.00231558,0.7530764847198733,-0.28358848,50.326,8.041,678,158.526,63.794,191.703,1
175.317,448.467,0.00222982,1.412915620672224,0.34565539,51.625,9.978,457,294.388,69.139,39.057,1
191.985,465.135,0.00214991,2.539380497464376,0.93192015,54.047,11.49,800,13.755,64.521,233.613,1
193.942,467.092,0.00214091,2.712875532065167,0.99800915,48.133,12.49,938,71.612,59.361,228.95,0
194.08,467.23,0.00214027,2.725491002554742,1.0026486,48.781,3.489,655,133.612,63.47,187.962,1
95.135,368.285,0.00271529,0.04010523735045222,-3.21624835,38.334,1.012,1176,158.733,60.769,92.369,0
150.354,423.504,0.00236125,0.53865441850895,-0.61868107,44.832,6.628,476,102.271,68.614,140.823,0
75.042,348.192,0.00287198,0.01270336807838761,-4.36588812,35.242,14.152,332,224.347,62.276,201.889,0
53.767,326.917,0.00305888,0.003223814295665161,-5.73719006,35.745,1.556,428,246.185,70.201,149.377,0
44.734,317.884,0.0031458,0.001703733969381461,-6.37493298,39.251,6.44,534,136.233,63.146,176.477,0
45.354,318.504,0.00313968,0.001782026889175488,-6.33000386,37.783,11.366,628,260.892,51.242,23.503,0
47.854,321.004,0.00311523,0.002132204446413123,-6.15059888,36.844,12.641,511,204.045,62.739,163.44,0
87.951,361.101,0.00276931,0.02698178214876567,-3.61259338,38.84,9.845,490,241.952,53.57,207.517,0
37.096,310.246,0.00322325,0.0009652112459684165,-6.94316357,42.194,6.769,670,63.553,69.105,119.336,0
161.53,434.68,0.00230054,0.8409260881599414,-0.17325151,43.17,13.943,681,120.486,63.341,137.177,0
184.576,457.726,0.00218471,1.967166712075609,0.67659429,50.497,3.466,1061,113.95,68.753,188.231,1
103.962,377.112,0.00265173,0.06393206561863529,-2.74993423,38.513,7.95,933,264.721,67.698,122.411,0
118.543,391.693,0.00255302,0.1319041001711709,-2.02568013,41.906,11.934,1151,86.783,65.757,114.85,0
41.742,314.892,0.00317569,0.001368227347517913,-6.59423928,42.91,1.475,282,46.484,68.5,29.255,0
100.066,373.216,0.00267941,0.05218117882732202,-2.95303341,38.012,8.556,875,212.138,59.818,77.18,0
138.416,411.566,0.00242974,0.3258877570013489,-1.12120226,43.951,10.555,1131,210.305,56.485,125.988,0
175.204,448.354,0.00223038,1.407101716281729,0.34153207,47.571,9.544,369,284.893,67.338,17.366,0
49.463,322.613,0.00309969,0.002389659303222358,-6.03660447,41.501,12.465,1072,215.039,60.554,149.738,0
160.128,433.278,0.00230799,0.7962285807155396,-0.22786897,42.868,14.303,1092,189.065,66.797,107.075,0
132.078,405.228,0.00246775,0.2465900195800389,-1.40002816,43.508,5.278,356,244.49,62.314,164.95,0
129.836,402.986,0.00248148,0.2229606841097858,-1.50075983,39.929,2.737,206,85.887,68.659,35.037,0
139.658,412.808,0.00242243,0.3438442184435855,-1.06756658,43.127,6.254,423,112.861,50.113,89.495,0
57.124,330.274,0.00302779,0.004049863066687232,-5.50907221,40.568,4.807,434,191.276,54.541,85.501,0
143.973,417.123,0.00239737,0.4132485277961242,-0.8837061,39.177,6.607,728,141.981,52.256,65.838,0
119.848,392.998,0.00254454,0.1403691429237638,-1.96347959,40.419,11.752,247,53.9,63.213,120.663,0
153.214,426.364,0.00234541,0.6050344287565255,-0.50246992,44.043,2.581,448,261.807,62.672,200.697,0
92.544,365.694,0.00273453,0.03482569502259132,-3.3573998,40.834,8.514,708,202.62,66.785,243.926,0
138.86,412.01,0.00242713,0.3322089919242223,-1.10199101,44.648,8.184,967,221.921,56.001,82.875,0
164.415,437.565,0.00228537,0.9399184038568249,-0.06196221,50.85,7.514,933,46.189,60.723,51.254,1
151.173,424.323,0.0023567,0.556970864622649,-0.58524235,47.819,13.482,445,17.031,62.782,209.957,0
197.975,471.125,0.00212258,3.103325307910413,1.13247422,54.503,13.169,745,155.952,59.333,233.162,1
100.533,373.683,0.00267607,0.05347905369546593,-2.92846522,43.487,9.408,488,215.505,51.457,130.408,0
90.965,364.115,0.00274639,0.03192374885279344,-3.44440507,40.74,9.03,620,235.171,67.379,202.559,0
123.389,396.539,0.00252182,0.1658342338718264,-1.79676658,41.059,10.946,705,147.611,67.89,114.476,0
123.896,397.046,0.0025186,0.1697989836250306,-1.77313999,43.181,12.375,754,214.744,69.441,241.791,0
72.646,345.796,0.00289188,0.01097765795389205,-4.51189317,41.414,9.954,873,205.85,64.275,37.913,0
172.657,445.807,0.00224312,1.281509520102978,0.2480387,50.261,2.943,561,138.123,52.472,77.82,1
105.19,378.34,0.00264313,0.06809950285433264,-2.68678537,43.036,13.509,864,90.505,54.31,76.85,0
197.872,471.022,0.00212304,3.092774937267395,1.12906873,50.465,3.932,493,217.98,51.982,249.904,1
168.687,441.837,0.00226328,1.105349360880291,0.10016145,48.364,7.162,861,13.332,70.597,139.324,1
181.836,454.986,0.00219787,1.786151490418354,0.5800633,51.482,6.446,1132,205.877,73.032,67.171,1
99.271,372.421,0.00268513,0.05003668111995941,-2.99499892,35.816,14.537,583,40.104,72.778,241.508,0
68.189,341.339,0.00292964,0.008321255308274942,-4.78894216,36.631,11.178,1194,272.659,72.423,43.185,0
79.355,352.505,0.00283684,0.01643948937956312,-4.10806895,38.271,9.366,468,113.315,53.615,92.831,0
172.66,445.81,0.00224311,1.28165145535274,0.24814945,46.26,7.453,1086,183.005,68.888,175.588,0
45.66,318.81,0.00313666,0.001821866831632502,-6.30789357,36.423,5.674,983,193.009,60.145,149.872,0
37.832,310.982,0.00321562,0.001020774670009932,-6.88719346,35.177,8.159,906,213.527,55.317,71.552,0
71.176,344.326,0.00290422,0.01002697511871621,-4.60247631,40.55,7.041,308,247.444,57.004,14.539,0
105.187,378.337,0.00264315,0.06808903179682538,-2.68693914,40.7,1.9,1103,40.171,60.818,93.8,0
111.666,384.816,0.00259864,0.09437966785854686,-2.36042961,36.657,14.225,312,55.701,66.667,200.417,0
145.063,418.213,0.00239113,0.4326345604491019,-0.83786188,42.026,4.516,1089,237.338,59.845,98.026,0
194.616,467.766,0.00213782,2.774977095841966,1.02064249,50.472,2.236,343,278.429,71.782,58.536,1
57.919,331.069,0.00302052,0.00427176935064757,-5.45572717,42.192,4.072,365,220.626,51.77,145.663,0
146.074,419.224,0.00238536,0.4513313944376241,-0.79555341,43.036,3.795,369,103.444,66.842,202.494,0
180.626,453.776,0.00220373,1.710975335878972,0.53706358,46.114,14.717,272,298.048,64.991,240.376,0
89.96,363.11,0.00275399,0.03019206451792297,-3.50017615,39.543,12.663,534,27.108,65.551,216.48,0
165.499,438.649,0.00227973,0.9796840966545263,-0.02052511,47.164,2.595,835,268.37,60.371,192.92,1
41.643,314.793,0.00317669,0.001358238017484818,-6.60156699,39.387,2.423,750,238.162,62.864,60.297,0
112.656,385.806,0.00259198,0.09911203738834644,-2.31150438,45.011,14.481,243,42.335,54.005,131.896,0
106.159,379.309,0.00263637,0.07155821416757421,-2.63724398,39.334,13.082,131,23.099,61.36,178.724,0
160.223,433.373,0.00230748,0.7991897211670287,-0.22415691,43.818,6.799,980,111.023,48.98,212.032,0
118.396,391.546,0.00255398,0.1309797412129867,-2.03271261,44.558,4.477,188,135.887,64.348,29.191,0
187.863,461.013,0.00216914,2.205341395928845,0.79088232,49.008,8.956,120,257.241,59.546,87.23,0
100.388,373.538,0.0026771,0.05307300377553148,-2.93608688,36.983,6.114,612,126.931,60.391,34.947,0
171.143,444.293,0.00225077,1.211617133365725,0.19195594,43.759,7.842,120,90.538,63.555,125.907,0
168.747,441.897,0.00226297,1.10784439901581,0.10241614,45.252,5.603,281,53.618,70.772,190.502,0
49.596,322.746,0.00309841,0.002412160280843365,-6.02723255,37.909,6.824,157,251.71,70.005,124.362,0
150.228,423.378,0.00236196,0.5358843170603492,-0.62383697,44.464,3.924,323,292.839,72.944,182.785,0
121.69,394.84,0.00253267,0.1531429252063989,-1.87638364,44.58,7.439,825,124.843,61.908,143.001,0
106.226,379.376,0.00263591,0.07180308277992765,-2.63382787,44.553,11.142,600,80.785,58.448,150.074,0
84.222,357.372,0.0027982,0.021827020228884,-3.82460662,41.457,2.734,143,259.143,65.94,204.806,0
54.056,327.206,0.00305618,0.003288355999606637,-5.71736754,39.067,14.681,985,115.936,63.884,25.53,0
113.409,386.559,0.00258693,0.1028525014689723,-2.27445934,36.518,11.495,160,230.568,68.569,200.335,0
163.337,436.487,0.00229102,0.9017895806565129,-0.10337407,47.661,14.821,1151,64.23,61.149,93.962,0
41.414,314.564,0.003179,0.001335386353482215,-6.61853463,44.964,11.379,976,105.111,68.266,220.343,0
194.066,467.216,0.00214034,2.724208843207454,1.00217805,52.307,8.628,956,199.003,66.544,215.236,1
152.147,425.297,0.0023513,0.5794691622970902,-0.54564283,41.781,11.809,149,293.34,56.286,243.67,0
85.749,358.899,0.0027863,0.02381937440771449,-3.73725598,37.654,2.336,289,40.599,64.149,40.478,0
118.259,391.409,0.00255487,0.1301234776648445,-2.03927145,44.732,11.149,1140,264.244,50.154,240.144,0
162.723,435.873,0.00229425,0.8806872457828726,-0.12705272,44.294,4.078,172,125.305,64.66,211.178,0
79.057,352.207,0.00283924,0.01615251530185721,-4.1256795,42.712,12.962,360,78.111,59.956,143.122,0
110.139,383.289,0.002609,0.08747619010019962,-2.43638864,43.324,5.718,472,165.268,72.667,176.876,0
61.203,334.353,0.00299085,0.005310566060913108,-5.23805685,40.609,3.826,793,163.393,50.053,6.439,0
111.158,384.308,0.00260208,0.09203074814019113,-2.38563254,45.421,7.573,440,184.775,51.601,158.272,0
169.447,442.597,0.00225939,1.137321297306328,0.12867576,48.209,4.403,374,117.407,63.147,109.915,1
58.504,331.654,0.00301519,0.004442061951575434,-5.41663661,42.918,6.55,585,272.868,58.966,9.897,0
78.038,351.188,0.00284748,0.01520510680192609,-4.18612393,36.928,5.911,979,284.385,65.299,13.538,0
62.51,335.66,0.00297921,0.005784281811893967,-5.15261107,41.28,6.92,128,49.141,50.209,123.701,0
172.47,445.62,0.00224406,1.272689433197146,0.24113233,47.463,8.739,163,42.626,57.872,175.017,0
145.221,418.371,0.00239022,0.435510491767062,-0.83123639,38.62,14.628,942,120.818,51.165,100.832,0
90.142,363.292,0.00275261,0.03049924240191317,-3.49005343,40.256,2.606,621,73.314,69.245,192.258,0
118.418,391.568,0.00255383,0.1311177114071224,-2.0316598,39.794,11.3,754,206.378,51.322,162.684,0
129.602,402.752,0.00248292,0.2206146122310871,-1.51133794,37.255,8.626,461,114.215,63.059,60.665,0
106.936,380.086,0.00263098,0.07444450559233629,-2.59770132,39.235,9.302,831,143.425,51.482,15.39,0
72.944,346.094,0.00288939,0.01118005534359299,-4.49362386,43.801,11.551,824,78.864,54.722,249.483,0
114.75,387.9,0.00257798,0.1098276623911213,-2.20884285,39.265,3.653,399,205.34,64.96,46.967,0
164.742,437.892,0.00228367,0.9517616291250195,-0.04944067,44.482,1.025,772,255.348,67.108,220.124,0
184.843,457.993,0.00218344,1.985635508004283,0.68593902,50.286,12.376,824,121.761,64.963,38.401,1
43.441,316.591,0.00315865,0.001550468521743448,-6.46919812,40.189,3.746,1199,233.629,57.873,248.741,0
91.458,364.608,0.00274267,0.03280549926609141,-3.41715912,38.825,2.458,966,202.595,67.972,78.297,0
164.015,437.165,0.00228747,0.925607907103829,-0.07730456,44.915,5.633,1161,275.872,66.342,185.047,0
127.618,400.768,0.00249521,0.2015894260223731,-1.60152219,37.462,2.489,417,291.521,58.135,220.458,0
63.723,336.873,0.00296848,0.006257942589882041,-5.07390381,37.359,7.704,499,292.438,52.098,147.177,0
88.202,361.352,0.00276738,0.02736528917361496,-3.59847989,38.967,3.387,916,30.155,56.436,180.21,0
176.47,449.62,0.0022241,1.473454067417082,0.38760935,48.297,12.455,171,234.474,57.66,242.393,0
57.348,330.498,0.00302574,0.004111301273909113,-5.49401569,43.49,6.417,314,34.149,49.773,140.729,0
173.249,446.399,0.00224015,1.3097870394364,0.26986456,51.357,7.318,155,51.873,71.787,50.875,1
69.182,342.332,0.00292114,0.008856600555145226,-4.72659227,45.014,3.661,353,196.112,50.667,239.056,0
128.618,401.768,0.002489,0.2109877741138439,-1.55595509,40.781,10.896,660,298.593,55.832,157.052,0
49.929,323.079,0.00309522,0.002469347445692193,-6.00380136,40.828,10.615,598,37.372,69.789,53.057,0
194.803,467.953,0.00213697,2.792425340071277,1.02691052,51.233,11.282,1026,104.627,63.614,69.923,1
106.194,379.344,0.00263613,0.07168603704301557,-2.63545929,40.312,7.689,1039,294.325,71.104,154.655,0
173.621,446.771,0.00223828,1.327835092992874,0.28354987,52.182,7.243,266,107.862,60.642,43.207,1
174.475,447.625,0.00223401,1.370096483929992,0.31488116,51.757,4.883,761,121.319,73.11,211.407,1
118.141,391.291,0.00255564,0.1293899780596826,-2.04492435,41.69,11.399,1190,66.412,53.662,206.41,0
186.34,459.49,0.00217633,2.09202260401808,0.73813135,49.064,11.133,114,221.768,67.926,154.37,0
136.959,410.109,0.00243838,0.3058878357236156,-1.18453679,40.485,1.143,331,15.658,56.915,248.756,0
184.13,457.28,0.00218684,1.936651413814763,0.66096041,55.255,6.928,157,196.443,53.395,237.359,1
70.134,343.284,0.00291304,0.009398967524081515,-4.66715543,39.066,2.851,650,121.199,51.2,247.956,0
132.562,405.712,0.0024648,0.2519742313310245,-1.37842845,43.132,8.37,303,42.426,49.626,215.755,0
197.654,470.804,0.00212403,3.070548081899242,1.12185607,53.019,8.386,1156,202.522,62.697,212.988,1
57.258,330.408,0.00302656,0.004086515082417529,-5.50006273,36.406,10.451,934,247.359,63.358,194.623,0
181.542,454.692,0.00219929,1.767624370974787,0.56963648,46.877,8.601,679,127.264,53.035,242.044,0
135.093,408.243,0.00244952,0.2818696782544537,-1.26631045,40.219,7.037,664,255.048,56.759,143.206,0
64.636,337.786,0.00296045,0.006637397477576657,-5.01503534,37.468,1.142,816,99.308,59.111,84.611,0
92.816,365.966,0.00273249,0.03534890018179804,-3.342488,43.33,13.338,1200,80.744,55.877,188.541,0
144.76,417.91,0.00239286,0.427166362755362,-0.85058173,38.632,13.584,1020,206.073,55.118,88.928,0
36.586,309.736,0.00322856,0.0009283486185280604,-6.98210323,39.552,6.24,140,104.61,73.077,223.844,0
82.494,355.644,0.0028118,0.01975477629392277,-3.92435998,39.846,13.14,287,182.086,56.464,73.754,0
129.941,403.091,0.00248083,0.2240206077785531,-1.49601723,43.906,4.574,434,175.55,51.649,82.258,0
122.202,395.352,0.00252939,0.1568730017553578,-1.85231871,37.928,4.67,687,144.063,64.507,214.988,0
61.238,334.388,0.00299054,0.005322777634084784,-5.23576,39.132,1.721,280,197.093,64.815,240.024,0
75.059,348.209,0.00287184,0.01271644339599623,-4.36485937,40.719,2.394,192,156.116,72.169,112.456,0
146.383,419.533,0.0023836,0.4571868904877219,-0.78266302,40.553,3.698,877,58.54,60.132,231.735,0
79.365,352.515,0.00283676,0.01644919880374567,-4.10747851,38.574,2.255,250,111.476,53.361,180.573,0
109.17,382.32,0.00261561,0.08333345246575227,-2.48490522,45.776,9.12,934,273.561,51.766,143.787,0
188.809,461.959,0.00216469,2.278399161870429,0.82347307,49.509,5.295,445,157.782,59.212,122.604,1
78.714,351.864,0.00284201,0.01582781762782577,-4.14598628,43.958,1.524,596,135.78,58.605,50.216,0
47.356,320.506,0.00312007,0.002057809677785671,-6.18611313,41.525,2.205,960,84.905,70.226,17.258,0
126.478,399.628,0.00250233,0.191331669713534,-1.65374687,45.973,9.466,601,250.142,70.163,133.383,0
115.918,389.068,0.00257024,0.1162444504306826,-2.15205997,43.364,9.103,712,12.22,67.976,122.23,0
197.763,470.913,0.00212353,3.081644042651655,1.12546323,58.102,10.514,856,252.271,53.777,48.391,1
91.185,364.335,0.00274473,0.03231455532284611,-3.43223752,38.991,14.709,1170,278.304,53.763,109.467,0
93.197,366.347,0.00272965,0.03609367118640672,-3.32163774,37.057,5.788,436,74.059,69.35,108.349,0
81.074,354.224,0.00282307,0.01818675444839004,-4.00706173,43.305,1.461,788,75.257,64.534,209.68,0
161.379,434.529,0.00230134,0.8360080363534147,-0.17911705,41.356,2.418,313,131.139,68.835,31.821,0
194.731,467.881,0.0021373,2.785696000919015,1.02449775,49.439,9.419,605,197.719,71.14,48.449,1
136.502,409.652,0.0024411,0.2998433802983412,-1.20449501,40.908,13.906,204,226.867,72.424,189.762,0
196.232,469.382,0.00213046,2.92895008601177,1.07464403,50.586,6.963,908,31.951,63.499,214.716,1
179.732,452.882,0.00220808,1.657227360717826,0.50514594,50.655,2.576,161,57.83,67.021,152.737,1
74.486,347.636,0.00287657,0.01228237758437843,-4.39958976,44.269,8.893,344,132.696,51.209,47.616,0
67.641,340.791,0.00293435,0.008038551738759172,-4.82350634,41.721,4.589,530,285.795,50.924,20.908,0
48.517,321.667,0.00310881,0.002235057047541594,-6.10348853,39.237,3.802,437,108.903,57.533,138.809,0
60.199,333.349,0.00299986,0.00497092725907699,-5.30414889,43.881,3.046,648,186.652,59.323,228.872,0
156.488,429.638,0.00232754,0.6898121771246263,-0.37133593,48.81,5.035,1086,227.851,53.793,52.749,1
194.791,467.941,0.00213702,2.791302799645932,1.02650844,52.314,9.026,668,228.661,50.911,195.247,1
132.6,405.75,0.00246457,0.2524013523902503,-1.37673479,41.719,12.169,960,165.762,54.335,237.467,0
95.033,368.183,0.00271604,0.03988450021735923,-3.2217675,38.701,11.413,421,205.098,60.391,174.994,0
78.882,352.032,0.00284065,0.01598610847615283,-4.13603515,38.869,13.488,460,251.668,71.13,138.618,0
142.219,415.369,0.0024075,0.383666128046153,-0.95798256,40.411,1.013,922,107.397,59.325,43.956,0
172.131,445.281,0.00224577,1.256835974034038,0.22859743,50.408,3.951,1021,94.318,63.565,51.775,1
161.91,435.06,0.00229853,0.8534156657113356,-0.15850855,47.142,1.647,1161,64.652,59.91,59.4,1
177.843,450.993,0.00221733,1.548502893039865,0.43728859,50.229,3.39,140,230.032,70.269,155.334,1
183.488,456.638,0.00218992,1.89345349295478,0.63840241,51.636,6.152,1093,225.557,58.021,139.849,1
84.3,357.45,0.00279759,0.02192502477654863,-3.82012661,43.544,8.479,834,186.823,61.455,137.611,0
156.312,429.462,0.00232849,0.6850013794564782,-0.37833443,41.241,14.875,331,174.756,50.484,156.566,0
112.816,385.966,0.0025909,0.09989648002418883,-2.30362083,37.59,1.872,1077,213.42,59.327,124.156,0
186.016,459.166,0.00217786,2.068583497637502,0.72686407,47.52,7.455,698,211.346,56.644,97.364,0
199.87,473.02,0.00211408,3.303108468185722,1.19486399,49.646,1.836,112,293.623,52.711,234.391,1
172.074,445.224,0.00224606,1.254187458357707,0.22648792,45.645,5.811,171,43.86,53.156,243.401,0
142.791,415.941,0.00240419,0.3930999776371235,-0.9336913,39.679,3.157,978,102.129,56.284,18.925,0
129.275,402.425,0.00248494,0.2173729425915568,-1.52614077,46.535,14.592,1148,269.082,50.059,215.388,0
60.438,333.588,0.00299771,0.005049935842209505,-5.28837974,41.733,3.329,964,95.697,52.241,123.321,0
145.93,419.08,0.00238618,0.4486253832872684,-0.80156708,39.222,6.736,592,178.542,49.518,63.465,0
68.411,341.561,0.00292773,0.008438325055863772,-4.77497144,39.628,11.81,903,75.527,52.05,86.768,0
104.792,377.942,0.00264591,0.06672288814306085,-2.70720723,44.12,10.482,789,58.022,69.17,93.165,0
72.25,345.4,0.00289519,0.01071383610651374,-4.53621928,45.065,8.025,988,111.58,54.312,143.895,0
65.003,338.153,0.00295724,0.006795725531200411,-4.99146146,36.351,8.745,903,155.648,73.162,105.222,0
182.143,455.293,0.00219639,1.805679175510867,0.5909368,54.278,4.468,294,169.251,51.298,201.75,1
141.824,414.974,0.00240979,0.3772692292475019,-0.97479621,42.077,8.879,218,10.737,52.351,225.834,0
137.67,410.82,0.00243416,0.3155070932581124,-1.15357411,38.475,10.25,531,236.547,71.267,241.087,0
149.71,422.86,0.00236485,0.5246280570295251,-0.64506573,39.579,12.22,951,205.427,70.109,174.334,0
114.48,387.63,0.00257978,0.1083901870215201,-2.22201772,45.354,1.356,1000,252.892,65.318,31.661,1
90.75,363.9,0.00274801,0.0315459427994673,-3.45631029,44.604,4.28,112,89.508,52.038,195.955,0
148.67,421.82,0.00237068,0.5026583283213382,-0.68784461,47.107,11.0,785,164.969,50.183,27.839,0
162.846,435.996,0.0022936,0.88487938555409,-0.12230393,49.451,11.669,918,200.192,67.256,76.65,1
179.463,452.613,0.00220939,1.641347270147958,0.49551741,48.307,11.304,966,57.495,57.698,192.63,0
186.482,459.632,0.00217565,2.102368303639444,0.74306447,53.857,8.349,665,72.826,61.106,68.452,1
63.815,336.965,0.00296767,0.006295265896327651,-5.06795737,44.663,4.816,199,183.383,61.837,166.398,0
177.787,450.937,0.0022176,1.545377565380483,0.43526826,44.748,11.742,483,87.584,69.522,70.458,0
162.424,435.574,0.00229582,0.8705694926453563,-0.13860769,43.393,14.028,850,257.26,53.13,192.992,0
91.686,364.836,0.00274096,0.0332206550244518,-3.40458346,39.535,9.906,264,114.985,64.874,91.188,0
125.597,398.747,0.00250786,0.1837257694137579,-1.69431102,38.967,13.194,164,283.561,57.636,159.674,0
101.919,375.069,0.00266618,0.05750346781832291,-2.85591002,43.817,7.269,162,49.14,61.99,155.03,0
68.261,341.411,0.00292902,0.008359061457505621,-4.78440912,44.482,5.525,120,282.517,62.911,197.426,0
100.501,373.651,0.00267629,0.05338920351940506,-2.93014673,42.324,3.286,1148,183.582,60.734,112.641,0
156.92,430.07,0.0023252,0.701747188025973,-0.35418207,48.028,10.774,650,268.996,51.734,240.446,0
51.743,324.893,0.00307794,0.002803169221561468,-5.87700464,44.551,1.509,716,76.382,50.976,112.709,0
40.758,313.908,0.00318565,0.001271856512295601,-6.66727763,39.287,12.552,639,160.44,67.334,33.673,0
92.133,365.283,0.0027376,0.03404833642298821,-3.3799741,36.371,8.569,998,222.706,51.282,51.886,0
60.392,333.542,0.00299812,0.005034641033463872,-5.29141305,40.679,4.394,940,270.494,59.102,27.478,0
54.141,327.291,0.00305538,0.003307561579106272,-5.71154404,40.142,5.545,1055,165.951,72.677,58.958,0
86.974,360.124,0.00277682,0.02553471258893876,-3.66771647,40.534,8.864,340,171.829,55.629,182.527,0
126.977,400.127,0.00249921,0.1957630071727453,-1.6308505,37.066,13.495,853,206.133,70.448,129.72,0
133.52,406.67,0.002459,0.2629406573363388,-1.33582691,38.284,13.619,260,18.376,67.705,45.239,0
110.947,384.097,0.00260351,0.09107059724993671,-2.39612028,38.395,4.913,337,212.382,66.842,82.706,0
42.336,315.486,0.00316971,0.001429587130418717,-6.5503696,40.655,13.853,431,267.335,55.871,33.587,0
82.422,355.572,0.00281237,0.01967242421165321,-3.92853741,38.621,2.099,1063,200.049,50.619,85.377,0
167.178,440.328,0.00227103,1.04420287598921,0.0432538,43.175,9.624,569,161.004,50.232,151.123,0
124.441,397.591,0.00251515,0.1741549651685464,-1.74780977,38.89,14.653,838,261.755,57.9,87.817,0
187.192,460.342,0.0021723,2.1547709513684,0.76768443,47.999,12.116,766,163.865,56.991,138.026,0
70.636,343.786,0.00290879,0.009696926542955044,-4.63594629,38.471,14.379,852,122.257,58.584,237.452,0
79.54,352.69,0.00283535,0.01661995494879584,-4.0971512,38.711,5.156,181,33.231,60.52,143.559,0
148.565,421.715,0.00237127,0.5004861488256312,-0.69217536,43.798,1.146,251,112.276,58.917,143.941,0
162.239,435.389,0.0022968,0.8643607692045183,-0.14576504,50.89,14.713,913,77.92,68.88,208.449,0
124.583,397.733,0.00251425,0.1753061559081942,-1.74122137,37.845,12.786,282,94.31,54.84,207.687,0
139.117,412.267,0.00242561,0.3359174280066095,-1.0908899,38.679,4.654,516,75.775,50.984,93.902,0
103.476,376.626,0.00265515,0.06234697569961047,-2.77504011,40.891,13.171,425,277.3,58.215,49.116,0
58.646,331.796,0.0030139,0.004484318490846185,-5.40716875,37.692,1.708,354,291.252,70.476,80.554,0
190.8,463.95,0.0021554,2.439104626319342,0.89163102,51.196,4.007,824,73.488,55.975,28.48,1
124.16,397.31,0.00251693,0.171896751967869,-1.76086126,43.436,14.322,907,116.152,70.628,208.272,0
167.672,440.822,0.00226849,1.063884146062065,0.0619265,50.573,3.536,1142,193.432,72.043,233.658,1
107.731,380.881,0.00262549,0.07750524970573397,-2.55740961,43.298,12.332,823,22.388,72.939,187.477,0
180.71,453.86,0.00220332,1.716103116020705,0.54005609,51.505,8.845,174,47.582,68.3,202.943,1
69.879,343.029,0.00291521,0.009250814600171188,-4.68304367,36.902,9.169,534,275.523,51.57,133.705,0
87.578,360.728,0.00277217,0.02642081617461218,-3.63360309,36.914,8.655,882,211.843,68.12,43.36,0
140.278,413.428,0.0024188,0.3531322985478625,-1.04091251,39.453,3.033,953,282.095,70.642,99.827,0
140.018,413.168,0.00242032,0.3492105364463757,-1.05208028,40.447,12.766,1152,151.66,51.909,95.019,0
142.582,415.732,0.0024054,0.3896294163641005,-0.94255921,41.755,2.77,1125,90.866,65.08,46.597,0
199.027,472.177,0.00211785,3.212891878266571,1.16717143,54.011,4.218,611,215.647,56.391,15.829,1
105.287,378.437,0.00264245,0.0684388462929587,-2.68181469,38.08,3.407,336,48.917,51.826,242.642,0
179.329,452.479,0.00221005,1.633486635523268,0.49071677,54.263,3.851,1095,297.872,69.102,43.42,1
74.873,348.023,0.00287337,0.01257404423232458,-4.37612057,37.304,6.279,354,69.879,51.661,219.464,0
150.55,423.7,0.00236016,0.5429886445266808,-0.61066687,45.292,7.097,1125,20.563,59.08,138.669,0
124.899,398.049,0.00251225,0.1778923423183376,-1.72657673,42.136,14.805,228,295.028,63.869,167.788,0
161.572,434.722,0.00230032,0.8422985485361436,-0.17162076,44.428,9.421,528,165.717,49.337,128.165,0
132.733,405.883,0.00246376,0.2539013516548705,-1.37080947,37.809,14.203,987,145.93,64.085,228.951,0
53.896,327.046,0.00305767,0.003252479622448473,-5.72833761,39.089,6.106,293,234.446,67.52,175.535,0
170.391,443.541,0.00225458,1.178164199454928,0.16395746,42.882,6.511,138,227.371,67.137,213.165,0
169.192,442.342,0.00226069,1.12650439181527,0.11911938,43.693,6.214,816,249.671,69.155,67.443,0
63.836,336.986,0.00296748,0.006303813634531479,-5.06660049,41.231,11.616,1106,80.638,62.362,192.842,0
85.383,358.533,0.00278914,0.02332744121735133,-3.75812488,36.58,14.483,1145,105.29,71.17,216.357,0
139.856,413.006,0.00242127,0.346786565165729,-1.05904577,38.261,11.757,653,129.039,52.927,235.165,0
172.382,445.532,0.00224451,1.268557289998016,0.23788026,46.282,3.746,190,73.688,59.411,54.742,0
86.674,359.824,0.00277914,0.02510463526639996,-3.68470278,39.25,8.387,543,130.175,68.553,214.679,0
158.564,431.714,0.00231635,0.7488504076982164,-0.28921604,41.91,9.983,863,155.31,57.118,47.429,0
99.497,372.647,0.0026835,0.0506381068782224,-2.98305089,43.021,6.966,1156,135.457,58.844,205.766,0
159.313,432.463,0.00231234,0.7712200433369584,-0.25978155,45.273,9.45,882,192.195,60.075,140.54,0
38.023,311.173,0.00321365,0.001035664657684336,-6.87271188,38.086,4.124,1033,125.506,63.809,184.442,0
134.422,407.572,0.00245355,0.2736518238425136,-1.2958987,38.355,7.318,1184,232.509,52.246,113.158,0
118.437,391.587,0.00255371,0.1312369719420782,-2.03075064,40.87,8.285,1053,182.631,52.357,18.3,0
37.375,310.525,0.00322035,0.0009859396458661886,-6.92191542,42.675,8.542,139,249.297,52.983,170.815,0
107.006,380.156,0.0026305,0.07470958674659506,-2.59414686,44.933,1.033,631,40.805,53.122,170.914,0
107.065,380.215,0.00263009,0.07493366904948869,-2.59115197,36.417,2.163,144,263.586,63.694,84.068,0
185.962,459.112,0.00217812,2.064699399310462,0.72498465,52.778,9.199,442,181.141,54.574,166.206,1
182.257,455.407,0.00219584,1.812977965088323,0.59497078,47.378,3.16,614,249.05,60.042,166.368,1
49.791,322.941,0.00309654,0.002445499904083828,-6.01350572,36.1,12.47,456,181.442,56.286,149.355,0
48.075,321.225,0.00311308,0.002165998499288747,-6.13487382,40.167,4.556,833,270.498,50.305,113.809,0
122.875,396.025,0.00252509,0.1618992373246083,-1.82078113,38.731,9.731,216,46.788,58.133,109.171,0
79.239,352.389,0.00283777,0.01632723803467776,-4.11492052,39.202,4.315,116,101.999,67.816,90.313,0
179.731,452.881,0.00220809,1.657168078426512,0.50511017,46.36,3.289,598,157.447,52.192,10.581,1
170.165,443.315,0.00225573,1.168270517106844,0.15552446,45.346,10.307,801,204.058,49.54,102.706,0
198.451,471.601,0.00212044,3.152490862293134,1.14819289,52.706,9.285,1193,218.332,67.357,175.68,1
134.505,407.655,0.00245305,0.2746566600532357,-1.29223347,40.02,8.623,1059,254.917,56.218,122.677,0
127.281,400.431,0.00249731,0.1985072647501724,-1.61692958,43.381,2.576,1133,268.202,70.232,151.913,0
180.016,453.166,0.0022067,1.674138950672729,0.51529897,47.025,10.223,425,51.828,70.396,167.844,0
111.894,385.044,0.00259711,0.09545124516691306,-2.34913968,43.082,5.085,213,95.994,64.372,44.216,0
71.117,344.267,0.00290472,0.009990425418855748,-4.6061281,44.542,8.937,850,14.17,73.167,52.287,0
105.382,378.532,0.00264178,0.06877266211392208,-2.67694897,40.223,2.765,990,245.139,59.019,115.403,0
79.9,353.05,0.00283246,0.01697627247613551,-4.07593865,38.026,3.677,495,39.263,63.109,28.593,0
149.621,422.771,0.00236535,0.5227152699994431,-0.64871838,48.399,1.556,991,82.067,60.533,165.081,1
111.636,384.786,0.00259885,0.09423947548822784,-2.36191612,38.244,2.815,165,208.045,65.406,8.558,0
71.086,344.236,0.00290498,0.009971269758966173,-4.60804735,44.129,12.642,667,278.274,60.561,237.209,0
48.308,321.458,0.00311083,0.002202156153805631,-6.11831833,38.499,4.01,325,40.922,59.661,221.27,0
172.635,445.785,0.00224323,1.28046908345779,0.24722648,50.895,9.803,739,110.627,70.964,56.108,1
71.384,344.534,0.00290247,0.01015679690890059,-4.58961215,42.477,14.735,1004,291.622,52.081,237.375,0
150.946,424.096,0.00235796,0.5518397795709645,-0.59449753,45.769,9.305,1008,225.737,53.338,98.099,0
159.804,432.954,0.00230971,0.7862021735284663,-0.2405413,44.172,14.068,361,180.471,66.803,169.187,0
38.36,311.51,0.00321017,0.001062422169774102,-6.84720391,36.517,11.205,388,299.646,64.341,131.647,0
124.659,397.809,0.00251377,0.1759250692577157,-1.73769712,42.467,1.987,788,281.119,53.139,100.61,0
184.317,457.467,0.00218595,1.949395124047945,0.66751913,54.067,11.911,1179,299.712,71.551,178.763,1
126.549,399.699,0.00250188,0.1919566760582256,-1.65048558,42.052,11.039,1043,133.611,67.562,176.952,0
120.063,393.213,0.00254315,0.1418093675637098,-1.95327161,45.646,11.265,1082,267.211,68.31,67.593,0
68.804,341.954,0.00292437,0.008649238611873583,-4.75028398,35.131,8.844,304,293.242,57.035,136.532,0
130.096,403.246,0.00247988,0.2255934547203032,-1.48902077,42.31,1.548,235,86.795,63.799,235.315,0
126.093,399.243,0.00250474,0.1879740203400679,-1.67145152,38.207,12.363,921,175.106,70.122,244.079,0
37.583,310.733,0.0032182,0.001001657327194172,-6.90609932,39.79,9.785,311,20.907,58.065,185.382,0
118.78,391.93,0.00255148,0.1334066679830578,-2.01435316,44.293,8.356,497,289.907,59.162,47.634,0
111.189,384.339,0.00260187,0.09217257386261953,-2.38409266,42.289,1.439,300,108.27,55.382,130.331,0
136.473,409.623,0.00244127,0.2994634205848666,-1.205763,40.032,5.163,900,229.609,54.094,187.795,0
87.984,361.134,0.00276906,0.02703192517624729,-3.6107367,44.141,13.593,579,25.364,58.242,88.118,0
100.96,374.11,0.00267301,0.05469105793467907,-2.90605506,38.296,10.391,732,79.907,68.195,236.019,0
158.685,431.835,0.0023157,0.7524249525786426,-0.28445402,48.234,12.928,362,29.722,49.198,146.052,0
73.624,346.774,0.00288372,0.01165461447341445,-4.45205309,42.785,10.293,174,231.575,70.956,29.789,0
62.843,335.993,0.00297625,0.005910958410882095,-5.13094729,44.411,13.949,146,29.793,61.29,111.084,0
90.439,363.589,0.00275036,0.03100656707891909,-3.47355626,37.717,13.73,800,114.075,52.405,86.509,0
149.669,422.819,0.00236508,0.5237461175431954,-0.64674822,41.61,1.954,1050,250.546,65.69,57.678,0
135.543,408.693,0.00244682,0.2875030560967664,-1.24652179,39.059,10.151,418,46.891,51.941,249.362,0
47.645,320.795,0.00311726,0.002100688717757995,-6.16549003,43.35,9.185,217,176.486,62.343,137.36,0
185.311,458.461,0.00218121,2.018374090086531,0.70229228,49.593,8.598,656,47.615,63.089,49.515,1
149.9,423.05,0.00236379,0.5287322698712195,-0.63727308,39.523,4.506,319,235.004,70.592,99.736,0
84.997,358.147,0.00279215,0.02281857539274187,-3.78018036,44.249,12.079,580,293.045,64.877,52.495,0
48.224,321.374,0.00311164,0.002189057778313215,-6.12428407,42.855,10.203,673,76.634,64.076,16.778,0
97.627,370.777,0.00269704,0.04585132016381636,-3.08235129,39.216,2.986,1035,295.481,50.607,219.308,0
153.753,426.903,0.00234245,0.618323830300436,-0.48074296,44.52,9.374,524,238.018,69.734,108.093,0
93.074,366.224,0.00273057,0.0358517038561502,-3.32836419,40.722,13.675,232,98.376,68.39,117.098,0
77.598,350.748,0.00285105,0.01481178458294112,-4.21233216,43.441,5.805,896,77.508,71.701,100.476,0
35.077,308.227,0.00324436,0.000826696015925038,-7.0980735,43.441,3.316,223,129.182,56.64,239.762,0
136.846,409.996,0.00243905,0.3043832696291945,-1.18946762,40.075,4.434,1089,222.352,59.551,56.133,0
93.184,366.334,0.00272975,0.03606802811525862,-3.32234845,37.702,13.646,442,289.639,50.41,118.156,0
62.059,335.209,0.00298321,0.005616648588960617,-5.18202013,35.984,7.452,644,104.475,61.829,10.841,0
118.965,392.115,0.00255027,0.1345901629606812,-2.00552095,45.534,5.881,998,138.207,70.872,139.787,0
115.531,388.681,0.0025728,0.114082163495566,-2.17083636,42.018,14.13,885,216.777,67.692,37.431,0
79.702,352.852,0.00283405,0.01677945270115426,-4.08760019,41.46,14.922,1094,39.977,58.134,162.942,0
62.75,335.9,0.00297708,0.005875329032945139,-5.13699321,37.579,4.153,1074,153.516,72.492,230.139,0
94.803,367.953,0.00271774,0.03939076550018662,-3.23422387,44.931,2.605,1059,202.535,72.627,181.525,0
104.469,377.619,0.00264817,0.06562409130326595,-2.7238124,39.645,12.573,1009,227.207,48.928,230.636,0
135.033,408.183,0.00244988,0.2811260219998358,-1.26895223,42.788,4.868,463,299.707,53.282,166.255,0
53.45,326.6,0.00306185,0.003154348055585351,-5.75897344,37.862,10.199,532,191.674,69.489,122.492,0
45.175,318.325,0.00314144,0.001759092262294443,-6.34295736,36.742,3.289,1081,65.188,61.731,86.86,0
75.655,348.805,0.00286693,0.01318262006670284,-4.32885598,35.223,7.371,194,231.816,69.531,170.126,0
117.585,390.735,0.00255928,0.1259832920188619,-2.07160598,39.506,7.482,849,222.91,65.12,88.946,0
89.297,362.447,0.00275902,0.02909648967937104,-3.53713774,44.411,8.75,492,276.027,69.386,13.589,0
117.53,390.68,0.00255964,0.1256506952229145,-2.07424948,43.745,3.308,872,291.699,65.709,232.59,0
169.663,442.813,0.00225829,1.146555193540001,0.13676196,48.356,4.145,931,150.574,63.979,76.156,1
111.381,384.531,0.00260057,0.09305534554837624,-2.37456085,41.569,6.386,473,246.584,67.11,100.431,0
35.546,308.696,0.00323943,0.0008571408536508297,-7.0619083,44.744,2.439,753,151.043,49.725,186.108,0
122.289,395.439,0.00252884,0.1575148180532971,-1.84823574,37.304,14.016,785,274.245,66.386,5.877,0
170.297,443.447,0.00225506,1.174040217119055,0.16045098,45.944,5.266,469,17.596,66.674,114.092,0
61.41,334.56,0.002989,0.005383160495701153,-5.22447962,35.163,5.972,201,102.556,62.496,235.758,0
110.084,383.234,0.00260937,0.0872362042901264,-2.43913585,38.062,5.986,857,192.722,55.108,39.617,0
144.726,417.876,0.00239305,0.4265566076616981,-0.85201019,39.604,4.984,431,79.637,62.806,240.671,0
52.277,325.427,0.00307289,0.002908994170361971,-5.8399479,44.77,11.624,528,153.57,52.727,240.256,0
118.432,391.582,0.00255374,0.1312055782000807,-2.03098989,36.723,11.374,448,102.656,58.192,234.311,0
91.405,364.555,0.00274307,0.03270966563031352,-3.42008466,36.626,8.418,422,173.884,67.189,194.486,0
54.34,327.49,0.00305353,0.003352925445257804,-5.69792205,43.832,14.985,151,142.22,63.566,222.83,0
179.945,453.095,0.00220704,1.669896934926479,0.51276191,51.841,6.941,810,28.894,72.431,170.822,1
93.95,367.1,0.00272405,0.03760730186685304,-3.28055705,38.115,12.863,305,102.111,65.538,35.647,0
144.022,417.172,0.00239709,0.4141031941969495,-0.88164007,45.321,11.16,726,250.342,49.556,230.597,0
127.507,400.657,0.0024959,0.2005695582457809,-1.60659417,41.904,2.352,642,14.233,64.56,214.902,0
167.816,440.966,0.00226775,1.069682290731145,0.06736168,45.723,3.375,748,236.283,52.916,98.101,1
48.156,321.306,0.0031123,0.002178506438443667,-6.12911576,39.789,9.025,376,26.281,68.172,54.585,0
102.755,375.905,0.00266025,0.06006035781072522,-2.81240526,39.776,2.486,325,201.319,70.827,90.703,0
180.744,453.894,0.00220316,1.718182471493481,0.54126703,54.044,5.106,158,28.752,52.204,22.342,1
173.877,447.027,0.002237,1.340381777546862,0.29295448,47.186,1.421,395,175.936,59.956,119.505,1
102.499,375.649,0.00266206,0.05926675685654416,-2.82570672,40.293,9.005,167,171.499,56.187,104.328,0
161.997,435.147,0.00229807,0.8562980169253287,-0.15513681,41.349,4.591,143,32.502,65.459,66.446,0
129.781,402.931,0.00248181,0.2224072695140872,-1.50324503,40.065,9.904,380,30.904,62.463,89.929,0
60.4,333.55,0.00299805,0.005037297971398848,-5.29088546,39.335,13.021,988,230.731,50.351,112.189,0
124.923,398.073,0.0025121,0.1780901441866868,-1.72546543,37.334,7.414,160,123.884,53.287,208.0,0
76.277,349.427,0.00286183,0.01368557467852601,-4.29141294,40.465,6.947,455,115.786,53.403,75.19,0
133.494,406.644,0.00245915,0.2626375168546069,-1.33698046,39.075,7.24,459,283.132,65.142,165.064,0
67.671,340.821,0.00293409,0.008053799847945842,-4.82161127,38.063,3.958,490,182.735,61.843,77.417,0
166.162,439.312,0.00227629,1.004729163621692,0.00471802,46.495,6.837,737,149.071,49.873,17.954,0
130.229,403.379,0.00247906,0.2269508862827953,-1.48302164,43.399,2.002,327,58.955,64.064,175.79,0
68.518,341.668,0.00292682,0.008495282286149087,-4.76824429,35.107,14.501,699,128.455,62.383,150.808,0
183.032,456.182,0.00219211,1.863285518150808,0.62234134,47.858,12.195,690,52.88,59.685,157.122,0
111.003,384.153,0.00260313,0.09132454577261703,-2.39333568,38.438,6.31,1111,174.631,65.583,17.732,0
100.789,373.939,0.00267423,0.0542027585708735,-2.91502348,41.505,12.252,111,148.307,68.036,236.669,0
181.624,454.774,0.00219889,1.772774791069323,0.572546,49.143,2.367,702,276.543,67.977,201.8,1
95.918,369.068,0.00270953,0.04183665769771186,-3.17398235,36.46,1.172,503,261.341,60.811,169.774,0
46.606,319.756,0.00312738,0.001950231528112576,-6.23980718,44.371,14.16,1011,214.344,69.982,52.045,0
154.653,427.803,0.00233752,0.6410894915575739,-0.44458622,42.37,8.556,1019,179.046,57.532,244.104,0
132.832,405.982,0.00246316,0.2550230341213509,-1.36640141,39.091,3.205,584,21.31,54.628,44.266,0
38.365,311.515,0.00321012,0.001062823884803736,-6.84682587,37.126,13.487,197,194.716,65.045,42.288,0
125.048,398.198,0.00251131,0.1791235357385759,-1.71967957,40.186,9.637,723,208.677,58.314,138.25,0
74.298,347.448,0.00287813,0.0121429116619142,-4.41100968,38.322,5.815,731,11.56,50.201,11.522,0
170.972,444.122,0.00225163,1.203937692371561,0.1855976,51.371,12.206,452,140.316,70.341,59.575,1
78.867,352.017,0.00284077,0.01597191740383007,-4.13692326,41.319,6.058,193,108.053,57.472,197.116,0
41.094,314.244,0.00318224,0.001304042432974159,-6.64228628,42.965,10.752,187,83.662,64.33,28.887,0
115.037,388.187,0.00257608,0.1113743153517126,-2.19485854,44.6,11.345,223,279.77,63.974,197.112,0
169.288,442.438,0.0022602,1.130565972491832,0.12271837,49.077,14.778,721,107.68,58.412,207.172,0
88.984,362.134,0.00276141,0.02859183167209178,-3.55463421,36.257,5.493,947,35.778,58.645,219.287,0
181.097,454.247,0.00220145,1.739901874615902,0.55382872,51.842,1.218,455,237.97,67.574,168.221,1
155.874,429.024,0.00233087,0.6731574137867683,-0.39577608,44.069,8.827,673,164.354,49.728,33.177,0
149.168,422.318,0.00236788,0.5130747068764222,-0.66733382,44.428,6.051,239,89.618,64.249,217.008,0
53.793,326.943,0.00305864,0.003229573218350509,-5.73540528,38.365,11.194,923,121.113,67.156,201.416,0
148.859,422.009,0.00236962,0.5065892851829759,-0.68005469,44.453,8.939,665,147.331,62.47,133.914,0
106.931,380.081,0.00263102,0.07442560352549249,-2.59795526,45.052,9.611,1186,292.211,54.88,180.261,0
119.717,392.867,0.00254539,0.1394980273497275,-1.96970482,40.922,9.325,1034,258.149,65.646,124.082,0
138.385,411.535,0.00242993,0.3254504245359914,-1.12254513,44.625,7.142,759,215.782,52.145,109.723,0
60.162,333.312,0.00300019,0.004958796767531484,-5.30659215,40.323,3.942,742,292.661,57.846,171.11,0
101.281,374.431,0.00267072,0.05561837049081322,-2.88924173,42.998,6.766,287,141.501,62.243,165.369,0
94.757,367.907,0.00271808,0.03929268099594022,-3.23671701,40.178,5.364,945,19.809,53.351,111.21,0
151.067,424.217,0.00235728,0.5545696241516481,-0.58956292,47.347,8.99,1071,58.075,73.065,246.98,0
156.074,429.224,0.00232979,0.6785429924769691,-0.38780744,46.322,5.992,1035,199.885,61.818,99.142,0
190.571,463.721,0.00215647,2.420130444386161,0.88382144,52.477,5.277,769,267.878,60.34,33.626,1
179.899,453.049,0.00220727,1.667153618568628,0.51111775,54.657,5.551,283,180.957,65.992,106.539,1
64.71,337.86,0.00295981,0.006669049714740666,-5.0102779,35.913,10.035,639,38.705,68.974,115.963,0
95.531,368.681,0.00271237,0.0409726708332467,-3.19485,36.496,8.713,1036,263.772,64.816,226.751,0
145.57,418.72,0.00238823,0.4419231265348496,-0.81661933,40.781,13.575,649,65.3,57.412,67.862,0
84.545,357.695,0.00279568,0.02223544806419512,-3.8060675,44.341,3.99,362,265.066,63.939,129.121,0
74.715,347.865,0.00287468,0.01245421698425627,-4.385696,41.851,3.839,867,106.368,56.445,60.673,0
97.198,370.348,0.00270016,0.04481226596977808,-3.10527338,43.692,4.731,217,255.353,62.955,64.811,0
52.541,325.691,0.00307039,0.002962645652749557,-5.82167261,43.596,7.615,1199,10.097,71.26,13.262,0
109.24,382.39,0.00261513,0.08362672187083296,-2.48139217,45.316,11.714,671,225.7,69.584,6.694,0
72.063,345.213,0.00289676,0.01059126144974018,-4.54772601,35.201,7.073,535,238.202,64.868,236.727,0
165.133,438.283,0.00228163,0.9660951547343156,-0.03449295,50.437,1.835,1038,166.482,63.44,133.34,1
176.812,449.962,0.00222241,1.491843024950885,0.40001229,49.554,3.074,303,269.467,54.283,153.109,1
49.694,322.844,0.00309747,0.002428863408152948,-6.02033186,40.706,7.586,144,277.028,53.347,138.603,0
136.633,409.783,0.00244032,0.3015650920876219,-1.19876939,37.938,2.577,391,122.428,65.868,71.212,0
61.07,334.22,0.00299204,0.005264393945260223,-5.24678925,39.919,13.309,399,136.075,58.818,142.254,0
138.614,411.764,0.00242858,0.3286933713001047,-1.11262996,41.983,10.131,726,273.728,50.41,178.729,0
91.843,364.993,0.00273978,0.0335092742166048,-3.39593304,39.905,11.687,451,177.559,50.021,195.376,0
119.297,392.447,0.00254811,0.136737590826758,-1.98969159,45.733,3.877,275,243.48,56.686,83.845,0
48.726,321.876,0.00310679,0.002268405804228877,-6.08867798,43.829,2.22,818,135.045,53.51,176.614,0
114.025,387.175,0.00258281,0.1060058080128557,-2.24426139,42.031,2.578,992,284.301,66.64,29.632,0
95.637,368.787,0.00271159,0.04120770785654859,-3.18912996,38.062,14.117,639,217.287,49.927,68.766,0
185.576,458.726,0.00217995,2.037120611172725,0.71153735,48.109,3.584,773,227.056,51.447,183.56,1
40.697,313.847,0.00318627,0.001266091751299283,-6.67182048,44.738,8.37,1109,185.347,51.277,134.904,0
132.042,405.192,0.00246797,0.2461936610263971,-1.40163681,41.971,11.867,252,30.078,50.122,180.925,0
146.738,419.888,0.00238159,0.4639970459405942,-0.76787709,44.18,5.242,984,48.722,66.053,33.437,0
172.263,445.413,0.00224511,1.262988253883521,0.23348054,51.45,4.685,255,174.523,63.097,53.977,1
61.171,334.321,0.00299114,0.00529942348216027,-5.24015724,43.541,7.35,247,154.913,59.368,170.288,0
164.402,437.552,0.00228544,0.9394502669343652,-0.0624604,44.243,7.557,281,218.96,50.119,92.696,0
137.329,410.479,0.00243618,0.3108606239145062,-1.16841062,45.534,14.196,563,265.865,50.367,30.394,0
172.568,445.718,0.00224357,1.277305050727443,0.24475243,48.142,2.862,599,147.061,73.178,78.091,1
71.324,344.474,0.00290298,0.01011919290391128,-4.59332137,43.226,8.149,231,83.275,72.804,137.43,0
37.582,310.732,0.00321821,0.001001581215896214,-6.90617531,40.079,12.445,1178,263.972,51.605,107.701,0
66.077,339.227,0.00294788,0.007278960580777713,-4.9227672,40.399,14.743,164,160.58,71.9,237.262,0
151.595,424.745,0.00235435,0.5666219396165615,-0.56806297,46.456,11.84,591,294.437,57.512,163.741,0
103.547,376.697,0.00265465,0.0625763203715088,-2.77136834,44.371,1.441,549,199.776,64.471,210.257,0
40.661,313.811,0.00318663,0.001262700818977151,-6.67450234,40.213,11.159,1006,199.405,67.662,121.608,0
36.953,310.103,0.00322474,0.0009547423681730662,-6.95406903,42.143,14.457,395,76.728,62.757,208.361,0
70.087,343.237,0.00291344,0.009371500297855665,-4.67008208,42.61,12.548,934,88.964,57.665,81.427,0
137.253,410.403,0.00243663,0.3098333669710774,-1.17172065,47.069,8.578,1061,217.476,63.686,11.034,0
196.95,470.1,0.00212721,2.999717620160305,1.09851816,57.674,2.014,123,47.602,71.444,141.7,1
117.676,390.826,0.00255868,0.1265353162533848,-2.06723383,44.577,9.555,599,140.68,66.046,37.278,0
181.141,454.291,0.00220123,1.742625897770274,0.55539311,51.006,8.068,621,46.235,51.043,210.587,1
113.217,386.367,0.00258821,0.1018869541605676,-2.28389137,39.73,1.454,417,79.479,60.131,64.171,0
124.065,397.215,0.00251753,0.1711392264720209,-1.76527786,46.172,14.255,153,56.605,70.895,163.38,0
191.579,464.729,0.00215179,2.504626412493625,0.91813959,56.718,2.315,793,263.899,57.791,145.273,1
124.6,397.75,0.00251414,0.1754444282463508,-1.74043293,37.393,5.23,145,173.365,65.088,216.451,0
140.896,414.046,0.00241519,0.3626112846182135,-1.01442386,42.209,3.386,1025,163.983,67.46,142.429,0
179.09,452.24,0.00221122,1.619548444614088,0.48214737,50.573,6.742,1163,193.613,66.491,50.3,1
140.313,413.463,0.0024186,0.3536632013524955,-1.03941023,41.722,2.601,268,262.15,69.21,79.74,0
48.168,321.318,0.00311218,0.002180365061046663,-6.12826296,37.127,8.18,702,218.701,53.558,53.161,0
127.345,400.495,0.00249691,0.1990893510421716,-1.61400155,36.885,7.453,213,215.291,71.731,150.228,0
79.751,352.901,0.00283366,0.01682796761927621,-4.08471304,44.42,10.725,933,55.39,50.814,142.878,0
134.899,408.049,0.00245069,0.2794714819463127,-1.27485502,43.892,3.974,690,133.421,51.551,34.027,0
106.396,379.546,0.00263473,0.07242776610392261,-2.62516554,41.032,12.264,946,125.881,63.843,210.075,0
98.378,371.528,0.00269159,0.04772252792692191,-3.04235171,40.651,1.1,447,80.558,65.184,211.312,0
42.439,315.589,0.00316868,0.001440479314212606,-6.54277936,39.34,8.908,728,92.849,53.363,178.418,0
112.674,385.824,0.00259186,0.09920001115356569,-2.31061715,39.351,6.7,800,98.427,64.892,145.604,0
130.57,403.72,0.00247696,0.2304644907198682,-1.46765848,44.525,9.115,799,17.335,66.999,37.529,0
89.584,362.734,0.00275684,0.02956626708546619,-3.52112119,38.531,2.19,282,158.726,63.047,71.422,0
86.795,359.945,0.0027782,0.02527730734845977,-3.67784823,43.775,3.924,925,228.544,70.009,181.054,0
139.852,413.002,0.0024213,0.34672690338749,-1.05921783,39.828,3.401,594,94.111,51.714,203.21,0
149.626,422.776,0.00236532,0.5228225661302235,-0.64851313,40.266,2.081,1164,226.564,49.653,13.191,0
111.294,384.444,0.00260116,0.09265440621692765,-2.37887877,42.108,12.292,977,56.058,69.17,203.309,0
41.57,314.72,0.00317743,0.001350914904535635,-6.60697321,35.045,9.009,945,239.57,59.444,71.025,0
117.275,390.425,0.00256131,0.1241188838188844,-2.08651543,39.214,12.822,616,161.265,59.814,53.593,0
117.701,390.851,0.00255852,0.1266873491872221,-2.06603305,44.141,2.456,470,30.06,63.252,17.014,0
151.412,424.562,0.00235537,0.5624187488607322,-0.5755086,49.328,4.729,144,133.304,49.548,201.383,1
168.804,441.954,0.00226268,1.110219272045783,0.10455754,49.577,3.18,966,287.932,53.758,42.404,1
72.763,345.913,0.0028909,0.01105672360166774,-4.50471657,42.11,13.039,1010,205.853,54.112,241.998,0
135.546,408.696,0.00244681,0.2875409452207414,-1.24639001,46.325,6.338,853,51.68,66.616,14.683,0
95.054,368.204,0.00271589,0.03992985654155102,-3.22063095,44.282,4.123,237,137.4,61.808,130.261,0
185.054,458.204,0.00218243,2.000337865605912,0.6933161,53.141,1.184,592,224.069,62.448,38.337,1
59.339,332.489,0.00300762,0.004695836708930866,-5.36107897,36.458,5.052,867,185.553,71.963,151.331,0
75.59,348.74,0.00286747,0.01313103792380664,-4.33277654,39.951,1.805,134,253.858,68.228,174.465,0
83.018,356.168,0.00280766,0.02036355612650067,-3.89400844,40.773,10.01,359,243.334,61.059,105.164,0
42.525,315.675,0.00316781,0.001449631805267348,-6.53644568,39.766,12.506,522,222.3,52.11,214.954,0
132.064,405.214,0.00246783,0.2464358127435456,-1.40065371,40.077,11.962,1046,273.81,58.057,231.76,0
79.674,352.824,0.00283427,0.01675178668313771,-4.08925036,44.355,12.748,754,272.574,49.503,111.345,0
107.937,381.087,0.00262407,0.07831652418963422,-2.54699666,41.601,6.503,191,58.538,52.039,184.935,0
68.923,342.073,0.00292335,0.008714039356659892,-4.74281983,40.918,14.667,532,58.04,70.293,129.759,0
104.481,377.631,0.00264809,0.06566462133696334,-2.72319499,41.759,13.163,1178,284.612,64.816,12.05,0
132.803,405.953,0.00246334,0.25469400497213,-1.36769243,45.065,4.369,861,250.181,73.029,248.748,0
57.979,331.129,0.00301997,0.004288957748759642,-5.45171152,44.524,5.683,800,120.349,65.261,40.08,0
188.156,461.306,0.00216776,2.227747062222546,0.80099079,55.237,10.535,233,118.468,64.444,215.796,1
187.648,460.798,0.00217015,2.189025952378315,0.78345667,49.343,2.68,303,188.9,57.048,155.235,1
85.888,359.038,0.00278522,0.02400864016249778,-3.72934151,40.709,12.111,388,223.514,57.32,68.049,0
38.11,311.26,0.00321275,0.001042512675531349,-6.86612145,40.654,1.812,1129,179.636,50.122,37.924,0
111.669,384.819,0.00259862,0.09439369735757719,-2.36028097,39.204,8.543,523,265.179,51.613,227.682,0
102.429,375.579,0.00266256,0.05905140171582084,-2.829347,39.604,14.38,1038,130.098,58.773,187.244,0
132.449,405.599,0.00246549,0.2507079037498015,-1.38346675,37.5,8.159,993,129.464,53.839,84.633,0
196.399,469.549,0.0021297,2.945278675699887,1.08020344,52.734,9.745,786,231.516,67.45,166.009,1
50.398,323.548,0.00309073,0.002551988388787302,-5.97088246,35.964,3.129,1013,97.887,68.993,199.617,0
139.645,412.795,0.00242251,0.3436518114643,-1.06812631,44.568,14.373,139,83.585,51.649,193.294,0
114.017,387.167,0.00258286,0.1059643079458743,-2.24465296,40.321,11.241,791,251.097,60.321,153.828,0
114.141,387.291,0.00258204,0.1066091948575627,-2.23858552,39.895,8.552,250,15.013,50.597,63.255,0
190.285,463.435,0.0021578,2.396614605939295,0.87405716,57.028,8.954,203,28.697,72.584,249.763,1
98.571,371.721,0.00269019,0.04821436393510341,-3.0320983,37.733,8.235,421,142.487,54.832,48.668,0
78.774,351.924,0.00284152,0.0158841866606132,-4.14243121,37.735,4.712,977,29.921,70.623,59.379,0
37.447,310.597,0.00321961,0.0009913546490471425,-6.91643822,44.951,11.937,441,213.565,63.652,133.596,0
94.418,367.568,0.00272059,0.03857659094078877,-3.25510964,36.476,2.36,535,292.351,60.568,130.395,0
72.482,345.632,0.00289325,0.01086769279365131,-4.52196085,36.396,11.684,448,275.436,52.251,69.805,0
192.713,465.863,0.00214655,2.602753658894932,0.95656998,48.373,13.122,534,172.281,51.698,16.659,0
94.154,367.304,0.00272254,0.03802708479656305,-3.26945662,39.951,7.555,876,86.364,51.698,205.369,0
192.635,465.785,0.00214691,2.595898284243059,0.95393262,54.237,9.333,755,290.188,54.181,142.258,1
101.774,374.924,0.00266721,0.05707007105348015,-2.86347545,36.659,11.233,956,163.672,56.667,39.368,0
38.561,311.711,0.0032081,0.001078681064343396,-6.83201622,38.32,8.295,278,65.023,53.603,133.391,0
60.119,333.269,0.00300058,0.004944732985540603,-5.30943231,41.563,3.998,1136,157.639,61.876,129.951,0
35.522,308.672,0.00323968,0.0008555583169639811,-7.0637563,42.259,2.664,930,242.774,68.684,201.862,0
85.767,358.917,0.00278616,0.02384380753406913,-3.73623074,40.948,11.71,294,128.528,58.738,157.055,0
80.271,353.421,0.00282949,0.017350687512832,-4.05412315,39.674,5.76,336,128.82,67.771,192.496,0
197.978,471.128,0.00212257,3.103633069800366,1.13257338,53.892,2.818,188,179.261,72.556,125.011,1
96.623,369.773,0.00270436,0.0434528042303191,-3.13607989,36.316,4.64,861,206.884,58.995,27.537,0
192.046,465.196,0.00214963,2.544638389483084,0.93398855,51.516,4.18,424,223.267,52.007,5.275,1
93.739,366.889,0.00272562,0.03717750642813622,-3.29205137,43.731,5.201,138,160.115,51.611,105.671,0
171.844,444.994,0.00224722,1.243550214111855,0.21797036,46.098,6.5,1133,107.351,59.628,42.082,0
64.746,337.896,0.00295949,0.006684497596879961,-5.00796423,36.49,13.212,1072,140.846,67.646,68.063,0
39.405,312.555,0.00319944,0.001149467771566314,-6.76845625,36.854,12.998,228,67.193,68.604,125.394,0
199.806,472.956,0.00211436,3.296182720233646,1.19276505,54.51,9.519,258,144.353,52.112,95.81,1
52.48,325.63,0.00307097,0.002950169429429896,-5.82589268,37.424,1.656,1030,87.13,62.017,20.183,0
80.78,353.93,0.00282542,0.01787651559914501,-4.02426741,35.616,5.639,491,139.777,53.302,126.467,0
108.224,381.374,0.0026221,0.07945948110314284,-2.53250806,42.801,5.898,1123,158.673,54.857,7.74,0
122.849,395.999,0.00252526,0.1617024227922384,-1.82199753,43.815,9.675,1175,91.749,59.099,140.705,0
158.998,432.148,0.00231402,0.7617414341866634,-0.27214811,42.296,9.255,679,114.977,54.764,55.685,0
69.705,342.855,0.00291668,0.009150940535325428,-4.69389861,43.768,9.395,599,235.513,48.918,247.803,0
172.213,445.363,0.00224536,1.260654738893475,0.23163122,46.56,12.846,368,195.406,53.65,77.934,0
107.468,380.618,0.00262731,0.0764804454926434,-2.57072019,37.135,10.985,339,159.837,49.875,69.871,0
195.207,468.357,0.00213512,2.830448098606452,1.04043504,48.717,12.689,279,237.563,50.83,32.582,0
41.362,314.512,0.00317953,0.001330246547497924,-6.62239098,41.656,5.232,874,219.839,56.426,125.452,0
116.568,389.718,0.00256596,0.1199587521484487,-2.12060733,38.266,9.58,159,109.093,61.1,242.537,0
116.062,389.212,0.00256929,0.1170583273357504,-2.14508294,45.531,14.274,972,197.801,49.638,124.066,0
158.635,431.785,0.00231597,0.7509460469498369,-0.28642147,46.953,4.375,292,113.467,53.923,114.656,0
123.387,396.537,0.00252183,0.1658187587487651,-1.7968599,37.083,3.689,106,229.999,53.216,43.482,0
132.825,405.975,0.00246321,0.2549435787008271,-1.36671302,42.061,8.005,989,296.406,65.764,109.433,0
71.832,344.982,0.0028987,0.01044160023788208,-4.56195743,41.404,10.607,148,133.138,52.009,99.677,0
142.554,415.704,0.00240556,0.3891665306003683,-0.94374793,38.326,6.909,1030,112.206,62.283,76.726,0
195.229,468.379,0.00213502,2.832531548453789,1.04117085,51.85,2.42,128,201.416,72.557,200.048,1
59.284,332.434,0.00300812,0.004678723942119164,-5.36472987,43.17,9.142,894,45.576,72.343,70.376,0
129.471,402.621,0.00248373,0.2193108307906618,-1.51726524,46.779,13.16,818,11.614,48.909,80.752,0
63.616,336.766,0.00296942,0.006214786814745844,-5.08082386,41.181,7.223,409,128.08,61.643,117.221,0
155.756,428.906,0.00233151,0.6699976583309544,-0.40048106,48.29,10.992,817,27.165,52.543,94.214,0
173.385,446.535,0.00223947,1.316360107950283,0.27487043,46.212,6.703,208,38.793,68.364,73.249,0
184.443,457.593,0.00218535,1.958023129603942,0.67193536,51.714,9.717,681,112.114,51.454,31.282,1
87.491,360.641,0.00277284,0.02629149628748353,-3.63850973,44.748,5.171,1052,220.634,58.277,8.221,0
131.635,404.785,0.00247045,0.2417518681599019,-1.41984342,46.144,11.258,1154,119.29,65.79,228.795,0
81.715,354.865,0.00281797,0.01888008705038515,-3.96964751,35.5,3.524,643,119.968,59.966,104.276,0
136.013,409.163,0.00244401,0.2934934064264663,-1.22590011,44.888,13.336,903,118.888,66.519,105.759,0
38.118,311.268,0.00321267,0.001043144454142729,-6.86551561,41.841,10.038,486,260.563,51.609,19.914,0
156.527,429.677,0.00232733,0.690882234618807,-0.3697859,49.108,4.902,157,45.698,64.996,115.905,1
109.649,382.799,0.00261234,0.08535881054034196,-2.46089161,45.779,5.557,182,276.108,50.19,14.526,0
89.795,362.945,0.00275524,0.02991599124572491,-3.50936212,41.307,3.097,486,218.684,55.507,219.383,0
167.849,440.999,0.00226758,1.071014941151452,0.06860674,51.717,8.744,240,233.49,50.344,120.143,1
87.443,360.593,0.00277321,0.02622039195954594,-3.64121785,37.248,4.102,817,194.969,51.287,136.447,0
163.862,437.012,0.00228827,0.9201850988363653,-0.08318043,47.554,13.767,619,12.53,68.104,76.762,0
157.968,431.118,0.00231955,0.7314613122721074,-0.31271095,49.054,10.541,633,106.794,72.884,58.232,0
78.95,352.1,0.0028401,0.01605058441214117,-4.13201002,36.59,9.411,724,170.219,67.451,42.418,0
174.237,447.387,0.0022352,1.358201656187217,0.30616151,50.529,11.693,397,168.357,63.204,54.313,1
59.156,332.306,0.00300927,0.004639117223934029,-5.37323118,44.59,2.145,1080,110.606,51.101,238.528,0
195.903,469.053,0.00213196,2.897012600802755,1.06368007,52.86,1.814,781,243.47,61.673,155.895,1
107.463,380.613,0.00262734,0.07646108072455172,-2.57097342,41.329,6.459,1054,207.725,56.214,6.937,0
139.316,412.466,0.00242444,0.3388141347179239,-1.0823036,47.439,1.106,1155,286.316,52.787,110.39,1
49.574,322.724,0.00309862,0.002408425027581433,-6.02878226,40.975,6.059,742,174.014,58.802,12.311,0
136.715,409.865,0.00243983,0.3026472684444902,-1.19518728,44.273,12.519,106,53.13,57.205,118.421,0
50.64,323.79,0.00308842,0.002595609553414596,-5.95393389,43.862,10.314,535,163.139,65.265,29.381,0
150.518,423.668,0.00236034,0.5422789157235741,-0.61197481,46.447,6.629,201,246.37,60.834,23.047,0
37.21,310.36,0.00322206,0.0009736322282740753,-6.93447691,42.112,8.155,521,97.733,52.871,83.751,0
109.549,382.699,0.00261302,0.08493237542554698,-2.46589992,43.399,13.286,832,210.214,59.791,196.306,0
66.215,339.365,0.00294668,0.007343262219580695,-4.91397209,43.03,6.891,493,131.645,51.357,83.336,0
71.473,344.623,0.00290172,0.01021280941727609,-4.58411252,36.024,7.366,170,174.972,58.226,218.445,0
162.879,436.029,0.00229343,0.8860070932457038,-0.12103032,44.231,12.995,943,154.76,60.94,248.455,0
182.215,455.365,0.00219604,1.810285936621898,0.59348481,46.017,13.702,967,146.183,70.792,187.181,0
173.605,446.755,0.00223836,1.327054361254404,0.28296172,47.054,10.871,840,25.068,62.975,90.616,0
187.848,460.998,0.00216921,2.204199668994462,0.79036448,47.469,7.66,599,89.04,71.337,170.28,0
89.732,362.882,0.00275572,0.02981118295302242,-3.51287169,40.189,6.561,758,91.193,70.389,47.967,0
149.907,423.057,0.00236375,0.5288840187190403,-0.63698612,44.667,4.717,594,91.074,53.333,208.373,0
89.992,363.142,0.00275374,0.03024587100183224,-3.4983956,45.013,7.237,599,252.628,53.354,140.478,0
181.907,455.057,0.00219753,1.790651144030229,0.58257932,54.483,5.065,662,191.181,49.768,246.809,1
165.151,438.301,0.00228154,0.966759562089309,-0.03380546,43.264,3.717,373,138.197,72.047,208.086,0
73.558,346.708,0.00288427,0.01160776799290403,-4.45608075,37.991,14.964,646,99.597,71.304,236.251,0
76.096,349.246,0.00286331,0.01353745503261555,-4.30229499,40.225,2.329,834,222.714,70.065,67.266,0
175.917,449.067,0.00222684,1.44414051066538,0.36751434,47.047,7.877,575,126.994,63.428,204.471,0
172.657,445.807,0.00224312,1.281509520102978,0.2480387,48.372,1.226,208,195.089,61.522,155.72,1
136.706,409.856,0.00243988,0.3025283247027212,-1.19558037,40.963,10.718,749,244.592,68.393,167.92,0
160.281,433.431,0.00230717,0.8010023459760952,-0.2218914,50.253,13.682,701,237.099,72.861,227.922,0
52.561,325.711,0.00307021,0.00296674667144252,-5.82028932,43.584,4.988,1021,213.087,63.689,223.612,0
56.789,329.939,0.00303086,0.003959538015537428,-5.53162792,42.431,9.698,1166,281.891,53.189,52.102,0
58.317,331.467,0.00301689,0.004386966825208226,-5.42911722,35.104,7.082,1178,242.09,56.016,220.773,0
170.811,443.961,0.00225245,1.196746476648444,0.17960661,45.293,9.023,1048,247.637,67.511,89.357,0
55.302,328.452,0.00304458,0.003580317650570253,-5.63230375,36.554,10.142,390,260.426,56.326,25.531,0
102.932,376.082,0.00265899,0.06061462173879747,-2.80321913,43.463,9.037,838,177.367,55.998,21.274,0
81.42,354.57,0.00282032,0.01855809090287589,-3.98684942,35.616,4.051,859,280.097,63.158,187.645,0
158.281,431.431,0.00231787,0.7405485492886401,-0.30036408,42.678,8.01,113,50.642,49.349,128.916,0
185.193,458.343,0.00218177,2.010075274366989,0.69817217,46.677,3.989,178,32.65,56.476,29.852,0
172.509,445.659,0.00224387,1.274524502275982,0.24257317,52.053,8.211,525,256.863,69.13,219.463,1
144.775,417.925,0.00239277,0.4274356177972614,-0.8499516,42.382,12.229,595,87.917,48.96,118.854,0
67.416,340.566,0.00293629,0.00792502301382255,-4.83773006,36.834,5.981,710,153.312,60.673,110.416,0
138.244,411.394,0.00243076,0.323467834838897,-1.1286556,45.406,7.045,484,25.33,50.481,204.257,0
120.108,393.258,0.00254286,0.1421124742647851,-1.95113646,44.467,14.776,1141,264.755,66.517,21.13,0
134.398,407.548,0.0024537,0.2733618785121465,-1.2969588,45.483,14.658,444,267.217,54.396,41.706,0
117.378,390.528,0.00256064,0.1247355949966743,-2.08155902,41.461,10.827,847,209.449,55.767,15.707,0
158.804,431.954,0.00231506,0.7559550884887531,-0.27977331,41.072,3.082,1167,30.771,63.342,170.995,0
111.669,384.819,0.00259862,0.09439369735757719,-2.36028097,40.634,3.207,621,121.604,60.128,210.649,0
142.718,415.868,0.00240461,0.391884669907917,-0.93678769,41.0,6.901,1058,103.829,51.814,61.372,0
189.747,462.897,0.00216031,2.352919015531811,0.85565669,52.656,9.719,935,144.068,68.001,208.944,1
163.238,436.388,0.00229154,0.8983572564275966,-0.10718745,43.9,5.812,492,243.731,68.54,100.526,0
73.169,346.319,0.00288751,0.01133510475514672,-4.47985075,36.226,7.73,977,34.319,56.134,139.569,0
97.898,371.048,0.00269507,0.04651880313848281,-3.06789868,42.14,1.707,1036,198.67,50.958,218.427,0
123.637,396.787,0.00252024,0.167763161658866,-1.78520205,45.719,12.903,1178,279.309,49.854,26.551,0
117.383,390.533,0.0025606,0.1247656019940318,-2.08131849,39.205,1.619,918,175.696,51.145,170.781,0
177.095,450.245,0.00222101,1.507211546284805,0.41026129,49.632,5.24,232,186.447,49.924,85.418,1
86.641,359.791,0.00277939,0.02505772788406662,-3.686573,42.986,12.844,1002,15.598,55.05,94.028,0
124.664,397.814,0.00251374,0.1759658554554906,-1.73746531,42.377,11.904,636,162.624,72.246,245.941,0
39.755,312.905,0.00319586,0.00118004934775945,-6.74219902,40.754,10.18,287,198.602,62.017,17.119,0
53.95,327.1,0.00305717,0.003264547843264252,-5.72463401,43.921,12.269,679,261.217,54.783,198.061,0
43.525,316.675,0.00315781,0.001560029124437017,-6.46305079,40.621,14.299,946,46.545,63.879,27.538,0
140.475,413.625,0.00241765,0.3561297594079266,-1.03246012,44.485,2.8,162,205.462,52.301,186.466,0
68.878,342.028,0.00292374,0.008689483293021156,-4.7456418,43.179,10.296,619,32.628,65.959,208.569,0
194.878,468.028,0.00213662,2.799450145097885,1.02942302,56.274,3.114,744,184.721,54.493,100.533,1
57.897,331.047,0.00302072,0.0042654826562524,-5.45719994,36.069,7.668,289,198.455,63.157,133.479,0
138.881,412.031,0.002427,0.3325106465187633,-1.1010834,44.049,9.641,663,184.676,58.508,17.973,0
101.446,374.596,0.00266954,0.05610049883644053,-2.88061057,45.041,7.639,1185,85.685,49.887,167.822,0
150.681,423.831,0.00235943,0.5459026705719272,-0.60531458,41.05,3.751,711,101.687,62.667,239.062,0
184.193,457.343,0.00218654,1.940936579420172,0.66317063,53.371,7.286,257,108.355,57.0,20.717,1
154.306,427.456,0.00233942,0.6322258333302659,-0.45850862,49.428,9.441,571,194.167,55.805,159.444,1
195.973,469.123,0.00213164,2.903782255627102,1.06601411,54.318,8.1,826,43.231,61.856,197.417,1
77.064,350.214,0.0028554,0.01434680691521998,-4.24422788,42.839,3.376,1040,24.903,71.323,125.612,0
111.463,384.613,0.00260002,0.09343466343810795,-2.37049287,45.482,7.22,568,225.864,51.385,235.812,0
182.317,455.467,0.00219555,1.816829802206362,0.59709312,50.237,6.414,299,179.281,56.586,62.253,1
109.501,382.651,0.00261335,0.08472836515790572,-2.46830484,44.315,7.752,734,55.303,54.105,176.754,0
169.622,442.772,0.0022585,1.144797411571941,0.13522769,46.303,2.043,862,65.939,58.376,42.13,1
50.866,324.016,0.00308627,0.002636959437157842,-5.93812875,36.578,11.457,995,41.106,57.406,233.624,0
175.907,449.057,0.00222689,1.443615174076986,0.36715051,44.838,7.021,508,75.184,66.352,99.02,0
150.297,423.447,0.00236157,0.5373997123780045,-0.62101312,45.425,8.121,541,231.932,66.387,58.747,0
125.068,398.218,0.00251119,0.1792893735150679,-1.71875417,42.871,13.966,672,30.167,49.905,68.81,0
156.626,429.776,0.00232679,0.693605118871358,-0.36585247,43.55,2.521,1033,171.697,59.779,173.031,0
112.315,385.465,0.00259427,0.09745855877558351,-2.32832803,36.509,3.988,492,30.778,70.994,104.665,0
184.248,457.398,0.00218628,1.944684380306577,0.66509969,49.632,13.748,765,59.842,71.383,100.641,0
164.99,438.14,0.00228238,0.9608310764954547,-0.03995666,49.272,4.885,870,123.239,54.335,35.417,1
41.677,314.827,0.00317635,0.001361661154434116,-6.59904989,41.143,11.164,838,228.423,59.472,55.734,0
61.636,334.786,0.00298698,0.005463447074177554,-5.20967536,42.947,9.619,895,179.49,49.425,166.441,0
104.475,377.625,0.00264813,0.06564435351410251,-2.72350369,42.071,8.19,278,115.251,59.864,120.968,0
164.94,438.09,0.00228264,0.9589964584384599,-0.0418679,45.429,7.317,603,287.033,72.536,121.533,0
180.25,453.4,0.00220556,1.688186613611552,0.52365494,52.977,6.468,509,277.105,71.073,59.479,1
159.822,432.972,0.00230962,0.7867562605587703,-0.23983679,49.33,13.162,233,50.675,53.847,172.153,0
99.372,372.522,0.00268441,0.05030466210737641,-2.98965752,45.107,14.172,518,152.198,52.644,109.426,0
63.936,337.086,0.0029666,0.006344661928335212,-5.06014146,39.435,2.064,592,26.555,55.378,205.733,0
185.292,458.442,0.0021813,2.017035818478376,0.70162902,50.669,11.963,803,20.116,71.65,142.886,1
178.011,451.161,0.0022165,1.557912162445237,0.44334657,45.241,5.332,633,187.613,66.975,122.425,0
172.875,446.025,0.00224203,1.291859510714511,0.25608266,48.004,7.215,969,124.295,50.244,83.612,1
120.557,393.707,0.00253996,0.1451686346495538,-1.92985921,46.236,5.347,290,93.096,72.643,44.017,0
153.232,426.382,0.00234531,0.6054741229968864,-0.50174345,46.945,10.638,271,100.98,52.242,56.238,0
115.995,389.145,0.00256974,0.1166790170063765,-2.14832856,40.667,10.235,814,291.533,62.981,236.582,0
97.024,370.174,0.00270143,0.044396901351803,-3.1145856,40.321,1.251,1017,263.046,67.976,151.573,0
69.046,342.196,0.0029223,0.008781480653012584,-4.73511025,39.289,6.499,916,139.042,56.123,208.481,0
151.394,424.544,0.00235547,0.5620068133923968,-0.57624131,42.31,8.99,414,211.747,60.957,199.901,0
132.217,405.367,0.0024669,0.2481257363600705,-1.39381966,43.329,1.189,291,108.592,61.727,19.564,0
92.883,366.033,0.00273199,0.03547885927057992,-3.33881827,37.288,10.929,400,184.781,55.765,204.998,0
108.347,381.497,0.00262125,0.07995387834965074,-2.52630533,42.942,4.275,492,45.861,62.305,38.063,0
146.761,419.911,0.00238146,0.4644413497121163,-0.76691999,47.647,1.375,245,299.491,65.336,104.478,1
149.739,422.889,0.00236469,0.5252526609866734,-0.64387587,40.135,5.128,965,58.322,64.485,203.191,0
135.837,408.987,0.00244507,0.2912373476489685,-1.23361672,39.444,5.53,1132,115.285,62.341,97.661,0
98.503,371.653,0.00269068,0.04804055725545021,-3.03570968,38.551,4.861,1164,210.842,52.037,110.831,0
191.665,464.815,0.00215139,2.511953236585581,0.92106063,55.116,8.309,221,248.418,51.79,47.547,1
65.076,338.226,0.0029566,0.006827624420700576,-4.98677848,38.034,5.368,963,162.795,66.485,79.78,0
68.305,341.455,0.00292864,0.00838224183457459,-4.78163988,35.956,7.107,704,85.67,66.317,227.977,0
107.838,380.988,0.00262475,0.0779256949247975,-2.55199954,42.558,2.944,432,176.115,68.662,14.089,0
40.941,314.091,0.00318379,0.001289295112104459,-6.65365963,42.114,14.598,308,94.653,57.586,177.599,0
134.036,407.186,0.00245588,0.2690215368575764,-1.31296384,45.474,11.457,674,54.907,56.829,146.266,0
110.369,383.519,0.00260743,0.0884861856559782,-2.42490883,40.391,3.445,1072,11.425,68.567,12.92,0
71.799,344.949,0.00289898,0.01042037718997086,-4.56399204,39.432,9.011,734,138.576,71.321,46.951,0
133.235,406.385,0.00246072,0.2596346942381231,-1.34847966,47.303,9.151,258,299.076,69.587,209.725,0
82.456,355.606,0.0028121,0.0197112739819608,-3.92656452,43.596,1.042,525,273.05,71.712,111.676,0
60.734,333.884,0.00299505,0.005149369250577326,-5.26888105,42.275,12.345,665,202.155,63.698,168.003,0
167.929,441.079,0.00226717,1.074251673325199,0.0716243,46.901,8.426,862,194.576,54.765,81.468,0
145.167,418.317,0.00239053,0.4345256791261824,-0.83350024,40.275,5.701,680,295.572,55.33,52.213,0
140.25,413.4,0.00241896,0.3527080855784608,-1.04211452,39.496,13.049,755,265.973,63.845,40.145,0
117.486,390.636,0.00255993,0.1253851828978326,-2.07636482,42.885,8.116,190,30.646,70.943,168.751,0
51.692,324.842,0.00307842,0.002793248183657258,-5.88055014,38.846,13.216,332,285.6,70.539,21.948,0
157.639,430.789,0.00232132,0.7220157670897147,-0.3257083,46.98,2.724,137,224.401,72.137,33.703,1
54.106,327.256,0.00305571,0.003299641060813793,-5.71394159,44.991,3.455,110,217.344,58.188,14.437,0
44.328,317.478,0.00314982,0.001654180771798989,-6.40444939,44.011,9.35,528,285.329,68.352,61.356,0
160.635,433.785,0.00230529,0.8121444075208453,-0.20807711,44.437,7.363,586,161.425,66.35,204.926,0
43.864,317.014,0.00315443,0.001599162841220541,-6.43827501,40.714,12.273,433,207.878,55.912,22.439,0
131.264,404.414,0.00247271,0.2377652262851375,-1.43647154,43.976,10.256,714,108.164,58.858,5.533,0
185.104,458.254,0.0021822,2.003835766285154,0.69506323,55.415,13.494,1140,49.896,61.53,16.586,1
163.633,436.783,0.00228947,0.9121208965987192,-0.09198274,46.456,6.091,698,90.531,50.769,182.37,0
51.267,324.417,0.00308245,0.002711809053955916,-5.91013932,36.512,6.38,979,11.854,71.944,199.701,0
190.275,463.425,0.00215785,2.395795998764156,0.87371553,49.083,10.964,471,164.084,65.363,218.986,0
125.231,398.381,0.00251016,0.1806460630303758,-1.71121561,42.163,8.766,962,117.905,51.176,109.809,0
94.839,367.989,0.00271747,0.03946768088440797,-3.23227315,40.539,11.64,944,72.198,70.195,192.86,0
90.16,363.31,0.00275247,0.03052977512087468,-3.48905284,40.753,4.529,918,215.641,72.482,75.583,0
81.65,354.8,0.00281849,0.0188087084322658,-3.9734353,38.566,7.281,771,104.889,58.187,109.196,0
59.034,332.184,0.00301038,0.004601651126316605,-5.3813401,44.894,5.834,1054,222.016,55.812,28.957,0
147.975,421.125,0.00237459,0.4884343565222011,-0.71655019,43.584,13.93,1011,152.778,60.517,15.506,0
97.861,371.011,0.00269534,0.04642715892497098,-3.06987067,40.514,8.303,612,33.052,59.464,92.762,0
84.633,357.783,0.00279499,0.02234791161517559,-3.8010224,43.061,14.469,1157,121.123,62.537,59.291,0
98.072,371.222,0.00269381,0.04695196275300918,-3.05863027,39.325,3.792,1067,216.273,53.933,31.852,0
37.168,310.318,0.0032225,0.0009705219679856853,-6.93767652,35.33,1.628,1130,276.404,53.273,176.401,0
55.577,328.727,0.00304204,0.003647852973916915,-5.61361651,43.542,1.58,801,131.777,69.184,130.342,0
86.848,359.998,0.00277779,0.02535327733900923,-3.67484727,40.083,12.831,861,27.6,62.197,71.075,0
170.258,443.408,0.00225526,1.172332931492754,0.15899572,45.304,5.365,158,110.338,60.437,139.247,0
91.734,364.884,0.0027406,0.03330865677849542,-3.40193795,38.013,1.509,680,193.979,69.637,44.557,0
124.626,397.776,0.00251398,0.1756560916729389,-1.73922722,37.027,1.924,1184,92.806,73.195,18.554,0
182.91,456.06,0.00219269,1.855285978633552,0.61803885,53.831,11.163,887,63.835,49.603,83.766,1
54.956,328.106,0.0030478,0.003496963695124032,-5.6558602,37.604,11.578,706,174.072,69.924,220.056,0
129.819,402.969,0.00248158,0.2227894979489785,-1.50152791,44.8,14.129,1030,112.532,66.555,226.307,0
74.115,347.265,0.00287965,0.01200853349269536,-4.42213776,39.449,5.886,652,192.1,50.964,196.325,0
179.165,452.315,0.00221085,1.623911084253676,0.48483749,45.676,7.738,350,243.855,55.149,190.344,0
71.286,344.436,0.0029033,0.01009544232828111,-4.59567121,36.808,4.585,893,169.772,67.499,123.144,0
71.849,344.999,0.00289856,0.01045254859898267,-4.56090945,44.283,1.478,1114,263.607,50.204,158.155,0
154.207,427.357,0.00233996,0.6297169419250127,-0.46248486,43.645,9.663,996,46.456,62.256,95.634,0
69.533,342.683,0.00291815,0.00905317615455057,-4.70463963,35.303,4.317,139,158.363,50.384,183.899,0
143.37,416.52,0.00240085,0.4028581674889127,-0.90917072,46.557,13.935,338,208.256,50.521,186.389,0
176.327,449.477,0.00222481,1.465824278877923,0.38241773,47.158,14.665,1084,30.547,50.743,198.759,0
140.252,413.402,0.00241895,0.3527383715022794,-1.04202865,43.727,5.009,1131,235.704,70.078,39.032,0
55.232,328.382,0.00304523,0.003563309598784726,-5.6370655,35.322,13.058,141,134.042,49.832,81.315,0
108.507,381.657,0.00262015,0.08060112069389792,-2.51824273,35.985,10.52,517,211.73,60.549,60.466,0
124.52,397.67,0.00251465,0.1747945817126158,-1.74414381,44.25,14.066,631,264.362,57.277,117.504,0
61.446,334.596,0.00298868,0.005395877281385014,-5.22212008,37.583,14.977,318,249.545,52.604,95.813,0
40.16,313.31,0.00319173,0.001216364397007041,-6.71188887,37.831,13.869,480,282.65,69.899,239.108,0
121.644,394.794,0.00253297,0.1528117080467193,-1.87854878,37.371,9.143,815,186.941,62.574,102.509,0
155.769,428.919,0.00233144,0.6703451237873461,-0.39996259,47.378,5.257,692,145.04,62.61,95.448,1
146.113,419.263,0.00238514,0.4520667558762144,-0.79392542,40.385,8.939,217,120.469,61.259,141.203,0
58.231,331.381,0.00301767,0.004361838247112516,-5.43486169,42.41,7.051,132,264.647,60.714,230.686,0
139.768,412.918,0.00242179,0.3454761083566553,-1.06283179,41.838,13.482,169,176.331,53.894,58.875,0
110.541,383.691,0.00260626,0.08924829766264061,-2.41633293,43.121,13.424,167,233.114,59.7,128.028,0
93.829,366.979,0.00272495,0.03736028786677446,-3.28714696,38.116,14.34,151,48.205,50.84,89.235,0
85.505,358.655,0.00278819,0.02349039076912171,-3.75116384,35.622,1.672,1161,270.838,65.543,211.38,0
82.848,355.998,0.002809,0.02016422020948232,-3.90384552,44.151,13.529,950,81.139,69.361,245.914,0
175.418,448.568,0.00222932,1.418129953909627,0.34933907,44.863,11.946,937,234.052,63.095,146.369,0
141.87,415.02,0.00240952,0.3780092854951452,-0.97283652,43.019,1.586,918,13.723,62.383,164.649,0
152.895,426.045,0.00234717,0.5972887458943602,-0.51535462,48.778,13.937,1023,179.496,64.471,102.029,0
136.718,409.868,0.00243981,0.3026869255884543,-1.19505626,47.614,3.51,945,217.555,66.493,35.483,1
49.258,322.408,0.00310166,0.002355352069843315,-6.05106506,43.223,10.73,1112,266.454,70.623,55.726,0
142.3,415.45,0.00240703,0.3849897181128244,-0.95453865,45.603,6.918,663,131.773,67.646,107.125,0
50.107,323.257,0.00309351,0.002500420475562655,-5.99129637,37.527,6.418,475,73.921,67.889,239.697,0
133.56,406.71,0.00245875,0.2634076348066087,-1.3340525,39.71,1.893,331,50.973,52.252,248.243,0
84.96,358.11,0.00279244,0.02277032812082736,-3.78229699,42.234,11.444,741,141.262,66.904,71.972,0
139.792,412.942,0.00242165,0.3458330691126216,-1.06179908,39.402,14.976,614,189.487,69.526,53.784,0
64.144,337.294,0.00296477,0.006430397337753246,-5.04671895,38.4,11.867,824,203.357,65.911,39.132,0
73.875,347.025,0.00288164,0.01183434070709277,-4.43674974,43.956,12.388,193,93.916,67.548,177.675,0
85.065,358.215,0.00279162,0.02290748668056853,-3.77629149,44.092,4.089,931,245.163,63.472,190.509,0
188.645,461.795,0.00216546,2.265584221447972,0.81783266,47.952,11.972,317,238.985,50.016,178.502,0
160.712,433.862,0.00230488,0.8145859801823186,-0.20507529,50.882,4.209,429,286.187,62.974,86.071,1
96.194,369.344,0.0027075,0.04246280756723432,-3.1591267,38.975,9.639,217,272.313,51.945,191.301,0
57.397,330.547,0.00302529,0.004124853416000274,-5.4907248,36.341,11.71,136,182.358,72.459,38.788,0
62.05,335.2,0.00298329,0.005613348753469938,-5.18260781,36.243,3.487,362,25.15,52.478,152.234,0
126.724,399.874,0.00250079,0.1935049594789456,-1.64245214,46.459,13.824,919,23.365,58.244,206.877,0
119.361,392.511,0.0025477,0.1371550528552407,-1.98664322,44.987,4.61,929,273.785,55.73,199.09,0
36.899,310.049,0.0032253,0.0009508161994123344,-6.95818978,39.36,11.425,687,44.81,72.818,83.278,0
161.641,434.791,0.00229996,0.8445575917135048,-0.16894235,47.525,3.299,527,247.182,57.745,235.915,1
56.341,329.491,0.00303498,0.003841610249722182,-5.56186366,36.733,6.724,652,229.294,56.864,234.95,0
55.486,328.636,0.00304288,0.003625377613061352,-5.61979683,41.577,11.708,1038,196.964,66.267,102.461,0
96.648,369.798,0.00270418,0.04351113117032302,-3.13473848,42.004,6.845,518,219.415,67.783,91.334,0
44.557,317.707,0.00314755,0.001681966388439596,-6.3877917,37.027,7.942,1081,203.521,62.998,76.961,0
49.01,322.16,0.00310405,0.00231444942538903,-6.06858345,41.428,7.018,1087,220.944,55.863,88.54,0
113.395,386.545,0.00258702,0.1027818212976015,-2.27514678,36.635,3.042,776,122.038,56.164,10.693,0
180.212,453.362,0.00220574,1.685898367491682,0.52229858,50.026,4.498,354,102.477,72.472,144.519,1
136.966,410.116,0.00243833,0.3059812558301499,-1.18423143,42.304,1.072,970,145.681,58.834,184.299,0
115.712,388.862,0.00257161,0.1150889483064965,-2.16204999,36.481,1.985,466,162.542,58.324,175.555,0
156.297,429.447,0.00232858,0.684592741566609,-0.37893116,46.69,12.968,854,247.899,69.932,226.73,0
165.877,439.027,0.00227776,0.9938949535426225,-0.00612376,47.4,4.722,109,284.444,54.85,169.263,0
177.164,450.314,0.00222067,1.510979634679663,0.41275821,50.724,10.049,685,21.664,60.591,38.522,1
172.682,445.832,0.002243,1.282692735886737,0.24896157,47.694,10.825,197,131.924,61.453,18.36,0
188.271,461.421,0.00216722,2.236595327336248,0.80495477,54.02,8.006,867,195.47,59.559,71.294,1
38.108,311.258,0.00321277,0.00104235478560228,-6.86627291,38.487,8.419,681,239.697,54.467,239.925,0
106.392,379.542,0.00263475,0.07241301187908586,-2.62536927,38.843,7.594,622,83.884,71.552,161.2,0
139.221,412.371,0.002425,0.337428530765312,-1.08640155,43.321,8.549,144,262.771,65.533,208.92,0
58.026,331.176,0.00301954,0.004302465914510262,-5.44856695,40.599,1.284,333,139.336,65.972,45.157,0
170.467,443.617,0.0022542,1.181507787823881,0.16679141,50.435,5.066,915,18.882,71.27,127.321,1
177.168,450.318,0.00222065,1.511198327783383,0.41290293,52.52,13.544,779,259.927,58.643,184.164,1
177.405,450.555,0.00221948,1.524205559361901,0.42147333,45.468,13.443,358,222.322,53.895,185.666,0
84.938,358.088,0.00279261,0.02274168421316492,-3.78355573,42.776,8.672,1011,135.484,58.773,181.328,0
80.89,354.04,0.00282454,0.01799202704667932,-4.01782656,42.771,9.3,1149,255.445,65.494,23.095,0
63.443,336.593,0.00297095,0.006145583079898227,-5.09202165,42.394,5.465,155,241.271,49.446,123.709,0
101.677,374.827,0.0026679,0.05678178301451329,-2.86853973,39.438,9.019,755,227.83,49.95,226.427,0
144.362,417.512,0.00239514,0.4200768056588213,-0.86731771,47.223,11.71,1193,254.483,64.488,78.08,0
111.307,384.457,0.00260107,0.09271421824433511,-2.37823344,37.964,4.378,126,118.458,50.484,134.896,0
196.894,470.044,0.00212746,2.994145047440306,1.09665873,50.922,4.356,403,211.356,53.166,37.59,1
137.691,410.841,0.00243403,0.3157952449180297,-1.15266123,41.898,7.755,752,264.171,67.597,51.608,0
181.701,454.851,0.00219852,1.777623124984101,0.57527715,50.357,4.213,101,75.907,71.293,56.91,1
112.822,385.972,0.00259086,0.09992600438956951,-2.30332532,37.826,9.68,904,270.868,62.077,162.029,0
105.109,378.259,0.00264369,0.06781729064116196,-2.69093809,37.45,5.588,906,164.258,48.835,33.661,0
62.594,335.744,0.00297846,0.005816001489754465,-5.14714228,41.408,13.956,1170,279.39,54.419,65.683,0
76.543,349.693,0.00285965,0.01390591499751038,-4.27544099,43.359,3.731,936,147.991,65.292,141.077,0
71.669,344.819,0.00290007,0.01033715092576502,-4.57201099,38.11,11.219,156,198.103,53.568,220.624,0
72.455,345.605,0.00289348,0.01084968473470833,-4.52361926,38.653,12.991,275,294.878,58.018,158.511,0
168.062,441.212,0.00226648,1.079651789307123,0.07663857,48.922,4.962,329,150.257,70.01,34.82,1
157.386,430.536,0.00232269,0.7148255591724771,-0.33571674,46.618,9.793,199,210.483,61.383,204.775,0
160.015,433.165,0.00230859,0.7927189847169983,-0.23228649,50.5,11.089,962,118.185,72.145,107.525,1
46.221,319.371,0.00313115,0.001897025615933691,-6.26746808,40.958,12.071,1056,219.825,56.867,147.491,0
147.87,421.02,0.00237518,0.486316685994603,-0.72089525,44.72,5.951,869,204.984,60.055,237.385,0
180.81,453.96,0.00220284,1.722225170700777,0.54361716,49.984,14.37,371,154.613,56.213,113.38,0
155.2,428.35,0.00233454,0.6552848914140256,-0.42268519,43.089,6.514,591,230.625,50.338,123.223,0
179.74,452.89,0.00220804,1.657701685973138,0.50543212,48.165,6.729,173,58.158,64.456,126.858,0
42.627,315.777,0.00316679,0.001460555970984839,-6.52893811,35.719,13.828,928,82.256,58.489,43.164,0
134.515,407.665,0.00245299,0.2747779457595342,-1.29179198,43.861,11.377,580,259.569,54.963,216.165,0
164.679,437.829,0.002284,0.9494697400496597,-0.05185162,50.14,11.997,949,119.658,55.56,52.652,1
77.102,350.252,0.00285509,0.0143794535330588,-4.24195493,37.027,3.758,1070,23.636,59.035,75.24,0
77.721,350.871,0.00285005,0.01492079875264686,-4.20499915,35.436,13.27,338,129.053,64.061,127.183,0
106.793,379.943,0.00263197,0.07390560148992889,-2.60496666,43.857,13.524,137,126.416,65.128,246.243,0
45.529,318.679,0.00313795,0.001804712662158413,-6.31735389,37.583,9.206,1020,274.071,51.704,100.102,0
175.539,448.689,0.00222872,1.424399060883909,0.35375001,50.618,13.291,518,71.92,63.214,128.254,0
121.305,394.455,0.00253514,0.1503904307124533,-1.8945205,45.601,3.011,764,251.805,69.249,247.327,0
128.044,401.194,0.00249256,0.2055465325051323,-1.58208284,38.926,3.287,522,196.176,70.406,31.614,0
67.937,341.087,0.0029318,0.008190151822190177,-4.80482284,37.45,10.313,1137,106.524,60.508,23.755,0
134.21,407.36,0.00245483,0.2711000714477466,-1.30526726,47.101,2.486,317,296.313,52.181,71.033,1
185.412,458.562,0.00218073,2.025501110903737,0.70581713,54.51,7.706,1096,110.794,63.51,180.62,1
119.975,393.125,0.00254372,0.1412182930803368,-1.95744841,37.733,10.985,896,287.843,63.991,34.675,0
132.06,405.21,0.00246786,0.2463917694062693,-1.40083245,41.708,4.633,654,262.04,50.862,116.647,0
42.293,315.443,0.00317014,0.001425062223031329,-6.5535398,42.933,2.104,1008,214.668,67.814,238.984,0
137.504,410.654,0.00243514,0.313237528035007,-1.1607935,47.685,8.242,102,273.225,64.213,5.71,0
116.484,389.634,0.00256651,0.1194728568677137,-2.12466607,40.179,8.249,105,282.316,60.578,212.332,0
123.193,396.343,0.00252307,0.1643237795231774,-1.80591653,46.122,1.341,224,102.24,58.597,138.29,1
65.638,338.788,0.0029517,0.007077790379829484,-4.95079351,38.926,3.204,173,121.818,58.396,243.753,0
88.511,361.661,0.00276502,0.0278441603334809,-3.58113202,36.127,9.201,850,235.654,49.927,173.148,0
164.551,437.701,0.00228466,0.9448281675718171,-0.0567522,47.447,5.184,488,128.823,65.251,133.918,1
134.097,407.247,0.00245551,0.2697486000764255,-1.31026486,46.89,5.707,499,198.699,64.052,127.375,0
132.71,405.86,0.0024639,0.2536413877068807,-1.37183387,40.781,2.664,1105,20.931,59.259,135.914,0
68.315,341.465,0.00292856,0.008387518225706813,-4.7810106,43.335,1.713,758,223.308,64.533,111.277,0
54.579,327.729,0.0030513,0.003408156244343583,-5.68158382,39.884,3.716,594,274.445,65.131,110.444,0
140.158,413.308,0.0024195,0.3513174248392608,-1.04606512,47.673,12.826,848,247.12,72.587,142.534,0
80.103,353.253,0.00283083,0.01718022635454838,-4.06399619,42.72,13.695,680,297.371,52.794,21.294,0
188.32,461.47,0.00216699,2.240374782188812,0.80664317,53.103,2.657,787,22.268,64.989,176.064,1
37.185,310.335,0.00322232,0.0009717797855525676,-6.93638134,35.376,13.153,1195,26.241,70.51,128.217,0
41.596,314.746,0.00317717,0.001353518987645687,-6.60504742,42.833,4.483,139,202.518,48.803,228.416,0
108.834,381.984,0.00261791,0.08193854349819531,-2.50178578,44.353,2.325,229,192.388,64.123,185.84,0
181.807,454.957,0.00219801,1.784316454657137,0.5790354,51.865,5.612,349,11.222,67.884,97.53,1
103.649,376.799,0.00265393,0.06290712648078746,-2.76609582,38.654,11.008,920,94.27,53.625,113.824,0
153.893,427.043,0.00234168,0.6218175421916551,-0.47510857,45.636,8.052,909,144.426,61.939,19.239,0
190.781,463.931,0.00215549,2.437525420837268,0.89098335,55.913,5.086,192,283.532,62.828,192.129,1
131.412,404.562,0.00247181,0.2393485167546154,-1.42983456,41.331,7.489,516,49.563,71.215,155.822,0
86.699,359.849,0.00277894,0.02514022387107989,-3.68328617,43.439,6.47,208,206.575,55.833,47.868,0
157.107,430.257,0.00232419,0.7069697798920398,-0.34676736,41.696,1.246,503,26.087,56.791,10.535,0
54.43,327.58,0.00305269,0.003373627244088425,-5.69176678,35.248,2.541,949,143.422,65.731,140.012,0
144.055,417.205,0.0023969,0.4146796682905143,-0.88024894,43.883,12.642,1158,230.035,65.347,50.861,0
109.857,383.007,0.00261092,0.08625194372735748,-2.45048269,42.249,10.247,824,181.978,64.156,145.199,0
165.404,438.554,0.00228022,0.9761408392114784,-0.0241484,51.209,5.712,804,86.432,65.032,96.283,1
82.599,355.749,0.00281097,0.0198754311895556,-3.91827092,44.9,7.728,635,189.182,56.277,139.034,0
134.138,407.288,0.00245527,0.2702382630244106,-1.30845125,46.777,6.757,372,294.78,64.748,11.779,0
130.07,403.22,0.00248004,0.2253289382085173,-1.490194,40.634,12.386,126,96.911,70.065,246.838,0
39.467,312.617,0.0031988,0.001154831670633017,-6.76380069,41.382,9.203,411,10.009,51.913,78.976,0
148.964,422.114,0.00236903,0.508784884479724,-0.67572998,42.686,12.27,941,90.516,51.628,68.181,0
150.431,423.581,0.00236082,0.5403534867572847,-0.61553175,43.087,9.682,298,107.686,66.869,105.292,0
50.089,323.239,0.00309369,0.00249726213290984,-5.99256029,41.487,10.224,518,275.943,60.836,39.055,0
61.085,334.235,0.00299191,0.005269583009488979,-5.24580404,41.438,2.633,781,279.201,61.287,186.339,0
64.342,337.492,0.00296303,0.006512986841906873,-5.03395712,35.228,12.461,115,137.363,63.195,216.29,0
114.455,387.605,0.00257995,0.1082579424159429,-2.22323854,38.523,14.119,705,22.657,66.096,90.928,0
154.993,428.143,0.00233567,0.649880638581126,-0.43096657,41.43,6.74,885,258.09,63.183,110.724,0
147.909,421.059,0.00237496,0.4871022986346083,-0.71928112,45.843,3.938,922,49.151,49.404,159.566,0
195.452,468.602,0.00213401,2.853725777701017,1.04862543,50.179,3.149,1162,58.108,57.103,193.594,1
158.47,431.62,0.00231685,0.7460838382614317,-0.2929173,50.189,11.093,895,239.332,63.084,38.716,1
56.353,329.503,0.00303487,0.003844726896193459,-5.56105271,39.044,14.038,233,280.737,66.708,18.788,0
59.046,332.196,0.00301027,0.004605324075387579,-5.38054224,35.111,4.68,873,169.182,49.843,229.389,0
178.659,451.809,0.00221332,1.594676437721184,0.46667086,52.82,11.428,518,172.561,59.461,244.023,1
187.047,460.197,0.00217298,2.14397714750708,0.76266258,54.867,11.041,1180,233.212,53.69,104.02,1
67.277,340.427,0.00293749,0.007855616356642042,-4.84652654,39.25,11.121,1144,99.012,58.732,177.823,0
122.679,395.829,0.00252634,0.1604208101001049,-1.82995485,37.397,13.522,1186,168.22,58.8,209.897,0
186.96,460.11,0.00217339,2.137523588127571,0.75964796,55.374,4.719,1042,114.462,62.23,170.346,1
188.806,461.956,0.00216471,2.278164174544001,0.82336993,56.528,4.059,138,53.61,59.878,85.589,1
99.857,373.007,0.00268091,0.0516095514169033,-2.96404852,41.016,3.18,218,115.78,67.756,245.01,0
58.044,331.194,0.00301938,0.00430764949597028,-5.44736288,44.389,13.605,1075,243.64,51.365,71.032,0
182.823,455.973,0.00219311,1.84959977457418,0.61496928,45.942,7.096,948,23.586,49.066,121.39,0
125.23,398.38,0.00251017,0.1806377119602121,-1.71126184,36.8,11.52,849,217.217,56.397,172.245,0
102.472,375.622,0.00266225,0.05918360792810778,-2.82711067,44.227,9.738,362,171.343,61.179,209.677,0
91.524,364.674,0.00274218,0.03292519274364205,-3.41351718,37.306,4.95,793,178.558,56.264,219.969,0
136.707,409.857,0.00243988,0.302541538623161,-1.19553669,41.417,3.615,770,92.356,52.605,42.516,0
102.984,376.134,0.00265863,0.06077832646518404,-2.80052203,42.298,10.536,101,217.048,59.06,203.294,0
93.311,366.461,0.0027288,0.03631924511441366,-3.31540751,42.225,12.059,915,37.143,56.377,39.916,0
174.303,447.453,0.00223487,1.361491100988238,0.3085805,49.568,10.397,504,27.338,60.913,218.395,0
56.851,330.001,0.00303029,0.003976115348343988,-5.52744998,39.531,1.704,535,41.115,70.79,43.207,0
122.743,395.893,0.00252594,0.1609022320707298,-1.82695835,45.215,7.606,966,108.859,51.565,12.992,0
132.035,405.185,0.00246801,0.2461166571528356,-1.40194964,45.271,3.095,757,284.903,70.433,23.852,1
179.551,452.701,0.00220896,1.646527498707669,0.49866852,48.311,1.965,469,99.99,49.041,70.891,1
177.746,450.896,0.00221781,1.543092888463703,0.43378877,50.522,9.671,245,131.182,50.974,54.932,1
71.576,344.726,0.00290085,0.01027798216275683,-4.57775133,40.198,4.472,735,191.232,60.891,106.379,0
160.986,434.136,0.00230343,0.8233267483747703,-0.19440214,45.603,4.323,344,117.163,72.837,182.307,0
194.577,467.727,0.002138,2.771350169264524,1.01933463,51.7,12.731,647,273.835,62.071,120.314,1
55.185,328.335,0.00304567,0.003551931220018319,-5.64026382,37.084,3.119,183,286.866,49.543,21.433,0
35.584,308.734,0.00323903,0.0008596520203659188,-7.05898288,40.042,9.053,620,283.985,67.288,85.294,0
44.164,317.314,0.00315145,0.00163454026586112,-6.4163937,42.97,4.955,756,230.25,63.951,185.342,0
143.907,417.057,0.00239775,0.4120998156689726,-0.88648969,38.643,2.366,917,249.634,54.768,125.642,0
129.164,402.314,0.00248562,0.2162822400508512,-1.53117106,43.322,9.569,793,22.159,59.11,37.194,0
104.442,377.592,0.00264836,0.06553298076670294,-2.72520174,41.86,7.507,808,202.473,51.494,97.116,0
95.237,368.387,0.00271454,0.04032707288067865,-3.21073225,44.439,12.567,675,273.006,62.05,172.532,0
42.935,316.085,0.00316371,0.001494000875013732,-6.50629761,36.241,4.347,710,127.188,63.966,132.673,0
84.851,358.001,0.00279329,0.02262872883851659,-3.78853499,43.627,13.611,848,207.637,51.495,193.524,0
61.109,334.259,0.00299169,0.00527789518245311,-5.2442279,37.225,10.535,756,282.597,61.398,8.384,0
111.948,385.098,0.00259674,0.0957066292875047,-2.34646771,40.505,9.421,241,37.701,56.292,194.589,0
112.694,385.844,0.00259172,0.09929784172779037,-2.30963144,36.878,3.362,656,279.548,71.841,90.987,0
70.888,344.038,0.00290666,0.00984970383762481,-4.62031389,39.83,10.421,1061,238.92,63.016,85.121,0
111.875,385.025,0.00259723,0.09536153295741498,-2.35008,41.971,12.987,353,299.958,54.466,228.77,0
133.082,406.232,0.00246165,0.257875205714536,-1.35527951,44.623,10.933,770,255.871,53.65,32.068,0
183.654,456.804,0.00218912,1.904541387861859,0.64424124,54.587,1.614,219,103.42,71.726,137.337,1
194.455,467.605,0.00213856,2.760031091316971,1.01524194,50.214,8.086,1134,102.864,55.287,195.828,1
104.295,377.445,0.00264939,0.06503892229096588,-2.73276938,35.785,10.88,205,107.32,63.358,77.943,0
42.176,315.326,0.00317132,0.001412816452028897,-6.56217008,41.319,11.973,934,162.546,73.125,129.573,0
195.11,468.26,0.00213557,2.821277911530747,1.03718994,57.624,14.87,1015,106.799,67.579,211.863,1
96.434,369.584,0.00270574,0.04301412248563814,-3.14622679,38.928,13.257,162,50.325,68.792,30.77,0
149.639,422.789,0.00236525,0.5231016272709117,-0.64797952,48.944,1.217,961,65.012,51.278,233.475,1
138.13,411.28,0.00243143,0.3218727374222267,-1.13359904,44.842,5.093,625,122.073,71.176,91.005,0
130.222,403.372,0.0024791,0.2268792616901704,-1.48333729,37.788,12.433,548,115.947,72.371,39.54,0
125.221,398.371,0.00251022,0.1805625678134898,-1.71167793,45.977,5.778,174,22.949,58.001,137.197,0
141.029,414.179,0.00241442,0.364680531552408,-1.00873356,41.196,7.458,1055,255.529,49.676,89.472,0
119.812,392.962,0.00254478,0.1401292697251743,-1.96518993,43.815,2.727,409,153.654,60.557,134.33,0
161.182,434.332,0.00230239,0.8296298980542973,-0.18677558,48.795,5.152,110,215.224,67.924,15.622,1
149.74,422.89,0.00236468,0.5252742107835389,-0.64383485,46.446,12.727,1066,147.607,58.695,145.673,0
104.116,377.266,0.00265065,0.0644418270200178,-2.74199237,39.624,4.557,365,112.839,62.19,131.654,0
167.888,441.038,0.00226738,1.072591774666473,0.07007794,44.188,5.629,1154,270.078,61.661,239.523,0
50.818,323.968,0.00308672,0.00262812726338516,-5.94148375,37.918,13.562,405,216.537,56.846,227.982,0
172.98,446.13,0.0022415,1.296870745435903,0.25995424,47.901,4.727,858,156.617,62.73,236.564,1
146.105,419.255,0.00238518,0.4519158260484654,-0.79425934,42.21,12.702,702,73.188,56.404,214.586,0
92.908,366.058,0.00273181,0.0355274615487193,-3.33744932,37.577,13.789,1056,240.497,67.612,108.35,0
135.455,408.605,0.00244735,0.2863936136470008,-1.25038814,40.233,11.913,1098,91.478,52.421,95.841,0
114.058,387.208,0.00258259,0.1061771495010227,-2.24264636,38.745,2.795,798,121.939,53.712,59.324,0
122.076,395.226,0.0025302,0.1559476113056609,-1.85823515,44.738,13.259,246,285.696,62.296,88.503,0
119.176,392.326,0.0025489,0.1359514261463039,-1.99545762,44.995,12.961,417,141.955,59.397,124.113,0
183.957,457.107,0.00218767,1.924926778536738,0.65488793,49.885,10.928,553,55.69,61.044,219.506,0
154.749,427.899,0.002337,0.6435609903536424,-0.44073848,47.138,6.405,210,13.074,63.767,66.727,0
89.468,362.618,0.00275772,0.02937557512863798,-3.52759173,36.463,7.784,750,271.448,72.175,23.211,0
103.433,376.583,0.00265546,0.06220844382349078,-2.77726454,41.644,8.239,498,246.848,67.974,63.931,0
125.171,398.321,0.00251054,0.1801456075233149,-1.71398982,43.511,7.164,640,164.455,71.454,60.092,0
192.137,465.287,0.00214921,2.552499798356084,0.93707319,47.882,13.216,1038,279.766,63.525,54.365,0
80.247,353.397,0.00282968,0.01732624271646663,-4.05553301,37.282,9.242,1001,229.69,57.614,86.215,0
63.105,336.255,0.00297393,0.006012391568382285,-5.11393268,42.93,14.693,307,34.092,63.749,43.22,0
171.895,445.045,0.00224696,1.245902042272309,0.2198598,52.625,3.466,328,266.558,71.308,49.075,1
121.942,395.092,0.00253106,0.1549688132349378,-1.86453139,41.724,5.434,709,240.292,65.242,32.323,0
113.433,386.583,0.00258677,0.1029737686476179,-2.273281,39.546,8.355,876,264.755,49.078,83.854,0
155.176,428.326,0.00233467,0.6546562838358997,-0.42364494,43.984,6.382,233,89.296,50.795,55.489,0
152.104,425.254,0.00235154,0.5784592140146229,-0.54738724,42.15,4.323,289,178.645,69.579,131.678,0
65.349,338.499,0.00295422,0.00694812587028118,-4.96928331,39.818,6.018,496,38.708,66.74,132.604,0
122.258,395.408,0.00252903,0.1572858567228562,-1.84969039,42.374,2.276,243,255.023,51.285,33.782,0
137.827,410.977,0.00243323,0.3176670340753959,-1.14675151,39.079,4.556,1157,297.16,50.141,204.696,0
159.659,432.809,0.00231049,0.7817512332357401,-0.24621871,42.567,8.457,116,90.492,71.37,32.084,0
99.571,372.721,0.00268297,0.05083644062545924,-2.97914185,39.653,2.632,916,276.212,58.474,48.835,0
38.431,311.581,0.00320944,0.001068139565974698,-6.84183687,44.673,1.207,113,10.012,69.192,223.398,0
117.378,390.528,0.00256064,0.1247355949966743,-2.08155902,41.139,13.004,129,27.247,68.419,45.753,0
168.49,441.64,0.00226429,1.097192037917668,0.09275422,43.79,8.978,1171,260.647,58.735,218.91,0
88.464,361.614,0.00276538,0.02777083864722759,-3.58376878,42.274,13.601,945,78.103,61.038,10.831,0
195.637,468.787,0.00213316,2.871413279946635,1.05480434,50.521,7.302,870,181.661,50.098,6.947,1
81.605,354.755,0.00281885,0.01875943535514215,-3.97605843,37.51,5.956,1119,256.911,54.026,11.913,0
42.02,315.17,0.00317289,0.001396638370618003,-6.57368709,39.798,10.442,1127,234.228,62.608,122.457,0
195.852,469.002,0.00213219,2.892089094971326,1.06197911,51.064,9.445,634,204.269,59.755,134.55,1
187.454,460.604,0.00217106,2.174394793611949,0.77675037,54.604,14.866,774,48.248,61.774,192.389,1
132.866,406.016,0.00246296,0.2554092737951757,-1.36488803,42.867,3.324,959,126.452,52.584,233.236,0
156.466,429.616,0.00232766,0.6892092006926392,-0.37221042,49.648,10.314,679,140.391,60.444,159.767,1
37.813,310.963,0.00321582,0.001019304233288282,-6.88863501,37.37,2.216,581,252.722,66.471,29.399,0
153.141,426.291,0.00234582,0.6032541158865031,-0.50541675,46.5,9.787,761,96.173,52.758,120.478,0
37.265,310.415,0.00322149,0.0009777189858296467,-6.93028826,42.487,11.163,1066,284.596,53.238,36.641,0
199.629,472.779,0.00211515,3.277094523704345,1.18695721,55.911,14.355,1150,239.35,72.777,71.937,1
49.303,322.453,0.00310123,0.002362844207359872,-6.04788921,35.502,11.507,964,199.342,72.745,29.41,0
90.209,363.359,0.0027521,0.03061303153997013,-3.48632949,42.146,11.742,457,175.721,72.565,162.976,0
65.728,338.878,0.00295091,0.007118616506175709,-4.94504188,41.092,11.183,123,140.281,68.75,47.639,0
127.152,400.302,0.00249811,0.1973386027270791,-1.62283423,46.427,2.698,970,55.677,71.427,53.632,1
104.133,377.283,0.00265053,0.06449832227554551,-2.74111607,37.408,2.114,266,83.414,55.353,226.466,0
124.558,397.708,0.00251441,0.1751029907362353,-1.74238096,40.743,7.289,446,268.648,66.42,181.5,0
191.203,464.353,0.00215353,2.472811584573454,0.9053558,47.904,13.512,1025,296.06,68.0,195.251,0
130.603,403.753,0.00247676,0.2308070725571272,-1.4661731,42.374,13.646,100,48.451,60.353,226.9,0
148.03,421.18,0.00237428,0.4895468669074762,-0.71427508,40.113,4.917,848,170.479,59.903,112.658,0
44.665,317.815,0.00314648,0.001695217885039006,-6.379944,35.686,1.607,100,180.924,54.578,18.375,0
119.124,392.274,0.00254924,0.1356148122020765,-1.99793667,36.293,11.004,864,238.351,49.271,168.226,0
162.661,435.811,0.00229457,0.8785807763840096,-0.12944743,47.009,3.222,204,178.908,54.963,76.436,1
119.106,392.256,0.00254936,0.135498465529871,-1.99879496,40.899,5.094,628,288.037,63.546,247.78,0
183.268,456.418,0.00219097,1.878845799099754,0.63065765,55.04,13.415,685,120.067,50.462,187.781,1
128.508,401.658,0.00248968,0.2099352005324608,-1.56095636,41.613,8.875,687,271.304,49.628,225.442,0
81.709,354.859,0.00281802,0.01887348801956428,-3.96999709,35.392,2.131,731,175.353,55.504,77.846,0
119.017,392.167,0.00254993,0.1349245048896727,-2.00303988,42.215,3.944,541,297.665,50.665,143.965,0
90.51,363.66,0.00274982,0.03112896706606402,-3.46961648,36.142,14.714,1118,55.108,54.127,129.829,0
136.216,409.366,0.0024428,0.2961148373542477,-1.21700794,41.252,11.673,424,168.698,68.123,141.648,0
74.202,347.352,0.00287892,0.01207224939571861,-4.4168459,35.351,12.048,1168,38.326,72.127,191.099,0
71.116,344.266,0.00290473,0.00998980697422167,-4.60619001,36.191,1.287,435,73.047,48.923,39.638,0
138.158,411.308,0.00243127,0.3222638673334291,-1.13238461,41.22,4.371,758,125.131,61.936,139.982,0
185.192,458.342,0.00218178,2.010005073206114,0.69813725,54.765,11.87,265,166.828,64.854,169.262,1
174.965,448.115,0.00223157,1.394874183703226,0.33280422,51.705,11.615,147,182.374,49.883,123.08,1
176.544,449.694,0.00222373,1.477416014336927,0.39029463,53.751,8.65,801,272.453,62.805,249.105,1
75.226,348.376,0.00287046,0.01284553823975599,-4.35475875,37.658,11.807,986,264.19,50.494,106.325,0
198.955,472.105,0.00211817,3.205287030883937,1.16480164,53.873,1.722,619,116.737,51.683,135.236,1
49.063,322.213,0.00310354,0.002323135877242485,-6.06483733,43.972,9.276,364,47.339,49.484,138.618,0
133.946,407.096,0.00245642,0.267952001943053,-1.31694741,37.613,9.717,379,291.567,52.538,27.558,0
114.4,387.55,0.00258031,0.1079675120953433,-2.22592491,41.056,11.585,701,117.027,71.161,207.2,0
189.56,462.71,0.00216118,2.33789503864851,0.84925097,49.565,9.233,1139,101.181,62.742,48.634,1
103.164,376.314,0.00265736,0.06134806517928857,-2.79119165,40.696,5.166,410,154.305,66.723,163.531,0
129.129,402.279,0.00248584,0.215939336716502,-1.53275776,39.432,14.426,247,57.822,58.606,19.127,0
161.782,434.932,0.00229921,0.849190511306174,-0.16347172,41.332,6.252,525,138.556,55.638,146.088,0
185.453,458.603,0.00218054,2.028400535744971,0.70724757,49.912,9.549,345,78.559,59.592,27.031,1
58.724,331.874,0.00301319,0.004507685091681999,-5.40197154,35.686,14.044,414,168.187,64.521,79.15,0
150.721,423.871,0.00235921,0.5467952017338288,-0.60368095,44.306,1.151,722,199.318,58.37,149.579,0
171.724,444.874,0.00224783,1.238031882225293,0.21352293,48.288,10.177,709,50.819,56.4,27.193,0
112.72,385.87,0.00259155,0.09942515053800337,-2.30835017,36.785,9.833,608,178.98,53.314,121.509,0
153.278,426.428,0.00234506,0.6065990693088551,-0.49988722,48.514,3.166,848,157.598,50.758,177.654,1
121.388,394.538,0.00253461,0.1509800637154135,-1.89060748,41.18,14.036,818,222.545,49.595,88.523,0
143.362,416.512,0.00240089,0.4027218896837406,-0.90950906,38.554,11.218,269,149.771,52.074,49.714,0
91.638,364.788,0.00274132,0.03313286270440533,-3.40722966,42.732,13.993,1013,140.181,63.234,112.717,0
150.217,423.367,0.00236202,0.5356430819665937,-0.62428723,48.498,7.13,708,253.69,66.196,54.578,1
107.52,380.67,0.00262695,0.07668209980410023,-2.56808698,44.585,7.493,753,228.793,56.757,225.366,0
119.442,392.592,0.00254717,0.1376850348316506,-1.98278656,43.465,6.652,1115,108.902,54.369,90.8,0
104.395,377.545,0.00264869,0.0653746516000023,-2.72762069,43.104,6.483,272,264.44,55.759,62.071,0
51.937,325.087,0.0030761,0.002841202223467581,-5.863528,42.769,9.729,291,175.666,66.978,239.04,0
170.449,443.599,0.00225429,1.180715132377464,0.1661203,43.635,11.62,888,21.606,71.47,211.172,0
76.967,350.117,0.00285619,0.01426377590208281,-4.25003211,41.271,12.557,1147,99.798,64.892,27.339,0
62.469,335.619,0.00297957,0.005768856737398578,-5.15528136,37.984,11.357,842,283.826,65.662,150.04,0
162.994,436.144,0.00229282,0.8899468860034886,-0.1165935,47.356,6.148,1038,174.134,69.646,217.994,1
117.589,390.739,0.00255925,0.1260075115329149,-2.07141376,44.464,7.731,625,159.326,49.777,140.364,0
66.435,339.585,0.00294477,0.007446838661506232,-4.89996568,38.254,11.654,1136,123.385,54.388,208.439,0
41.395,314.545,0.0031792,0.001333506246159091,-6.61994353,43.35,3.392,258,18.732,63.078,71.424,0
116.985,390.135,0.00256322,0.1223971209292282,-2.10048443,44.407,5.921,658,205.913,52.167,116.48,0
152.714,425.864,0.00234817,0.5929329460560581,-0.52267396,41.748,9.392,968,202.302,63.475,131.681,0
118.536,391.686,0.00255307,0.1318599513002734,-2.02601489,40.084,14.058,949,275.429,52.042,123.661,0
158.787,431.937,0.00231515,0.7554498904390428,-0.28044183,48.048,11.541,841,261.472,67.407,131.935,0
54.886,328.036,0.00304845,0.003480316635787798,-5.660632,35.348,7.454,543,67.536,48.869,246.42,0
188.492,461.642,0.00216618,2.253685672959172,0.81256695,54.268,4.848,960,52.577,68.669,101.114,1
133.536,406.686,0.0024589,0.2631273599187095,-1.33511711,45.286,2.747,221,132.603,72.665,187.048,0
184.246,457.396,0.00218629,1.94454798573615,0.66502955,48.229,11.76,916,208.774,58.256,149.731,0
77.191,350.341,0.00285436,0.0144561784958801,-4.23663338,43.797,8.977,1160,155.298,52.554,139.893,0
188.461,461.611,0.00216633,2.25128152251243,0.81149962,54.368,6.252,1188,234.912,63.349,169.634,1
193.596,466.746,0.00214249,2.681469239119696,0.98636487,51.136,9.597,1038,182.623,72.863,229.096,1
40.572,313.722,0.00318754,0.001254353295514535,-6.68113514,42.961,6.096,1074,262.096,50.541,215.421,0
182.776,455.926,0.00219334,1.846534271159243,0.61331052,47.149,12.626,933,88.639,62.034,24.463,0
166.075,439.225,0.00227674,1.001410908214831,0.00140991,47.462,2.467,857,50.796,70.678,198.516,1
160.546,433.696,0.00230576,0.8093303715747308,-0.21154807,45.865,13.66,688,71.83,59.99,232.8,0
58.094,331.244,0.00301892,0.004322078156909032,-5.44401894,35.309,2.331,101,31.603,62.837,242.889,0
53.453,326.603,0.00306182,0.003154999022837091,-5.75876709,40.068,1.743,531,98.251,58.888,94.318,0
187.978,461.128,0.0021686,2.214111827514957,0.79485134,51.599,4.24,342,179.267,64.949,104.374,1
62.412,335.562,0.00298008,0.005747474211859466,-5.15899479,44.837,7.521,1189,248.956,58.088,176.66,0
142.361,415.511,0.00240668,0.3859891670402038,-0.95194597,38.407,13.74,189,61.058,66.38,8.982,0
162.364,435.514,0.00229614,0.868551560221759,-0.14092833,50.509,7.492,1029,242.009,67.629,67.389,1
102.008,375.158,0.00266554,0.05777094490374732,-2.85126931,42.953,13.892,890,170.904,63.361,153.53,0
172.956,446.106,0.00224162,1.295723817461295,0.25906947,50.324,3.887,540,45.317,57.592,92.879,1
74.115,347.265,0.00287965,0.01200853349269536,-4.42213776,41.091,7.973,297,194.641,49.226,97.604,0
122.997,396.147,0.00252432,0.1628256084651036,-1.81507554,40.534,6.105,554,148.942,54.737,75.64,0
95.135,368.285,0.00271529,0.04010523735045222,-3.21624835,43.073,3.242,273,143.309,59.154,210.318,0
155.512,428.662,0.00233284,0.663505439715674,-0.41021823,41.011,12.085,897,29.807,68.208,17.053,0
85.178,358.328,0.00279074,0.02305592790366867,-3.76983237,38.823,3.881,500,41.047,55.073,178.637,0
43.993,317.143,0.00315315,0.001614288506272065,-6.42886097,44.045,6.568,800,153.942,63.712,142.648,0
177.907,451.057,0.00221701,1.552081482894781,0.43959692,48.427,9.454,560,31.788,56.908,101.799,0
82.972,356.122,0.00280803,0.02030944334048377,-3.89666931,44.224,9.824,270,175.547,69.237,97.169,0
159.751,432.901,0.00231,0.7845726931649035,-0.24261605,49.638,7.539,877,234.4,68.961,49.416,1
60.642,333.792,0.00299588,0.005118275320762689,-5.27493775,35.835,13.267,779,172.494,59.037,214.127,0
81.266,354.416,0.00282154,0.01839197640381052,-3.99584077,42.289,3.787,664,128.047,54.663,53.07,0
165.969,439.119,0.00227729,0.9973810162656148,-0.00262242,45.058,11.866,366,250.691,66.241,101.985,0
57.575,330.725,0.00302366,0.004174426372104267,-5.47877833,35.761,10.846,1044,196.186,67.284,5.825,0
172.337,445.487,0.00224473,1.266448820582148,0.23621678,51.014,3.14,648,172.191,53.933,105.632,1
182.668,455.818,0.00219386,1.839506988701031,0.60949759,52.358,10.536,868,139.733,66.284,188.237,1
45.449,318.599,0.00313874,0.001794309502496323,-6.32313501,38.528,8.664,406,108.897,68.746,181.379,0
104.46,377.61,0.00264823,0.06559370850657092,-2.72427549,41.943,8.844,530,74.384,67.901,69.699,0
145.575,418.725,0.0023882,0.4420156026097405,-0.8164101,47.436,12.14,475,173.154,50.124,34.447,0
96.215,369.365,0.00270735,0.04251079265550904,-3.15799729,40.913,12.369,359,245.615,60.954,227.909,0
87.303,360.453,0.00277429,0.02601399364375017,-3.64912067,43.143,2.394,714,241.147,60.938,226.163,0
135.769,408.919,0.00244547,0.2903698239075427,-1.23659991,38.998,2.551,518,273.388,72.085,119.852,0
110.894,384.044,0.00260387,0.09083083563352046,-2.39875645,40.118,7.429,627,173.479,69.614,113.764,0
140.943,414.093,0.00241492,0.3633413290981173,-1.01241259,42.469,10.234,893,266.515,58.183,119.625,0
173.053,446.203,0.00224113,1.300364801274832,0.26264484,47.627,12.123,943,243.033,71.974,223.425,0
184.776,457.926,0.00218376,1.98098681216419,0.68359511,50.233,12.471,733,205.555,68.971,225.48,0
122.257,395.407,0.00252904,0.1572784758199634,-1.84973731,37.518,9.068,384,59.768,62.201,188.696,0
134.113,407.263,0.00245542,0.2699395941325028,-1.30955707,40.932,10.018,1125,58.122,54.568,199.329,0
133.147,406.297,0.00246125,0.2586214011701909,-1.35239006,43.431,8.149,1106,159.436,67.269,59.998,0
125.678,398.828,0.00250735,0.1844136349783833,-1.69057403,46.083,13.231,1170,114.22,72.342,94.91,0
64.266,337.416,0.0029637,0.006481172599945786,-5.03885383,35.711,6.715,945,232.754,63.708,244.09,0
158.767,431.917,0.00231526,0.7548559211637823,-0.28122838,49.781,10.488,691,172.726,50.023,168.784,1
186.609,459.759,0.00217505,2.111659030410865,0.74747391,51.02,7.025,996,12.608,58.327,200.203,1
66.53,339.68,0.00294395,0.007491973270818912,-4.89392306,43.286,4.925,436,89.364,62.738,151.624,0
168.883,442.033,0.00226227,1.113518165869651,0.10752452,45.952,8.96,344,52.067,69.113,71.005,0
138.815,411.965,0.00242739,0.3315634071071014,-1.10393621,42.502,4.469,861,134.173,69.299,161.857,0
69.29,342.44,0.00292022,0.008916669121368116,-4.71983282,36.04,2.366,775,232.93,62.501,162.34,0
143.659,416.809,0.00239918,0.4078086979594841,-0.89695709,41.868,1.531,1152,259.296,63.828,240.77,0
89.209,362.359,0.00275969,0.02895380003802845,-3.54205382,36.061,4.836,838,210.058,59.949,38.443,0
59.22,332.37,0.0030087,0.00465888230769129,-5.36897971,36.677,12.147,135,168.583,58.417,146.493,0
101.203,374.353,0.00267128,0.05539175307178669,-2.89332456,42.484,8.094,930,201.577,64.656,144.619,0
75.838,348.988,0.00286543,0.01332882997076662,-4.31782592,40.435,12.618,179,146.515,63.159,59.795,0
159.359,432.509,0.00231209,0.7726128913494179,-0.25797714,46.043,11.836,1014,135.368,53.285,43.872,0
88.921,362.071,0.00276189,0.02849121405843393,-3.55815952,44.834,13.663,889,92.653,59.313,112.718,0
117.588,390.738,0.00255926,0.1260014562644218,-2.07146181,44.926,14.8,897,288.5,59.573,124.783,0
102.032,375.182,0.00266537,0.05784326450316034,-2.85001826,39.29,8.454,160,79.493,56.929,201.424,0
188.063,461.213,0.0021682,2.220613905377496,0.79778369,48.948,5.588,125,140.61,72.265,199.169,1
99.215,372.365,0.00268554,0.04988865099229185,-2.99796174,41.723,14.14,518,226.969,59.548,83.339,0
72.697,345.847,0.00289145,0.0110120592898023,-4.50876431,40.089,12.028,904,271.999,61.872,104.252,0
86.492,359.642,0.00278054,0.02484691664004241,-3.69502161,44.302,5.614,392,38.072,51.616,107.636,0
137.802,410.952,0.00243337,0.3173222179690077,-1.14783756,44.02,9.144,282,200.455,54.582,62.502,0
161.62,434.77,0.00230007,0.8438694921460808,-0.16975743,45.234,4.078,553,95.097,52.099,93.658,0
67.242,340.392,0.00293779,0.007838226994301353,-4.84874262,38.869,8.136,1036,153.931,55.01,130.161,0
144.933,418.083,0.00239187,0.430280918928535,-0.84331698,47.445,5.719,1133,42.102,58.649,146.697,1
193.455,466.605,0.00214314,2.668762015393646,0.9816147,50.248,12.893,599,156.358,64.696,86.264,0
55.767,328.917,0.00304028,0.003695188991501433,-5.60072358,43.955,4.784,389,286.931,72.973,209.5,0
148.921,422.071,0.00236927,0.507884718220343,-0.67750079,45.313,6.945,312,297.683,65.778,104.611,0
95.618,368.768,0.00271173,0.04116548958248679,-3.19015501,44.843,9.224,1138,205.601,54.101,45.86,0
179.395,452.545,0.00220972,1.637354157221443,0.49308162,46.665,2.627,964,165.757,64.118,212.741,1
105.374,378.524,0.00264184,0.06874449510924577,-2.67735862,37.488,14.797,1102,109.117,59.053,118.858,0
174.492,447.642,0.00223393,1.370949603496688,0.31550364,53.038,11.342,1042,148.827,66.338,25.259,1
107.26,380.41,0.00262874,0.07567857250728982,-2.58126022,40.141,3.363,142,284.083,64.458,170.261,0
79.512,352.662,0.00283558,0.01659252675131382,-4.09880288,37.341,9.194,1077,28.88,61.393,28.646,0
174.458,447.608,0.0022341,1.369243830503769,0.31425864,53.608,14.39,740,172.927,70.471,140.148,1
167.329,440.479,0.00227026,1.050184527285669,0.04896589,51.675,14.224,479,232.656,71.641,208.574,0
81.106,354.256,0.00282282,0.01822081378191228,-4.00519072,44.78,7.741,633,72.364,51.781,234.137,0
72.114,345.264,0.00289633,0.01062456427957445,-4.54458657,35.796,5.808,1104,242.082,58.215,88.634,0
136.897,410.047,0.00243874,0.3050615057507655,-1.18724186,39.6,7.399,745,11.169,72.293,53.052,0
72.443,345.593,0.00289358,0.01084168983232982,-4.52435641,43.734,13.415,592,24.375,62.797,12.673,0
73.964,347.114,0.0028809,0.01189866850384539,-4.43132878,39.646,1.801,1075,78.224,65.321,117.204,0
122.267,395.417,0.00252898,0.1573522987571359,-1.84926805,40.471,11.837,1164,26.177,57.913,164.141,0
163.586,436.736,0.00228971,0.9104735200649369,-0.09379046,42.162,13.245,931,155.221,67.945,33.931,0
114.093,387.243,0.00258236,0.1063591459717965,-2.24093374,44.586,4.549,254,24.989,72.607,13.444,0
125.811,398.961,0.00250651,0.1855480730431767,-1.68444128,36.812,8.906,1049,216.858,65.297,38.539,0
111.093,384.243,0.00260252,0.0917340057257275,-2.38886213,44.858,8.491,845,156.953,57.433,107.027,0
99.186,372.336,0.00268575,0.0498121472842521,-2.9994964,39.834,9.112,279,58.684,56.768,59.635,0
172.244,445.394,0.0022452,1.262101071524527,0.23277785,43.819,10.745,250,293.917,72.379,171.224,0
188.278,461.428,0.00216719,2.237134907964232,0.80519599,52.145,4.856,832,12.226,58.694,235.19,1
74.138,347.288,0.00287945,0.01202534825425095,-4.4207385,35.922,10.175,235,201.937,57.023,56.225,0
157.275,430.425,0.00232329,0.7116909605053504,-0.34011151,48.189,3.738,375,247.322,52.796,215.486,1
88.267,361.417,0.00276689,0.02746540145768443,-3.5948282,44.753,11.86,733,191.923,69.873,17.477,0
97.679,370.829,0.00269666,0.04597872655465508,-3.07957646,42.474,14.359,479,128.453,71.867,96.935,0
60.046,333.196,0.00300124,0.004920940277903452,-5.31425565,39.583,9.692,750,213.923,60.126,190.07,0
90.206,363.356,0.00275212,0.03060792833573211,-3.48649621,43.464,3.201,418,114.09,69.881,203.299,0
105.422,378.572,0.00264151,0.06891365244982779,-2.67490097,42.938,6.014,145,185.214,68.653,208.004,0
51.173,324.323,0.00308335,0.002694091538488584,-5.91669422,41.572,7.698,803,55.805,57.86,231.619,0
100.131,373.281,0.00267895,0.05236011348933612,-2.94961017,42.217,13.92,108,55.88,62.408,164.413,0
48.257,321.407,0.00311132,0.002194195067507486,-6.12194001,43.342,6.636,1164,211.857,63.81,215.847,0
36.175,309.325,0.00323285,0.0008995846098139977,-7.01357745,38.526,9.758,783,18.737,63.711,187.842,0
90.951,364.101,0.00274649,0.0318990240372691,-3.44517986,37.78,3.082,1040,201.123,67.499,247.641,0
188.396,461.546,0.00216663,2.246247839524965,0.8092612,53.461,3.807,657,201.327,51.685,80.104,1
156.914,430.064,0.00232524,0.7015801836600885,-0.35442008,50.046,5.561,236,51.027,49.654,101.652,1
115.43,388.58,0.00257347,0.1135237959141728,-2.17574281,40.739,7.764,215,13.809,61.138,95.796,0
198.715,471.865,0.00211925,3.180050694553781,1.15689714,56.145,4.008,138,126.198,49.755,81.371,1
194.349,467.499,0.00213904,2.750229253498834,1.01168427,56.491,3.094,294,289.216,65.215,77.563,1
83.511,356.661,0.00280378,0.02095173262551225,-3.86553393,42.327,5.731,661,184.883,49.146,243.606,0
118.665,391.815,0.00255222,0.132675675253202,-2.01984766,45.326,14.818,710,132.836,51.672,22.943,0
198.935,472.085,0.00211826,3.203177358717558,1.16414324,56.887,5.957,793,103.694,54.102,97.878,1
189.202,462.352,0.00216285,2.309366281106283,0.83697315,47.348,8.281,378,288.372,65.917,176.566,0
96.634,369.784,0.00270428,0.04347845941655629,-3.13548965,36.664,9.635,481,277.552,49.105,69.697,0
166.445,439.595,0.00227482,1.015590074748839,0.0154698,50.16,8.212,830,169.611,62.6,157.011,1
43.016,316.166,0.0031629,0.001502911919517141,-6.50035077,35.925,7.426,208,295.753,59.675,79.881,0
56.904,330.054,0.00302981,0.00399033634053335,-5.52387976,43.407,8.814,705,204.774,65.368,132.285,0
167.273,440.423,0.00227054,1.047962658356846,0.04684795,49.997,14.83,1066,39.94,54.554,63.11,0
107.716,380.866,0.0026256,0.07744647155087153,-2.55816827,38.553,14.472,852,46.3,66.498,112.151,0
87.993,361.143,0.00276899,0.02704561512017429,-3.61023039,41.267,5.502,382,160.891,68.579,224.766,0
58.916,332.066,0.00301145,0.004565675432532246,-5.38918882,39.082,7.032,350,297.41,64.582,133.295,0
142.949,416.099,0.00240327,0.3957418193464665,-0.92699325,41.895,11.365,1158,194.936,57.455,161.226,0
134.207,407.357,0.00245485,0.2710641140434616,-1.3053999,44.004,7.626,744,128.252,61.523,25.657,0
100.79,373.94,0.00267423,0.05420560270394732,-2.914971,44.296,2.677,1141,130.85,70.399,180.809,0
121.2,394.35,0.00253582,0.1496474543185572,-1.89947306,37.269,14.239,1013,225.224,61.132,111.35,0
153.187,426.337,0.00234556,0.604375416507016,-0.50355972,46.61,2.945,445,64.533,62.897,157.058,1
199.891,473.041,0.00211398,3.305383739498509,1.19555258,52.275,3.474,543,240.634,52.475,87.134,1
122.265,395.415,0.00252899,0.1573375316969149,-1.8493619,39.89,14.656,635,242.785,71.613,78.091,0
76.126,349.276,0.00286307,0.01356190452224074,-4.30049055,39.211,13.819,1121,56.764,51.175,58.498,0
151.127,424.277,0.00235695,0.5559276899367358,-0.58711705,40.526,11.634,759,176.084,70.618,117.341,0
93.09,366.24,0.00273045,0.03588309644199922,-3.32748895,36.675,6.835,166,211.007,52.394,128.74,0
133.994,407.144,0.00245613,0.2685219491874796,-1.31482262,40.987,11.376,356,179.629,54.042,70.219,0
58.203,331.353,0.00301793,0.004353685148677219,-5.43673263,42.407,3.343,445,166.194,51.415,199.851,0
123.459,396.609,0.00252137,0.1663766753501066,-1.79350093,39.53,2.973,540,148.031,63.414,230.981,0
148.216,421.366,0.00237323,0.4933258126551084,-0.70658545,44.219,4.709,1051,265.959,56.928,34.682,0
100.63,373.78,0.00267537,0.05375224241881563,-2.92336989,36.567,10.685,1094,130.145,49.503,89.606,0
162.653,435.803,0.00229461,0.8783092975416686,-0.12975647,46.025,1.773,458,101.809,73.148,197.078,1
52.078,325.228,0.00307477,0.002869139239325662,-5.85374321,38.643,4.003,106,138.249,66.904,162.027,0
171.182,444.332,0.00225057,1.213374601869663,0.1934054,48.351,5.557,1061,66.085,72.643,53.003,1
97.879,371.029,0.00269521,0.04647172230595271,-3.06891127,44.346,10.381,1028,289.108,72.766,105.462,0
98.183,371.333,0.002693,0.04723017922914677,-3.0527222,42.465,10.289,181,181.636,49.267,114.686,0
67.058,340.208,0.00293938,0.007747381660615843,-4.86040034,36.001,3.646,1125,10.987,72.74,133.823,0
163.364,436.514,0.00229088,0.902727671921813,-0.10233435,47.532,12.321,202,261.996,58.477,20.139,0
61.655,334.805,0.00298681,0.005470246167865838,-5.20843166,44.424,8.745,671,126.496,51.157,201.025,0
67.372,340.522,0.00293667,0.007902992621977772,-4.84051378,36.517,13.501,456,185.68,52.944,70.058,0
99.035,372.185,0.00268684,0.04941550112107347,-3.00749112,36.71,13.988,816,79.044,54.151,25.702,0
89.552,362.702,0.00275708,0.02951355130769604,-3.52290575,43.045,1.025,879,276.469,51.995,166.229,0
154.461,427.611,0.00233857,0.6361716344951127,-0.45228689,46.689,6.402,1103,89.371,64.049,185.036,0
193.945,467.095,0.00214089,2.713149238619923,0.99811004,48.719,9.798,521,58.937,65.722,190.993,0
47.915,321.065,0.00311463,0.002141483814507955,-6.14625632,44.814,11.121,926,147.8,52.059,141.013,0
40.877,314.027,0.00318444,0.001283171660859632,-6.65842041,40.316,4.574,686,153.45,63.779,23.626,0
182.439,455.589,0.00219496,1.824683981090294,0.60140681,50.962,3.277,595,169.579,61.462,90.972,1
182.718,455.868,0.00219362,1.842757443303408,0.61126306,51.361,13.935,765,65.407,65.998,54.624,1
35.719,308.869,0.00323762,0.0008686278577286005,-7.04859577,39.223,11.516,815,279.291,56.725,220.878,0
171.638,444.788,0.00224826,1.234090325765935,0.21033412,50.265,8.641,109,249.427,54.584,134.597,1
85.449,358.599,0.00278863,0.02341546717596281,-3.75435848,43.074,6.646,1193,235.325,68.846,236.886,0
38.677,311.827,0.00320691,0.001088167602763835,-6.8232601,39.886,2.941,1170,11.472,56.0,224.636,0
134.257,407.407,0.00245455,0.2716639579644472,-1.30318943,46.093,10.493,305,72.367,62.209,130.362,0
71.162,344.312,0.00290434,0.01001829136125,-4.60334272,44.073,11.121,199,115.461,53.221,244.95,0
56.048,329.198,0.00303769,0.003766222043496859,-5.58168289,41.767,1.096,249,35.638,58.641,106.064,0
47.833,320.983,0.00311543,0.002129018409487851,-6.15209425,39.608,13.17,391,145.365,59.481,43.016,0
144.094,417.244,0.00239668,0.4153618727462745,-0.87860516,40.738,6.799,266,179.668,63.346,18.511,0
64.511,337.661,0.00296155,0.006584240509013329,-5.02307629,40.804,6.421,362,31.944,61.649,100.884,0
148.472,421.622,0.00237179,0.4985691605614415,-0.69601296,42.482,13.062,899,44.955,64.664,238.356,0
140.064,413.214,0.00242005,0.3499015596340099,-1.05010342,41.663,9.087,1035,86.284,68.624,121.967,0
55.347,328.497,0.00304417,0.003591290393922059,-5.6292437,35.623,14.55,1027,76.849,55.717,249.964,0
67.581,340.731,0.00293487,0.008008134055480048,-4.8272975,42.663,12.004,824,113.253,70.571,8.917,0
49.912,323.062,0.00309538,0.002466398295700566,-6.00499637,35.258,7.665,1140,256.051,69.543,146.758,0
195.04,468.19,0.00213589,2.814676361375622,1.03484729,52.685,9.506,288,75.378,52.154,88.185,1
165.663,438.813,0.00227888,0.9858275312854324,-0.01427386,48.971,5.864,407,259.376,49.416,198.749,1
123.263,396.413,0.00252262,0.1648618128912643,-1.80264765,37.308,14.079,929,212.6,63.691,181.194,0
63.922,337.072,0.00296673,0.006338928734181105,-5.06104549,39.24,7.673,1022,284.306,51.619,189.409,0
80.643,353.793,0.00282651,0.01773358846520542,-4.03229478,36.947,11.704,511,213.136,50.577,171.853,0
197.951,471.101,0.00212269,3.10086417020279,1.13168084,50.893,10.742,1133,19.15,59.637,40.007,1
119.67,392.82,0.0025457,0.1391866683136351,-1.97193931,38.415,4.674,985,285.289,71.028,113.997,0
56.947,330.097,0.00302941,0.004001908120117915,-5.520984,35.627,13.265,635,132.13,68.868,246.004,0
61.176,334.326,0.00299109,0.005301163108232973,-5.23982903,44.949,1.919,164,121.265,68.774,139.067,0
144.965,418.115,0.00239169,0.430859221746921,-0.84197387,48.11,9.509,429,169.336,61.418,149.954,0
39.062,312.212,0.00320295,0.001120202896595109,-6.79424545,42.829,8.671,463,133.398,52.513,7.291,0
81.154,354.304,0.00282243,0.01827201083711332,-4.00238485,38.143,6.832,1195,60.011,61.143,178.35,0
99.146,372.296,0.00268603,0.04970679789709734,-3.00161358,39.063,14.378,568,230.482,50.924,211.974,0
145.309,418.459,0.00238972,0.4371196090619691,-0.82754842,40.781,14.537,692,291.898,65.83,225.866,0
158.704,431.854,0.0023156,0.7529876101282367,-0.28370651,49.02,9.637,862,30.744,49.997,86.801,1
127.357,400.507,0.00249684,0.1991986613406288,-1.61345265,37.474,4.716,131,103.971,65.436,17.67,0
156.435,429.585,0.00232783,0.688360341933301,-0.37344283,44.55,12.798,818,46.453,69.414,249.771,0
166.09,439.24,0.00227666,1.001982332029565,0.00198037,42.324,11.863,369,59.967,71.408,79.439,0
177.767,450.917,0.0022177,1.544262718469628,0.43454659,49.933,9.592,1070,163.051,52.984,23.525,1
197.622,470.772,0.00212417,3.067297172072419,1.12079677,57.311,1.279,111,259.222,66.889,20.649,1
53.239,326.389,0.00306383,0.003108869106829332,-5.77349625,36.765,12.614,263,244.742,59.763,246.777,0
83.54,356.69,0.00280355,0.0209868041329378,-3.86386141,37.335,14.207,997,178.85,61.35,218.346,0
187.492,460.642,0.00217088,2.177253937068103,0.77806442,49.776,7.575,456,79.361,70.101,119.164,1
105.559,378.709,0.00264055,0.06939851078449645,-2.66788987,39.913,10.819,725,39.301,62.478,64.461,0
86.349,359.499,0.00278165,0.02464610017898749,-3.7031366,37.866,1.757,882,24.005,63.14,95.013,0
165.298,438.448,0.00228077,0.9722006325820085,-0.02819308,46.516,2.608,401,70.368,50.947,21.617,1
85.167,358.317,0.00279082,0.02304143983625606,-3.77046095,43.078,1.99,395,126.298,58.513,175.981,0
52.137,325.287,0.00307421,0.002880903310616906,-5.84965138,42.913,3.142,770,79.171,62.95,19.981,0
143.785,416.935,0.00239846,0.4099838873025843,-0.89163742,38.959,8.464,631,157.65,62.291,234.39,0
59.306,332.456,0.00300792,0.004685562231726328,-5.36326936,42.68,9.239,520,203.929,68.854,91.967,0
156.875,430.025,0.00232545,0.7004955102207419,-0.35596732,40.547,3.508,337,175.886,56.335,154.949,0
111.913,385.063,0.00259698,0.09554103290821118,-2.34819946,42.759,6.606,701,215.778,54.728,164.748,0
178.62,451.77,0.00221352,1.592442452202047,0.46526897,45.194,10.935,533,169.554,58.747,244.445,0
98.364,371.514,0.00269169,0.04768702673211765,-3.04309589,41.082,8.623,186,149.0,68.614,70.102,0
41.615,314.765,0.00317697,0.001355424872673877,-6.60364031,37.344,4.541,946,195.932,67.529,121.752,0
125.512,398.662,0.00250839,0.1830063951113942,-1.69823418,43.446,1.343,750,46.507,55.904,96.099,0
61.912,335.062,0.00298452,0.005562971369595512,-5.19162289,41.453,8.528,752,229.863,61.338,125.027,0
109.417,382.567,0.00261392,0.08437240311830103,-2.47251491,41.995,1.545,189,129.533,72.321,190.03,0
163.641,436.791,0.00228942,0.9124015624714942,-0.09167508,41.512,10.134,1094,46.428,63.897,48.413,0
42.999,316.149,0.00316307,0.001501037683198857,-6.50159862,40.438,8.976,922,237.392,52.531,92.854,0
66.318,339.468,0.00294579,0.007391590952344209,-4.90741228,41.248,12.172,636,274.033,58.345,123.971,0
133.826,406.976,0.00245715,0.2665318363499964,-1.32226158,40.218,14.576,646,109.665,65.756,154.066,0
71.231,344.381,0.00290376,0.01006115595015963,-4.59907322,42.753,11.379,400,254.994,58.882,227.615,0
131.024,404.174,0.00247418,0.2352175302300586,-1.44724453,38.626,3.933,117,200.972,52.517,239.332,0
83.661,356.811,0.0028026,0.02113370958686501,-3.8568859,44.93,4.227,693,269.928,55.941,212.818,0
135.869,409.019,0.00244487,0.2916463903795176,-1.2322132,39.513,14.288,675,22.814,68.835,176.527,0
150.181,423.331,0.00236222,0.5348542568004339,-0.62576099,41.426,3.791,252,226.798,53.344,153.645,0
100.878,374.028,0.0026736,0.05445641188721428,-2.91035468,37.048,7.175,543,236.193,58.532,243.346,0
76.965,350.115,0.0028562,0.01426206850550289,-4.25015182,36.655,8.361,833,168.011,71.399,100.45,0
41.047,314.197,0.00318272,0.001299495880786368,-6.64577887,40.02,4.144,558,105.103,70.051,123.55,0
103.237,376.387,0.00265684,0.06158048862938395,-2.7874102,36.178,7.037,509,266.945,57.09,244.402,0
184.619,457.769,0.00218451,1.970130891402311,0.67809998,55.438,13.032,508,71.85,52.316,122.103,1
42.745,315.895,0.00316561,0.001473287565629501,-6.52025894,42.939,14.388,293,169.646,71.138,121.222,0
105.64,378.79,0.00263999,0.06968661577128145,-2.66374701,38.395,1.703,604,273.164,53.283,85.132,0
177.559,450.709,0.00221873,1.532710060166481,0.42703745,51.136,4.963,226,210.135,64.972,246.309,1
103.101,376.251,0.0026578,0.06114811376228344,-2.79445626,41.571,6.486,920,42.472,52.29,18.197,0
100.711,373.861,0.00267479,0.0539813286652012,-2.91911706,38.321,11.088,445,30.072,59.339,146.947,0
125.07,398.22,0.00251117,0.1793059648182382,-1.71866163,37.822,13.888,1008,60.682,54.58,77.111,0
140.704,413.854,0.00241631,0.3596424728605815,-1.02264487,41.171,3.866,896,57.226,51.716,154.638,0
89.993,363.143,0.00275374,0.03024755384573572,-3.49833996,41.147,10.245,1064,60.065,53.819,8.335,0
174.657,447.807,0.0022331,1.379254143996548,0.32154288,53.151,6.547,197,196.921,49.796,179.101,1
69.565,342.715,0.00291788,0.009071292862011087,-4.70264048,36.75,14.379,841,177.649,49.932,177.677,0
124.027,397.177,0.00251777,0.1708370507617987,-1.7670451,45.821,13.822,183,129.6,57.494,30.132,0
184.923,458.073,0.00218306,1.991198692635688,0.68873682,47.709,6.905,683,247.044,53.307,129.159,0
45.884,319.034,0.00313446,0.001851544449560783,-6.29173515,40.049,9.114,469,180.778,51.629,198.274,0
132.839,405.989,0.00246312,0.2551025115636625,-1.36608981,37.965,8.968,340,142.475,50.33,158.356,0
156.337,429.487,0.00232836,0.6856829212071193,-0.37733997,44.237,8.569,604,39.104,63.801,131.001,0
93.958,367.108,0.00272399,0.03762368505147021,-3.28012151,38.744,7.526,883,278.562,53.057,73.448,0
173.403,446.553,0.00223938,1.317232240194944,0.27553275,52.601,12.417,248,199.14,68.314,11.704,1
49.209,322.359,0.00310213,0.002347218612585932,-6.05452422,35.259,9.272,178,161.383,70.558,16.767,0
169.812,442.962,0.00225753,1.152963230725973,0.14233535,44.338,14.703,527,36.274,51.896,24.532,0
47.573,320.723,0.00311796,0.002089930462073899,-6.17062449,43.955,13.431,584,184.721,57.509,113.244,0
108.211,381.361,0.00262219,0.07940738813139274,-2.53316387,44.308,2.92,125,54.542,70.258,77.469,0
173.12,446.27,0.0022408,1.303578948907981,0.26511352,44.77,10.708,179,240.206,69.408,166.798,0
106.256,379.406,0.0026357,0.07191296874286472,-2.63229866,41.367,12.676,869,116.086,68.25,195.068,0
135.448,408.598,0.00244739,0.2863055261087022,-1.25069577,42.36,3.092,126,88.75,63.77,90.456,0
112.213,385.363,0.00259496,0.09696878958625195,-2.33336611,44.206,14.924,1160,94.476,67.774,59.589,0
39.543,312.693,0.00319802,0.001161438005825979,-6.75809638,37.943,6.266,369,12.054,69.852,37.194,0
168.983,442.133,0.00226176,1.117706342188484,0.11127868,52.38,12.115,632,10.524,58.067,101.078,1
96.697,369.847,0.00270382,0.04362565623216749,-3.13210986,36.112,5.919,1192,171.3,56.163,175.645,0
137.802,410.952,0.00243337,0.3173222179690077,-1.14783756,41.283,11.319,563,251.896,62.273,225.327,0
158.401,431.551,0.00231722,0.7440588020339998,-0.29563521,45.381,1.36,759,234.423,69.475,139.968,1
97.405,370.555,0.00269865,0.0453109549313137,-3.09420645,42.767,2.472,1164,242.234,52.896,216.849,0
140.16,413.31,0.00241949,0.3513476047832816,-1.04597922,39.184,4.534,149,33.054,62.276,187.613,0
116.028,389.178,0.00256952,0.1168657039668931,-2.14672983,42.612,5.718,443,215.21,52.112,165.206,0
178.718,451.868,0.00221304,1.598061280072533,0.46879119,49.772,1.649,508,291.783,63.081,28.365,1
55.25,328.4,0.00304507,0.003567676057324671,-5.63584086,41.728,12.393,628,39.425,72.759,226.303,0
48.71,321.86,0.00310694,0.002265836834958024,-6.08981112,44.123,3.954,318,103.902,62.461,70.293,0
164.067,437.217,0.00228719,0.9274573516252655,-0.07530847,44.367,14.365,959,252.001,50.372,202.706,0
189.87,463.02,0.00215973,2.362847030502073,0.85986726,47.128,9.412,553,219.27,53.539,123.944,0
40.948,314.098,0.00318372,0.00128996648310414,-6.65313904,37.83,4.639,433,253.828,53.488,160.633,0
111.701,384.851,0.00259841,0.09454346154032767,-2.35869564,40.265,13.809,920,263.237,52.039,99.877,0
64.176,337.326,0.00296449,0.006443680373379113,-5.04465542,41.786,4.606,843,16.922,69.864,18.044,0
45.261,318.411,0.0031406,0.00177007727539872,-6.33673207,36.556,8.011,536,120.279,50.557,72.963,0
124.783,397.933,0.00251299,0.1769390582921093,-1.73194991,41.772,1.969,379,132.504,66.364,49.696,0
130.183,403.333,0.00247934,0.2264805785633331,-1.48509608,39.283,14.739,1179,233.968,49.652,230.979,0
60.6,333.75,0.00299625,0.005104137091081716,-5.27770387,40.113,9.729,413,177.365,51.8,228.953,0
180.533,453.683,0.00220418,1.705313816951625,0.53374915,45.434,13.386,188,209.673,66.554,71.792,0
46.563,319.713,0.00312781,0.001944222206041637,-6.24289328,35.765,13.458,992,225.466,72.771,63.291,0
77.1,350.25,0.0028551,0.01437773361621285,-4.24207455,40.905,7.373,129,248.253,66.537,33.255,0
186.094,459.244,0.00217749,2.074205146549669,0.72957802,47.461,1.502,1159,13.347,67.729,201.818,1
56.529,329.679,0.00303325,0.003890702894104454,-5.54916545,41.861,6.947,439,78.827,49.293,64.897,0
197.949,471.099,0.0021227,3.100659152205168,1.13161472,56.558,3.656,391,91.163,58.027,12.827,1
100.686,373.836,0.00267497,0.05391052966015209,-2.92042946,41.009,7.555,907,178.915,64.257,241.528,0
159.239,432.389,0.00231273,0.7689840221949197,-0.26268509,46.418,4.635,533,173.356,51.676,54.941,0
139.595,412.745,0.0024228,0.3429126748068689,-1.07027946,42.543,3.105,823,262.959,55.411,125.551,0
146.791,419.941,0.00238129,0.4650214425411656,-0.76567176,46.729,5.742,1135,114.284,54.083,102.748,1
188.408,461.558,0.00216657,2.24717639361623,0.80967449,56.255,10.036,1133,148.392,67.033,248.116,1
122.75,395.9,0.00252589,0.1609549657115207,-1.82663067,39.833,8.057,642,297.358,60.351,80.032,0
78.049,351.199,0.00284739,0.01521505973623723,-4.18546957,36.35,2.946,942,26.344,69.623,195.409,0
162.11,435.26,0.00229748,0.8600545682444274,-0.15075944,51.046,1.843,982,283.73,62.55,176.019,1
62.514,335.664,0.00297917,0.005785788701571695,-5.15235059,36.308,5.676,508,123.726,49.885,68.67,0
100.143,373.293,0.00267886,0.05239320778337389,-2.94897832,37.289,10.15,973,91.494,55.761,35.722,0
113.334,386.484,0.00258743,0.1024743645671608,-2.27814261,44.597,10.568,311,35.284,53.167,222.179,0
133.405,406.555,0.00245969,0.2616021947132429,-1.34093027,47.202,7.301,542,225.569,64.939,203.586,0
196.817,469.967,0.00212781,2.986497498297078,1.0941013,57.358,10.557,369,218.284,50.686,72.979,1
122.939,396.089,0.00252469,0.1623846145644151,-1.81778759,39.737,14.587,1047,166.525,52.208,246.378,0
163.875,437.025,0.0022882,0.9206447699055081,-0.08268102,49.932,7.033,104,109.978,65.174,186.799,1
125.11,398.26,0.00251092,0.1796380784330815,-1.71681113,42.865,9.781,1062,14.647,61.167,105.868,0
173.729,446.879,0.00223774,1.333115591311156,0.28751875,44.684,9.953,961,298.851,60.303,69.929,0
106.715,379.865,0.00263251,0.07361313016358345,-2.60893187,41.499,8.429,354,251.538,58.523,20.803,0
131.536,404.686,0.00247105,0.2406822722214219,-1.42427759,38.472,3.261,877,126.363,61.152,240.506,0
131.843,404.993,0.00246918,0.2440128865315213,-1.41053424,45.704,13.476,746,256.503,56.179,50.644,0
128.807,401.957,0.00248783,0.2128072649985732,-1.54736838,40.104,4.88,162,189.255,61.883,13.566,0
161.662,434.812,0.00229984,0.8452461858169231,-0.16812735,50.16,2.826,639,259.331,60.22,210.386,1
126.458,399.608,0.00250245,0.1911559392433453,-1.65466575,45.414,6.24,743,102.24,55.336,190.976,0
51.359,324.509,0.00308158,0.002729252385624775,-5.90372756,44.441,8.083,777,137.36,55.845,18.384,0
64.712,337.862,0.00295979,0.006669907079352447,-5.01014935,36.693,11.028,687,205.93,59.976,150.313,0
85.221,358.371,0.0027904,0.02311264198142189,-3.76737554,37.199,8.9,321,59.488,53.504,189.892,0
149.362,422.512,0.0023668,0.5171839028919324,-0.65935676,46.608,6.728,407,76.21,71.05,51.036,0
52.375,325.525,0.00307196,0.002928806042909522,-5.83316043,38.138,2.875,845,61.138,65.25,234.473,0
130.032,403.182,0.00248027,0.2249428337375917,-1.49190898,46.564,14.337,111,38.138,67.445,84.746,0
187.327,460.477,0.00217166,2.164863043457812,0.7723571,53.459,8.106,614,280.52,55.975,116.498,1
110.011,383.161,0.00260987,0.08691858834418409,-2.44278336,42.351,6.098,715,157.558,61.2,225.892,0
133.239,406.389,0.0024607,0.2596808367791423,-1.34830195,44.168,13.527,1184,210.121,62.045,15.41,0
43.998,317.148,0.0031531,0.001614877394766781,-6.42849624,44.039,6.848,755,151.781,57.165,155.538,0
83.469,356.619,0.00280411,0.02090103320914246,-3.86795669,38.038,10.942,180,271.991,55.315,41.612,0
73.781,346.931,0.00288242,0.01176674104523497,-4.44247828,43.331,12.721,991,30.735,65.194,85.413,0
90.294,363.444,0.00275146,0.03075794126085099,-3.48160707,38.846,4.839,207,240.61,69.635,153.17,0
69.644,342.794,0.0029172,0.009116159297617785,-4.69770669,43.777,3.813,617,203.723,69.926,151.24,0
101.881,375.031,0.00266645,0.0573896032056535,-2.85789212,41.068,13.637,686,200.765,60.851,173.542,0
156.238,429.388,0.0023289,0.682987520025924,-0.38127869,49.354,2.818,280,169.17,67.982,10.214,1
67.543,340.693,0.00293519,0.007988923564803943,-4.82969925,35.401,12.722,350,14.728,62.825,167.274,0
54.542,327.692,0.00305165,0.003399552023739856,-5.68411161,42.649,5.753,445,78.909,50.928,194.985,0
63.151,336.301,0.00297353,0.006030362733928313,-5.11094812,39.321,9.676,226,33.618,63.232,45.196,0
167.699,440.849,0.00226835,1.064969187106959,0.06294587,49.864,11.777,313,214.074,62.487,142.069,0
165.079,438.229,0.00228191,0.9641043444110163,-0.03655575,44.896,9.521,704,197.965,61.701,27.391,0
141.644,414.794,0.00241084,0.3743856934512413,-0.98246875,43.347,1.515,867,144.478,68.54,106.16,0
52.34,325.49,0.00307229,0.002921716303125016,-5.83558406,40.585,6.081,580,237.036,67.066,180.376,0
166.248,439.398,0.00227584,1.008018786660559,0.00798681,48.627,11.492,686,71.274,72.507,201.671,0
103.66,376.81,0.00265386,0.06294289521948689,-2.76552739,44.857,14.225,990,118.238,61.722,47.273,0
199.674,472.824,0.00211495,3.281938303240212,1.18843419,58.214,14.581,811,86.883,62.571,232.35,1
187.26,460.41,0.00217198,2.159849220962725,0.77003841,47.059,8.375,279,92.856,71.304,66.309,0
111.131,384.281,0.00260226,0.09190738172430393,-2.38697393,44.444,2.123,883,76.278,72.508,97.281,0
40.792,313.942,0.0031853,0.001275080065408793,-6.66474631,44.858,6.694,331,97.776,56.977,75.763,0
93.301,366.451,0.00272888,0.0362994072772934,-3.31595387,39.08,4.633,1092,171.267,70.677,131.882,0
166.692,439.842,0.00227354,1.025153701816351,0.02484255,44.744,12.186,1052,148.228,63.738,209.724,0
192.689,465.839,0.00214666,2.600642631466147,0.95575858,55.09,11.656,791,262.501,55.75,65.308,1
136.801,409.951,0.00243932,0.3037859386329197,-1.19143197,44.362,7.436,290,100.648,63.952,196.572,0
177.072,450.222,0.00222113,1.505957350045188,0.40942881,52.908,4.396,710,85.789,69.538,130.924,1
98.972,372.122,0.00268729,0.04925085373626172,-3.01082858,39.217,14.421,253,234.791,56.278,167.24,0
108.143,381.293,0.00262266,0.07913540016639915,-2.53659497,43.138,14.666,319,245.499,49.566,13.33,0
118.87,392.02,0.00255089,0.1339812562030292,-2.01005537,41.655,7.979,183,106.696,52.138,215.979,0
112.264,385.414,0.00259461,0.09721339814844687,-2.33084674,38.064,2.108,637,104.79,66.746,212.287,0
118.573,391.723,0.00255282,0.1320934592050574,-2.02424558,39.855,12.425,788,143.452,53.866,175.531,0
152.633,425.783,0.00234861,0.5909927766184453,-0.52595148,41.734,12.312,1099,51.265,65.123,164.454,0
