temperature_C,pressure_atm,concentration_mol_L,pH,exotherm_kJ_mol,decomp_temp_C,viscosity_cP,thermal_runaway,pressure_buildup,vapor_emission,corrosion,decomposition,risk_score,severity
246.3,2.25,0.2657,4.37,137.0,300.5,20.89,1,0,1,0,1,58.9,high
117.5,6.61,0.095,2.93,48.9,292.6,39.25,0,0,0,0,1,33.7,medium
162.9,8.72,0.1437,6.57,106.7,246.3,23.82,0,0,0,0,0,49.5,medium
96.4,11.14,0.0506,6.71,145.8,370.5,43.83,0,1,0,0,1,40.3,medium
163.1,10.24,0.0236,4.28,75.5,218.2,32.42,1,1,0,0,0,52.7,high
228.4,14.64,0.2677,0.97,140.4,396.5,38.42,1,1,1,0,0,65.5,high
225.9,10.0,0.1752,3.69,124.6,295.2,40.32,1,1,0,0,0,53.1,high
230.3,18.18,0.4822,1.7,99.0,237.2,34.63,1,1,0,1,1,75.2,critical
134.1,8.23,0.094,3.64,181.5,270.9,37.59,0,0,0,0,1,44.9,medium
218.9,10.98,0.399,1.73,144.6,203.1,34.92,1,1,1,1,1,64.0,high
148.2,1.06,0.1648,5.08,84.9,233.3,27.75,0,0,0,0,0,41.5,medium
286.7,6.9,0.1195,1.02,164.8,267.1,28.54,1,1,0,1,1,63.1,high
142.4,17.46,0.4851,6.7,152.9,310.9,9.9,0,1,0,1,0,67.7,high
204.7,7.34,0.4033,1.77,162.5,225.9,41.46,1,1,0,1,1,66.3,high
240.0,5.81,0.319,4.79,135.4,335.2,15.95,1,0,1,1,0,56.4,high
277.5,11.33,0.3516,6.46,88.3,368.9,27.02,1,1,1,0,0,54.9,high
165.1,2.5,0.4958,2.11,82.7,314.5,12.85,0,0,1,1,0,49.3,medium
146.5,11.1,0.3007,6.57,137.7,259.4,34.95,0,1,0,0,0,56.2,high
163.2,6.77,0.0599,3.03,43.6,224.3,48.77,0,1,0,0,0,39.9,medium
137.7,8.28,0.0418,6.74,167.6,203.1,40.2,1,0,0,0,0,49.4,medium
216.9,16.04,0.3366,6.81,86.7,346.4,31.15,1,0,1,1,1,64.7,high
283.9,13.58,0.3322,1.72,133.5,325.7,28.59,1,1,1,1,0,77.7,critical
90.3,9.48,0.3766,5.9,109.8,295.3,24.74,0,0,0,1,0,41.4,medium
194.6,11.97,0.0633,1.76,113.5,220.4,10.65,0,1,1,1,1,59.1,high
275.4,15.57,0.473,1.97,152.8,241.4,17.73,1,1,1,1,1,77.9,critical
84.0,15.17,0.2801,1.05,132.8,363.0,20.62,0,1,0,0,0,37.6,medium
178.5,4.52,0.3283,1.52,65.1,296.0,47.26,0,0,1,1,0,33.5,medium
267.7,6.72,0.0271,4.61,33.4,392.6,21.57,0,1,0,1,0,41.4,medium
276.1,7.62,0.4809,3.42,171.2,400.0,29.52,1,1,1,1,0,68.9,high
183.4,4.56,0.2857,5.64,179.3,360.1,46.16,1,0,1,0,0,52.2,high
66.0,1.23,0.286,2.66,49.6,251.6,26.16,0,0,0,1,1,28.2,low
85.4,4.31,0.4723,6.8,75.7,246.2,12.95,0,0,1,1,0,49.6,medium
200.8,16.36,0.4654,0.82,70.8,250.7,19.36,1,1,1,1,1,65.2,high
89.7,11.37,0.1179,0.91,188.7,397.4,19.09,0,1,0,1,0,43.2,medium
95.9,7.49,0.4662,5.06,56.9,267.1,35.88,1,0,0,1,1,38.3,medium
245.3,12.56,0.3709,6.27,50.0,341.3,15.16,1,1,1,1,0,63.0,high
240.2,15.06,0.0193,5.67,52.7,391.8,36.65,0,1,0,0,0,42.5,medium
262.3,7.73,0.1275,3.68,151.4,363.9,44.52,1,1,0,0,0,61.1,high
85.4,9.86,0.2124,2.25,179.8,319.5,17.14,0,0,0,0,0,46.2,medium
107.6,2.22,0.2956,0.59,90.8,233.8,7.2,0,0,0,1,0,30.6,medium
259.9,12.34,0.3537,3.81,44.5,235.0,32.11,1,1,1,1,1,51.9,high
233.1,7.77,0.113,3.59,125.4,298.5,18.36,1,1,0,0,0,59.0,high
253.4,9.24,0.42,2.74,57.8,390.4,26.93,0,1,1,0,0,47.1,medium
297.5,9.03,0.4244,4.26,31.5,380.9,31.89,1,0,1,1,0,53.7,high
267.5,13.02,0.3211,5.24,179.5,233.2,20.68,1,0,0,0,1,68.8,high
184.9,11.88,0.4613,5.06,176.8,257.5,46.27,1,1,1,1,0,75.4,critical
134.6,9.02,0.4084,2.21,195.7,317.8,20.28,0,0,0,1,0,56.0,high
196.7,1.32,0.1186,4.3,105.3,295.5,15.72,1,0,0,0,0,31.4,medium
213.3,12.8,0.4014,1.47,72.9,223.9,44.34,1,1,1,1,1,57.1,high
140.5,17.71,0.4771,1.29,158.6,273.9,7.25,0,1,0,1,1,73.3,high
245.0,15.62,0.0774,5.61,52.5,390.9,6.65,0,1,0,0,0,46.3,medium
82.3,19.65,0.4896,5.01,63.8,390.3,46.82,0,1,0,1,0,47.5,medium
247.1,3.64,0.0222,5.49,66.0,311.9,10.84,1,0,0,0,1,45.5,medium
67.7,5.23,0.2659,1.49,191.3,327.1,7.85,0,0,0,1,0,42.2,medium
179.5,11.25,0.3892,6.45,151.4,244.4,26.99,1,1,1,0,0,54.7,high
266.7,5.48,0.3973,1.37,44.1,348.4,2.82,1,0,1,1,0,48.9,medium
80.8,1.66,0.37,6.16,36.7,210.5,31.19,0,0,0,0,0,27.6,low
184.3,8.64,0.2694,2.79,171.7,244.1,22.92,1,0,1,0,0,57.9,high
98.3,6.47,0.329,1.19,164.4,201.2,32.2,0,0,0,1,0,53.1,high
274.8,6.01,0.353,2.36,140.8,277.1,14.55,1,0,1,1,1,61.9,high
259.8,19.11,0.2523,1.68,55.3,370.1,45.32,1,0,1,1,0,61.1,high
284.1,5.53,0.3019,3.69,106.5,396.5,13.89,1,0,0,1,0,51.4,high
270.0,3.46,0.4247,6.67,128.5,333.6,32.06,1,0,1,1,1,60.5,high
236.8,3.38,0.1633,2.63,187.8,349.0,47.28,1,0,0,0,1,48.3,medium
104.4,16.32,0.2664,4.48,50.5,252.5,20.34,0,0,0,0,0,35.9,medium
132.6,14.58,0.0142,6.3,112.8,304.1,8.49,1,1,0,0,0,45.5,medium
179.2,3.46,0.3468,4.6,48.4,347.3,3.88,0,0,1,1,0,37.9,medium
201.3,5.18,0.1057,2.85,99.9,299.5,48.17,1,0,0,0,0,40.4,medium
247.7,15.2,0.2457,6.94,56.0,217.7,38.3,1,1,1,1,1,58.5,high
114.5,6.22,0.113,1.72,170.5,348.2,45.99,0,0,0,1,0,38.7,medium
90.8,19.65,0.0215,3.9,65.9,243.9,35.09,0,1,0,0,0,46.4,medium
175.8,11.27,0.2468,5.68,95.1,219.5,17.45,1,1,0,0,1,46.4,medium
97.9,4.65,0.2182,0.5,93.4,295.6,6.59,0,0,0,0,0,36.5,medium
226.5,17.32,0.2183,5.06,175.9,214.9,46.5,1,1,1,0,1,59.9,high
198.2,7.07,0.1123,2.23,156.4,325.9,24.74,1,0,0,0,0,52.0,high
237.9,6.49,0.4741,1.6,30.4,328.1,20.13,1,1,0,1,0,48.7,medium
75.2,7.22,0.0117,2.28,32.1,251.3,29.1,0,0,0,0,0,28.1,low
291.5,15.6,0.4469,6.78,119.2,392.9,5.77,1,1,1,1,0,60.1,high
60.0,4.29,0.3711,6.3,97.0,364.9,15.81,0,0,0,1,0,31.3,medium
138.1,8.25,0.0943,1.89,69.6,221.9,32.07,0,0,0,1,0,36.9,medium
223.1,1.59,0.2414,1.26,162.7,349.7,5.46,1,0,1,1,1,55.3,high
70.8,16.71,0.4945,2.87,43.2,270.6,7.19,0,1,0,1,0,48.8,medium
80.0,7.47,0.3254,4.35,195.3,350.1,25.77,0,1,1,1,0,39.4,medium
78.4,5.72,0.0724,6.14,24.3,360.2,31.36,0,0,0,0,0,11.9,low
199.6,12.02,0.2342,6.78,41.3,230.3,9.76,1,1,1,0,0,47.1,medium
275.0,14.39,0.2394,5.38,76.0,332.4,2.14,0,1,0,0,1,64.5,high
193.3,16.45,0.4031,4.39,111.6,372.5,47.94,1,1,0,1,0,65.9,high
204.9,7.61,0.4589,1.43,58.9,264.7,1.86,1,0,1,1,1,51.0,high
143.0,16.43,0.0503,0.98,152.5,216.1,0.6,0,0,0,1,0,58.4,high
64.5,9.83,0.1639,4.37,84.4,205.5,16.51,0,0,0,0,0,36.1,medium
65.2,2.92,0.1562,4.0,26.9,222.0,11.51,0,0,0,0,0,22.6,low
273.2,17.08,0.4981,6.0,178.0,200.8,28.89,1,1,1,1,1,90.0,critical
84.6,11.41,0.284,2.6,189.9,265.4,44.76,0,1,0,0,0,50.7,high
299.9,12.45,0.4411,0.76,131.3,259.9,24.31,1,1,1,1,1,76.1,critical
99.5,18.81,0.2188,3.25,165.2,222.1,38.78,0,1,0,0,0,58.4,high
221.9,11.62,0.3641,6.8,41.8,330.2,45.51,0,1,1,1,0,55.9,high
287.7,1.11,0.1504,5.67,68.4,398.4,9.88,1,0,0,0,0,43.0,medium
146.9,17.54,0.4568,0.72,78.5,380.2,24.67,0,1,0,0,0,59.2,high
236.3,6.41,0.233,6.19,192.9,250.6,32.28,1,1,1,0,1,70.6,high
144.2,10.53,0.4038,3.57,112.2,354.0,16.93,0,1,0,1,0,35.7,medium
133.2,4.89,0.1354,2.87,21.3,387.4,37.12,0,0,0,0,0,28.5,low
108.4,6.64,0.3499,2.75,88.4,381.3,35.41,0,0,0,1,1,38.0,medium
257.0,14.05,0.2085,4.37,21.4,376.9,21.34,0,1,1,0,0,52.7,high
121.8,9.16,0.0254,3.95,62.8,357.3,4.85,0,0,0,0,0,33.2,medium
128.0,12.92,0.2124,4.77,101.8,258.6,1.07,0,1,0,0,0,49.9,medium
299.8,16.65,0.2795,4.23,78.2,216.7,18.78,1,1,1,0,1,72.8,high
138.6,7.48,0.0844,1.44,25.9,297.6,4.56,0,0,0,1,0,35.8,medium
161.5,11.8,0.1001,2.17,40.9,211.0,39.19,1,1,0,0,0,48.2,medium
297.6,15.77,0.2378,5.97,119.2,399.7,17.05,1,1,1,1,0,66.0,high
148.6,14.59,0.1779,4.81,145.2,271.7,33.47,0,1,0,0,0,55.1,high
147.9,11.26,0.226,3.41,92.8,391.7,17.65,0,1,0,0,0,43.1,medium
258.7,8.28,0.2358,1.69,151.7,354.6,39.9,1,1,1,1,0,55.7,high
134.9,8.74,0.0786,0.55,49.4,282.3,44.48,0,0,0,1,0,44.2,medium
116.1,9.23,0.0988,2.53,42.0,223.7,41.96,0,0,0,0,0,29.6,low
161.6,7.63,0.4256,0.86,171.1,247.4,24.48,0,0,1,1,0,60.8,high
228.2,14.28,0.0897,3.63,81.1,334.6,4.66,1,1,0,0,0,56.7,high
70.4,3.38,0.3363,5.84,97.8,366.0,18.9,0,0,0,1,1,26.4,low
149.7,19.38,0.2151,2.36,190.6,395.9,21.51,0,1,0,1,0,64.2,high
143.1,15.8,0.4844,6.01,96.3,226.4,48.03,0,1,1,1,1,66.2,high
118.8,6.67,0.0424,5.08,20.6,231.2,28.49,0,0,0,0,1,27.8,low
217.0,1.81,0.4169,1.31,188.8,208.5,32.22,1,1,0,1,1,64.9,high
129.6,14.51,0.2508,4.69,22.5,252.1,39.21,0,1,0,0,0,49.5,medium
205.6,14.95,0.0126,1.49,139.2,364.2,28.63,1,1,0,1,1,51.2,high
181.0,19.31,0.1392,4.76,78.1,239.7,30.12,1,0,0,0,0,53.3,high
112.1,5.82,0.2098,1.43,104.7,309.6,12.64,0,0,1,1,0,37.4,medium
124.0,2.57,0.164,3.05,118.5,289.3,3.41,0,0,0,0,0,28.7,low
100.9,18.39,0.1876,4.18,93.5,265.2,36.21,0,1,1,0,0,36.7,medium
73.6,5.91,0.4592,0.83,159.4,323.7,42.51,0,0,0,1,0,40.3,medium
208.6,14.71,0.1869,1.5,187.5,300.5,20.89,1,1,0,1,0,76.3,critical
221.5,2.15,0.2152,2.58,35.6,267.0,27.67,1,0,1,0,1,35.5,medium
99.8,15.45,0.383,3.51,164.0,337.8,15.71,0,1,1,1,0,57.6,high
207.7,3.41,0.399,6.08,43.2,256.0,22.79,1,0,0,1,1,46.2,medium
295.7,14.22,0.0512,1.72,34.4,328.6,10.84,1,1,0,1,1,54.3,high
77.9,11.11,0.355,2.76,192.0,391.4,38.11,0,1,0,1,0,46.6,medium
177.7,19.15,0.2465,3.59,108.1,345.8,24.85,0,1,1,0,0,65.6,high
235.9,1.7,0.0756,2.42,47.5,283.7,27.58,1,1,0,0,0,36.5,medium
71.0,6.55,0.1397,4.57,122.6,349.5,2.34,0,0,0,0,0,31.8,medium
246.8,2.32,0.0321,2.17,67.4,361.8,31.31,0,0,0,1,0,40.4,medium
295.1,17.7,0.1865,5.52,103.6,265.2,10.53,1,1,0,0,1,65.6,high
81.2,12.28,0.1351,3.78,132.4,341.0,19.48,0,1,0,0,1,35.3,medium
257.3,11.16,0.1972,1.06,176.5,286.9,20.93,1,0,0,1,1,57.4,high
150.9,3.5,0.2944,4.58,20.6,363.7,22.71,1,0,1,1,0,31.6,medium
94.6,10.29,0.3688,4.2,58.5,259.1,11.76,0,1,0,1,0,40.0,medium
178.4,8.58,0.3066,2.7,37.3,387.6,42.58,0,0,1,1,0,43.0,medium
77.2,7.0,0.3424,0.57,37.5,315.0,21.68,1,0,0,1,0,30.5,medium
185.3,15.67,0.4342,1.8,190.2,270.7,30.8,1,0,1,1,0,63.8,high
64.6,2.16,0.4382,3.14,188.5,283.9,30.89,0,0,0,1,0,39.4,medium
234.9,13.29,0.4318,1.8,154.9,269.6,30.55,1,1,0,1,1,73.6,high
177.1,16.64,0.0851,4.25,135.8,229.2,28.19,1,1,0,0,0,58.9,high
170.1,18.24,0.133,5.13,172.6,213.7,41.22,1,1,0,0,0,72.7,high
107.1,15.17,0.2561,6.06,30.5,264.4,40.72,0,1,0,0,0,40.7,medium
146.7,6.37,0.1858,4.71,41.5,291.7,21.15,0,0,0,0,0,38.2,medium
103.6,12.41,0.0745,4.98,77.1,272.4,31.97,0,1,1,0,0,30.9,medium
236.5,3.69,0.151,4.45,169.8,202.8,5.59,1,1,0,0,1,54.5,high
107.8,3.22,0.488,6.91,105.0,315.8,4.99,0,1,0,1,1,36.3,medium
208.0,13.13,0.18,2.2,110.6,229.0,24.26,1,1,0,0,1,51.3,high
127.1,17.17,0.2153,2.23,61.3,242.2,45.06,0,1,0,0,0,56.1,high
217.7,2.28,0.0131,1.32,136.7,224.1,32.67,1,0,0,1,1,41.9,medium
189.7,3.01,0.3625,3.66,179.8,304.1,33.63,0,0,1,1,0,47.9,medium
161.6,11.75,0.2126,1.13,79.3,219.0,8.3,1,1,1,1,0,56.3,high
221.5,5.15,0.0605,2.26,131.5,251.3,22.94,1,0,0,0,1,49.3,medium
159.8,12.62,0.4846,3.64,79.8,290.3,20.34,0,1,1,1,0,57.4,high
257.1,5.08,0.3909,6.72,162.7,233.5,39.26,1,0,1,1,1,53.9,high
235.1,3.21,0.3658,6.76,105.5,289.2,7.32,1,0,1,1,1,45.6,medium
189.8,11.37,0.4794,5.33,81.1,268.5,27.19,0,0,1,0,1,66.2,high
270.5,17.38,0.2097,3.03,95.6,372.1,45.61,1,1,1,1,0,67.8,high
258.9,14.02,0.3621,6.12,36.4,359.0,44.68,1,1,1,1,0,50.5,high
187.6,16.56,0.111,6.19,175.9,398.6,42.69,1,1,0,0,0,60.4,high
76.4,6.06,0.3516,6.42,192.5,305.8,19.06,0,0,0,1,0,40.1,medium
195.8,17.83,0.0169,4.66,105.9,315.1,47.08,1,1,0,0,0,63.0,high
145.3,8.16,0.0719,1.81,59.8,389.3,40.36,0,0,0,1,0,21.2,low
189.6,17.2,0.2184,1.09,139.6,279.9,42.63,1,1,1,1,0,64.7,high
215.3,9.95,0.0159,6.45,101.4,311.1,46.65,1,1,0,0,0,49.1,medium
214.8,6.09,0.2364,0.86,65.4,275.8,46.88,1,0,1,0,0,39.5,medium
221.6,5.94,0.2662,2.42,26.9,309.2,12.38,1,0,1,0,0,39.7,medium
223.0,11.79,0.3146,3.67,180.1,216.2,6.82,1,1,1,1,1,70.1,high
86.2,2.5,0.0592,0.64,163.4,356.8,34.7,0,0,0,1,0,22.0,low
106.0,18.67,0.0987,6.39,169.2,397.1,28.38,0,1,0,0,1,46.5,medium
211.3,6.16,0.3105,2.37,99.2,213.1,16.71,1,0,1,1,1,51.2,high
158.0,7.38,0.3325,0.69,155.6,360.2,34.38,0,0,1,1,0,44.6,medium
243.1,5.43,0.0227,6.96,124.6,248.3,3.57,1,0,0,0,0,47.4,medium
90.0,1.06,0.2748,2.52,87.5,239.5,2.84,0,0,0,0,0,30.5,medium
106.0,14.16,0.3946,6.2,171.7,338.7,18.04,0,1,0,0,0,51.1,high
194.0,12.22,0.0439,3.45,199.8,208.8,10.1,1,1,0,0,1,62.6,high
180.2,16.38,0.2125,4.81,181.9,292.6,36.07,0,1,1,1,0,66.4,high
123.9,1.78,0.17,2.07,159.7,200.3,47.43,0,0,0,0,0,45.4,medium
158.0,18.64,0.4577,3.77,154.6,310.9,33.25,0,1,1,0,0,60.8,high
68.4,7.29,0.101,2.17,137.0,292.4,32.91,0,0,0,0,0,32.6,medium
68.9,18.35,0.166,6.68,173.7,383.1,0.83,0,1,0,0,0,54.1,high
82.8,3.04,0.4502,0.9,108.8,344.1,25.86,1,0,0,0,0,26.6,low
198.4,15.13,0.172,2.29,52.7,225.2,40.95,0,1,0,0,1,54.6,high
267.3,12.01,0.2704,6.31,158.2,270.9,32.88,1,1,1,0,0,68.0,high
122.5,7.81,0.0262,3.62,185.5,386.3,11.78,0,0,1,0,0,28.7,low
68.1,2.5,0.4926,4.4,81.4,345.1,42.5,0,0,0,1,0,27.5,low
230.1,12.49,0.4142,4.74,160.9,318.9,48.24,1,1,1,1,0,67.7,high
265.3,1.5,0.3209,0.96,69.3,311.8,14.31,1,0,1,1,1,44.0,medium
93.2,10.52,0.0398,0.62,189.7,279.6,10.75,0,1,0,1,0,44.4,medium
152.6,12.48,0.0467,6.6,143.0,317.0,17.26,0,1,0,0,0,50.0,medium
98.1,14.92,0.277,2.26,122.5,354.3,3.63,1,0,0,0,0,52.9,high
85.5,19.84,0.1497,2.97,160.4,225.5,43.73,0,1,0,0,0,61.6,high
215.6,5.94,0.3152,4.93,166.4,394.0,46.5,1,0,1,1,0,48.4,medium
292.2,7.13,0.3031,2.04,180.6,247.9,31.85,1,1,0,1,1,60.7,high
222.8,7.48,0.4209,5.26,182.2,289.5,38.33,1,1,1,1,0,65.0,high
296.4,14.9,0.1479,3.48,29.5,204.5,33.6,1,1,0,0,1,55.6,high
164.3,18.7,0.2932,6.07,42.1,310.1,19.18,0,0,1,0,1,50.6,high
275.5,19.51,0.3909,2.31,168.7,276.4,31.79,1,1,1,1,1,82.3,critical
109.2,18.97,0.2505,1.82,190.3,250.0,41.9,0,1,0,1,0,70.0,high
88.3,17.71,0.417,5.91,75.4,397.1,40.59,1,1,0,1,0,53.4,high
228.6,19.83,0.0743,2.62,21.5,285.6,4.51,1,1,0,0,0,55.9,high
149.1,8.14,0.3696,3.18,78.1,282.9,23.4,0,0,0,1,0,42.1,medium
136.2,19.02,0.4721,5.66,88.9,292.6,20.17,0,1,0,1,0,53.8,high
221.1,15.46,0.1726,4.63,157.0,223.2,37.72,1,1,0,0,1,77.0,critical
140.0,4.2,0.1895,3.37,28.6,278.6,25.32,0,0,0,0,0,29.0,low
197.4,1.86,0.0509,2.12,58.3,267.3,17.81,1,0,0,0,0,37.3,medium
131.9,5.08,0.3243,5.47,180.9,293.0,35.46,0,0,0,1,1,49.1,medium
248.1,15.8,0.2807,1.67,47.9,371.3,23.94,0,1,1,1,1,53.6,high
135.0,13.0,0.0298,6.53,156.7,238.6,13.2,1,1,1,0,0,49.4,medium
188.4,5.26,0.3786,1.48,85.0,321.5,44.58,1,0,1,1,0,37.5,medium
65.6,15.1,0.4163,5.73,139.3,207.5,6.1,0,1,0,1,1,60.5,high
250.0,3.69,0.4545,3.26,33.3,263.4,1.4,1,0,1,1,1,46.5,medium
208.9,16.61,0.2774,1.71,71.6,294.5,7.62,1,1,1,1,0,65.5,high
106.1,16.09,0.2318,3.12,96.5,214.9,8.6,0,1,0,0,0,49.7,medium
111.7,19.48,0.4393,1.94,174.3,308.8,27.13,1,1,0,0,0,63.7,high
123.0,3.86,0.2054,1.38,121.4,262.1,31.43,0,0,0,1,0,32.9,medium
198.4,18.23,0.3312,2.05,28.1,398.6,22.71,0,1,1,1,0,50.6,high
191.6,7.48,0.3115,6.14,164.3,326.2,10.61,1,0,1,1,0,47.7,medium
125.7,8.91,0.1924,1.19,29.8,248.8,7.04,0,0,1,1,0,38.2,medium
226.6,9.9,0.0526,6.82,188.2,220.5,24.86,1,0,0,0,1,62.2,high
273.4,12.91,0.0205,0.53,58.1,208.1,28.49,1,1,0,1,1,64.3,high
70.4,19.9,0.2198,4.78,107.8,218.2,15.55,0,1,0,0,0,46.6,medium
160.1,12.4,0.2458,6.07,33.0,336.0,11.41,0,1,1,0,0,48.2,medium
202.4,18.61,0.4131,6.57,121.1,371.0,4.49,1,1,1,1,0,60.1,high
200.7,5.85,0.2131,1.44,109.5,231.3,1.8,1,0,1,1,1,50.6,high
64.7,8.57,0.1478,5.04,93.8,280.4,5.73,0,0,0,0,0,28.3,low
110.5,10.59,0.2364,1.2,26.4,270.8,37.23,0,0,0,1,0,37.5,medium
74.8,7.14,0.1266,2.79,178.2,328.9,17.53,0,1,0,0,0,26.9,low
196.6,19.56,0.0548,5.26,164.5,236.5,1.86,1,0,0,1,1,64.4,high
214.9,14.79,0.0654,2.75,133.9,390.7,25.65,1,0,0,0,0,55.6,high
98.3,10.1,0.1664,2.54,123.0,345.7,27.04,1,1,0,0,1,48.9,medium
139.9,15.27,0.0162,1.25,145.1,391.0,21.72,0,1,0,0,0,37.6,medium
139.2,9.88,0.1179,0.93,45.9,255.5,5.98,0,0,0,1,0,38.6,medium
256.8,1.33,0.3959,1.25,187.9,317.5,37.87,1,0,1,1,1,54.5,high
106.7,11.32,0.125,6.19,71.2,346.5,34.61,0,1,0,0,0,26.9,low
191.6,12.88,0.0643,0.57,138.2,342.2,20.04,1,1,0,1,0,46.9,medium
247.9,19.64,0.475,5.0,129.2,204.3,19.35,1,1,1,1,1,76.8,critical
259.1,1.78,0.315,5.5,134.6,399.7,8.22,1,0,1,1,0,50.2,high
220.0,10.73,0.0394,4.19,178.2,385.6,37.8,1,1,0,0,1,55.0,high
131.9,2.86,0.0405,5.25,73.3,224.0,30.18,0,0,0,0,0,24.9,low
257.5,3.83,0.3099,4.74,154.8,308.7,4.75,1,1,1,1,1,46.5,medium
238.1,12.6,0.2747,3.46,127.7,262.9,19.21,1,1,1,0,1,65.1,high
229.1,5.4,0.0435,2.99,33.7,375.8,45.23,0,0,0,0,0,33.8,medium
76.2,15.23,0.1199,6.62,94.5,339.5,22.89,0,1,0,0,0,48.8,medium
70.4,10.77,0.4652,6.82,170.8,244.7,16.58,0,1,0,1,0,50.9,high
226.9,5.15,0.2903,4.73,76.8,206.8,32.37,1,0,1,0,1,55.6,high
286.8,10.38,0.2258,1.78,106.8,258.3,10.55,1,1,1,1,1,64.9,high
245.7,1.02,0.1326,3.41,108.0,207.6,26.43,0,0,0,0,1,50.6,high
259.6,17.39,0.0755,3.73,131.2,228.3,33.64,1,0,0,0,1,70.9,high
190.8,1.24,0.2073,5.43,179.1,327.2,42.82,1,0,1,0,0,47.7,medium
133.1,1.13,0.462,4.84,51.2,349.0,34.78,1,0,0,0,0,19.5,low
222.7,12.62,0.0339,3.85,110.8,293.6,19.53,1,1,0,0,0,52.6,high
230.9,19.5,0.4956,4.92,96.4,320.1,38.51,1,0,1,1,0,66.7,high
222.1,17.26,0.1118,0.66,73.3,231.2,44.97,1,1,0,1,0,66.0,high
287.2,5.79,0.2103,5.55,185.5,263.4,24.15,1,0,1,0,1,58.8,high
148.1,4.74,0.0321,1.88,21.5,342.6,0.72,0,0,0,1,0,24.3,low
69.5,12.9,0.2965,4.77,42.0,273.0,44.11,0,1,0,0,0,42.0,medium
278.0,16.63,0.2469,1.24,152.0,269.8,8.69,0,1,1,1,1,75.1,critical
98.5,7.88,0.3367,1.24,67.4,238.8,6.75,0,0,0,0,0,40.1,medium
227.4,9.21,0.2759,0.73,150.2,319.0,15.73,0,1,1,1,0,63.4,high
269.6,3.19,0.2051,6.42,169.8,361.9,19.31,1,0,1,0,0,54.8,high
134.4,3.9,0.3715,4.43,65.8,293.9,40.07,0,0,0,1,0,33.6,medium
259.3,11.8,0.0223,2.85,54.5,223.1,19.76,1,1,0,0,1,46.7,medium
139.7,2.95,0.2751,5.62,46.2,367.7,2.92,0,0,0,0,0,31.4,medium
250.6,4.84,0.0658,4.57,56.0,214.3,31.98,1,0,0,1,1,41.1,medium
76.8,5.46,0.2236,4.53,68.1,294.3,33.73,0,0,0,0,0,28.5,low
217.3,9.43,0.3977,3.67,176.4,252.2,40.8,1,0,1,1,1,70.0,high
222.5,1.87,0.0798,0.55,158.6,387.3,20.24,1,0,0,1,0,41.4,medium
177.9,10.5,0.4685,2.18,20.3,347.5,4.76,1,1,1,1,0,42.1,medium
224.9,18.64,0.4454,1.21,177.3,313.3,27.88,1,0,1,0,0,74.3,high
281.6,1.46,0.2133,4.81,34.2,333.6,6.49,1,0,1,0,0,38.9,medium
236.1,12.99,0.0129,2.12,137.9,306.5,1.35,1,1,0,1,0,52.5,high
290.7,16.88,0.397,3.43,47.3,229.5,39.04,0,1,1,1,1,77.6,critical
167.7,6.94,0.4416,2.8,31.2,341.8,20.47,0,0,1,1,0,36.8,medium
186.8,3.5,0.0956,1.43,156.8,298.5,26.49,0,0,0,1,0,48.4,medium
123.3,1.82,0.4589,6.73,104.1,326.9,33.31,0,0,0,1,0,31.8,medium
296.5,13.23,0.4579,6.57,127.8,209.0,20.35,1,1,1,1,1,78.0,critical
73.2,11.49,0.2409,1.05,96.6,228.4,3.03,0,1,0,1,0,43.4,medium
146.1,5.36,0.401,5.88,32.1,317.9,13.01,0,0,0,1,0,35.7,medium
131.4,16.8,0.228,3.67,153.1,291.9,10.12,0,1,0,1,1,58.9,high
152.8,14.97,0.2864,5.53,167.7,245.4,48.88,0,1,1,0,0,64.4,high
280.3,6.25,0.1667,1.48,27.5,248.2,37.11,1,1,0,1,0,46.5,medium
148.3,15.31,0.0881,1.36,87.6,326.3,22.85,0,1,0,1,0,46.4,medium
280.1,5.65,0.3758,6.29,120.3,211.8,3.64,1,0,1,1,1,64.6,high
161.6,13.83,0.0107,6.34,128.9,286.9,6.23,0,1,0,0,0,45.1,medium
265.1,3.25,0.294,3.53,124.1,304.6,40.74,0,0,1,0,0,46.0,medium
185.2,14.15,0.4337,6.16,144.7,261.6,47.3,1,1,0,1,0,65.4,high
134.7,5.54,0.1184,4.84,194.0,364.1,2.05,0,0,0,0,0,33.5,medium
167.8,11.88,0.1731,1.7,90.3,211.4,45.56,1,1,0,1,0,42.8,medium
161.9,4.28,0.2979,2.64,120.2,373.2,19.34,0,1,1,1,0,49.5,medium
122.4,14.79,0.131,1.38,145.8,344.7,11.07,0,1,0,1,0,57.8,high
129.5,2.16,0.4253,5.53,126.6,289.3,5.56,0,0,0,1,0,38.1,medium
104.7,4.14,0.1896,6.9,89.6,384.9,38.7,0,0,0,0,0,34.0,medium
140.6,4.5,0.295,4.05,132.3,340.4,23.71,0,0,0,0,0,46.2,medium
209.9,1.79,0.1208,4.76,137.0,386.2,41.7,1,0,0,0,1,42.2,medium
152.8,15.16,0.0303,5.35,125.3,294.5,11.69,0,1,0,0,0,50.9,high
231.0,19.64,0.0951,1.96,56.9,290.6,34.09,1,1,0,1,0,62.5,high
296.9,15.79,0.0326,2.68,111.1,306.1,6.35,1,1,0,0,1,68.7,high
150.5,17.35,0.2396,3.18,179.2,213.1,4.94,1,1,0,0,0,69.7,high
171.0,1.11,0.2975,4.36,176.3,381.7,7.1,0,0,1,0,0,35.0,medium
99.4,3.24,0.0319,6.03,155.1,333.5,40.54,0,0,1,1,0,42.8,medium
154.1,11.62,0.0543,2.15,145.5,323.5,32.95,0,1,0,0,0,60.5,high
234.4,19.58,0.2479,3.56,47.6,385.3,8.72,0,1,1,1,1,48.6,medium
112.2,13.55,0.4016,5.38,102.7,398.7,19.55,0,1,0,1,0,49.1,medium
103.7,8.11,0.3177,1.07,40.0,232.7,38.3,0,1,0,1,0,47.4,medium
150.3,3.78,0.0613,3.83,167.1,349.8,14.64,0,1,0,1,0,44.6,medium
256.5,3.9,0.4449,1.44,72.4,316.0,46.1,0,0,1,1,1,54.9,high
209.7,7.89,0.4596,4.0,158.0,292.2,45.77,1,1,1,1,0,52.7,high
289.8,14.56,0.1692,5.49,166.6,395.5,27.87,1,1,1,0,1,71.4,high
277.1,1.6,0.3118,2.04,180.6,370.1,31.78,1,0,1,1,0,56.3,high
96.3,17.19,0.2512,6.02,155.7,339.3,32.83,0,1,0,0,0,57.9,high
70.2,18.89,0.4716,2.68,121.7,276.5,13.29,1,1,0,1,0,51.7,high
155.8,17.89,0.2593,1.74,127.7,333.2,18.58,1,1,1,1,0,53.0,high
185.3,18.35,0.4804,3.52,77.7,306.3,7.23,1,1,1,1,0,61.6,high
183.7,1.29,0.1077,6.19,51.9,249.9,46.28,1,0,0,0,0,31.1,medium
92.2,19.58,0.1793,0.95,43.5,290.1,36.33,0,1,0,1,0,45.0,medium
90.0,7.96,0.3929,2.63,52.8,242.4,2.79,0,0,0,1,0,35.6,medium
71.2,17.52,0.394,4.75,188.1,300.1,27.69,0,0,0,1,0,58.5,high
264.2,4.55,0.3688,2.82,49.6,344.0,17.48,1,0,1,1,0,43.2,medium
287.5,9.48,0.4312,0.96,150.3,207.3,40.86,1,1,1,1,1,71.2,high
87.8,1.84,0.3542,2.66,53.2,353.1,17.52,0,0,0,1,0,18.1,low
111.1,1.76,0.3217,5.84,195.6,204.0,32.39,0,0,0,1,0,49.2,medium
81.6,18.92,0.2349,6.79,86.0,303.5,8.7,0,1,0,0,0,50.0,high
270.6,16.4,0.2389,0.76,94.2,314.7,28.16,1,1,0,1,1,58.6,high
290.1,11.07,0.209,4.2,92.8,352.2,15.05,1,1,0,0,1,64.7,high
122.8,10.98,0.3139,1.18,167.0,352.2,8.66,0,1,0,1,0,46.6,medium
132.9,15.23,0.2093,4.92,59.3,283.5,31.15,0,1,0,0,1,52.7,high
147.0,7.49,0.0823,0.55,169.6,213.3,32.11,0,0,0,1,0,51.3,high
180.6,15.48,0.0622,0.6,138.3,338.7,49.18,1,1,0,1,0,59.8,high
223.8,10.22,0.463,5.55,59.7,302.2,33.62,1,1,1,1,0,54.9,high
181.1,13.12,0.0221,0.98,31.8,266.6,26.03,0,1,0,1,0,46.0,medium
288.2,19.33,0.0617,2.48,159.5,247.0,45.67,1,1,0,0,1,80.9,critical
84.0,9.95,0.2282,6.73,59.4,224.0,41.5,0,0,0,0,0,47.5,medium
251.7,8.95,0.1388,6.9,180.0,259.0,27.66,1,1,0,1,1,67.8,high
140.3,18.21,0.2089,1.55,43.4,291.7,25.81,0,1,0,1,0,51.6,high
150.6,18.15,0.0675,4.15,130.9,295.5,47.13,0,1,0,0,0,49.4,medium
230.1,19.86,0.0741,4.13,144.6,316.5,31.05,1,1,0,1,0,54.8,high
283.1,11.47,0.4023,3.44,138.4,272.5,35.83,1,1,1,0,1,68.7,high
231.9,7.54,0.382,6.51,76.9,384.0,4.79,0,1,0,0,1,45.0,medium
246.2,5.57,0.0611,5.4,177.6,299.2,36.06,1,0,0,0,1,51.0,high
240.2,1.65,0.3372,5.47,158.6,284.7,13.6,0,0,1,1,1,52.6,high
137.0,14.81,0.3086,2.25,111.8,209.6,6.22,0,1,0,1,0,60.0,high
241.7,5.44,0.3595,3.32,128.6,319.8,42.56,0,0,1,1,0,50.9,high
248.3,12.53,0.2425,3.67,121.9,320.6,34.71,1,1,1,0,0,65.0,high
188.0,18.42,0.1423,2.44,190.4,316.7,20.67,1,1,1,1,0,67.0,high
188.8,19.05,0.3352,1.12,181.4,377.5,21.86,1,1,1,1,0,68.6,high
242.3,1.08,0.192,1.32,62.4,352.6,10.26,0,0,0,1,0,46.8,medium
256.1,7.02,0.1173,1.67,67.3,373.5,0.97,0,1,0,1,0,45.3,medium
140.9,16.91,0.2102,1.82,196.7,211.9,17.79,0,1,0,1,0,65.9,high
252.4,11.19,0.384,2.07,62.6,263.6,7.85,1,1,1,1,1,60.9,high
255.4,16.34,0.2431,2.16,191.6,263.7,21.38,1,1,1,0,1,84.1,critical
116.2,17.21,0.1569,3.46,137.0,331.4,41.77,0,1,1,0,0,52.3,high
232.1,9.41,0.4176,3.81,29.0,289.7,6.18,1,1,1,1,0,52.6,high
104.8,7.82,0.442,2.51,80.4,355.5,5.04,0,0,1,1,0,38.3,medium
82.3,9.65,0.2223,6.4,105.7,276.9,45.15,0,0,1,0,0,39.4,medium
197.9,13.4,0.1936,4.1,170.0,244.3,37.38,1,1,0,0,1,60.8,high
278.1,7.98,0.3102,5.62,79.1,258.2,3.13,1,1,1,1,1,54.4,high
68.5,15.72,0.0384,6.51,75.9,236.5,4.44,0,1,0,1,0,49.5,medium
258.4,18.18,0.3487,1.56,185.6,239.6,34.4,1,1,1,1,1,77.3,critical
181.6,6.36,0.3933,3.28,34.2,243.4,18.83,0,0,1,1,0,35.6,medium
266.6,19.33,0.2047,3.32,119.3,203.2,36.35,1,1,1,0,1,74.9,high
262.4,12.83,0.0956,2.8,110.8,343.2,20.52,1,1,0,0,0,62.5,high
270.1,17.69,0.0241,0.56,30.3,279.9,48.41,1,1,1,1,1,63.3,high
244.5,2.97,0.3223,5.8,35.8,204.5,34.87,1,0,1,1,1,39.6,medium
262.3,5.78,0.1418,1.23,88.8,274.0,2.81,1,0,0,1,1,55.5,high
102.2,7.1,0.2373,6.97,44.1,381.1,16.86,0,0,0,0,0,39.3,medium
132.9,6.75,0.1993,5.52,106.1,302.2,28.4,0,0,0,0,0,36.6,medium
118.2,4.27,0.0957,4.27,129.6,397.4,7.52,1,0,0,0,0,31.3,medium
238.2,17.5,0.2591,1.5,144.5,308.0,0.62,1,1,1,1,0,62.6,high
96.9,8.95,0.2352,3.85,118.4,392.6,4.43,0,0,0,0,0,47.0,medium
103.7,19.3,0.3158,2.2,88.3,240.4,26.45,0,1,0,1,0,48.2,medium
271.0,12.09,0.1334,2.14,43.4,258.0,31.8,1,1,0,0,1,52.5,high
229.4,3.63,0.1152,5.89,64.5,340.0,5.1,0,0,1,0,0,42.4,medium
270.1,11.37,0.409,2.97,95.5,397.4,33.43,1,1,1,1,0,55.6,high
93.4,19.88,0.3541,3.43,186.3,365.1,31.05,0,1,0,1,0,56.3,high
155.8,11.74,0.3884,5.98,56.5,310.7,47.02,0,1,1,1,0,46.7,medium
128.0,1.04,0.0704,1.07,94.4,217.0,42.11,0,0,0,1,0,43.8,medium
62.3,18.73,0.1198,4.37,151.8,272.9,47.19,0,1,0,0,0,50.7,high
128.3,5.46,0.292,4.26,146.9,217.3,48.32,0,0,1,0,0,46.0,medium
151.1,14.08,0.43,3.26,193.8,262.3,22.32,0,1,1,1,0,60.3,high
82.1,10.79,0.4471,5.89,54.4,251.8,24.65,0,0,0,1,0,43.6,medium
196.0,7.18,0.4176,6.63,23.0,277.7,14.44,1,0,0,1,0,48.2,medium
152.0,6.37,0.0313,3.52,78.0,367.5,25.67,0,0,0,0,0,29.8,low
71.2,18.65,0.4122,3.46,46.9,230.1,7.96,0,1,0,1,0,52.4,high
229.0,18.33,0.4506,3.76,118.7,261.2,33.74,1,1,1,1,1,68.9,high
235.0,10.75,0.0378,5.2,181.8,252.2,1.73,1,1,0,0,1,51.9,high
260.3,5.91,0.214,4.84,143.9,259.2,12.16,1,1,1,0,1,59.6,high
176.5,2.94,0.2729,1.95,44.4,272.1,10.8,0,0,1,1,0,46.4,medium
292.5,3.97,0.124,0.92,40.9,248.9,46.93,1,0,0,1,1,40.5,medium
279.4,10.92,0.2632,6.67,184.1,388.5,7.67,1,1,1,0,0,66.6,high
192.3,6.85,0.4441,2.2,107.8,284.0,44.59,1,0,1,1,0,58.4,high
166.8,1.8,0.4348,4.65,186.3,222.8,6.66,1,0,1,1,0,52.4,high
60.7,9.65,0.4705,5.88,152.5,293.5,32.71,0,0,0,1,0,39.7,medium
230.6,15.18,0.2472,2.45,198.8,236.9,16.33,1,1,1,0,1,73.2,high
195.6,17.94,0.2112,4.63,176.8,243.2,16.14,1,1,1,0,1,77.2,critical
285.0,12.12,0.3362,1.2,94.6,257.0,49.91,1,1,1,1,1,62.7,high
202.6,14.74,0.2142,6.8,156.5,225.0,11.69,1,1,1,0,1,66.3,high
298.3,7.92,0.0306,0.88,104.8,344.2,10.53,1,1,0,1,1,47.6,medium
264.9,10.43,0.3628,3.35,62.0,358.4,29.67,1,1,1,1,0,54.0,high
288.9,14.86,0.1477,3.99,63.4,278.9,37.17,1,1,0,0,1,63.2,high
138.6,14.83,0.0341,5.64,91.5,337.8,49.13,0,1,0,0,0,45.2,medium
95.8,9.07,0.0201,1.29,40.1,277.8,35.22,0,0,0,1,0,27.8,low
251.2,11.33,0.4664,3.37,52.0,232.8,28.31,1,1,1,1,1,62.3,high
248.7,18.55,0.1335,2.45,110.1,279.4,20.75,1,1,0,0,1,69.6,high
110.7,13.01,0.2295,2.53,191.7,311.4,29.96,0,1,0,0,0,58.1,high
243.5,13.21,0.4758,5.56,124.0,208.2,30.24,1,1,1,0,1,68.5,high
199.7,15.91,0.2391,0.54,93.5,330.9,11.28,1,1,1,1,0,53.5,high
86.3,3.19,0.0485,5.37,63.7,348.5,33.72,0,1,0,1,0,31.7,medium
180.4,10.93,0.2804,5.77,55.3,372.0,10.62,0,1,1,0,0,44.6,medium
283.5,19.23,0.0532,6.36,138.5,220.6,24.75,1,1,0,1,0,72.7,high
181.5,7.87,0.0566,4.57,172.7,200.0,13.36,1,0,0,0,1,46.5,medium
249.3,6.6,0.4272,2.67,91.8,214.7,15.98,1,1,1,1,1,53.2,high
66.9,12.42,0.1518,3.28,119.1,384.8,30.89,0,1,0,0,0,34.5,medium
234.7,5.2,0.3425,6.8,147.2,353.1,3.69,1,0,1,1,0,55.5,high
287.2,11.56,0.2594,6.23,30.5,367.1,1.1,1,1,1,0,0,50.9,high
179.9,3.96,0.1189,3.51,83.2,303.4,6.97,1,1,0,0,1,37.3,medium
141.1,12.02,0.2637,6.63,151.4,305.3,8.85,0,1,0,0,0,45.9,medium
215.2,12.45,0.0438,5.85,143.2,259.7,10.29,1,0,0,0,1,64.6,high
279.9,8.95,0.1801,6.36,29.6,368.6,38.81,1,1,0,0,0,43.2,medium
102.4,8.27,0.2662,4.94,62.8,366.0,22.62,0,0,0,0,1,34.6,medium
156.9,5.66,0.1219,6.07,142.4,278.4,23.76,0,1,0,0,0,41.4,medium
97.5,7.29,0.3335,6.3,68.9,265.9,32.39,0,0,0,1,0,35.9,medium
179.2,10.47,0.0354,1.1,166.6,347.7,36.59,0,1,0,1,0,46.4,medium
189.7,5.71,0.2476,6.77,25.3,205.2,0.67,0,0,1,0,1,42.4,medium
286.6,15.87,0.3603,2.67,54.3,372.0,42.91,1,1,1,0,0,57.3,high
159.0,14.47,0.2207,3.36,70.6,289.2,49.43,0,1,1,0,0,51.2,high
196.1,6.12,0.4385,5.65,186.6,288.3,6.53,1,0,1,1,0,58.3,high
272.5,2.85,0.3198,4.82,163.3,333.8,32.73,1,0,1,1,1,59.2,high
137.1,1.0,0.4797,6.3,179.1,329.1,0.62,0,0,0,1,0,48.8,medium
221.8,12.34,0.1492,3.1,99.3,253.2,2.93,1,1,0,0,1,54.4,high
241.7,5.02,0.47,2.93,168.1,388.7,14.61,1,0,1,1,1,58.9,high
139.3,1.24,0.3073,0.71,173.6,397.3,42.4,0,0,0,1,0,36.9,medium
99.4,7.82,0.3751,3.51,92.0,305.2,32.8,0,0,0,1,0,46.6,medium
180.7,19.28,0.4521,5.21,199.0,312.3,22.57,1,1,1,1,0,72.6,high
145.6,14.11,0.2801,2.46,173.2,310.9,22.21,0,1,0,0,0,57.5,high
124.0,17.3,0.4325,3.51,195.3,297.2,23.57,0,1,1,1,0,63.7,high
293.6,3.75,0.2754,1.93,176.0,389.0,15.9,1,0,1,1,0,53.9,high
180.5,2.39,0.3036,5.52,159.7,249.0,43.95,1,0,1,1,0,58.9,high
265.6,1.22,0.2281,0.89,189.9,221.6,28.61,1,0,1,1,1,60.8,high
106.9,19.16,0.0814,5.08,95.6,385.9,24.46,0,1,0,0,0,46.7,medium
285.5,6.7,0.2812,2.96,161.0,242.6,23.52,1,1,1,0,1,62.2,high
250.7,9.73,0.4889,0.77,58.3,349.8,46.82,1,1,1,1,0,60.3,high
254.1,8.5,0.3957,6.05,151.9,240.8,36.32,1,0,1,1,1,62.4,high
153.5,14.88,0.3763,3.67,161.4,392.0,7.67,0,1,1,1,0,58.5,high
176.6,6.89,0.3252,4.4,149.0,358.2,22.13,0,0,1,1,0,60.3,high
202.4,11.17,0.1805,5.26,173.0,383.7,14.77,1,1,0,0,0,50.9,high
249.5,19.92,0.0931,4.76,94.4,390.2,49.35,1,1,0,0,0,64.2,high
263.8,9.44,0.12,5.25,118.1,216.9,21.06,1,0,0,0,1,60.7,high
78.7,11.47,0.0131,5.45,21.9,286.7,3.86,0,1,1,0,1,31.6,medium
277.0,10.55,0.34,4.33,46.3,329.6,20.85,1,1,1,1,1,53.5,high
285.0,16.26,0.4078,2.88,136.0,360.5,16.41,1,1,1,0,0,69.1,high
202.3,6.07,0.1418,2.08,121.2,248.3,30.18,1,1,0,0,1,49.6,medium
104.8,4.24,0.055,6.37,55.5,382.9,11.69,1,0,1,0,0,20.8,low
256.4,15.33,0.1745,6.8,63.8,244.2,2.28,1,1,0,0,0,48.9,medium
191.7,8.9,0.1531,2.82,81.9,373.2,5.25,1,0,0,0,0,38.4,medium
256.1,18.36,0.2309,1.23,149.0,302.5,14.52,0,1,0,1,1,70.1,high
255.6,13.24,0.1394,1.95,129.7,303.1,17.74,1,1,0,1,1,56.1,high
80.8,11.72,0.1765,4.86,32.5,274.8,41.81,0,1,0,0,0,35.0,medium
205.7,2.34,0.4547,1.62,156.8,220.7,13.87,1,0,1,1,1,51.2,high
176.0,14.88,0.1741,5.57,67.3,269.4,2.06,0,1,0,0,0,51.1,high
287.1,14.03,0.3949,6.5,140.9,285.3,39.15,1,1,1,1,1,83.4,critical
131.2,13.16,0.3167,6.76,42.2,295.8,43.51,1,1,0,1,1,50.2,high
109.4,6.09,0.1754,0.56,199.6,347.8,24.87,0,0,0,1,0,46.9,medium
275.3,18.99,0.4107,6.73,34.5,270.4,14.6,0,1,0,1,1,76.8,critical
95.7,7.11,0.3016,5.31,153.5,281.3,38.72,0,0,0,1,0,43.9,medium
224.8,3.89,0.0142,1.05,117.4,381.2,0.94,1,1,0,1,0,39.8,medium
132.0,19.76,0.0437,3.2,35.5,350.5,46.24,0,1,0,0,0,38.9,medium
196.3,15.18,0.3788,5.05,24.8,204.6,43.34,0,1,1,1,1,62.4,high
207.9,8.88,0.2288,6.72,85.3,362.4,27.47,1,1,1,0,0,56.2,high
160.2,18.78,0.2087,1.57,164.4,398.0,14.24,0,1,1,1,0,64.7,high
294.0,2.73,0.0815,1.33,27.4,388.0,2.13,0,0,1,1,0,44.8,medium
91.6,2.67,0.0871,3.57,146.8,367.2,49.99,0,0,0,0,0,16.5,low
153.9,13.97,0.4009,6.79,138.0,325.8,38.22,0,1,1,1,0,69.1,high
163.3,4.38,0.4162,6.81,67.8,255.6,17.27,1,0,1,0,0,41.8,medium
211.5,18.43,0.2844,1.98,33.9,330.9,1.45,0,1,1,1,0,67.6,high
157.7,16.97,0.1546,2.58,184.8,339.1,32.14,0,0,0,0,0,69.5,high
83.3,6.82,0.467,6.4,74.1,256.3,49.35,0,0,0,1,0,42.9,medium
287.4,17.89,0.3157,5.28,40.0,251.1,35.5,1,1,1,1,0,65.3,high
159.9,1.81,0.4004,6.82,142.7,279.4,4.64,1,1,1,0,0,45.8,medium
142.2,11.42,0.0116,6.31,59.0,328.2,20.41,1,1,0,0,1,27.8,low
167.2,18.78,0.2307,1.9,105.6,258.6,5.9,0,1,1,1,0,65.3,high
112.0,17.25,0.4368,5.44,29.1,311.1,45.65,1,1,0,1,0,35.0,medium
84.1,7.77,0.1757,0.82,198.7,379.8,16.86,0,0,1,1,0,40.8,medium
95.7,4.47,0.366,5.82,100.6,259.0,36.8,0,0,0,1,0,45.5,medium
100.0,5.0,0.3323,4.41,199.8,393.2,4.69,0,0,0,1,0,46.7,medium
107.4,10.78,0.0846,6.71,89.4,294.7,6.86,0,1,1,0,0,31.1,medium
160.8,12.34,0.3897,6.74,82.6,220.2,34.13,1,1,1,1,0,47.6,medium
209.7,1.62,0.0651,0.83,184.6,211.0,42.25,0,0,1,1,0,46.9,medium
210.9,8.86,0.3667,1.54,79.3,267.7,10.47,1,1,1,1,0,52.8,high
60.0,16.78,0.4956,3.65,97.8,251.8,21.21,0,1,1,0,0,56.6,high
281.0,9.44,0.4794,6.22,34.1,368.7,31.16,1,1,1,1,0,57.1,high
257.5,4.21,0.4021,5.79,192.0,347.5,39.92,1,0,1,1,0,54.9,high
291.3,19.14,0.2719,6.77,35.3,376.9,31.6,1,1,1,0,0,66.0,high
146.4,6.06,0.3407,4.52,158.8,317.9,5.22,0,1,1,1,0,51.6,high
219.6,16.17,0.3668,2.17,117.0,287.1,27.37,1,0,1,1,1,67.9,high
100.3,4.68,0.0141,0.66,31.1,254.1,44.29,0,0,0,0,0,37.1,medium
256.1,9.04,0.0602,1.95,20.3,316.6,43.47,1,1,0,1,1,46.9,medium
98.7,10.32,0.3026,4.89,188.4,323.6,29.46,1,1,0,1,0,55.4,high
138.2,10.51,0.0132,6.52,153.6,278.6,49.79,1,0,1,0,0,56.5,high
177.8,10.81,0.4554,2.59,143.6,387.3,5.7,0,1,1,1,1,59.5,high
202.7,5.27,0.2499,6.19,98.9,328.0,24.19,1,1,1,0,0,41.7,medium
194.3,10.8,0.1363,3.07,63.0,367.5,38.87,0,1,0,0,0,49.4,medium
84.5,10.15,0.203,2.5,142.4,324.1,7.48,0,1,0,0,1,40.3,medium
161.2,4.97,0.4269,3.81,129.5,263.3,48.65,1,1,1,1,0,44.0,medium
281.5,19.78,0.4643,3.37,150.7,347.3,18.03,1,1,1,1,0,74.7,high
269.4,17.45,0.067,6.44,85.8,246.1,17.83,1,1,0,0,1,70.6,high
201.8,17.86,0.3912,3.54,197.6,319.3,11.05,1,1,0,1,0,76.2,critical
197.4,14.03,0.2933,2.3,32.1,280.5,14.76,1,1,1,0,0,56.1,high
86.8,4.04,0.2969,5.98,34.3,230.0,29.09,1,0,0,0,0,32.6,medium
108.1,11.79,0.3919,6.99,185.0,282.6,21.75,0,1,0,1,0,57.2,high
120.6,16.61,0.1192,4.71,136.6,262.1,10.07,1,1,0,0,1,55.6,high
177.2,1.74,0.2702,2.13,78.7,222.4,40.55,1,0,1,0,1,42.8,medium
235.5,10.42,0.1665,2.05,157.2,364.8,3.58,1,1,0,0,0,53.9,high
170.6,8.53,0.0563,0.88,101.5,299.7,41.82,0,0,0,0,0,36.3,medium
90.3,5.03,0.0615,1.0,23.8,269.3,14.11,0,0,0,0,0,21.4,low
165.4,8.19,0.0769,6.45,137.2,301.0,25.05,0,0,1,0,0,48.5,medium
99.0,19.69,0.3113,1.13,63.8,350.9,19.36,1,1,0,1,0,45.7,medium
240.3,14.74,0.0619,3.65,40.8,203.7,28.74,0,1,0,0,0,65.8,high
100.0,6.69,0.2894,5.04,60.5,309.4,39.9,0,0,0,0,0,35.8,medium
175.8,12.5,0.2983,6.03,105.7,295.8,49.47,0,1,1,0,1,54.2,high
226.4,5.69,0.4529,1.61,29.0,378.6,15.65,0,0,1,1,0,39.5,medium
114.8,12.61,0.3169,3.35,179.0,311.2,27.91,0,1,0,0,0,59.4,high
78.2,18.03,0.4929,2.13,120.8,227.5,23.57,0,1,0,1,0,52.7,high
195.2,11.58,0.0252,2.16,72.7,277.7,49.95,0,1,1,0,0,47.9,medium
73.0,14.93,0.355,2.47,143.7,324.2,40.54,0,1,0,1,0,48.1,medium
201.1,9.61,0.023,4.32,164.8,209.2,20.16,1,1,0,0,1,56.8,high
240.8,10.96,0.3674,0.61,130.5,376.9,24.11,1,1,1,0,0,61.5,high
139.0,14.21,0.1991,3.16,56.4,213.6,12.67,0,0,0,1,0,42.6,medium
177.2,16.44,0.3095,1.71,39.9,206.1,37.88,1,0,1,1,1,47.4,medium
282.9,13.53,0.1617,6.79,174.8,200.4,42.34,1,1,0,0,1,68.7,high
173.1,19.57,0.088,4.29,62.2,336.7,48.27,0,1,0,0,0,56.5,high
299.2,16.58,0.3645,6.14,23.6,291.2,28.51,1,1,1,1,1,66.2,high
97.7,15.77,0.4533,1.77,135.7,220.6,33.7,0,1,0,0,0,56.8,high
230.1,17.06,0.1,5.77,47.5,371.2,22.58,0,1,0,0,0,62.0,high
216.6,6.34,0.4611,3.2,198.4,240.5,30.65,1,1,1,1,1,71.1,high
269.4,9.21,0.0787,1.66,176.6,265.3,17.76,1,1,0,1,1,67.9,high
82.2,11.72,0.3705,5.45,129.5,235.5,37.02,0,1,0,1,0,45.8,medium
127.2,9.79,0.4801,5.45,170.1,385.4,1.62,0,0,0,0,0,57.3,high
91.7,17.1,0.0822,6.97,104.7,351.6,1.91,0,1,0,0,0,46.2,medium
283.9,1.51,0.2232,5.58,161.9,344.8,35.95,0,1,1,0,1,49.4,medium
162.4,4.97,0.1754,1.44,136.4,208.8,46.57,1,1,0,1,0,46.3,medium
278.4,17.75,0.2004,2.6,25.2,304.5,31.8,1,1,1,1,1,54.9,high
130.7,2.12,0.379,3.44,190.8,315.1,36.46,0,0,0,1,0,42.0,medium
90.3,5.31,0.334,1.32,175.0,276.5,41.28,0,0,0,1,0,38.8,medium
131.2,7.67,0.4847,5.62,191.6,264.4,18.4,0,1,0,1,0,61.4,high
203.3,15.26,0.1009,3.92,151.6,370.4,5.85,0,1,0,0,0,57.4,high
262.9,11.64,0.2762,6.64,94.2,204.6,46.69,1,0,1,0,0,58.4,high
152.5,19.14,0.2301,4.33,57.3,325.1,46.96,1,1,1,0,0,54.9,high
279.6,5.33,0.4602,3.9,52.4,278.8,22.37,1,0,1,1,1,53.6,high
118.6,17.57,0.0152,0.96,46.1,333.2,11.25,0,1,1,1,1,46.5,medium
226.4,6.38,0.4947,1.47,59.7,239.6,44.67,1,1,1,1,1,53.2,high
236.6,5.66,0.2451,6.02,119.1,247.7,35.57,1,0,1,0,1,46.1,medium
125.8,10.47,0.3165,6.94,143.1,317.4,0.91,0,1,0,1,0,46.9,medium
66.5,2.35,0.1864,3.2,76.5,396.0,5.83,0,0,0,1,0,15.3,low
147.7,8.3,0.4277,5.77,118.8,394.9,49.17,0,0,0,1,1,48.6,medium
70.8,7.76,0.2854,4.58,81.4,249.8,2.39,0,1,0,0,0,41.7,medium
276.2,4.04,0.3348,6.73,145.4,220.5,14.49,1,0,1,1,1,52.9,high
288.8,17.36,0.328,2.05,197.9,318.1,27.65,1,1,1,1,1,79.4,critical
236.5,8.33,0.1884,4.04,144.0,284.0,9.63,1,1,0,0,1,62.3,high
234.4,19.66,0.0472,3.16,30.6,352.3,11.99,0,1,0,0,0,46.0,medium
117.8,18.09,0.4058,4.02,105.9,305.6,17.97,0,1,0,1,0,54.5,high
77.7,4.7,0.152,2.25,158.7,302.1,13.84,0,0,0,0,0,36.2,medium
252.5,10.6,0.426,3.74,117.6,329.3,40.27,1,1,1,1,0,66.8,high
194.2,12.43,0.3082,4.56,191.2,225.3,25.26,1,1,1,1,1,69.5,high
223.6,16.56,0.1833,1.03,29.9,335.4,14.29,0,1,0,1,0,55.9,high
247.1,17.83,0.3012,5.33,72.4,297.7,16.0,1,1,1,1,0,67.1,high
158.3,12.86,0.3263,5.09,59.7,364.0,2.47,0,1,1,1,0,43.9,medium
94.7,1.67,0.3563,6.22,158.2,227.7,2.94,0,0,0,1,0,49.2,medium
250.8,10.14,0.4129,3.27,114.3,260.1,36.04,1,1,1,0,0,59.3,high
168.9,17.81,0.0883,0.9,44.9,390.0,6.09,0,1,0,0,0,31.9,medium
258.5,14.57,0.4726,3.5,71.4,310.6,24.05,1,0,1,1,1,55.0,high
165.0,17.53,0.2113,1.39,114.1,385.9,42.2,0,1,1,1,0,54.0,high
112.1,13.81,0.4316,4.71,199.3,337.8,18.74,0,1,0,1,0,57.7,high
101.0,1.84,0.118,0.81,85.6,385.3,17.61,0,0,0,1,0,21.2,low
238.5,19.39,0.0242,2.93,48.2,263.6,43.72,1,1,0,0,1,59.3,high
198.0,18.44,0.2909,1.04,109.5,218.1,43.31,1,0,1,0,1,72.4,high
157.1,3.41,0.1691,0.52,75.8,360.4,44.07,1,0,0,1,0,34.7,medium
178.1,3.14,0.4924,6.74,121.9,360.9,28.81,0,0,1,1,0,48.5,medium
191.9,11.24,0.0612,6.97,104.0,323.8,47.64,1,1,0,1,0,42.3,medium
117.5,15.38,0.0332,4.11,144.1,315.9,41.04,0,1,0,0,0,46.6,medium
150.8,8.26,0.0321,2.05,184.6,383.0,21.07,0,0,0,0,0,48.6,medium
130.2,3.59,0.1163,6.42,56.1,235.3,31.66,0,0,0,0,0,32.2,medium
153.2,10.7,0.2938,6.5,167.8,323.3,6.53,0,1,0,0,0,56.6,high
180.1,7.41,0.2577,6.05,190.9,210.0,27.79,1,1,0,0,1,61.7,high
101.6,7.68,0.1815,4.04,87.2,228.2,13.53,0,0,0,0,0,39.4,medium
154.4,13.25,0.0535,0.99,40.5,287.5,14.54,0,1,0,1,0,49.3,medium
152.5,17.83,0.1245,1.07,167.9,364.2,6.72,0,1,1,1,0,55.5,high
128.6,11.61,0.1002,6.33,146.2,346.6,18.23,0,1,0,0,0,41.9,medium
299.6,14.06,0.3754,6.19,58.3,394.8,24.33,1,1,1,1,0,52.3,high
77.7,13.54,0.3922,3.32,100.1,209.0,30.22,0,1,1,1,0,53.5,high
214.3,11.47,0.3907,2.63,124.0,276.3,15.59,1,1,1,1,0,57.8,high
101.9,6.9,0.4848,4.69,50.6,231.8,39.72,1,0,0,1,1,46.2,medium
261.5,8.18,0.4433,5.75,148.7,207.4,26.29,1,1,0,1,1,68.6,high
279.4,7.0,0.2539,5.26,144.2,252.9,32.08,1,1,1,0,1,60.0,high
156.4,18.43,0.2133,4.5,179.7,248.9,14.27,0,1,1,0,0,61.3,high
257.6,16.71,0.4587,2.0,122.1,284.0,40.8,1,1,1,1,1,76.6,critical
120.0,12.01,0.3095,2.21,123.4,228.0,31.4,1,1,1,1,0,51.7,high
93.6,18.33,0.1543,5.21,131.5,297.7,43.19,1,1,0,1,0,53.7,high
135.8,17.84,0.2866,5.72,69.3,384.0,8.42,1,1,0,0,1,52.2,high
142.0,18.63,0.4962,1.25,156.5,349.6,19.34,0,1,0,1,0,66.3,high
155.4,5.21,0.4262,1.72,139.2,368.4,6.09,0,0,1,1,0,41.4,medium
149.5,14.63,0.1478,4.92,171.0,360.9,11.17,0,0,0,0,0,57.4,high
158.7,12.58,0.4769,3.03,158.3,277.9,20.03,0,1,1,1,1,65.6,high
230.4,14.94,0.4909,4.16,134.9,341.8,44.78,1,0,1,1,0,69.0,high
118.9,6.0,0.1233,4.5,49.0,350.9,28.07,1,0,0,0,0,31.8,medium
64.5,14.2,0.4488,5.55,185.4,241.1,16.85,0,1,0,1,0,61.3,high
177.5,8.79,0.4428,5.74,86.1,372.1,37.47,0,0,1,1,0,45.3,medium
167.6,16.85,0.0295,2.32,193.6,291.5,1.47,0,1,0,1,1,59.7,high
74.4,16.11,0.3381,4.02,92.3,203.3,18.82,0,1,0,1,0,62.1,high
92.1,5.02,0.1596,1.3,46.3,328.7,30.24,0,0,0,0,0,32.6,medium
182.4,4.49,0.3406,5.97,179.3,335.4,29.37,0,1,1,1,0,50.8,high
116.3,14.64,0.4576,6.0,163.1,310.4,30.57,0,1,0,1,0,62.2,high
270.6,11.46,0.2544,2.45,161.5,242.5,10.97,0,1,1,0,1,63.8,high
101.6,11.59,0.2131,1.54,36.1,296.5,17.19,0,1,0,1,0,33.4,medium
64.8,15.3,0.4616,0.96,178.3,280.0,46.61,0,1,0,1,0,50.9,high
167.4,17.24,0.4873,4.24,127.4,394.9,48.71,0,1,1,1,0,62.4,high
296.7,5.54,0.0405,1.09,104.7,364.9,15.95,1,0,0,1,0,50.7,high
212.1,11.56,0.4622,4.92,184.4,352.4,32.4,1,1,1,1,0,70.5,high
145.0,16.75,0.0506,4.91,139.9,236.2,12.44,0,1,0,0,0,55.5,high
64.0,17.58,0.1753,4.49,43.9,266.2,18.74,0,1,0,0,0,46.6,medium
176.4,6.46,0.3837,6.2,113.5,275.9,39.72,0,0,1,1,0,52.7,high
109.6,2.98,0.3907,2.96,134.6,298.5,25.31,0,0,0,1,0,52.1,high
215.5,5.42,0.3657,6.36,181.7,206.0,42.55,1,0,1,1,0,69.4,high
199.9,18.96,0.0292,0.74,70.4,318.6,31.62,0,1,0,1,0,61.8,high
123.7,9.79,0.0752,1.23,163.0,271.6,31.63,0,0,0,0,0,51.4,high
76.5,8.95,0.4687,3.18,164.0,312.3,2.18,0,0,0,1,0,43.4,medium
241.2,1.25,0.0499,4.36,43.0,201.8,37.61,1,0,0,0,0,39.9,medium
200.5,1.97,0.0485,0.71,23.1,264.3,48.9,1,0,0,0,0,42.1,medium
262.1,13.71,0.4195,4.19,124.7,353.7,23.91,1,1,1,1,0,68.5,high
122.4,12.21,0.3242,2.5,162.1,300.2,8.35,0,1,0,1,0,49.8,medium
216.7,11.94,0.1823,6.27,119.8,357.8,48.86,0,1,0,0,0,55.5,high
88.5,3.1,0.0912,3.97,166.4,339.8,14.86,0,0,0,0,0,28.5,low
130.0,7.69,0.4432,4.32,132.0,371.0,20.76,0,0,0,1,0,41.5,medium
217.6,16.43,0.4944,6.65,137.6,201.5,4.33,1,1,1,1,1,75.5,critical
258.1,4.32,0.0345,5.47,25.1,252.3,5.99,1,0,1,0,1,43.7,medium
137.0,17.77,0.2815,3.35,35.9,309.8,11.22,0,1,0,0,0,44.5,medium
251.7,3.31,0.138,3.6,150.5,388.2,27.65,1,0,0,0,0,44.8,medium
222.7,4.21,0.4179,4.71,157.3,336.0,28.11,1,0,1,1,0,46.9,medium
143.7,10.08,0.1796,1.8,117.6,291.3,30.51,1,1,0,1,0,45.7,medium
270.3,18.96,0.3602,1.08,126.2,226.0,29.4,1,1,1,1,1,67.4,high
182.2,7.26,0.2744,2.52,130.6,298.6,25.01,1,0,1,0,0,48.1,medium
215.6,13.51,0.2753,5.56,38.9,288.2,40.2,1,1,1,0,0,52.4,high
179.0,12.18,0.4304,2.17,140.2,355.7,46.73,0,1,1,0,0,48.6,medium
168.7,3.84,0.2405,1.35,106.1,282.7,13.85,0,0,0,0,0,36.5,medium
263.5,5.72,0.4243,1.92,128.5,263.8,6.94,0,0,1,1,1,59.6,high
130.7,18.67,0.1881,4.91,121.4,217.9,21.54,0,1,0,0,0,58.2,high
68.8,4.51,0.0956,4.49,157.3,209.3,1.81,0,0,0,0,1,36.6,medium
271.1,14.21,0.2332,4.97,77.3,287.8,44.22,1,1,1,0,1,62.9,high
258.0,19.33,0.2542,2.59,87.2,269.4,12.37,1,1,1,0,1,60.3,high
148.0,3.27,0.2444,6.36,90.5,311.1,27.69,0,0,0,0,0,39.7,medium
104.5,8.58,0.4061,3.44,157.2,342.4,6.2,0,0,0,1,0,45.6,medium
222.1,5.25,0.2867,3.84,97.6,208.0,27.89,1,0,1,0,0,48.5,medium
78.9,5.21,0.4453,6.67,51.9,299.2,2.43,0,0,0,1,0,23.0,low
161.7,3.26,0.262,6.87,196.9,372.4,38.56,0,0,1,0,0,44.9,medium
80.6,13.34,0.1201,4.8,108.8,291.0,47.79,0,1,0,0,0,44.7,medium
203.5,15.18,0.0735,6.64,39.7,304.2,15.7,0,1,0,0,1,49.1,medium
66.5,13.86,0.4355,4.02,140.6,297.4,13.28,1,1,0,0,0,51.5,high
211.0,18.57,0.0375,2.5,153.0,278.0,22.68,1,1,0,0,0,63.2,high
221.6,3.77,0.0676,2.55,110.0,222.0,31.19,1,0,0,0,1,45.6,medium
176.9,7.08,0.0412,4.13,136.4,225.3,9.85,1,0,0,1,0,42.0,medium
102.0,7.55,0.2176,4.43,51.1,235.8,40.26,0,0,0,0,0,35.2,medium
84.3,5.41,0.271,3.36,86.2,358.5,10.33,0,0,0,0,0,28.3,low
135.2,3.7,0.0197,6.24,49.1,255.1,0.77,0,0,0,0,0,23.3,low
171.6,10.25,0.2626,3.27,89.7,389.6,26.45,0,0,1,0,0,48.4,medium
214.1,16.85,0.2029,2.28,121.3,362.0,6.2,1,1,1,0,0,52.2,high
60.3,19.14,0.3891,0.55,99.7,336.9,35.06,0,1,0,1,0,52.7,high
230.7,3.46,0.4167,6.81,126.8,344.1,8.79,1,0,1,1,0,53.4,high
231.1,16.64,0.3456,5.86,110.3,209.5,40.96,0,1,1,1,1,66.4,high
166.7,16.67,0.242,4.5,77.2,313.7,23.78,0,1,1,0,0,58.5,high
142.4,8.39,0.1159,5.9,45.8,388.2,28.53,0,0,0,1,0,29.3,low
262.2,3.09,0.4251,5.77,65.5,207.8,9.74,1,0,1,0,1,49.3,medium
248.3,19.81,0.1774,6.56,56.1,258.2,7.76,1,1,0,0,0,58.1,high
296.0,13.46,0.1846,3.01,147.3,210.3,31.75,1,0,0,0,1,71.9,high
149.3,19.66,0.4588,4.11,167.6,313.9,13.15,0,1,1,1,0,63.9,high
277.6,10.19,0.488,1.14,149.7,223.2,19.6,1,1,1,0,1,67.9,high
81.0,8.51,0.4501,6.77,135.9,295.9,24.23,0,0,0,1,0,44.9,medium
158.8,5.7,0.4991,6.9,75.4,344.0,11.87,1,0,1,1,0,42.5,medium
171.7,19.69,0.4358,5.63,148.0,232.9,39.87,1,1,1,1,0,77.8,critical
165.8,5.81,0.3551,3.45,128.9,351.1,47.0,0,0,1,1,1,50.3,high
210.0,1.45,0.154,3.73,28.4,212.0,21.88,1,0,0,0,1,38.5,medium
100.8,10.74,0.4769,3.33,183.4,229.9,45.92,0,1,0,1,0,57.0,high
267.9,8.16,0.4395,2.41,34.4,256.0,44.19,1,1,1,1,1,52.6,high
192.4,5.97,0.128,3.93,110.5,359.2,8.72,1,0,0,0,0,41.7,medium
277.0,13.06,0.2497,0.85,112.4,370.0,9.08,1,1,1,1,0,58.6,high
60.6,7.92,0.0443,6.95,170.7,244.1,24.13,0,0,0,0,0,36.3,medium
211.2,8.64,0.4771,3.26,184.4,219.2,26.53,1,1,1,1,1,66.3,high
159.0,1.44,0.2907,6.53,189.1,369.6,17.39,0,0,1,0,0,39.2,medium
181.2,12.19,0.1301,5.21,122.5,329.9,15.99,1,1,0,1,1,46.8,medium
238.5,3.32,0.1533,2.38,142.2,231.6,21.85,1,0,0,0,1,56.4,high
114.5,5.06,0.4905,1.94,35.9,311.5,34.68,0,1,0,1,0,27.6,low
109.2,14.63,0.3117,6.97,107.8,374.5,4.68,0,1,1,1,0,42.0,medium
228.7,6.95,0.2161,5.52,181.6,213.9,35.67,1,0,1,0,1,67.4,high
185.1,4.1,0.2549,2.12,102.0,216.7,46.35,1,0,1,0,1,43.9,medium
116.1,11.97,0.0583,0.94,32.5,254.7,38.29,0,0,0,1,0,43.3,medium
176.2,5.08,0.0468,5.03,56.1,330.5,9.99,0,0,0,0,0,27.3,low
170.3,6.15,0.3004,2.47,97.3,235.6,4.83,1,0,1,1,0,47.0,medium
225.9,12.81,0.2609,1.94,62.8,363.3,24.77,0,1,1,1,0,55.3,high
60.6,15.06,0.186,5.28,90.6,350.1,47.84,0,1,0,0,0,35.0,medium
200.8,15.05,0.2874,4.92,79.9,312.2,41.04,0,1,1,0,0,64.3,high
205.4,10.16,0.0456,3.63,77.4,223.2,28.36,1,1,0,0,1,46.6,medium
238.9,9.63,0.4726,6.63,36.4,397.6,7.58,0,1,1,0,0,51.7,high
273.4,15.97,0.1539,4.92,178.9,298.0,35.83,1,1,0,0,1,68.7,high
165.6,4.67,0.0452,6.31,144.7,290.4,40.74,0,1,0,0,0,49.3,medium
142.2,3.89,0.0931,1.74,132.2,399.1,46.79,1,0,0,1,0,35.7,medium
84.6,13.63,0.0568,2.43,129.2,372.8,30.8,1,1,0,0,0,51.1,high
140.8,8.78,0.0975,1.18,91.4,291.3,25.97,0,0,0,1,0,46.1,medium
76.4,14.49,0.2142,2.48,168.2,283.8,31.15,0,1,0,0,0,55.4,high
252.7,5.88,0.3716,6.82,187.4,219.2,47.19,1,0,1,1,1,60.8,high
253.7,7.17,0.1435,6.76,21.0,385.3,31.59,0,1,0,0,1,40.3,medium
160.1,18.04,0.2236,5.44,34.3,368.8,13.25,0,1,1,1,0,46.0,medium
122.3,9.01,0.4651,3.89,141.5,262.0,31.99,0,0,0,1,0,52.3,high
88.3,12.23,0.155,5.58,62.5,350.7,44.05,0,1,0,0,0,36.1,medium
264.3,3.03,0.3994,4.1,184.1,352.5,28.57,1,0,1,1,0,53.9,high
270.6,4.4,0.0873,0.52,140.1,245.6,25.38,1,0,0,1,1,53.3,high
123.9,1.68,0.0974,3.76,86.3,322.7,36.8,1,0,0,0,0,27.5,low
209.2,9.06,0.2335,4.39,94.8,251.0,33.22,0,1,1,0,1,46.9,medium
122.1,19.79,0.1247,2.23,144.4,358.0,3.31,0,1,0,0,0,59.5,high
114.0,17.6,0.4525,1.82,45.4,230.8,36.4,0,1,0,1,0,54.5,high
65.1,13.03,0.0349,2.28,179.0,333.8,20.67,0,1,0,0,0,47.9,medium
198.5,17.36,0.3027,4.55,20.9,265.2,47.07,1,1,0,1,0,57.2,high
96.0,12.29,0.3061,1.45,196.2,207.2,48.55,0,0,0,1,0,49.4,medium
63.0,8.01,0.0424,5.18,50.2,224.7,22.71,0,0,0,0,0,24.6,low
85.2,4.3,0.369,3.25,153.6,331.0,48.46,0,0,0,1,0,47.5,medium
135.3,13.41,0.2398,2.8,27.2,248.0,15.89,0,1,1,1,0,47.4,medium
220.6,4.67,0.3643,5.75,97.7,326.2,34.29,1,0,1,1,1,39.6,medium
108.6,8.93,0.4152,3.79,133.5,283.0,4.22,0,0,1,1,0,50.4,high
273.0,16.69,0.1682,2.96,32.6,338.5,7.68,1,1,0,0,1,52.9,high
129.2,3.46,0.2474,6.21,99.8,298.6,43.29,1,0,0,0,0,25.5,low
139.5,3.45,0.1378,2.89,74.6,261.7,44.74,0,1,0,0,0,41.9,medium
112.3,5.26,0.1087,6.08,109.7,229.2,26.86,0,1,0,0,0,37.7,medium
120.9,11.49,0.0103,3.78,110.8,268.2,17.32,0,1,0,0,0,43.8,medium
77.8,5.78,0.4822,1.85,161.3,327.0,22.83,0,0,0,1,1,37.2,medium
130.7,10.56,0.2261,4.48,42.2,348.1,43.55,0,0,0,0,0,31.2,medium
266.3,6.74,0.0164,2.35,34.9,232.1,10.94,1,1,0,0,1,37.2,medium
225.2,10.62,0.0144,1.46,92.3,332.9,15.1,0,1,0,1,0,54.9,high
270.1,6.27,0.1513,1.06,179.8,235.9,39.38,1,1,0,1,1,53.8,high
85.2,19.62,0.0168,2.07,173.9,244.4,46.8,0,0,0,0,0,64.7,high
169.3,10.36,0.1935,5.29,120.8,306.3,5.1,0,1,0,0,0,44.4,medium
115.0,15.13,0.0408,5.95,180.0,257.8,40.29,0,1,0,0,0,48.4,medium
233.1,14.31,0.0292,6.1,165.0,332.3,32.43,1,1,1,1,0,60.5,high
292.9,10.32,0.338,2.26,70.0,391.2,11.92,1,1,1,1,0,52.9,high
255.7,5.54,0.4544,4.8,50.6,229.8,37.91,1,0,1,1,1,53.5,high
68.5,10.7,0.2106,2.0,74.2,314.1,36.53,0,1,0,1,0,30.7,medium
136.0,13.94,0.42,4.55,60.9,384.7,7.53,1,1,0,1,1,44.5,medium
66.9,9.74,0.0243,6.27,132.1,235.3,25.36,0,0,0,0,0,34.9,medium
69.6,2.56,0.3911,0.77,125.3,273.4,38.04,0,0,0,1,0,39.6,medium
79.1,1.34,0.0408,6.9,127.7,224.7,9.98,0,0,0,0,0,32.3,medium
126.3,7.23,0.4208,5.88,54.1,328.4,23.41,0,0,0,1,0,39.4,medium
133.0,3.85,0.4424,5.45,162.5,333.8,6.48,0,1,0,1,0,51.0,high
156.1,18.22,0.3951,4.99,98.1,332.8,15.69,0,1,1,1,0,59.9,high
157.2,4.34,0.4122,5.51,105.0,308.4,11.29,0,0,1,1,0,44.2,medium
245.1,8.49,0.2851,6.96,199.5,349.3,25.5,1,1,1,0,0,62.1,high
93.9,14.53,0.1398,5.51,70.8,207.2,7.49,0,0,0,1,0,41.1,medium
97.9,16.49,0.3252,2.79,90.9,391.5,19.47,0,1,0,1,0,42.7,medium
210.4,10.08,0.2254,4.49,141.8,244.4,14.12,1,1,1,0,1,58.9,high
197.2,4.44,0.0126,2.69,178.5,224.3,37.43,1,0,0,0,1,55.1,high
97.0,6.15,0.2436,6.81,42.8,388.2,35.13,0,0,1,0,0,29.8,low
264.5,8.96,0.3291,6.35,152.3,366.1,5.2,1,0,1,1,0,63.6,high
139.0,7.93,0.0168,4.19,185.3,353.0,47.7,0,0,0,0,0,38.9,medium
148.1,7.62,0.3145,5.58,96.1,220.9,37.36,0,0,0,1,0,49.6,medium
160.9,3.51,0.3297,6.41,71.6,361.5,30.99,1,0,1,1,0,33.7,medium
137.4,18.35,0.0875,2.08,142.0,321.8,24.15,0,1,0,0,1,56.4,high
193.8,1.57,0.2212,4.27,64.3,346.4,9.31,0,0,1,1,0,37.0,medium
153.3,9.36,0.4825,3.63,89.2,395.6,48.12,0,0,1,1,0,40.0,medium
122.3,19.63,0.4433,5.52,181.4,238.9,0.89,0,1,0,1,0,70.6,high
277.1,13.53,0.2113,2.96,126.3,300.9,34.78,1,1,1,0,0,66.4,high
134.0,7.75,0.1814,5.11,37.1,350.7,25.62,1,0,0,0,0,37.3,medium
227.6,3.78,0.0708,3.12,79.3,286.7,45.18,1,0,0,0,0,38.5,medium
143.3,19.31,0.0272,1.22,132.9,210.9,19.34,1,1,0,1,0,59.1,high
164.5,1.27,0.1558,1.2,106.7,222.3,26.17,1,1,0,1,1,39.3,medium
116.6,13.95,0.4707,1.27,138.9,320.4,37.25,1,1,1,1,0,52.8,high
240.6,17.72,0.4797,0.71,157.1,257.0,2.85,1,1,1,1,1,74.2,high
236.9,1.48,0.4081,3.96,106.5,227.6,3.2,1,0,1,1,1,48.0,medium
65.3,14.78,0.1819,4.87,197.7,268.0,10.98,0,1,0,0,1,52.7,high
74.4,19.98,0.0804,1.32,184.6,240.2,7.75,0,1,0,1,0,67.2,high
281.4,13.15,0.3018,4.48,30.8,204.8,0.82,1,1,0,1,1,60.6,high
273.3,8.88,0.3268,4.39,68.0,230.4,31.34,1,1,1,1,1,60.6,high
181.5,17.61,0.218,1.46,74.1,376.6,39.9,0,1,1,1,1,53.0,high
178.4,11.53,0.3489,3.13,53.2,202.4,47.88,1,0,1,1,1,50.4,high
255.0,15.24,0.3759,5.41,76.2,354.8,22.32,1,1,1,1,0,61.3,high
93.2,12.17,0.3937,0.61,96.5,350.7,14.35,0,0,0,1,0,47.7,medium
216.9,1.73,0.2561,1.46,29.3,312.8,43.26,0,0,1,1,0,34.9,medium
174.2,5.05,0.3979,6.97,42.9,241.7,42.3,1,0,1,1,0,41.1,medium
238.4,2.5,0.0225,5.27,37.3,375.6,31.43,0,0,0,0,0,30.9,medium
67.2,3.03,0.3434,3.52,28.3,295.0,14.02,0,0,0,1,0,19.2,low
202.3,1.29,0.1255,4.59,106.7,234.6,45.47,1,0,0,0,1,46.4,medium
193.6,9.0,0.1426,6.0,80.1,285.8,9.33,1,0,0,0,0,43.5,medium
261.8,4.39,0.0547,5.97,188.4,239.0,2.66,1,0,0,0,1,65.0,high
222.4,17.26,0.1043,2.61,38.5,275.2,39.93,1,1,0,0,1,55.7,high
271.2,15.25,0.4961,3.69,186.7,299.3,28.4,1,1,1,1,1,85.6,critical
272.9,11.89,0.2135,4.65,35.6,272.0,12.7,1,1,1,0,0,53.8,high
158.0,10.29,0.4646,0.97,131.5,331.4,33.71,0,1,1,1,0,50.0,high
93.0,5.86,0.0898,6.65,64.6,387.2,38.45,0,1,0,0,0,30.6,medium
211.3,10.02,0.11,3.31,168.8,269.6,42.31,1,1,0,0,0,54.8,high
269.7,13.18,0.2833,2.91,31.1,271.1,14.47,1,1,1,0,1,63.5,high
78.0,15.86,0.1813,6.4,191.5,347.7,1.77,0,1,0,0,0,55.3,high
193.9,2.55,0.3255,1.27,28.5,306.1,25.75,0,0,1,1,0,42.8,medium
87.6,14.46,0.2168,0.76,63.4,285.8,42.88,0,1,0,1,0,36.9,medium
66.5,15.11,0.4077,4.95,103.6,362.8,10.79,0,1,0,1,0,50.2,high
223.1,11.62,0.2215,3.0,156.1,378.2,21.35,1,0,1,0,0,54.0,high
223.6,5.07,0.2905,5.47,191.2,318.1,13.19,1,0,1,0,0,44.7,medium
204.2,11.24,0.1673,0.95,97.0,237.0,1.16,1,1,0,1,1,58.1,high
266.2,10.55,0.355,2.99,156.3,293.3,44.98,1,1,1,1,1,66.5,high
79.4,10.04,0.3308,2.03,150.9,300.9,7.19,1,1,1,1,0,50.7,high
85.3,9.75,0.2045,5.31,122.8,286.4,38.45,0,0,0,1,0,41.8,medium
267.5,3.11,0.1453,1.98,144.4,252.5,17.66,1,0,0,1,1,53.6,high
180.8,4.47,0.3109,3.48,26.9,294.5,14.25,0,1,1,1,1,44.0,medium
125.5,2.85,0.4721,5.82,99.5,289.3,47.08,0,0,1,0,0,40.2,medium
237.2,5.61,0.075,6.45,161.5,241.9,33.03,0,0,0,0,1,51.9,high
274.7,6.01,0.4016,5.2,105.4,380.7,34.5,1,1,1,1,0,53.8,high
225.5,5.66,0.2761,3.29,177.2,377.1,38.1,0,0,1,0,0,54.5,high
250.1,5.01,0.2675,4.22,170.1,351.9,17.38,1,0,1,0,1,41.2,medium
127.8,14.97,0.4812,4.98,175.4,280.2,28.4,0,1,0,1,0,65.6,high
129.3,16.55,0.3069,6.19,43.4,274.1,13.88,0,1,0,1,0,55.6,high
267.4,7.22,0.417,6.28,63.9,343.3,41.81,1,1,0,1,0,52.4,high
207.6,6.8,0.2621,6.55,25.3,321.6,30.17,0,1,1,0,1,37.9,medium
116.2,17.04,0.1324,5.77,196.9,320.1,12.55,0,1,0,0,0,60.2,high
185.8,12.85,0.3503,1.45,62.5,224.8,45.04,1,1,1,1,1,63.2,high
224.6,6.58,0.4624,5.36,86.1,323.7,29.25,1,1,0,1,0,53.7,high
112.5,14.56,0.4222,5.79,69.5,380.4,25.0,0,1,0,1,1,46.6,medium
217.2,7.55,0.1072,6.21,27.2,217.2,2.21,1,1,0,0,1,40.9,medium
70.1,12.14,0.1653,6.51,67.0,267.8,45.54,0,1,0,0,0,31.8,medium
132.9,19.86,0.2633,3.81,37.7,301.8,47.64,0,0,0,0,0,50.9,high
221.8,6.73,0.2901,4.76,91.0,337.2,28.35,1,1,0,0,1,48.0,medium
95.8,18.68,0.105,0.56,194.0,217.9,22.4,0,1,0,1,0,51.6,high
113.3,7.09,0.1227,4.22,145.7,374.6,18.3,0,0,0,0,1,34.5,medium
271.0,11.27,0.3818,3.58,147.2,208.1,13.77,1,1,0,0,1,76.5,critical
221.8,9.74,0.3679,6.75,101.6,371.5,28.94,1,1,1,1,0,51.6,high
179.7,15.88,0.4212,6.36,166.0,205.5,6.84,1,1,0,1,1,57.9,high
110.6,2.16,0.4671,5.68,183.5,230.7,46.0,0,1,0,1,0,55.8,high
141.9,12.92,0.161,0.87,193.1,360.1,9.21,0,1,0,1,0,49.9,medium
197.8,15.45,0.4312,3.11,37.8,372.0,37.4,0,1,1,1,0,50.2,high
97.3,9.97,0.3363,5.02,178.3,396.5,15.69,0,1,0,0,0,52.2,high
175.6,3.0,0.4793,0.69,60.5,223.1,11.69,0,0,1,1,0,39.9,medium
158.2,5.65,0.1433,2.03,91.5,305.3,28.11,0,0,0,0,0,28.6,low
174.4,13.91,0.1421,6.27,82.2,215.4,38.37,1,1,0,0,1,53.9,high
85.3,18.01,0.3551,1.34,141.5,231.3,36.47,0,1,0,1,0,62.6,high
85.6,9.01,0.4649,0.83,127.6,234.9,12.07,0,0,0,1,0,45.7,medium
291.4,11.65,0.414,4.27,39.6,212.7,16.86,1,1,1,1,1,62.4,high
295.0,5.34,0.3662,6.65,160.9,378.6,43.51,1,0,1,1,0,54.5,high
162.3,8.83,0.1998,5.93,99.1,225.3,36.3,1,0,0,0,0,42.8,medium
249.4,7.4,0.3617,6.84,20.4,325.9,35.78,1,1,0,1,0,44.6,medium
217.4,13.45,0.4025,5.4,94.6,325.1,13.81,1,1,1,1,0,62.1,high
88.1,19.71,0.3791,3.34,112.9,239.7,39.7,1,1,0,1,0,58.8,high
131.2,16.45,0.3416,6.65,32.4,399.7,18.24,1,1,0,1,0,48.9,medium
135.3,4.65,0.0331,3.27,47.2,269.5,20.37,0,0,0,0,0,37.9,medium
203.0,11.98,0.3333,2.78,198.8,381.0,14.73,1,1,1,1,0,67.0,high
199.2,2.26,0.2444,3.41,176.8,389.7,6.51,1,0,1,0,0,37.8,medium
281.6,5.69,0.4812,5.79,44.0,389.8,21.31,1,0,1,1,0,48.3,medium
249.6,4.27,0.3075,6.47,124.5,350.6,1.34,1,0,1,1,0,55.1,high
265.6,7.38,0.308,2.82,88.3,250.8,23.07,1,1,0,1,1,55.8,high
273.9,13.9,0.4971,3.5,117.9,224.1,36.39,1,1,1,1,1,65.0,high
252.3,10.49,0.0559,6.34,104.7,314.0,48.06,1,1,0,1,1,50.4,high
139.9,18.73,0.1454,0.81,28.7,272.0,4.39,0,1,0,1,0,36.6,medium
111.6,5.04,0.3315,5.6,76.8,366.2,14.42,0,0,0,1,0,31.6,medium
197.2,7.92,0.1645,3.45,42.6,349.0,24.96,0,0,0,0,0,35.7,medium
225.5,7.27,0.1796,2.95,108.0,255.3,8.93,1,1,0,0,1,49.7,medium
152.8,5.48,0.4474,3.4,183.3,203.4,6.28,1,0,0,0,0,62.7,high
263.6,19.87,0.2939,3.22,199.2,247.5,22.89,1,0,1,0,1,76.1,critical
290.5,8.36,0.0604,5.42,190.0,313.4,29.25,1,1,0,0,1,59.4,high
196.7,18.87,0.1623,6.53,197.4,215.8,41.1,1,1,0,0,1,67.4,high
169.6,8.42,0.0473,3.69,22.7,331.7,49.89,0,0,0,0,0,38.6,medium
262.3,4.88,0.2825,5.91,151.3,334.3,38.83,1,0,1,0,0,61.2,high
65.8,3.26,0.0949,5.26,69.1,233.9,11.46,0,0,1,1,0,27.5,low
91.0,17.26,0.43,2.65,175.8,319.3,37.52,0,1,0,0,1,61.4,high
263.0,1.61,0.2929,4.32,166.5,321.4,27.09,1,0,1,0,1,47.8,medium
235.7,19.32,0.0391,4.83,96.3,295.6,22.82,1,1,0,0,1,63.0,high
159.9,8.95,0.1574,0.65,105.2,390.6,46.82,0,0,0,1,0,35.6,medium
273.3,5.7,0.312,3.07,67.7,221.6,35.25,1,0,1,1,1,54.4,high
144.3,12.73,0.1744,6.95,72.0,281.3,34.24,0,1,0,0,0,43.8,medium
212.1,3.53,0.2615,4.64,196.6,376.6,1.08,1,0,1,1,0,48.4,medium
212.2,2.37,0.4556,2.67,180.0,277.3,43.32,1,0,1,1,1,56.0,high
104.2,16.73,0.1815,2.13,54.5,284.9,39.77,0,1,0,0,0,48.1,medium
128.4,9.07,0.1746,1.86,69.6,333.7,15.3,0,0,1,1,0,46.0,medium
279.8,10.85,0.4117,3.11,39.6,333.1,14.96,1,1,1,1,0,59.0,high
104.0,4.36,0.1662,1.76,198.0,204.6,3.15,0,0,0,1,0,57.7,high
101.7,2.17,0.0482,1.38,183.3,291.1,3.02,0,0,0,1,0,37.3,medium
175.1,7.99,0.0987,2.87,119.4,266.7,33.6,0,0,0,0,0,55.3,high
82.1,10.62,0.4749,4.45,144.7,325.5,9.72,0,0,0,0,0,50.4,high
274.7,15.54,0.4673,1.45,154.6,311.1,46.22,1,1,1,1,1,76.2,critical
84.0,10.52,0.1202,0.79,56.7,330.2,42.2,0,1,0,0,0,31.4,medium
208.0,15.87,0.2812,0.73,188.2,330.8,17.77,1,1,1,1,1,69.2,high
141.5,3.19,0.0773,2.24,114.8,251.0,19.31,1,0,0,0,0,38.9,medium
253.0,2.22,0.3406,1.74,36.6,249.3,16.7,1,0,1,0,1,37.1,medium
201.6,4.02,0.1008,4.01,91.5,274.1,5.07,1,0,0,0,0,44.6,medium
153.2,15.67,0.0344,3.46,128.3,248.4,2.06,0,1,0,0,0,46.7,medium
296.1,15.43,0.4142,2.61,83.5,336.6,22.88,1,1,1,1,1,71.4,high
75.9,3.69,0.1694,5.92,145.9,320.6,47.18,0,0,0,0,0,36.1,medium
198.7,1.59,0.0632,3.78,178.8,243.3,45.9,1,0,0,0,1,54.0,high
297.5,14.02,0.4186,1.09,158.9,376.8,40.59,1,1,1,1,1,68.1,high
225.8,17.25,0.3836,2.42,135.7,292.1,31.62,1,1,1,1,0,64.5,high
237.5,15.33,0.345,6.83,112.2,225.4,42.88,1,1,1,1,1,73.1,high
67.7,4.85,0.4565,6.85,65.8,242.6,26.0,0,0,0,1,0,29.1,low
65.1,12.09,0.2497,2.16,101.9,308.0,9.42,0,1,0,0,0,34.4,medium
68.7,15.39,0.0727,1.59,72.7,267.7,34.37,1,1,0,1,0,40.8,medium
298.0,5.86,0.0401,3.72,188.1,370.2,46.07,1,0,0,0,1,57.6,high
295.1,11.03,0.166,3.63,183.3,298.9,1.47,0,1,0,0,1,69.5,high
140.3,6.97,0.0525,3.17,48.0,383.1,12.95,0,0,0,0,0,31.9,medium
129.8,5.29,0.2724,3.94,168.1,220.4,13.64,0,1,0,0,0,51.3,high
95.0,19.42,0.0171,2.01,146.5,333.7,5.4,1,1,0,0,0,50.9,high
139.0,18.34,0.2274,1.25,195.5,377.2,11.66,0,1,0,1,1,62.0,high
148.8,9.47,0.0974,4.21,103.4,258.6,19.51,0,0,0,0,0,44.0,medium
239.6,3.6,0.1905,6.56,150.0,227.1,47.02,1,0,1,0,1,53.9,high
267.9,14.83,0.3408,1.4,113.2,291.3,43.08,1,1,0,1,1,60.6,high
239.2,5.86,0.182,5.08,32.5,392.3,47.33,0,0,1,0,0,42.2,medium
215.2,4.2,0.1773,3.35,28.4,326.7,6.47,0,0,0,1,0,41.1,medium
243.8,8.25,0.4955,2.41,42.0,328.8,1.89,1,0,1,1,0,54.7,high
237.2,11.07,0.3622,6.05,73.3,334.3,5.94,0,1,1,1,1,57.4,high
174.2,2.85,0.2618,3.47,66.6,208.0,45.76,1,0,1,0,1,35.1,medium
140.6,11.86,0.2939,4.29,151.1,289.1,8.3,0,1,1,0,0,47.0,medium
127.9,1.29,0.3139,3.38,148.9,215.5,28.85,0,0,0,0,0,46.6,medium
223.0,17.95,0.022,1.03,194.9,263.2,11.77,1,1,1,1,1,69.9,high
290.2,18.49,0.0493,4.37,75.9,364.3,1.52,1,1,0,0,0,62.9,high
199.5,14.93,0.3281,3.22,188.9,331.3,4.69,1,1,1,0,1,67.7,high
279.0,9.86,0.1886,1.06,130.3,399.1,35.63,1,0,0,1,0,58.4,high
63.4,5.84,0.0372,4.37,109.2,234.4,9.53,0,0,0,0,0,34.7,medium
250.7,15.14,0.1558,0.56,140.2,279.4,11.84,1,1,0,1,1,65.2,high
264.9,18.7,0.0738,1.86,146.5,361.9,19.17,1,1,0,1,1,57.9,high
211.4,4.01,0.459,5.58,50.9,243.1,33.03,1,0,1,1,1,49.8,medium
284.2,9.85,0.1094,0.75,155.3,230.7,23.73,1,1,0,1,1,67.7,high
201.6,6.99,0.0804,4.7,150.5,285.5,47.26,1,1,0,0,0,43.4,medium
117.7,7.78,0.3168,6.67,199.6,276.7,21.99,0,0,0,1,0,46.6,medium
111.8,8.71,0.2657,1.61,184.2,396.0,10.36,0,0,0,1,0,50.4,high
193.4,19.08,0.2922,3.21,143.2,291.3,27.04,1,0,0,0,0,73.0,high
277.6,5.91,0.2236,4.24,148.2,372.2,22.82,0,0,1,0,0,42.2,medium
77.4,10.36,0.2389,3.43,190.3,377.6,39.46,0,1,0,0,0,47.5,medium
205.1,19.08,0.3916,4.53,194.1,231.6,46.79,1,1,1,1,1,76.8,critical
244.8,10.05,0.1178,3.13,168.9,343.1,41.9,1,1,0,0,0,58.8,high
87.7,17.41,0.2043,1.47,158.1,255.5,19.76,0,1,0,1,0,56.5,high
88.0,2.12,0.4793,1.08,40.0,218.9,11.2,0,0,0,1,0,28.0,low
147.9,19.11,0.1031,5.34,169.5,374.9,45.77,0,1,0,0,0,61.9,high
125.7,4.56,0.1539,2.05,65.6,258.5,19.6,0,0,0,0,0,29.8,low
107.6,19.62,0.1039,6.01,121.5,269.1,38.63,0,1,0,0,0,58.2,high
107.7,4.34,0.02,5.33,93.0,264.8,49.48,0,0,0,0,0,35.8,medium
91.4,9.44,0.1422,0.82,82.2,240.1,29.08,0,0,0,1,1,33.6,medium
206.6,6.86,0.0328,1.81,75.8,286.9,24.25,1,1,0,1,0,37.5,medium
225.2,9.23,0.0858,2.4,174.0,285.7,35.14,0,1,0,1,0,58.0,high
228.7,5.76,0.1877,4.36,158.4,281.8,10.1,1,0,0,0,1,61.6,high
187.8,19.34,0.0202,5.76,114.2,383.3,24.67,1,1,0,0,0,52.4,high
288.7,6.81,0.3789,0.89,139.6,268.0,15.96,1,1,1,1,1,61.9,high
271.3,13.41,0.3998,2.12,197.2,206.1,8.63,1,1,1,1,0,80.5,critical
289.8,3.61,0.2116,2.95,91.6,235.7,30.7,1,0,1,0,1,56.3,high
153.3,16.66,0.4925,1.69,119.2,344.3,29.0,0,1,1,1,1,62.7,high
270.7,11.31,0.3427,4.04,116.0,318.2,38.18,1,1,1,1,1,62.9,high
243.1,19.61,0.3744,3.61,188.5,390.3,43.71,1,1,1,1,0,74.0,high
141.6,9.04,0.1042,2.56,83.3,338.9,11.41,1,0,0,0,0,39.8,medium
85.6,4.71,0.4203,3.86,197.5,238.8,39.1,0,0,0,1,0,32.6,medium
223.8,7.57,0.4731,2.81,74.8,224.1,18.69,1,0,1,1,1,64.7,high
92.7,15.0,0.1258,2.73,39.6,304.2,31.63,0,1,1,0,0,37.2,medium
130.5,13.52,0.3464,2.23,54.4,333.1,42.59,0,0,0,1,0,45.7,medium
180.1,15.79,0.376,4.01,96.7,233.1,13.18,1,1,1,1,0,71.7,high
223.2,2.4,0.1595,3.39,137.0,320.3,30.25,1,0,0,0,0,41.5,medium
282.3,12.03,0.2428,1.78,113.0,373.0,24.28,0,1,0,1,1,72.1,high
202.4,18.71,0.0578,0.58,87.7,345.5,39.63,1,1,0,1,1,59.3,high
221.1,3.05,0.0948,1.48,121.2,332.8,35.01,1,0,0,1,1,44.7,medium
134.4,2.79,0.0402,0.78,171.0,357.9,38.6,0,0,0,1,0,39.6,medium
225.0,14.62,0.2845,3.31,171.0,220.8,14.75,1,1,1,0,1,66.1,high
165.1,6.99,0.3164,1.96,150.7,240.8,35.37,0,0,1,1,0,44.4,medium
265.7,13.51,0.4589,3.23,191.4,207.6,30.49,1,1,1,1,1,73.1,high
154.2,11.36,0.2757,2.64,126.2,229.0,23.11,0,1,1,0,0,59.6,high
172.4,19.74,0.1377,4.0,21.4,382.6,19.23,0,1,0,0,0,42.8,medium
163.8,17.89,0.0391,5.21,72.4,244.4,16.91,0,1,0,0,0,44.3,medium
254.7,13.88,0.4436,3.62,79.1,332.4,0.98,1,0,1,1,1,61.7,high
288.9,5.97,0.2446,0.9,118.5,338.3,8.89,1,0,1,1,1,58.3,high
138.5,5.98,0.3713,0.61,182.9,329.1,3.42,0,0,0,1,0,49.9,medium
174.0,17.76,0.0172,1.89,170.9,310.8,42.49,0,1,0,1,0,63.4,high
229.4,12.12,0.2492,3.26,61.8,297.2,43.07,1,1,1,0,0,58.9,high
274.9,16.0,0.1696,0.79,113.5,284.0,42.39,1,1,0,1,1,69.4,high
178.5,9.55,0.0249,2.63,138.6,383.4,40.99,0,0,0,0,0,44.0,medium
86.1,2.96,0.3901,6.27,197.8,201.9,11.46,0,1,0,0,0,44.6,medium
148.5,7.32,0.2613,1.09,25.6,210.7,24.84,1,0,0,1,0,42.7,medium
192.1,4.06,0.1733,6.67,103.5,298.5,45.44,1,0,0,0,0,43.3,medium
160.2,15.85,0.4048,6.07,197.9,266.1,38.11,0,1,1,1,0,64.4,high
104.8,14.31,0.229,5.91,195.9,281.6,0.59,0,1,0,0,0,63.5,high
68.9,2.68,0.0117,6.11,79.5,399.6,23.24,1,0,0,1,0,19.8,low
225.0,12.81,0.4728,1.02,20.0,355.0,1.03,0,1,1,1,0,54.9,high
298.3,17.61,0.1353,1.48,125.6,375.5,14.39,1,1,0,0,1,66.1,high
280.6,14.25,0.417,1.37,176.0,273.7,22.07,1,1,1,1,1,82.2,critical
224.0,10.71,0.41,1.22,78.4,247.9,44.7,1,1,1,1,1,49.6,medium
262.0,6.93,0.0896,2.63,188.2,353.6,32.89,1,1,0,0,0,65.6,high
121.4,17.85,0.2423,5.9,79.9,361.5,18.44,0,0,0,1,0,39.0,medium
209.4,9.03,0.0297,2.14,129.8,310.0,24.79,1,1,1,0,1,42.3,medium
74.5,17.25,0.1837,2.09,150.0,379.2,40.96,0,1,0,0,0,49.7,medium
229.7,15.88,0.3682,4.89,82.2,393.5,15.33,1,1,1,1,0,56.0,high
292.8,16.51,0.1262,1.13,83.4,294.2,30.94,1,1,1,1,1,63.1,high
266.6,19.81,0.0674,2.84,104.6,244.5,13.48,1,1,0,1,1,66.4,high
188.3,15.23,0.2585,2.42,170.3,303.4,24.26,1,1,1,0,0,59.8,high
249.3,1.65,0.2731,6.01,38.2,397.9,1.72,0,0,0,0,0,37.9,medium
286.5,4.9,0.3412,3.84,133.7,258.6,42.69,0,0,0,1,1,60.0,high
111.8,1.67,0.382,4.7,141.9,323.5,2.89,0,0,0,1,1,42.4,medium
250.4,4.61,0.3509,1.34,120.4,338.8,11.61,1,0,1,1,0,52.6,high
124.8,2.17,0.4243,6.54,188.5,242.8,17.01,0,0,0,1,0,46.3,medium
270.5,10.53,0.1192,2.6,128.4,317.7,31.45,1,1,0,0,1,62.4,high
83.6,1.54,0.2892,5.09,134.2,262.9,36.14,1,0,0,0,0,25.5,low
102.8,9.98,0.1864,6.71,128.0,370.8,4.48,0,0,1,0,0,27.5,low
232.9,18.08,0.4814,3.81,150.0,343.0,2.65,1,1,1,1,0,64.7,high
101.9,15.22,0.2257,3.8,44.4,365.3,40.05,0,1,0,1,0,37.8,medium
97.9,18.94,0.4803,1.26,181.0,239.9,35.75,0,1,0,1,0,69.1,high
193.3,5.31,0.3868,3.04,27.6,206.9,41.66,1,0,1,1,1,30.4,medium
260.4,11.09,0.362,6.04,135.3,370.1,33.99,1,1,1,1,0,61.7,high
124.4,7.05,0.2509,1.38,130.8,277.4,37.68,0,0,0,1,0,42.2,medium
261.9,10.38,0.2273,6.46,57.5,235.9,19.26,1,1,1,0,1,56.3,high
253.9,11.58,0.268,4.84,27.3,218.4,29.71,1,1,1,0,1,45.2,medium
199.0,1.69,0.1539,3.24,45.0,303.3,40.37,0,0,0,0,0,46.3,medium
215.2,5.43,0.4532,4.05,68.9,230.0,9.02,1,0,1,1,1,50.8,high
69.7,14.39,0.3992,1.48,178.8,313.3,21.43,0,1,0,0,0,48.0,medium
148.1,15.69,0.4027,1.91,174.0,345.5,37.15,0,1,0,1,1,62.6,high
123.2,11.82,0.2222,2.36,31.5,307.0,26.87,0,1,0,0,0,45.7,medium
96.0,6.15,0.0448,3.0,72.1,380.7,34.24,0,0,0,0,0,19.7,low
153.5,8.7,0.3447,6.45,180.1,231.1,15.0,0,0,1,1,1,50.0,medium
145.2,2.82,0.1935,2.89,62.6,298.8,2.1,0,0,0,0,0,31.4,medium
234.9,19.11,0.4365,3.9,199.3,232.6,1.94,1,0,1,1,1,82.2,critical
203.5,17.5,0.3924,1.55,66.2,375.2,47.17,0,1,1,1,0,61.2,high
279.1,2.25,0.0812,5.28,153.0,386.4,47.25,1,0,0,0,0,55.5,high
94.9,4.16,0.3048,4.14,95.1,280.0,10.96,0,0,1,1,0,38.7,medium
74.3,12.04,0.3492,3.36,44.5,261.1,7.8,0,0,0,1,0,32.2,medium
188.3,5.42,0.2884,6.66,65.9,255.9,1.4,1,0,1,0,0,38.0,medium
60.2,18.75,0.2619,6.29,141.5,371.9,11.95,0,1,0,0,0,45.9,medium
249.1,15.36,0.1217,4.79,80.7,336.5,17.05,1,1,0,1,0,60.9,high
181.4,6.19,0.1256,6.49,128.7,376.1,12.44,1,0,0,0,0,45.2,medium
177.1,1.12,0.3863,4.17,57.0,223.5,39.97,1,0,1,1,0,45.5,medium
147.0,16.19,0.0192,5.88,100.7,295.2,37.6,0,1,0,0,0,52.1,high
150.0,9.06,0.3917,3.16,112.2,335.2,4.51,0,0,0,1,0,44.7,medium
163.5,13.21,0.2681,1.06,94.3,379.4,35.02,0,1,1,1,0,47.4,medium
63.8,6.45,0.4687,6.96,55.6,276.4,26.27,0,0,0,1,1,26.7,low
80.1,3.71,0.4987,1.58,103.1,262.6,7.04,1,0,0,1,0,41.2,medium
181.2,13.83,0.3351,2.13,144.7,382.6,37.11,1,1,0,1,0,54.1,high
96.0,9.56,0.212,1.56,193.7,209.5,4.76,0,1,1,1,0,58.4,high
246.9,5.47,0.2428,2.69,162.1,295.9,9.27,1,0,1,0,1,59.5,high
125.9,3.61,0.1101,2.38,49.1,291.7,7.89,0,0,0,0,0,38.0,medium
83.5,12.03,0.0586,4.41,69.1,229.2,46.98,0,1,0,0,0,40.0,medium
116.5,14.79,0.2936,6.98,34.2,279.0,35.06,1,1,0,0,0,46.0,medium
145.7,6.39,0.4047,0.84,44.4,344.5,20.86,0,0,0,1,0,36.3,medium
68.5,14.97,0.1383,5.56,65.1,273.4,41.2,0,1,0,0,0,37.7,medium
94.0,4.48,0.2156,1.33,55.9,261.9,11.19,0,0,0,1,0,28.8,low
137.7,7.43,0.2818,0.63,58.5,356.4,46.59,0,1,0,0,0,41.2,medium
134.5,15.15,0.4549,4.65,61.5,397.7,35.0,0,1,0,1,0,41.0,medium
252.1,13.54,0.0779,6.18,74.1,355.9,28.2,1,1,0,0,0,53.1,high
262.4,6.14,0.1261,1.65,42.6,369.3,39.84,1,1,0,1,0,33.5,medium
106.4,3.32,0.4601,2.72,70.0,387.9,32.42,0,0,0,1,0,33.3,medium
89.7,1.81,0.0294,1.6,143.9,360.4,44.41,0,0,0,1,0,25.4,low
212.2,16.92,0.3315,6.39,62.6,396.1,41.54,0,1,1,1,0,57.9,high
253.1,2.43,0.3234,2.26,50.9,349.5,10.29,1,1,1,1,0,38.1,medium
291.3,3.18,0.1978,3.39,32.2,332.3,12.36,1,0,0,0,1,41.5,medium
61.6,5.52,0.2394,6.32,110.0,338.7,3.72,0,0,0,0,0,34.3,medium
159.3,9.47,0.4289,4.09,171.6,380.0,11.4,0,0,1,1,0,54.9,high
236.2,16.01,0.0908,6.56,30.6,336.6,17.5,1,1,0,0,0,58.6,high
258.9,5.7,0.1235,6.52,117.6,352.2,1.93,1,0,0,0,0,46.6,medium
74.9,11.33,0.2611,3.5,137.1,243.2,16.09,0,1,0,0,0,43.6,medium
223.3,2.72,0.2108,4.29,126.6,382.5,38.69,1,0,1,0,0,49.4,medium
129.3,9.83,0.2914,2.0,178.0,289.4,42.1,0,0,0,1,0,51.2,high
77.9,4.38,0.4612,6.94,176.0,232.2,0.94,0,0,1,1,0,44.3,medium
177.4,5.01,0.4594,2.31,30.3,360.0,0.85,0,0,1,1,0,39.6,medium
98.0,7.97,0.1227,5.59,85.0,271.3,7.74,0,0,0,1,1,34.7,medium
236.9,15.47,0.1581,2.53,140.7,236.8,43.69,1,1,0,0,1,64.8,high
237.9,15.14,0.0894,2.53,191.4,251.3,23.73,1,1,0,1,1,65.8,high
262.1,8.88,0.4646,1.18,164.8,207.0,49.15,1,0,1,1,0,77.1,critical
150.6,3.25,0.205,4.14,51.8,218.1,44.42,0,0,1,0,0,34.5,medium
63.2,6.33,0.2304,2.09,70.3,318.5,44.56,0,0,0,0,0,26.1,low
122.3,10.6,0.4033,1.46,157.4,373.2,6.86,0,1,0,1,0,48.8,medium
172.3,17.52,0.2614,1.97,104.9,289.7,24.02,0,1,1,1,0,60.8,high
226.6,19.4,0.0687,2.13,118.5,325.2,49.68,1,0,0,0,0,70.2,high
151.7,13.11,0.2245,3.78,129.6,361.9,7.88,0,1,1,0,0,49.6,medium
188.7,7.66,0.319,3.01,38.6,271.4,28.92,1,0,1,1,0,39.2,medium
185.8,14.18,0.3624,0.99,174.1,330.9,17.54,0,1,1,1,0,73.1,high
99.6,7.39,0.3262,3.98,175.4,270.1,19.7,0,0,0,1,0,48.8,medium
209.5,12.88,0.0684,5.62,104.3,328.5,44.59,1,1,0,0,0,51.0,high
165.4,5.63,0.1591,4.23,132.8,243.5,29.6,0,0,0,0,0,46.3,medium
253.9,6.07,0.3694,6.83,138.8,395.6,38.06,1,1,1,1,0,48.2,medium
225.7,2.43,0.4413,1.14,54.2,215.2,33.83,1,0,1,1,1,46.6,medium
86.8,8.98,0.0331,5.84,40.3,301.0,26.69,0,0,0,0,0,32.1,medium
177.3,12.75,0.0307,3.79,23.7,257.3,39.69,1,0,0,0,1,48.1,medium
228.6,15.99,0.3253,3.89,184.3,320.2,48.55,1,0,1,1,0,69.0,high
80.9,16.4,0.2785,3.87,82.2,285.7,48.36,0,1,0,0,0,47.6,medium
250.2,19.86,0.0861,2.61,35.4,261.3,39.58,1,0,0,0,1,66.5,high
113.3,2.67,0.2787,2.61,103.8,250.0,24.62,0,0,0,0,0,36.4,medium
180.7,10.37,0.4875,4.61,33.6,236.5,8.58,1,1,0,1,0,53.9,high
285.7,10.91,0.3191,0.79,35.3,356.6,2.7,1,1,1,0,1,55.9,high
197.1,16.29,0.2301,4.33,108.0,244.4,11.96,1,1,1,0,1,58.0,high
161.8,6.06,0.4155,5.21,111.6,354.7,17.34,0,0,1,1,0,40.3,medium
61.6,2.32,0.1143,2.82,124.4,297.0,6.93,0,0,0,1,0,32.9,medium
92.0,6.96,0.213,1.91,138.1,214.4,11.63,0,0,0,1,0,29.6,low
198.9,19.69,0.2686,1.89,140.3,233.1,4.64,1,1,0,1,1,66.8,high
178.5,18.09,0.2572,1.03,97.9,378.6,26.42,0,1,1,1,0,49.2,medium
147.3,8.51,0.4613,1.08,135.8,320.6,6.75,0,0,0,1,0,56.5,high
281.6,17.65,0.1534,1.58,74.9,236.9,37.27,1,1,0,1,1,73.7,high
139.8,1.62,0.0377,0.62,99.4,340.8,16.97,0,0,0,1,0,25.3,low
188.9,6.97,0.459,2.23,90.8,364.7,33.77,1,0,1,0,0,61.0,high
196.5,14.81,0.1164,2.49,79.2,266.1,44.18,0,1,1,0,0,60.3,high
186.6,5.21,0.1957,6.97,62.9,311.3,4.76,1,0,0,0,0,39.7,medium
174.6,4.77,0.2701,6.95,34.1,258.7,49.46,0,0,1,0,0,45.0,medium
140.9,17.37,0.4882,1.72,111.1,216.0,32.44,1,1,0,1,0,60.4,high
278.1,12.7,0.2723,1.88,116.7,279.9,3.14,1,1,1,1,1,63.9,high
168.2,19.79,0.2294,3.7,80.5,350.3,16.04,0,1,1,0,0,58.4,high
186.8,3.56,0.296,1.47,195.7,291.7,44.37,1,0,1,1,0,49.2,medium
217.6,7.77,0.4857,3.78,120.3,281.1,30.01,1,1,1,1,0,51.2,high
76.2,6.91,0.4108,3.1,180.0,273.2,14.72,0,0,0,1,0,42.5,medium
247.5,17.72,0.0928,2.61,122.6,291.8,47.05,1,1,0,0,0,64.1,high
183.0,5.85,0.4036,5.85,54.2,263.6,39.47,0,0,1,1,0,46.6,medium
217.7,7.72,0.4221,5.88,195.4,322.4,36.91,1,1,0,0,0,60.6,high
245.3,3.71,0.3484,6.92,179.4,212.7,44.48,1,0,1,1,1,52.9,high
269.8,15.73,0.332,1.95,104.8,361.5,38.6,1,1,0,1,0,67.6,high
154.1,5.52,0.226,6.27,63.8,234.6,14.69,0,0,1,0,0,45.8,medium
254.7,2.3,0.3244,4.0,60.1,326.7,29.4,1,0,1,1,0,40.3,medium
122.1,9.27,0.3714,4.34,165.1,290.0,42.19,0,0,0,1,0,60.2,high
218.5,8.44,0.0702,6.33,32.4,354.7,9.45,0,1,0,0,0,43.1,medium
84.6,4.37,0.1361,6.63,134.9,365.2,8.57,0,0,0,0,0,26.2,low
64.8,3.54,0.1051,5.22,135.2,240.8,8.37,1,0,0,0,0,29.3,low
83.0,18.03,0.4222,2.76,52.8,335.4,10.12,0,1,0,1,0,45.4,medium
136.7,2.29,0.3432,3.68,146.9,238.0,5.61,0,0,0,1,0,43.2,medium
67.5,2.89,0.2309,4.5,147.0,224.8,41.96,0,0,0,0,0,24.0,low
211.3,5.66,0.4148,5.89,83.0,386.1,41.01,1,0,1,1,0,41.6,medium
136.0,19.1,0.3612,4.78,107.0,232.9,7.99,0,1,0,1,0,58.9,high
236.7,2.62,0.4577,2.88,169.9,245.6,35.42,1,0,0,1,1,68.3,high
71.0,16.5,0.0476,3.22,114.2,226.1,31.54,0,1,0,0,0,47.8,medium
112.0,17.95,0.2595,0.83,131.3,294.1,14.17,0,1,0,1,0,51.9,high
157.9,8.18,0.3563,6.51,94.3,383.9,11.75,0,0,1,1,0,41.0,medium
151.8,6.58,0.1117,1.07,46.9,252.8,12.9,0,0,0,1,1,38.0,medium
91.4,13.87,0.1703,4.27,199.7,308.4,36.67,0,1,0,0,0,51.4,high
298.6,14.35,0.2153,6.17,115.7,282.3,16.31,1,1,0,0,1,65.2,high
128.3,15.82,0.3992,3.24,80.6,267.2,14.26,0,1,0,1,0,50.9,high
233.0,16.78,0.2519,5.7,148.5,314.4,1.61,1,1,1,0,0,69.8,high
112.8,6.1,0.2515,5.72,131.7,311.8,45.46,0,0,0,0,0,33.5,medium
270.7,14.05,0.2211,0.89,61.9,271.9,37.76,1,1,0,1,1,54.6,high
153.1,3.56,0.122,3.18,177.8,370.1,23.9,1,0,0,0,0,36.5,medium
276.2,10.7,0.4623,4.99,32.8,210.6,47.17,1,1,1,0,1,55.1,high
142.0,12.64,0.1657,3.25,129.0,217.0,15.03,1,1,0,0,0,49.0,medium
62.1,4.07,0.2881,4.04,106.0,398.2,33.9,0,0,0,0,0,32.2,medium
184.1,2.45,0.0829,4.36,77.3,349.5,15.6,0,0,0,0,0,37.9,medium
185.9,4.7,0.2228,1.48,168.7,360.8,16.07,0,0,1,1,0,48.6,medium
88.8,8.99,0.4529,3.18,138.1,320.5,42.31,0,0,0,1,0,47.0,medium
116.4,17.87,0.4978,0.69,156.7,284.0,39.46,0,1,0,1,0,60.6,high
248.0,11.11,0.1873,1.47,94.6,325.8,15.06,0,0,1,1,0,44.3,medium
68.8,15.22,0.0855,3.83,189.6,218.5,4.53,0,1,0,1,0,54.1,high
177.5,4.31,0.1641,4.23,82.1,351.6,18.2,0,0,1,1,0,37.9,medium
187.3,3.01,0.1703,1.45,115.6,308.1,38.12,1,0,0,1,0,37.5,medium
225.3,5.55,0.3258,5.41,188.1,391.3,5.48,1,0,0,1,0,49.7,medium
69.0,6.96,0.2531,2.92,35.0,327.5,33.77,0,1,0,0,0,20.5,low
200.6,11.41,0.3865,6.48,39.6,230.3,44.54,1,1,1,1,1,53.2,high
60.7,17.74,0.3536,3.02,199.0,295.5,9.37,0,1,0,1,0,59.5,high
123.6,9.1,0.1331,1.47,194.9,211.6,43.18,0,0,0,1,1,58.9,high
179.9,10.86,0.3943,5.43,158.9,349.1,3.04,0,1,1,1,0,53.2,high
278.7,1.09,0.4253,4.19,107.2,300.4,33.51,1,0,1,1,1,50.7,high
90.4,1.63,0.3032,3.01,111.1,273.9,39.66,0,0,0,1,0,33.1,medium
100.6,2.59,0.4646,2.81,66.3,393.7,22.52,0,0,0,0,0,26.7,low
220.6,14.28,0.3936,1.48,97.9,388.1,10.58,1,1,1,0,0,62.2,high
150.0,10.24,0.3017,2.72,97.6,390.6,46.27,0,1,0,1,1,50.1,high
209.6,4.67,0.454,0.69,26.5,244.2,1.49,1,0,1,1,1,38.8,medium
299.4,12.26,0.3042,3.77,101.6,345.7,27.98,1,1,1,1,1,61.2,high
296.8,11.35,0.2654,6.33,106.4,389.1,18.96,1,1,1,0,0,66.8,high
144.9,2.69,0.1846,5.67,139.8,314.2,23.32,0,0,0,0,0,40.4,medium
180.9,13.17,0.4426,0.69,113.0,242.8,27.06,0,1,1,1,0,61.2,high
277.1,15.58,0.0701,6.23,175.1,363.6,26.97,1,1,0,0,0,69.2,high
82.1,6.44,0.242,3.44,86.2,376.0,10.58,0,0,1,0,0,33.9,medium
168.6,14.06,0.2733,1.74,93.7,340.6,34.15,0,0,1,1,0,53.4,high
150.6,4.79,0.2818,5.39,122.9,258.7,1.45,0,0,1,1,0,45.3,medium
130.8,15.38,0.3294,2.6,56.5,238.1,1.55,0,1,1,1,0,50.7,high
298.6,18.32,0.2578,2.15,90.8,324.9,24.19,1,1,1,0,1,76.6,critical
236.1,9.4,0.1358,1.55,143.5,296.6,27.32,0,1,0,1,1,55.0,high
153.3,5.65,0.4299,3.66,94.1,333.8,14.11,0,0,1,1,0,42.9,medium
259.0,8.58,0.3322,1.11,183.2,222.3,27.81,1,1,1,1,1,76.0,critical
177.5,5.75,0.4305,5.61,130.8,227.2,26.05,1,0,1,1,0,54.7,high
269.5,1.02,0.1453,3.56,47.7,272.6,17.79,1,0,0,1,1,40.3,medium
123.9,13.36,0.3222,3.41,107.7,251.8,32.76,0,1,0,1,0,55.0,high
113.7,1.81,0.3599,0.51,157.7,323.9,47.92,0,0,0,1,0,40.6,medium
119.3,5.0,0.1979,5.82,135.8,273.5,24.79,0,0,0,0,0,36.8,medium
189.2,14.73,0.408,3.7,179.3,336.8,39.41,1,1,1,1,0,67.0,high
129.9,13.65,0.0112,3.36,155.0,353.8,12.76,0,1,0,0,0,43.5,medium
95.3,2.39,0.3015,5.45,31.1,237.4,38.22,0,0,1,1,0,36.9,medium
298.7,13.54,0.3106,0.91,40.3,384.0,32.62,1,1,1,0,0,58.8,high
276.1,18.68,0.2716,2.88,137.0,357.4,32.17,1,1,1,1,0,67.0,high
212.4,2.42,0.3187,4.24,62.9,325.4,44.71,0,1,1,1,0,37.8,medium
274.0,8.9,0.0919,3.49,125.8,381.8,12.05,1,1,0,0,1,57.4,high
284.5,14.86,0.3455,1.68,162.6,253.2,18.74,1,0,1,1,1,70.2,high
222.3,13.69,0.1745,2.45,123.8,284.3,4.61,1,1,0,0,0,73.1,high
184.5,5.3,0.2315,2.45,94.8,217.2,36.44,1,1,1,0,1,38.8,medium
271.7,4.1,0.1732,6.95,136.3,291.2,42.27,1,0,0,0,1,58.1,high
196.3,15.9,0.2422,2.62,45.9,301.3,20.59,0,1,1,0,1,50.2,high
90.4,19.17,0.3146,1.83,150.2,323.2,18.16,0,1,0,1,0,53.1,high
148.0,15.58,0.4208,5.85,145.5,212.8,33.1,0,1,0,1,0,67.0,high
167.0,19.3,0.2469,3.24,112.6,206.5,4.24,1,1,1,0,0,62.0,high
284.5,12.49,0.1684,3.39,70.2,284.0,15.05,1,1,0,0,1,66.8,high
218.2,18.65,0.2491,4.07,163.6,237.8,18.63,1,1,1,0,1,65.5,high
270.1,14.12,0.3475,4.37,111.9,351.8,26.17,1,0,1,1,0,67.4,high
241.8,18.27,0.1799,4.34,30.7,333.7,24.09,1,1,0,1,0,54.8,high
134.4,4.07,0.213,0.72,185.4,265.2,10.83,0,0,0,1,0,47.9,medium
232.5,16.5,0.2858,5.82,158.2,209.2,27.27,1,1,1,0,1,75.1,critical
106.9,4.74,0.1541,1.77,125.3,236.5,46.33,0,0,1,1,1,29.7,low
158.0,1.52,0.1125,2.4,98.6,338.3,1.84,0,0,0,0,1,33.3,medium
253.5,10.83,0.0788,1.63,192.8,398.0,34.18,1,1,0,1,0,65.3,high
206.9,7.05,0.1828,5.49,159.5,265.3,31.42,0,1,0,0,0,56.5,high
258.1,1.83,0.0337,4.29,116.3,360.4,46.26,1,0,0,0,0,40.0,medium
121.1,19.63,0.2959,5.41,137.6,373.4,32.44,0,1,0,0,0,50.2,high
239.9,13.66,0.0962,4.75,70.5,209.6,31.43,1,1,0,0,1,59.7,high
108.6,18.13,0.1949,1.18,55.2,383.2,38.61,0,0,0,0,0,53.0,high
190.9,19.98,0.1419,2.46,69.2,293.2,13.76,0,1,0,0,0,61.1,high
164.0,8.45,0.3189,3.8,72.8,392.8,29.99,0,0,1,1,0,46.7,medium
193.6,5.84,0.4267,2.48,153.2,307.7,26.21,1,1,1,0,0,58.6,high
92.5,4.49,0.3203,1.85,45.2,247.0,22.2,1,0,0,1,0,29.6,low
146.7,10.79,0.2758,6.15,160.0,394.9,4.43,0,1,0,0,0,50.3,high
220.1,12.52,0.3379,5.36,114.2,248.7,14.99,1,1,0,1,1,65.8,high
194.0,9.98,0.0247,2.74,89.2,376.5,14.36,1,0,1,0,0,34.3,medium
191.8,8.36,0.0702,5.47,74.1,234.6,36.35,1,0,0,0,1,47.9,medium
182.6,4.2,0.0565,4.58,112.4,335.0,46.07,1,0,0,1,0,44.6,medium
286.5,9.4,0.0581,0.52,77.2,282.3,11.92,1,1,0,1,1,53.4,high
284.3,2.62,0.1376,2.97,97.3,394.4,4.19,1,0,0,1,0,48.5,medium
146.4,17.44,0.2707,2.39,153.0,237.0,50.0,1,1,0,0,0,60.5,high
144.5,1.89,0.0662,1.92,132.7,281.8,34.71,0,0,0,0,1,36.0,medium
193.2,8.23,0.4682,2.14,154.6,328.0,44.38,1,0,1,0,0,55.8,high
82.9,2.9,0.4286,6.63,148.3,395.5,7.62,0,0,0,1,0,37.8,medium
132.7,15.72,0.4861,3.66,166.7,260.8,40.14,0,1,0,1,0,64.0,high
115.4,6.94,0.0308,6.01,56.3,279.4,40.76,0,0,0,1,0,22.6,low
113.6,3.15,0.4272,1.89,199.1,292.4,8.0,0,0,0,1,1,44.2,medium
213.2,11.1,0.4038,1.63,105.6,250.5,8.49,1,1,1,1,1,69.2,high
152.2,18.41,0.452,6.28,149.3,363.5,15.12,0,1,1,1,0,66.4,high
101.1,18.26,0.2687,3.72,142.0,218.4,11.23,0,1,0,0,1,48.8,medium
273.0,5.74,0.3961,6.32,121.9,341.0,48.78,0,1,1,1,1,62.8,high
269.8,14.67,0.0351,0.91,199.2,306.8,18.47,0,1,0,0,1,63.7,high
267.0,1.58,0.0472,6.46,59.1,248.4,38.18,1,0,0,1,1,45.7,medium
153.8,3.51,0.0681,3.2,95.9,298.6,40.35,0,0,0,0,0,41.0,medium
73.7,10.49,0.4582,1.51,43.0,366.0,19.6,0,1,0,1,0,35.7,medium
85.6,5.35,0.04,4.94,52.7,289.1,34.29,0,1,0,0,0,20.5,low
126.3,16.17,0.0591,5.68,148.3,224.4,5.84,0,0,1,0,0,51.9,high
112.8,18.69,0.4659,0.81,20.9,208.2,20.15,0,1,0,1,0,56.4,high
269.8,1.08,0.0626,6.92,180.2,355.6,48.38,1,0,1,0,0,43.6,medium
296.7,5.43,0.4362,5.03,134.0,266.1,8.84,1,0,1,1,1,60.7,high
256.0,9.35,0.3967,2.59,99.4,386.2,19.59,1,1,1,1,0,58.2,high
235.2,11.7,0.0297,1.48,79.6,323.4,39.63,0,1,0,1,0,46.3,medium
201.3,18.4,0.0207,3.05,42.7,287.3,33.44,1,1,0,0,0,59.1,high
244.8,17.95,0.2719,1.93,185.9,312.9,31.76,1,1,0,1,1,69.0,high
287.3,13.11,0.4986,3.71,148.2,291.4,42.74,1,1,1,1,1,57.5,high
204.3,5.89,0.4406,5.58,80.6,381.2,1.94,1,0,1,1,0,41.5,medium
97.1,15.88,0.1619,4.79,32.8,291.6,38.67,0,1,0,0,0,41.7,medium
99.3,4.85,0.1993,3.33,78.6,220.8,44.19,1,0,0,0,0,38.9,medium
200.1,19.34,0.2001,1.27,53.2,319.4,1.3,0,0,1,1,1,54.5,high
140.0,1.11,0.3697,6.72,161.5,324.6,28.17,0,0,0,1,0,40.4,medium
278.5,11.83,0.1772,2.26,149.5,353.1,17.76,1,1,0,0,0,62.7,high
206.8,2.68,0.0824,2.31,109.7,386.7,3.01,0,0,0,0,0,45.9,medium
222.4,8.74,0.3761,4.7,179.5,288.6,21.18,0,1,1,1,0,64.7,high
61.4,13.06,0.2344,5.51,52.5,270.4,32.38,0,1,0,0,0,34.8,medium
179.7,14.1,0.0476,6.9,101.4,298.2,45.99,0,1,0,0,0,60.8,high
163.5,15.93,0.3971,6.8,147.9,380.0,31.22,0,1,1,1,0,59.8,high
229.4,12.27,0.2968,6.44,32.2,396.0,42.91,0,1,0,0,1,37.2,medium
151.8,5.78,0.2498,3.33,87.1,394.2,6.52,0,0,1,0,0,29.4,low
294.4,17.9,0.3399,1.58,122.9,245.9,10.92,1,1,1,0,1,79.5,critical
220.8,16.41,0.2576,4.3,86.0,299.4,48.53,1,1,1,0,0,51.2,high
218.4,4.04,0.3277,0.61,106.4,251.9,44.43,1,0,1,1,1,52.1,high
280.6,16.7,0.4351,1.78,129.5,273.6,12.14,1,0,1,1,1,71.4,high
298.8,19.48,0.3106,0.52,86.3,206.3,31.24,1,1,0,1,1,82.2,critical
107.5,13.11,0.3332,1.67,39.1,232.1,18.45,1,1,0,1,0,44.8,medium
254.5,6.35,0.3108,3.59,45.1,279.4,23.7,1,1,1,1,1,40.5,medium
99.0,12.53,0.2703,3.06,114.9,272.9,43.11,0,0,1,1,1,51.8,high
169.7,7.51,0.0943,2.9,51.5,255.8,36.92,1,0,0,0,0,45.6,medium
84.0,13.84,0.1745,5.9,180.2,246.1,12.3,0,1,0,0,0,46.6,medium
209.6,11.35,0.3496,4.89,170.2,349.8,16.14,1,1,1,1,1,57.0,high
172.4,18.66,0.2185,6.59,82.8,258.9,14.84,1,1,0,0,0,61.0,high
210.9,12.74,0.209,3.39,169.6,341.3,39.14,1,1,1,0,0,63.8,high
222.7,5.07,0.382,2.27,116.0,273.7,24.76,1,0,1,1,1,64.3,high
208.7,14.78,0.0127,1.3,48.6,360.4,47.56,0,1,0,1,0,50.4,high
130.6,6.72,0.3427,4.87,130.6,233.4,40.93,0,0,0,1,0,59.6,high
260.9,6.18,0.2497,5.97,142.3,231.5,10.95,1,1,0,0,1,59.4,high
192.4,8.44,0.1946,1.69,35.1,335.9,39.4,0,0,0,1,0,41.5,medium
177.6,1.23,0.1769,6.21,76.6,383.0,25.55,0,0,0,0,0,28.3,low
296.9,19.41,0.0947,3.92,21.0,228.6,13.06,1,1,0,0,1,61.8,high
128.0,11.11,0.1738,1.44,77.0,214.7,18.48,0,1,0,1,0,45.6,medium
186.7,15.7,0.2018,4.68,80.4,386.9,48.62,1,1,1,0,0,47.9,medium
223.8,5.9,0.2243,3.88,133.4,223.5,24.46,1,0,1,0,1,41.4,medium
90.1,15.19,0.3394,0.68,55.8,250.1,36.12,0,1,0,1,0,42.6,medium
145.0,11.78,0.2322,3.1,25.4,385.9,24.12,0,1,0,0,0,42.3,medium
252.4,9.06,0.4002,5.6,76.8,360.6,18.89,0,0,1,1,1,54.1,high
116.8,19.44,0.3235,4.11,168.6,268.6,39.92,0,1,0,1,0,64.6,high
178.4,10.38,0.1029,2.33,91.8,390.9,42.49,0,1,0,0,0,38.6,medium
211.4,13.49,0.1458,6.54,94.7,313.6,4.06,1,1,0,0,1,55.3,high
221.1,1.29,0.0488,2.05,104.4,214.4,14.31,1,0,0,0,1,50.4,high
234.8,6.73,0.4734,2.14,155.3,340.6,25.64,1,1,1,1,1,66.1,high
267.8,17.89,0.4444,2.81,106.4,307.5,16.17,1,1,1,1,1,74.0,high
154.3,15.42,0.0516,6.31,36.4,314.5,39.29,1,1,0,0,1,38.3,medium
229.6,11.2,0.2913,3.8,57.2,398.8,6.18,0,1,1,0,0,57.4,high
235.7,18.1,0.4806,4.93,53.8,230.5,39.99,1,1,0,1,1,72.8,high
132.1,10.24,0.3761,6.85,111.4,331.4,31.09,0,1,0,1,0,39.8,medium
292.4,11.76,0.251,5.59,25.4,291.7,14.82,0,1,0,0,1,46.8,medium
267.7,8.26,0.1281,1.62,71.1,254.4,17.55,1,1,0,1,1,45.1,medium
129.6,12.78,0.1467,5.62,129.3,338.7,9.55,0,1,0,0,0,44.6,medium
222.0,7.06,0.3708,5.36,83.8,333.6,13.0,1,1,1,1,0,53.8,high
232.3,8.32,0.3925,2.01,147.4,371.3,36.0,1,1,1,1,0,61.7,high
163.6,19.36,0.2691,2.61,90.4,375.8,19.11,0,1,1,0,0,57.6,high
267.3,3.11,0.0693,5.12,196.3,312.4,34.53,1,0,0,0,1,54.2,high
225.7,3.0,0.4676,2.05,193.8,265.1,25.95,1,0,1,1,1,72.0,high
218.0,1.82,0.4239,1.85,164.0,305.9,7.69,1,0,0,1,1,52.6,high
113.0,7.08,0.0789,5.07,191.8,271.9,25.2,0,1,0,1,1,45.3,medium
157.9,8.57,0.0378,6.22,56.9,255.5,37.95,0,0,0,0,0,35.8,medium
164.1,2.8,0.2726,0.99,155.2,310.3,15.23,0,0,1,1,0,55.3,high
236.1,11.43,0.1492,3.4,77.9,331.6,32.58,1,1,0,0,0,54.8,high
208.4,12.08,0.1488,4.45,150.6,318.1,10.35,1,1,0,0,0,51.9,high
80.6,15.27,0.0527,4.9,87.3,390.9,7.22,0,1,0,0,1,31.5,medium
133.8,19.54,0.4772,6.98,72.1,259.7,18.33,0,1,0,1,0,51.4,high
173.5,12.77,0.4168,4.94,192.6,274.5,19.77,0,1,1,1,0,65.1,high
236.8,3.12,0.0658,4.53,57.8,333.5,38.17,1,0,0,0,0,29.7,low
238.5,2.68,0.4395,6.93,156.5,320.1,23.27,1,0,0,1,0,48.8,medium
177.7,15.77,0.3446,0.89,141.4,200.4,4.52,1,1,1,1,1,71.4,high
88.1,13.36,0.1695,0.98,74.6,262.5,31.88,1,1,0,1,0,46.0,medium
130.3,4.08,0.4369,4.14,102.5,250.8,23.73,0,0,0,1,0,50.2,high
121.1,5.81,0.303,2.83,45.7,368.0,16.92,0,0,0,1,1,23.9,low
247.4,15.25,0.4258,1.13,185.8,373.2,40.21,1,1,1,0,0,66.9,high
103.2,11.76,0.2399,2.49,194.3,256.8,8.14,0,1,0,0,0,51.5,high
171.6,12.12,0.2553,4.88,151.8,220.4,45.7,1,1,1,0,0,67.5,high
221.0,4.99,0.1526,6.22,172.9,241.0,17.04,1,0,0,1,1,55.0,high
291.5,12.95,0.2,1.11,34.9,235.3,23.32,1,0,0,1,1,68.1,high
299.8,15.64,0.2882,4.01,89.1,247.5,46.5,1,1,0,0,1,73.1,high
288.7,17.82,0.4741,2.42,79.5,246.9,38.18,1,1,1,1,0,73.8,high
232.4,15.0,0.3041,4.84,121.7,296.0,4.18,1,1,1,1,0,67.0,high
239.1,11.95,0.0822,4.07,53.0,263.9,29.13,1,1,0,0,1,42.3,medium
242.2,13.79,0.0134,6.52,121.4,312.0,15.86,1,1,0,0,0,46.9,medium
267.0,10.22,0.427,0.74,137.8,268.8,25.67,1,1,1,1,1,68.0,high
288.4,5.31,0.1885,3.56,43.8,362.9,37.28,1,1,0,0,0,45.1,medium
167.0,17.76,0.1643,1.75,43.7,390.2,25.06,0,1,0,1,1,56.6,high
160.0,11.12,0.4024,3.99,26.4,280.8,4.02,0,1,1,1,0,38.2,medium
170.5,12.29,0.4732,6.05,157.0,209.9,26.73,1,0,0,1,1,66.6,high
218.4,19.81,0.3765,6.42,79.6,247.9,1.69,0,1,1,0,1,71.3,high
246.1,19.72,0.0952,3.09,60.6,220.4,17.75,1,1,0,0,1,65.7,high
268.9,12.14,0.2018,5.78,160.1,269.0,24.16,1,1,1,0,1,72.5,high
169.5,1.65,0.3821,2.32,45.8,329.0,32.41,0,0,1,1,1,30.7,medium
147.2,8.53,0.4544,0.54,96.9,303.8,25.56,0,0,0,1,0,51.9,high
296.0,18.81,0.4993,6.06,154.1,248.6,8.02,1,1,1,1,1,87.0,critical
115.7,6.48,0.2607,1.28,123.3,353.5,46.64,0,0,0,1,0,44.8,medium
113.3,19.99,0.413,0.61,119.7,226.3,32.69,0,1,0,1,0,60.5,high
231.7,2.6,0.0328,2.8,48.3,245.6,16.19,1,0,1,0,1,31.8,medium
103.1,11.79,0.1501,2.97,52.6,335.2,48.31,0,1,0,1,0,32.6,medium
155.9,10.79,0.192,1.0,124.9,239.4,44.19,0,1,1,1,0,46.1,medium
130.2,5.85,0.488,5.79,24.2,335.8,7.6,0,0,0,1,0,32.1,medium
100.5,19.02,0.0117,3.14,176.4,395.4,32.94,0,1,0,0,0,50.2,high
199.1,12.76,0.1609,3.68,83.1,366.3,28.22,0,1,1,0,0,44.1,medium
149.6,5.37,0.4659,2.22,95.0,232.0,10.04,0,0,0,1,0,46.8,medium
170.9,8.3,0.1603,3.82,66.5,304.1,12.06,1,1,0,0,0,35.0,medium
107.0,14.7,0.1203,5.48,177.8,284.5,28.41,0,1,0,0,0,53.2,high
244.3,6.66,0.3677,6.39,135.7,398.3,16.4,1,1,0,1,0,51.3,high
135.5,17.71,0.3752,6.81,101.0,392.9,41.82,0,1,1,1,0,53.0,high
142.3,4.15,0.2414,3.27,125.4,225.4,5.34,0,0,0,0,0,45.3,medium
120.5,6.03,0.474,6.94,88.5,381.7,45.74,0,0,0,1,0,36.5,medium
164.3,3.75,0.1093,2.42,103.8,238.7,42.11,0,0,0,0,0,35.8,medium
171.3,2.98,0.4576,0.55,84.4,263.9,37.06,0,0,1,1,0,40.3,medium
187.1,6.71,0.3802,5.49,93.9,270.7,13.5,1,0,1,1,0,54.1,high
292.2,19.98,0.1904,1.66,76.7,257.4,35.89,0,1,0,1,1,77.4,critical
277.1,2.79,0.4054,0.84,34.0,370.6,22.22,1,0,1,1,0,41.2,medium
206.3,5.05,0.0753,6.51,26.7,266.0,31.87,1,1,0,1,0,35.4,medium
69.3,6.16,0.0742,5.65,51.3,363.3,15.97,0,0,0,1,0,14.1,low
206.9,12.76,0.4657,1.17,65.3,398.9,41.87,0,1,1,1,0,51.6,high
81.5,15.16,0.0564,5.55,180.3,368.2,2.51,0,1,0,0,1,40.2,medium
230.5,15.29,0.012,5.99,130.0,269.2,34.73,1,1,0,0,1,57.9,high
153.6,1.16,0.2006,6.38,192.5,342.3,41.52,0,0,1,0,0,47.6,medium
261.0,13.39,0.0609,4.03,81.1,306.8,32.5,1,1,0,0,1,48.2,medium
286.2,12.98,0.4329,5.07,92.3,357.3,10.0,1,1,0,1,0,59.8,high
160.1,10.84,0.4621,5.45,149.6,230.6,14.61,0,1,0,1,0,55.6,high
170.5,8.2,0.2464,4.98,124.0,327.6,25.99,0,0,0,0,0,39.0,medium
201.6,16.15,0.2185,4.7,115.0,354.7,16.81,1,1,1,0,0,62.2,high
107.3,7.53,0.2741,4.06,123.6,352.2,0.74,0,0,0,0,0,41.2,medium
282.6,5.37,0.1208,3.61,125.1,392.7,2.51,1,1,0,0,1,59.2,high
163.9,6.89,0.156,6.97,157.8,211.7,38.5,1,0,0,0,0,46.0,medium
100.0,9.35,0.0595,2.69,140.3,269.2,4.64,0,0,0,0,0,33.0,medium
243.1,5.07,0.2288,1.07,192.3,295.3,46.44,1,0,1,1,1,63.1,high
112.6,12.54,0.3097,5.47,190.6,262.0,22.42,0,1,1,1,0,55.6,high
94.4,17.8,0.4658,1.89,95.9,262.0,38.03,0,1,0,1,0,53.4,high
195.1,12.31,0.3721,3.96,26.4,235.2,6.71,1,1,1,1,1,58.6,high
221.2,9.49,0.3643,1.12,22.0,362.6,46.36,0,1,1,1,0,45.7,medium
196.7,16.14,0.1609,4.53,42.2,381.6,2.17,0,1,0,0,0,52.5,high
217.6,15.21,0.4453,6.64,33.5,216.5,2.59,1,1,1,0,1,56.8,high
87.7,7.97,0.474,5.2,87.2,231.0,3.2,0,0,0,1,0,39.7,medium
174.2,12.48,0.4668,1.89,29.5,245.7,5.62,1,1,1,1,0,49.3,medium
145.7,14.87,0.029,6.81,132.5,301.8,24.6,1,1,0,0,0,54.0,high
293.6,5.66,0.3061,2.5,54.2,358.2,39.52,1,0,1,1,1,49.8,medium
71.9,7.96,0.3252,3.34,112.5,214.3,14.6,0,0,0,1,0,44.2,medium
131.6,3.01,0.1546,3.74,38.6,327.4,37.42,0,0,0,0,0,13.6,low
286.0,19.77,0.4963,6.94,169.0,229.9,38.82,1,0,1,1,1,77.1,critical
296.0,2.63,0.1527,0.95,160.4,394.3,45.46,1,0,0,1,0,41.4,medium
258.0,4.2,0.1161,5.03,89.6,379.8,7.89,1,0,0,0,0,41.2,medium
78.2,10.12,0.2472,2.85,183.9,389.9,7.21,0,1,0,0,0,37.2,medium
194.7,17.44,0.1683,1.01,53.4,221.2,6.54,1,1,0,1,1,65.1,high
156.0,7.76,0.4628,6.58,166.5,297.6,18.29,0,0,1,1,0,54.9,high
253.5,15.6,0.2256,4.33,118.3,233.0,24.73,1,1,1,0,1,68.5,high
73.2,13.84,0.211,5.4,79.3,320.1,23.35,0,1,0,0,0,34.3,medium
107.3,13.13,0.3167,2.06,35.2,246.5,13.22,1,0,0,1,1,37.2,medium
177.4,17.06,0.0497,5.45,50.8,354.1,31.29,1,0,0,0,0,54.6,high
97.8,1.27,0.3808,5.89,175.3,328.8,17.24,0,0,0,1,0,48.1,medium
226.3,18.65,0.3865,3.3,129.2,314.3,18.62,0,0,1,1,0,71.9,high
257.0,16.76,0.2423,4.22,62.7,365.0,5.72,1,1,1,0,1,48.9,medium
229.1,18.82,0.4783,6.82,109.3,300.1,29.82,1,1,1,1,0,68.5,high
165.7,16.08,0.2939,6.0,39.4,254.0,32.94,0,1,1,0,0,53.5,high
270.8,17.69,0.3507,3.39,37.8,324.1,38.02,1,1,1,1,1,61.7,high
93.0,4.86,0.4629,4.82,183.4,391.4,45.25,0,1,1,1,1,32.7,medium
122.5,7.07,0.3365,5.6,102.4,320.2,38.42,0,0,0,1,0,50.3,high
177.5,6.99,0.2216,0.66,85.1,325.9,12.17,0,0,1,1,0,38.0,medium
74.7,3.07,0.0221,4.32,190.8,387.0,12.16,0,0,0,0,0,24.6,low
83.0,14.86,0.3669,6.9,91.8,303.1,45.8,1,1,0,1,0,46.9,medium
155.4,3.59,0.4828,6.66,80.5,399.3,39.61,0,0,1,1,0,43.7,medium
286.5,2.0,0.2404,5.91,69.1,231.9,39.22,1,0,0,0,1,51.7,high
278.0,15.73,0.1765,1.19,121.7,307.4,36.13,1,1,0,1,1,60.1,high
171.8,18.19,0.2644,6.96,120.5,242.6,13.73,0,1,1,0,0,55.8,high
94.1,15.52,0.3669,4.46,22.9,290.7,42.45,0,1,0,1,0,31.6,medium
102.7,16.68,0.0103,1.95,137.7,234.1,7.57,0,1,0,1,0,49.9,medium
150.6,12.32,0.4447,4.88,161.9,244.5,17.83,0,1,1,0,0,59.0,high
110.4,17.87,0.4443,6.07,130.9,242.2,17.65,0,1,0,1,0,63.8,high
79.9,10.44,0.2752,1.23,176.6,264.0,28.23,0,1,0,1,0,45.9,medium
221.7,19.78,0.07,6.46,69.8,226.9,23.44,1,1,0,0,1,66.6,high
199.5,2.96,0.3392,6.48,54.6,361.9,23.26,0,1,0,1,0,40.6,medium
129.9,16.37,0.0775,0.59,145.5,244.1,27.9,0,1,0,1,0,51.8,high
246.9,13.19,0.2587,6.35,53.9,283.3,21.06,1,1,1,0,1,58.1,high
246.2,12.03,0.0559,6.65,36.4,203.2,12.87,1,1,1,1,1,58.4,high
177.8,14.79,0.2986,0.74,37.4,221.0,33.37,1,1,1,1,1,47.9,medium
83.2,16.97,0.1659,2.41,158.3,379.3,39.64,0,1,0,0,0,48.4,medium
280.4,17.39,0.4172,2.93,25.2,367.4,24.21,1,1,1,1,0,60.7,high
220.5,4.33,0.402,2.77,72.1,368.2,32.65,0,0,1,1,0,42.1,medium
119.3,4.74,0.4993,5.43,43.3,282.3,27.0,0,0,0,1,0,40.6,medium
206.5,1.31,0.1362,2.83,155.9,228.3,3.42,1,1,0,0,1,51.4,high
157.2,3.51,0.0403,6.72,110.6,221.6,21.44,1,0,1,0,0,40.7,medium
212.5,6.01,0.2271,6.97,57.0,321.1,0.99,1,1,1,0,1,43.8,medium
173.7,14.7,0.0509,2.56,155.1,365.6,33.26,0,1,0,0,0,50.7,high
176.5,10.04,0.0975,3.81,155.1,380.0,25.65,0,1,0,0,0,50.1,high
236.6,15.4,0.3027,4.13,114.1,257.7,6.78,1,1,1,1,1,59.3,high
207.3,10.24,0.3001,4.27,69.7,264.2,27.34,1,1,1,1,1,64.0,high
79.2,11.56,0.0312,2.93,125.5,220.2,44.97,0,1,0,0,0,49.0,medium
75.7,3.11,0.227,1.58,188.0,354.9,17.35,0,0,0,1,0,41.3,medium
133.2,15.75,0.2698,0.85,29.3,255.1,49.13,0,1,0,1,0,48.8,medium
163.3,15.4,0.1413,1.19,68.1,296.2,47.99,0,0,0,0,0,51.2,high
126.1,6.84,0.4373,6.36,71.3,385.8,39.37,0,0,0,1,1,29.1,low
216.4,7.24,0.0889,2.32,133.7,350.4,40.78,1,1,0,0,0,41.4,medium
106.8,5.17,0.1344,1.0,137.2,210.5,20.82,0,0,0,1,0,35.0,medium
229.0,16.46,0.0869,4.55,57.1,201.6,20.43,1,1,0,0,1,58.7,high
245.6,15.19,0.0671,0.99,58.9,357.5,47.74,0,1,0,1,0,51.0,high
89.8,12.57,0.4407,0.96,187.1,310.5,18.63,0,1,0,0,0,59.6,high
216.2,5.54,0.1462,4.54,156.1,344.1,5.3,1,0,0,0,0,44.3,medium
290.7,4.27,0.364,4.34,188.2,231.4,8.06,1,0,1,1,1,72.0,high
106.3,1.96,0.2197,0.77,169.3,374.4,35.66,0,0,0,1,0,31.3,medium
278.2,1.87,0.3216,3.49,92.4,354.7,19.46,1,0,1,1,0,45.4,medium
205.5,4.56,0.4648,3.33,41.9,378.2,10.37,0,0,1,1,0,45.0,medium
201.8,2.91,0.4239,4.05,133.3,268.2,40.78,0,0,1,1,0,53.1,high
72.5,11.57,0.0438,5.3,83.4,255.1,24.69,0,1,0,0,0,30.1,medium
239.6,7.8,0.4241,2.34,96.6,230.3,28.6,1,0,1,1,1,63.5,high
174.8,9.45,0.2314,3.31,96.7,386.0,8.12,0,0,1,0,0,44.6,medium
233.1,12.29,0.1816,5.65,188.6,235.4,10.04,1,1,0,0,1,56.6,high
254.2,13.52,0.3395,6.5,32.4,223.9,6.73,1,1,1,1,1,54.7,high
185.7,13.32,0.4756,6.29,54.8,238.5,25.97,1,1,1,1,0,54.2,high
123.3,5.96,0.0561,3.6,129.4,354.3,38.9,0,0,0,0,0,29.7,low
94.0,16.38,0.3864,3.89,179.1,377.9,36.75,1,1,1,1,0,63.1,high
98.5,18.44,0.1097,3.94,185.2,362.2,13.43,1,1,0,0,0,53.2,high
268.1,7.0,0.1963,6.15,120.6,312.6,42.65,1,1,0,0,1,57.1,high
89.7,1.32,0.4382,5.96,26.2,398.8,5.73,0,0,0,1,0,23.1,low
152.3,18.08,0.2774,2.52,85.3,213.8,6.15,1,1,1,0,0,62.4,high
140.2,18.55,0.0431,1.56,185.4,373.4,42.54,0,1,0,1,0,66.0,high
267.7,1.97,0.2589,2.96,110.0,285.5,12.6,1,1,1,0,1,53.1,high
174.6,1.09,0.3969,2.37,150.8,291.0,35.55,0,0,1,1,0,54.6,high
299.1,16.51,0.2692,6.68,68.5,225.5,0.95,1,0,1,0,1,72.8,high
236.9,6.73,0.0918,2.23,24.5,206.7,5.13,1,1,0,0,1,44.3,medium
264.2,18.38,0.2281,1.68,124.1,263.3,30.66,1,1,1,1,1,73.1,high
83.7,5.12,0.4629,6.35,170.3,235.0,9.53,0,0,0,1,0,34.1,medium
120.7,17.36,0.3325,1.06,198.2,296.7,1.9,0,1,0,1,0,61.9,high
92.5,2.3,0.3676,2.19,172.4,229.5,23.61,0,0,0,1,0,42.4,medium
171.3,5.95,0.3951,3.35,119.7,227.6,16.86,1,0,1,1,0,53.1,high
232.4,19.49,0.0544,4.37,129.6,375.4,40.21,1,0,0,0,0,62.4,high
100.6,5.39,0.295,2.63,168.3,384.3,41.03,0,0,0,0,0,41.8,medium
91.2,3.53,0.1942,3.73,23.6,392.8,30.91,0,0,0,0,1,13.4,low
207.5,17.28,0.0782,1.79,191.3,336.1,15.01,1,1,0,1,0,57.5,high
115.3,3.24,0.1093,4.23,115.6,354.2,23.35,1,0,0,0,0,25.1,low
175.0,2.85,0.3928,3.15,191.4,367.2,35.26,0,0,1,1,0,57.1,high
72.3,7.15,0.0891,6.02,157.6,331.8,3.93,1,0,0,0,0,29.9,low
223.3,13.07,0.1631,3.2,47.4,266.0,16.96,1,1,0,0,1,47.8,medium
189.9,14.5,0.1496,3.38,49.7,231.3,41.21,1,1,0,0,1,51.9,high
215.4,17.74,0.0338,4.35,83.7,247.5,20.6,0,1,0,0,1,50.5,high
126.1,11.28,0.2365,1.3,67.5,368.1,31.42,0,1,0,1,0,35.0,medium
126.9,8.47,0.3853,1.52,99.1,339.2,5.27,0,0,0,1,0,46.6,medium
252.3,7.82,0.0209,5.64,128.7,291.2,38.96,1,1,0,0,1,50.2,high
232.5,17.09,0.0652,2.28,98.6,205.9,5.47,1,1,0,0,1,71.5,high
199.1,14.75,0.3629,4.95,30.2,253.2,43.15,1,1,1,1,0,45.6,medium
210.8,18.2,0.3009,1.13,195.6,345.8,5.78,1,0,1,0,0,69.7,high
82.6,19.32,0.3605,5.84,96.5,302.5,44.6,0,1,0,1,0,50.7,high
265.5,6.7,0.1228,6.92,173.2,287.1,18.51,1,1,0,0,1,58.9,high
244.8,11.06,0.4038,2.93,33.3,262.7,31.41,0,1,1,1,1,48.7,medium
201.7,13.0,0.2451,3.79,165.8,321.4,42.4,1,1,1,0,0,58.0,high
280.5,4.11,0.309,3.38,51.2,393.3,1.01,1,0,1,1,0,48.7,medium
100.5,2.01,0.0552,6.31,142.3,380.2,13.65,0,0,0,0,0,27.3,low
224.8,17.49,0.1105,0.56,139.1,206.1,45.46,1,1,1,1,1,62.4,high
291.1,11.17,0.3889,4.75,183.8,296.2,19.71,1,1,1,0,1,83.5,critical
134.4,11.84,0.1197,4.74,77.7,265.9,35.47,0,1,0,0,0,43.7,medium
63.7,11.54,0.0553,2.99,39.6,302.1,7.43,0,1,0,0,0,32.6,medium
236.4,15.34,0.3026,1.93,175.6,321.2,34.08,1,0,1,1,0,73.2,high
61.7,3.76,0.2785,2.06,79.7,240.0,4.12,0,0,0,0,0,30.1,medium
269.4,12.67,0.3079,5.7,61.9,356.3,36.01,1,1,0,1,0,52.8,high
73.5,9.92,0.313,0.93,107.5,295.0,16.53,0,0,0,1,0,41.7,medium
216.7,18.04,0.2551,4.16,46.3,398.4,23.56,0,1,1,0,0,50.5,high
150.5,10.87,0.2519,2.49,73.5,205.0,8.73,1,1,1,0,1,50.2,high
108.8,18.92,0.4628,2.22,89.4,237.9,31.58,0,1,0,1,0,58.0,high
275.6,7.71,0.2716,3.79,69.9,337.9,17.21,1,0,1,0,1,57.1,high
239.1,19.37,0.3125,6.34,101.0,339.0,19.48,1,1,1,1,0,61.1,high
141.7,17.63,0.1408,4.52,89.2,316.4,32.78,0,1,0,0,0,54.7,high
128.2,12.1,0.4368,5.63,159.4,394.4,9.35,0,1,1,1,0,55.9,high
236.6,7.72,0.0219,4.4,185.3,283.1,42.67,1,1,0,1,1,55.5,high
260.8,8.14,0.283,5.04,38.2,283.4,37.09,1,1,1,0,1,53.8,high
231.8,15.68,0.1981,3.31,168.2,382.1,29.1,1,1,0,0,1,66.3,high
213.6,12.03,0.3059,6.52,187.7,307.7,6.85,1,1,1,1,0,68.1,high
114.7,8.63,0.1865,3.76,143.6,270.7,34.51,0,0,0,0,0,48.2,medium
264.7,13.09,0.3617,4.09,199.4,343.8,1.4,1,1,1,1,0,72.4,high
239.9,14.93,0.02,3.91,80.3,323.9,40.32,1,1,0,0,0,51.0,high
184.1,1.44,0.2089,2.56,169.5,261.3,15.54,1,0,1,0,0,43.5,medium
182.8,2.71,0.4173,2.0,141.3,259.6,6.3,1,0,0,1,0,48.3,medium
196.6,2.8,0.1326,0.98,78.2,279.1,8.64,1,0,0,1,0,42.4,medium
258.8,5.41,0.0358,5.17,146.8,214.3,48.18,0,0,0,0,1,58.2,high
238.1,9.11,0.2533,2.38,111.7,388.5,38.8,1,1,1,0,0,56.9,high
265.5,16.27,0.4885,3.03,54.0,236.6,12.27,1,1,1,1,1,73.7,high
181.7,7.67,0.0414,6.48,51.3,238.8,48.19,1,0,0,1,0,38.7,medium
209.9,1.33,0.0443,4.18,148.4,329.4,7.44,1,0,0,0,0,50.8,high
265.1,10.18,0.3016,1.13,148.1,344.8,36.81,1,1,1,1,0,61.6,high
115.8,19.94,0.1325,5.7,115.5,347.4,33.01,0,1,0,0,0,50.2,high
166.6,7.63,0.211,2.16,110.3,275.0,41.16,0,0,1,0,0,47.8,medium
209.0,19.26,0.4169,4.09,52.4,374.7,19.39,0,1,1,1,0,61.9,high
279.6,2.93,0.1074,3.81,97.3,308.8,20.39,1,0,0,0,1,43.2,medium
63.8,4.29,0.3625,2.05,176.9,287.7,31.42,0,1,0,1,0,40.1,medium
111.0,14.76,0.2572,1.25,173.9,362.1,20.21,0,1,0,1,1,51.3,high
116.3,10.52,0.4534,1.87,139.0,248.7,2.55,0,1,0,1,0,54.1,high
138.4,15.54,0.4868,1.13,199.5,372.0,36.62,0,1,0,1,0,68.0,high
127.6,17.41,0.2476,2.29,180.8,307.8,32.23,0,0,0,0,0,59.7,high
201.6,5.77,0.2965,6.98,46.1,380.0,21.47,0,0,1,0,0,41.5,medium
272.5,13.97,0.3755,3.11,91.8,240.3,15.49,1,1,1,1,1,60.5,high
212.9,12.54,0.1662,6.12,43.7,387.2,16.38,0,1,1,0,0,49.6,medium
118.0,17.37,0.1211,4.07,103.9,337.6,37.18,0,1,0,0,0,46.4,medium
267.3,9.17,0.4827,4.83,159.7,323.7,36.59,0,1,1,1,0,64.3,high
211.7,1.99,0.222,1.52,48.0,284.4,41.04,1,0,1,1,0,39.2,medium
112.6,11.91,0.0108,2.29,178.5,391.3,38.23,0,1,0,0,0,46.8,medium
146.8,19.22,0.4205,3.82,122.4,288.8,38.02,0,1,0,1,0,63.0,high
249.6,1.28,0.3038,6.23,154.8,299.7,12.96,1,1,0,1,1,47.4,medium
237.3,5.56,0.0926,0.78,28.1,356.3,5.53,0,0,0,1,0,34.6,medium
198.4,7.01,0.0248,3.79,36.9,257.0,38.21,1,0,0,0,0,38.6,medium
94.7,15.55,0.1528,0.83,131.8,258.3,5.38,0,1,0,1,0,52.9,high
252.8,7.14,0.4647,3.47,170.9,355.1,49.11,1,1,1,1,0,58.2,high
133.8,5.54,0.4674,4.59,177.3,225.7,43.82,0,0,0,1,0,50.7,high
245.2,13.32,0.1624,5.34,143.9,364.6,26.91,1,0,0,0,0,61.5,high
215.4,1.88,0.4196,1.4,56.2,325.0,17.93,0,0,1,1,0,40.3,medium
123.4,4.24,0.2265,1.58,55.1,307.8,26.58,0,0,0,0,1,31.9,medium
111.0,8.75,0.3306,3.56,178.6,245.8,36.85,0,0,0,1,0,39.2,medium
91.4,7.76,0.1739,6.99,40.4,357.3,37.94,0,0,0,1,0,26.5,low
118.1,7.6,0.2628,2.81,143.5,361.0,4.15,0,0,0,0,1,46.6,medium
97.9,3.06,0.154,3.28,116.0,296.6,40.34,0,0,0,0,0,29.1,low
208.1,7.86,0.0399,3.31,95.9,277.8,32.25,1,1,0,0,0,48.0,medium
203.7,16.16,0.0783,1.02,99.3,249.2,2.51,0,1,0,0,1,51.7,high
200.7,8.86,0.1524,5.53,190.1,350.8,16.0,1,0,0,0,0,47.2,medium
214.1,12.14,0.4884,2.15,175.1,327.9,25.78,1,1,1,1,0,68.6,high
255.5,4.11,0.4832,5.07,175.7,241.3,9.83,1,0,1,1,1,63.6,high
279.3,2.32,0.4156,3.59,93.2,358.9,8.18,1,0,1,1,0,48.3,medium
115.3,17.72,0.1239,4.48,39.3,376.4,1.21,0,1,0,0,0,45.2,medium
201.1,7.3,0.2264,0.85,199.6,211.8,45.62,1,1,1,1,1,59.2,high
78.8,7.66,0.2255,6.28,46.2,354.5,3.28,0,0,0,0,0,25.1,low
88.8,17.68,0.1996,2.09,112.8,370.6,18.62,0,1,0,0,0,43.7,medium
217.0,14.45,0.032,4.86,67.6,398.3,10.69,0,1,0,0,0,42.5,medium
176.8,15.37,0.2719,5.69,111.9,247.5,37.18,0,1,1,0,0,61.6,high
242.0,13.96,0.0457,4.01,74.9,274.2,35.51,0,1,0,1,1,53.2,high
162.2,3.01,0.4029,2.69,181.4,393.2,40.41,0,0,1,1,0,52.1,high
90.6,19.2,0.3487,6.86,194.3,218.8,31.03,0,1,0,1,0,51.5,high
269.3,18.27,0.1828,2.31,93.8,304.7,29.79,1,1,0,0,1,71.0,high
79.9,5.49,0.3271,6.67,32.6,301.3,20.65,0,0,0,1,0,30.2,medium
105.4,16.28,0.1242,1.52,139.4,321.3,32.0,0,1,0,1,0,49.8,medium
126.5,8.78,0.14,3.03,87.8,266.2,6.2,0,0,0,0,0,33.8,medium
298.9,13.99,0.1639,1.4,197.5,385.2,34.38,1,1,0,1,0,62.7,high
160.0,4.15,0.4005,0.51,36.1,254.0,5.64,0,0,1,1,0,42.0,medium
180.4,11.23,0.1132,2.19,41.4,329.9,43.16,0,1,1,0,0,42.3,medium
244.7,3.41,0.2858,1.07,145.9,299.2,25.53,1,0,1,1,0,53.9,high
212.7,11.19,0.1082,6.91,156.6,253.3,26.75,1,1,0,0,0,58.1,high
261.9,5.63,0.1497,5.45,104.8,237.8,29.45,1,0,1,1,1,57.0,high
176.7,9.6,0.1254,0.52,69.9,391.3,38.91,1,0,0,1,0,36.6,medium
293.3,13.69,0.3261,1.95,75.8,312.3,24.18,1,1,1,1,1,62.2,high
251.2,17.66,0.2681,4.86,80.8,320.8,21.67,1,1,1,0,0,62.7,high
156.3,4.14,0.3634,3.09,60.6,356.6,14.77,0,0,1,1,0,34.7,medium
151.5,17.97,0.1178,5.91,173.1,216.2,6.84,1,0,0,0,0,70.9,high
283.1,8.41,0.0145,3.78,31.7,342.8,9.92,1,1,0,0,1,38.2,medium
224.3,17.03,0.3434,4.75,93.3,233.0,0.53,1,1,1,1,0,56.4,high
209.1,10.74,0.0663,4.38,154.6,348.1,43.54,1,1,0,0,0,45.8,medium
241.9,17.38,0.1307,4.65,20.7,228.3,38.37,1,1,0,0,1,60.5,high
194.6,13.59,0.1598,2.0,178.0,366.5,11.32,1,1,0,1,0,58.2,high
98.2,10.67,0.3759,2.93,147.1,336.2,0.62,0,1,0,1,0,39.8,medium
136.6,6.94,0.3167,0.83,33.2,277.2,24.86,0,0,0,1,0,37.1,medium
193.9,19.41,0.1003,4.32,181.1,271.8,20.92,1,1,0,0,1,67.0,high
64.4,16.22,0.303,3.49,107.7,229.8,38.91,0,1,0,1,0,52.7,high
165.0,8.24,0.357,5.44,137.4,380.8,20.44,1,0,1,1,1,52.4,high
241.4,4.17,0.2006,1.84,178.8,223.7,43.27,1,0,1,1,1,70.4,high
99.4,15.81,0.1305,3.34,178.6,294.4,5.24,0,1,1,0,0,48.2,medium
75.5,19.81,0.3427,1.67,93.6,247.3,18.61,0,0,0,1,0,44.9,medium
260.6,6.3,0.3093,4.49,62.8,399.3,46.73,0,0,0,1,1,49.4,medium
208.1,18.4,0.0482,6.01,66.3,317.2,1.08,0,1,0,0,0,59.5,high
102.4,3.38,0.3367,5.48,157.9,229.9,19.84,0,0,1,0,1,37.0,medium
253.5,19.09,0.2494,6.64,187.3,333.5,13.36,1,1,1,0,0,69.1,high
218.0,15.16,0.3792,6.82,33.0,398.3,26.83,0,1,0,1,0,53.4,high
140.2,7.59,0.1035,5.52,22.7,321.0,14.3,0,0,0,0,0,39.4,medium
150.3,6.79,0.1365,2.36,168.1,291.5,43.56,0,0,0,0,0,42.7,medium
97.4,13.23,0.2762,1.93,89.6,258.7,46.89,0,1,0,1,1,46.5,medium
260.5,12.28,0.246,3.41,69.8,218.4,42.53,1,1,1,1,1,50.6,high
182.2,18.46,0.1993,6.96,53.9,245.6,20.23,1,1,0,1,0,55.5,high
193.7,15.56,0.3756,3.18,82.4,310.7,49.5,1,1,1,1,0,57.3,high
272.0,11.27,0.2867,1.79,194.9,350.8,36.88,0,1,1,1,0,75.7,critical
63.8,18.62,0.358,6.64,195.9,375.6,18.1,0,1,0,1,0,53.8,high
76.1,12.26,0.0851,3.01,79.7,358.7,5.14,0,1,1,0,0,37.6,medium
98.8,17.14,0.3672,4.99,193.5,225.1,33.52,0,1,0,1,0,60.7,high
67.2,16.98,0.2361,5.62,74.0,354.7,36.56,0,1,0,0,0,42.2,medium
218.0,18.46,0.0265,5.98,173.8,316.3,6.56,1,0,0,0,0,76.3,critical
212.1,2.28,0.1249,5.84,58.2,293.8,27.71,1,1,0,0,0,45.3,medium
110.6,12.09,0.0226,5.94,168.8,314.6,49.36,0,1,0,0,0,56.5,high
95.9,9.9,0.2339,4.84,83.7,201.6,16.65,0,0,0,0,0,44.4,medium
95.0,10.32,0.1697,3.12,55.2,213.5,15.44,0,1,0,0,0,37.3,medium
288.8,9.74,0.4939,4.84,188.3,305.2,45.21,1,1,1,1,1,74.7,high
226.4,16.91,0.4356,5.94,58.6,234.7,6.31,1,1,1,1,1,66.9,high
200.5,7.05,0.4146,2.78,198.5,309.1,46.71,1,1,1,1,0,62.4,high
137.4,9.79,0.2555,2.43,39.5,270.8,39.08,0,0,0,0,0,36.3,medium
163.9,4.81,0.4055,2.73,21.8,381.5,19.85,0,0,1,1,1,29.6,low
81.5,5.78,0.1408,4.08,176.7,389.9,4.64,0,0,0,0,0,33.3,medium
299.6,13.55,0.2847,0.84,125.6,396.0,1.45,1,1,1,1,0,70.6,high
241.2,3.22,0.2025,5.56,95.9,379.8,19.1,1,0,1,0,0,48.4,medium
209.1,4.57,0.094,1.4,34.8,397.2,35.42,0,0,0,1,0,48.0,medium
201.1,11.03,0.0456,1.36,123.5,341.2,24.63,1,1,1,1,0,51.5,high
181.0,1.83,0.2835,1.78,90.9,392.1,37.06,1,0,1,1,0,31.5,medium
121.8,3.41,0.0578,4.25,107.1,328.4,33.69,0,0,0,0,1,28.6,low
114.3,17.4,0.3618,2.36,133.5,361.8,28.86,0,1,0,1,0,54.4,high
191.9,17.08,0.4615,2.89,135.2,226.4,48.39,1,1,1,1,1,77.3,critical
76.8,7.61,0.0894,6.56,192.9,336.5,36.56,0,0,0,0,0,44.3,medium
77.9,7.61,0.2408,6.01,137.9,386.2,45.77,0,0,0,0,0,29.7,low
194.6,18.79,0.372,6.04,81.1,308.0,12.49,1,1,1,1,0,61.7,high
280.8,1.49,0.1506,4.25,79.3,237.4,35.83,0,0,0,0,1,39.6,medium
279.4,12.03,0.4612,6.13,105.9,305.4,30.09,1,1,1,1,0,69.3,high
62.6,12.35,0.4453,5.56,66.7,341.4,46.25,0,1,0,1,0,35.9,medium
85.8,15.97,0.0608,6.7,87.8,354.0,25.77,0,1,0,1,0,37.2,medium
199.9,19.08,0.0234,0.92,171.6,304.7,14.34,1,1,0,1,0,55.7,high
263.6,7.76,0.4885,0.69,174.8,243.5,19.55,0,1,1,1,1,73.0,high
289.1,9.32,0.4787,1.64,133.0,385.3,11.33,1,1,1,1,0,70.0,high
266.5,13.75,0.2169,6.54,124.9,354.7,11.39,1,1,1,0,0,58.9,high
222.6,19.38,0.0348,4.44,96.9,254.1,23.79,1,1,0,0,1,61.5,high
108.1,17.93,0.3132,3.27,134.5,362.4,44.68,0,1,0,1,0,51.9,high
77.4,13.67,0.1538,3.83,165.1,269.6,10.0,0,1,0,1,0,48.2,medium
71.4,17.28,0.469,5.89,152.8,262.5,14.75,0,1,0,1,0,54.5,high
206.9,2.62,0.3994,6.54,26.4,372.6,42.72,0,1,1,1,0,30.1,medium
68.7,8.17,0.3283,5.24,151.6,374.6,17.29,0,0,0,1,0,46.6,medium
237.4,1.25,0.1494,5.44,149.6,279.7,48.14,1,0,1,0,1,34.6,medium
231.0,4.37,0.3536,2.58,37.8,201.8,13.81,1,0,1,0,1,49.4,medium
79.1,12.98,0.1517,3.54,47.0,237.3,22.39,0,1,0,0,0,39.4,medium
277.6,17.83,0.0284,6.25,161.8,381.9,5.23,1,1,0,0,0,75.7,critical
185.3,13.02,0.2591,5.61,120.6,379.7,49.61,1,1,1,0,0,51.6,high
277.1,13.62,0.2495,4.95,167.9,290.7,44.56,1,1,0,0,1,68.8,high
276.4,2.97,0.3839,0.92,53.3,260.8,40.97,1,0,1,1,1,45.5,medium
107.3,13.63,0.4342,0.76,25.5,260.5,8.29,0,1,0,1,0,46.0,medium
151.3,9.63,0.1837,1.35,49.1,379.4,48.48,0,0,0,1,0,33.0,medium
92.3,13.38,0.2302,4.28,101.5,264.9,46.49,0,1,0,0,1,40.1,medium
246.0,7.2,0.2405,3.99,114.2,302.3,22.07,1,1,1,1,1,49.8,medium
181.0,12.05,0.1689,6.63,174.4,346.2,34.24,1,1,0,0,0,51.3,high
282.9,9.06,0.3743,5.02,148.9,241.9,49.63,1,1,1,1,1,62.9,high
110.0,11.61,0.2658,2.41,198.3,250.8,20.78,0,1,0,0,0,56.7,high
225.2,3.79,0.4578,1.55,34.2,271.6,6.1,1,0,1,1,1,43.7,medium
297.4,8.52,0.3287,6.02,43.4,330.8,43.46,1,1,1,0,1,56.7,high
219.7,8.11,0.1138,3.49,35.2,363.5,24.09,0,1,0,0,0,40.0,medium
76.5,14.99,0.0908,4.75,116.9,309.3,49.35,0,0,0,0,0,37.3,medium
201.2,14.42,0.1925,4.17,68.0,226.6,27.77,1,1,0,0,1,44.7,medium
103.2,18.27,0.18,1.2,143.1,289.2,1.96,0,1,0,1,0,49.9,medium
67.3,13.01,0.2095,0.87,43.9,225.5,24.84,0,1,0,1,0,41.9,medium
140.4,6.98,0.1,2.95,38.6,217.7,36.04,0,1,0,0,0,39.2,medium
123.9,15.88,0.4893,2.85,102.8,317.9,1.79,1,1,0,1,0,60.3,high
249.3,10.44,0.0814,4.88,87.7,391.2,20.97,1,1,0,0,0,52.9,high
149.7,4.68,0.3298,4.61,169.2,367.5,8.2,0,0,0,1,0,51.0,high
235.9,15.2,0.0164,6.8,170.8,354.9,32.33,1,1,1,0,0,63.7,high
63.9,3.52,0.2094,6.08,41.1,345.4,47.89,0,0,0,0,0,30.2,medium
63.6,4.38,0.1615,3.73,166.2,379.4,31.42,0,0,0,1,0,33.9,medium
67.0,15.42,0.1972,3.75,121.5,350.6,34.9,0,0,0,0,0,53.9,high
112.6,15.63,0.2541,4.88,110.6,325.4,20.13,0,0,0,0,0,46.6,medium
149.8,16.02,0.3042,1.24,37.1,272.9,28.38,0,1,0,1,0,46.3,medium
205.9,6.57,0.2959,7.0,153.1,220.2,27.42,1,1,1,0,1,55.8,high
296.6,17.47,0.319,3.87,30.7,292.2,38.1,1,1,1,1,1,64.8,high
145.1,14.73,0.4238,6.41,70.0,385.0,42.92,0,1,0,1,0,47.4,medium
73.4,16.85,0.4445,6.79,37.2,316.6,33.31,0,1,0,1,0,46.8,medium
106.8,14.46,0.3713,4.28,115.5,236.9,49.0,0,1,0,1,0,53.3,high
275.5,12.01,0.0487,1.17,136.1,329.8,41.5,1,0,0,1,1,56.7,high
227.9,3.08,0.481,4.23,180.4,293.1,6.67,0,0,0,1,0,56.3,high
249.6,14.51,0.4742,4.38,152.1,386.3,25.62,1,1,1,1,0,74.4,high
89.8,14.12,0.3587,5.63,193.0,232.2,45.21,0,1,0,1,0,61.0,high
92.4,6.94,0.2635,0.81,157.0,342.4,47.22,0,0,0,0,0,32.7,medium
86.9,14.98,0.1328,3.53,73.7,336.3,19.32,0,1,0,0,0,47.4,medium
265.7,11.46,0.3806,6.5,118.6,396.7,36.42,0,1,1,0,0,62.7,high
110.4,11.63,0.4402,6.94,102.4,313.0,20.82,0,1,0,1,0,51.1,high
214.4,7.98,0.3359,1.74,121.9,374.3,6.62,1,1,1,1,0,55.9,high
183.9,3.22,0.3182,6.16,123.0,204.9,44.29,1,0,1,1,1,53.3,high
190.7,5.12,0.1046,1.45,146.4,224.6,46.63,1,0,0,1,0,44.2,medium
106.9,15.61,0.1853,5.97,34.9,269.2,25.49,0,1,0,0,0,37.0,medium
212.5,6.16,0.3643,2.3,154.4,323.9,1.41,1,0,1,1,0,66.5,high
70.3,1.04,0.0183,6.74,45.9,289.8,40.89,0,0,0,1,0,13.9,low
298.4,19.94,0.3242,5.02,24.7,240.5,24.11,0,1,1,1,1,71.6,high
66.4,5.0,0.3857,3.09,113.4,317.8,4.21,0,0,0,1,0,43.2,medium
72.0,13.45,0.174,2.33,124.7,313.3,9.87,0,1,0,0,0,41.0,medium
137.9,18.61,0.0473,2.03,26.3,304.9,8.03,0,1,0,0,0,42.4,medium
259.6,12.39,0.4114,4.93,112.8,218.1,34.47,1,1,1,1,1,72.4,high
121.7,16.18,0.0795,6.32,116.2,385.4,15.32,0,1,0,1,0,47.2,medium
173.3,19.55,0.1917,5.41,29.4,318.5,6.82,0,0,0,0,0,54.1,high
64.3,17.35,0.3566,5.93,148.1,252.8,45.92,0,1,0,1,0,55.2,high
78.9,11.6,0.4103,5.58,57.9,337.5,47.85,0,1,0,1,0,36.1,medium
205.9,7.91,0.4326,6.86,163.0,263.6,7.36,1,1,1,1,0,58.9,high
106.6,10.17,0.2699,5.43,75.9,301.2,11.9,0,1,0,0,0,46.0,medium
226.6,16.99,0.2432,1.87,106.0,268.2,29.81,0,1,1,1,1,62.8,high
248.5,17.21,0.4257,5.65,180.5,376.1,7.95,1,1,1,1,0,76.0,critical
264.1,17.07,0.2859,2.59,165.1,398.8,8.35,1,1,1,0,1,65.2,high
92.1,12.35,0.2935,6.97,160.7,232.2,17.16,1,1,1,0,0,63.1,high
169.3,10.06,0.2226,2.95,48.9,204.7,47.48,1,1,1,0,1,47.8,medium
287.3,6.92,0.1927,2.4,28.7,243.9,48.14,1,1,0,0,1,51.6,high
245.3,1.06,0.2455,2.05,129.0,318.0,42.17,1,0,1,0,0,51.4,high
88.1,15.53,0.1888,4.78,93.9,234.8,34.94,1,1,0,0,0,45.2,medium
180.6,6.26,0.1783,1.21,183.6,362.3,36.17,1,0,0,1,0,55.2,high
281.4,7.26,0.4969,6.7,82.9,281.7,23.74,1,1,1,1,1,52.3,high
165.6,17.03,0.1747,2.41,93.9,322.1,26.74,0,1,1,0,0,50.6,high
261.0,1.99,0.1356,2.42,114.7,291.1,31.91,0,0,0,0,0,42.8,medium
179.0,18.62,0.1834,0.8,163.4,380.7,36.7,0,0,0,1,0,52.5,high
85.6,1.03,0.2995,2.1,68.3,207.0,5.29,0,0,0,0,0,27.3,low
95.5,18.84,0.4564,3.22,189.5,345.9,11.63,0,1,0,1,0,63.0,high
71.2,9.64,0.3961,2.9,117.2,330.4,48.17,0,0,0,1,0,36.0,medium
106.9,2.94,0.4227,2.27,171.4,329.9,17.09,0,0,0,1,1,36.4,medium
274.5,13.81,0.4309,0.76,114.6,282.8,13.79,1,1,1,1,0,69.4,high
216.0,18.02,0.4611,2.45,159.0,203.1,21.38,1,1,1,1,0,76.2,critical
237.3,9.32,0.1252,5.56,29.3,337.8,14.9,1,1,0,0,0,41.8,medium
209.2,14.14,0.2346,3.35,163.9,365.9,5.01,0,1,1,0,0,54.6,high
152.8,19.61,0.1987,2.39,114.3,217.0,10.79,1,1,0,0,0,60.1,high
112.0,5.57,0.1971,2.48,100.9,288.3,32.19,0,0,1,0,0,33.1,medium
282.1,16.59,0.3296,4.1,40.1,232.5,11.55,1,1,0,1,1,66.3,high
183.6,6.61,0.2069,2.46,153.5,322.2,32.56,1,0,1,0,0,46.2,medium
175.5,9.1,0.312,4.6,43.6,357.1,5.45,0,0,1,1,0,40.9,medium
299.1,6.35,0.1973,6.93,54.6,333.3,2.57,1,0,1,0,1,43.2,medium
152.1,9.47,0.1625,0.77,42.8,263.6,43.15,0,0,0,1,0,32.7,medium
265.0,1.1,0.183,1.6,21.2,227.9,38.12,1,0,0,1,1,42.9,medium
267.0,6.77,0.4038,1.66,139.1,358.9,33.47,1,1,1,1,0,62.5,high
115.8,9.46,0.3045,3.41,68.8,264.8,2.03,0,0,0,1,0,39.5,medium
82.8,13.01,0.4873,0.77,46.9,204.4,12.35,1,1,0,1,0,46.4,medium
294.1,13.11,0.418,3.6,77.6,314.3,40.71,1,1,1,1,1,62.9,high
162.2,12.09,0.248,6.54,109.8,249.3,7.66,0,1,0,0,0,58.4,high
60.5,6.57,0.1288,0.58,110.6,368.2,40.74,0,0,0,1,0,28.1,low
179.8,19.0,0.3402,2.87,86.1,228.7,29.42,1,1,1,1,1,61.1,high
208.6,8.45,0.3661,5.45,109.1,287.0,37.15,1,1,1,1,0,58.7,high
246.3,5.12,0.2374,1.5,96.9,250.6,32.4,1,0,1,1,1,47.2,medium
286.3,11.54,0.1227,1.0,168.1,337.9,21.14,1,1,0,1,1,65.4,high
279.6,15.23,0.283,4.6,25.3,309.7,14.95,1,0,1,0,1,53.3,high
285.6,1.23,0.1344,0.56,176.2,358.2,33.8,1,0,0,1,0,55.3,high
67.7,6.25,0.4706,5.71,63.9,291.7,40.44,0,0,0,1,0,38.5,medium
230.8,16.67,0.3182,0.93,149.9,201.0,2.71,1,1,1,1,1,66.3,high
114.2,10.63,0.153,3.91,92.9,243.0,19.31,0,1,0,0,0,35.7,medium
105.0,8.76,0.1157,5.31,73.0,399.8,17.86,0,0,0,0,0,32.5,medium
252.1,18.69,0.3612,2.07,130.8,281.1,28.19,1,1,1,1,1,83.0,critical
160.1,2.7,0.3568,1.17,158.4,324.0,6.14,1,0,1,1,0,49.6,medium
280.0,12.7,0.3026,1.64,101.0,381.0,46.7,1,1,1,1,0,59.7,high
70.2,7.5,0.311,6.06,104.0,204.1,27.65,0,0,0,0,0,36.1,medium
252.5,2.35,0.3059,5.09,30.6,331.9,46.23,1,0,1,1,0,33.8,medium
92.8,5.06,0.1865,1.79,186.3,257.7,40.94,0,0,1,1,0,46.9,medium
102.4,12.93,0.4693,5.15,172.4,255.8,9.99,0,1,0,1,0,63.1,high
174.6,1.54,0.2448,5.11,91.6,245.0,7.05,1,0,1,0,0,36.1,medium
154.9,12.25,0.02,6.99,157.7,364.5,43.13,1,1,0,0,0,47.1,medium
176.7,19.18,0.1807,3.05,76.4,274.6,27.04,0,1,0,0,0,57.8,high
285.6,16.11,0.0738,6.12,151.5,213.4,1.48,1,1,0,0,1,81.4,critical
217.8,7.57,0.1881,3.4,113.0,219.4,46.74,1,1,0,0,1,53.4,high
129.7,3.63,0.308,6.34,102.9,229.7,23.91,0,0,0,0,0,35.4,medium
101.5,9.84,0.0211,1.1,30.2,379.8,15.4,1,0,0,1,0,20.9,low
160.8,8.47,0.4364,1.64,193.8,285.5,26.07,0,0,0,0,1,54.5,high
168.4,19.46,0.3091,6.02,170.7,383.2,41.23,0,1,1,0,0,71.4,high
204.3,19.81,0.1547,5.83,162.8,363.5,5.96,1,0,0,0,0,68.5,high
123.8,8.8,0.1625,2.49,74.9,367.6,18.27,0,0,0,0,0,33.6,medium
244.2,3.83,0.2382,4.38,72.1,257.4,16.28,1,0,1,0,1,31.9,medium
83.6,18.3,0.1316,2.99,123.2,254.3,42.06,1,1,0,0,0,47.4,medium
194.5,16.08,0.0121,0.57,172.3,312.0,39.03,1,1,0,1,0,62.0,high
209.6,10.71,0.023,0.67,188.2,283.6,20.31,1,1,1,1,0,59.8,high
109.6,7.94,0.1853,0.85,68.4,301.8,33.39,1,0,0,1,1,36.8,medium
258.2,9.52,0.0709,4.36,129.3,210.6,20.03,1,1,0,0,1,52.4,high
207.7,18.14,0.021,2.31,150.3,394.3,28.78,1,1,0,0,0,60.0,high
215.0,4.51,0.431,1.44,60.8,211.6,49.57,1,0,1,1,1,44.0,medium
179.5,16.33,0.1443,6.62,93.3,235.8,27.01,1,1,0,0,0,56.7,high
278.3,1.35,0.2565,1.29,53.7,335.6,49.43,1,0,1,1,1,38.6,medium
226.5,18.49,0.0979,4.88,145.8,231.1,37.49,1,1,0,0,1,74.0,high
151.6,10.51,0.0329,6.31,175.5,221.4,6.48,0,1,0,0,0,54.9,high
117.3,5.31,0.375,1.56,178.0,230.7,39.9,0,0,0,1,0,49.3,medium
77.1,1.05,0.0712,1.9,140.6,212.4,8.48,0,0,0,1,0,38.4,medium
99.7,11.63,0.0226,4.23,82.5,250.3,26.85,0,1,1,1,0,37.0,medium
298.2,5.65,0.2977,3.8,139.0,254.2,30.86,1,0,0,0,1,55.1,high
157.6,12.99,0.0166,3.89,175.6,299.7,44.67,0,1,1,0,0,58.9,high
275.7,6.34,0.2238,4.11,132.7,287.7,10.92,1,1,1,0,0,58.7,high
100.9,2.67,0.1515,6.67,94.3,294.7,43.86,0,0,0,0,1,28.3,low
162.1,10.6,0.1665,0.85,185.6,323.2,46.76,0,1,0,1,0,51.0,high
290.5,11.73,0.0119,5.44,170.3,246.2,4.93,1,0,0,0,1,69.3,high
81.9,9.6,0.4825,2.01,178.8,226.9,44.32,0,0,0,1,0,58.3,high
202.6,9.7,0.2633,2.93,182.6,375.8,13.33,1,0,1,0,0,53.0,high
280.6,12.2,0.2905,1.08,90.9,326.8,4.51,1,0,1,1,1,63.8,high
287.9,11.0,0.3364,3.4,174.7,212.1,47.95,1,1,1,1,1,75.0,critical
263.0,3.52,0.4008,5.73,122.7,392.2,19.91,1,0,1,1,0,47.1,medium
265.4,4.74,0.3079,1.14,26.9,338.6,31.34,0,0,1,1,0,43.6,medium
216.5,3.69,0.3835,2.29,134.5,230.3,27.87,1,0,1,1,1,51.0,high
112.9,14.17,0.2299,2.92,104.7,393.8,11.05,0,1,1,0,0,50.5,high
235.4,11.04,0.1919,1.18,69.5,273.1,33.64,1,1,0,1,1,49.6,medium
294.8,9.17,0.4133,5.46,194.7,396.9,2.78,1,1,1,0,0,76.3,critical
186.2,16.17,0.434,5.62,29.9,220.7,10.55,0,1,1,1,1,57.9,high
122.6,7.19,0.0775,5.93,190.3,232.0,47.26,0,0,0,0,0,39.4,medium
197.6,11.79,0.2759,4.3,48.7,331.5,47.7,0,1,1,0,0,36.6,medium
225.7,2.41,0.345,3.8,87.9,204.4,24.39,1,0,0,1,1,47.6,medium
110.0,15.14,0.051,2.21,95.1,203.7,8.87,0,1,0,0,0,54.5,high
232.6,14.21,0.4655,4.76,151.6,358.4,21.37,1,1,1,1,1,73.2,high
201.0,16.25,0.2649,3.39,58.8,233.6,43.92,1,1,1,0,1,58.7,high
207.0,17.81,0.3263,6.81,197.5,383.8,3.98,1,1,1,1,0,66.2,high
133.4,15.4,0.0973,6.79,154.8,285.2,6.83,0,1,1,0,0,52.2,high
97.3,17.05,0.1396,6.38,162.2,374.7,44.83,0,1,0,0,0,52.0,high
209.6,7.57,0.0693,2.84,39.2,283.6,21.06,1,1,1,0,0,45.5,medium
200.7,7.52,0.1394,2.89,105.7,306.0,4.63,1,1,0,0,0,49.2,medium
141.1,18.94,0.2513,6.04,190.2,263.3,7.39,0,1,0,0,0,71.8,high
131.0,18.38,0.4185,5.24,68.6,331.6,44.18,1,1,0,1,0,57.1,high
143.3,11.42,0.2715,5.08,46.2,263.6,24.76,0,1,0,0,0,48.5,medium
177.6,7.96,0.1298,2.32,107.4,244.6,8.57,1,0,0,0,1,35.6,medium
294.0,17.45,0.0319,5.92,187.5,216.2,44.76,1,1,0,1,1,73.0,high
243.3,7.14,0.3148,4.27,107.6,211.5,42.34,1,1,1,1,1,51.9,high
264.4,3.92,0.2159,3.4,92.9,261.2,1.64,1,0,1,0,1,44.2,medium
181.4,13.15,0.4923,6.13,137.0,347.3,29.26,1,1,1,0,0,60.1,high
186.3,1.81,0.3921,3.06,188.6,241.1,12.59,1,0,1,1,0,46.3,medium
109.0,8.2,0.4061,4.75,28.8,259.8,26.89,0,0,0,1,0,32.7,medium
233.1,16.35,0.016,3.53,47.6,381.0,14.32,0,1,0,0,0,49.0,medium
161.2,6.61,0.3911,4.35,43.9,327.8,16.14,0,0,1,1,0,31.3,medium
238.2,18.69,0.1054,0.76,35.4,383.9,30.29,1,0,0,1,0,51.0,high
158.2,19.16,0.297,3.5,74.4,382.2,27.17,0,1,1,0,0,57.0,high
86.0,16.5,0.2292,4.12,61.3,212.7,20.06,0,1,0,0,0,40.8,medium
101.5,19.77,0.2901,3.7,118.8,391.0,5.82,0,1,0,0,0,56.9,high
254.8,11.08,0.0754,6.01,78.9,210.2,48.49,1,0,0,0,1,51.8,high
122.1,11.81,0.2339,2.52,92.9,385.1,9.14,0,1,0,0,1,42.9,medium
123.4,16.89,0.0281,6.25,189.5,309.3,31.84,0,1,0,0,0,50.8,high
283.0,10.36,0.0301,3.12,48.0,306.6,4.6,1,1,0,0,0,52.4,high
217.8,8.73,0.3323,5.01,89.9,342.7,34.57,1,1,1,1,0,49.0,medium
87.4,12.68,0.4763,1.06,66.3,375.8,5.19,0,1,0,1,0,44.0,medium
94.5,13.5,0.3909,1.8,118.8,323.4,11.86,0,1,0,1,0,46.2,medium
125.4,15.27,0.2399,5.45,152.5,285.1,32.53,0,1,0,0,0,58.8,high
202.6,13.7,0.0374,0.58,167.1,222.4,14.51,1,1,1,1,1,65.7,high
240.7,15.17,0.0321,6.8,112.8,357.8,26.88,1,1,0,0,0,57.1,high
125.9,13.82,0.0874,1.74,173.9,225.7,6.66,0,1,0,1,0,53.1,high
269.0,10.13,0.4881,6.36,161.3,345.3,10.52,1,1,1,0,0,66.3,high
86.2,3.56,0.2053,3.85,48.3,305.6,36.82,0,0,0,0,0,19.2,low
109.8,15.92,0.4233,4.17,64.2,277.2,2.24,0,1,0,1,0,51.4,high
292.9,1.58,0.3555,1.05,140.9,322.6,6.03,1,0,1,1,1,58.5,high
92.3,19.86,0.3067,2.87,195.5,354.5,11.14,0,1,0,1,0,69.3,high
273.1,16.74,0.4744,1.52,87.7,388.2,1.5,1,1,1,0,0,73.5,high
228.9,13.75,0.1229,3.92,61.4,252.9,5.22,1,1,0,0,1,49.3,medium
77.5,19.37,0.2329,4.08,176.4,389.4,14.43,0,1,0,0,0,55.7,high
176.1,12.64,0.4337,5.11,55.9,392.2,5.1,0,1,1,1,0,47.3,medium
184.6,2.07,0.2804,6.21,145.5,362.7,43.37,1,0,1,0,0,48.7,medium
283.7,11.63,0.1308,3.54,26.2,376.3,3.77,1,1,0,1,0,45.5,medium
161.1,6.27,0.1124,2.02,23.4,338.5,43.12,0,0,0,0,0,35.2,medium
167.2,8.02,0.3789,2.67,101.3,207.8,41.23,1,0,1,1,1,46.7,medium
87.0,9.73,0.0163,6.01,138.2,315.0,5.49,0,0,1,1,0,37.7,medium
213.4,15.72,0.458,1.45,45.6,349.4,1.75,0,1,1,1,0,52.2,high
110.6,10.56,0.019,4.58,157.5,388.3,2.97,0,1,0,0,0,31.0,medium
78.6,10.02,0.3192,0.59,43.2,314.1,29.72,0,1,0,1,1,29.8,low
299.3,6.74,0.3063,2.1,116.1,358.8,33.68,1,1,1,1,1,56.3,high
124.7,11.26,0.2934,4.34,75.5,341.0,31.22,0,1,0,0,0,49.3,medium
93.9,5.72,0.2424,3.47,155.4,256.2,27.3,0,0,0,0,0,36.9,medium
227.9,5.96,0.4277,3.71,164.7,230.9,9.15,1,1,1,1,1,58.6,high
257.2,15.39,0.3331,4.79,31.9,350.2,42.13,1,1,1,0,0,49.5,medium
75.4,7.51,0.3931,2.02,54.7,246.8,16.71,0,0,0,1,0,41.8,medium
85.3,1.98,0.0666,2.33,180.7,248.9,49.32,0,1,0,0,0,33.8,medium
81.6,7.53,0.0345,4.95,94.8,328.8,19.55,0,0,0,0,0,28.7,low
71.3,13.13,0.024,4.0,105.8,357.8,13.52,0,1,0,0,0,34.4,medium
218.3,16.47,0.0821,0.59,50.2,316.5,44.77,0,1,0,1,0,42.5,medium
201.2,19.28,0.3368,4.86,199.1,377.0,28.59,1,1,1,1,1,64.4,high
219.1,15.18,0.2521,4.53,186.1,242.3,36.23,1,1,1,0,1,65.7,high
181.4,9.15,0.3786,1.01,20.4,250.5,20.72,1,0,1,1,0,47.9,medium
256.2,6.68,0.1039,5.36,119.1,327.4,44.4,1,1,0,1,0,38.2,medium
191.2,3.46,0.1898,3.89,177.0,365.9,45.93,1,0,1,0,0,48.9,medium
280.5,12.93,0.4454,1.83,97.5,307.9,22.12,1,1,0,1,1,68.0,high
176.6,10.69,0.4685,4.14,98.6,202.1,12.42,1,1,1,1,1,48.6,medium
249.8,13.88,0.4616,4.37,88.3,335.4,32.56,1,1,0,1,0,61.2,high
157.8,5.51,0.411,6.48,25.2,362.7,47.75,0,0,1,1,0,40.6,medium
164.5,7.15,0.3472,5.32,162.3,255.3,31.31,1,0,1,1,0,48.6,medium
263.8,6.55,0.4577,2.46,102.2,210.8,47.73,1,1,1,1,1,58.3,high
85.8,16.16,0.3599,1.27,115.6,303.6,17.52,0,1,0,1,0,65.0,high
195.6,4.25,0.4774,6.05,66.0,208.4,45.8,1,0,1,1,0,49.8,medium
234.3,12.56,0.0221,6.0,161.1,283.2,6.07,1,1,0,0,1,58.8,high
240.1,1.98,0.4616,1.64,162.9,203.6,18.26,1,1,1,1,1,57.0,high
202.0,11.44,0.2823,0.9,119.5,245.0,24.98,0,1,1,1,1,59.8,high
167.5,2.21,0.0648,5.13,182.8,277.8,32.83,0,0,0,0,0,47.1,medium
122.6,4.34,0.1153,5.2,40.9,222.3,15.06,0,0,0,0,0,20.0,low
278.3,3.15,0.4276,1.65,161.6,222.8,46.25,1,0,1,0,1,51.9,high
148.7,7.59,0.258,4.84,120.5,365.4,45.22,0,0,1,0,0,37.9,medium
251.8,7.53,0.4916,2.31,61.6,208.3,40.07,0,1,1,1,0,57.0,high
67.6,16.7,0.0676,2.19,43.8,337.8,6.16,0,1,0,0,0,36.1,medium
115.7,5.29,0.2121,2.61,74.2,362.9,4.38,1,1,0,1,1,22.7,low
142.9,2.64,0.1726,3.88,174.1,226.1,25.16,0,0,0,0,0,44.0,medium
221.2,12.47,0.2629,5.73,161.8,239.1,38.38,1,1,0,1,1,64.8,high
136.6,14.06,0.3204,3.74,136.1,328.3,6.6,0,1,0,1,0,49.7,medium
69.9,6.6,0.3342,2.44,36.3,263.1,32.25,0,1,0,0,0,28.0,low
101.7,12.45,0.0106,6.25,191.9,295.3,26.63,0,1,0,0,0,45.4,medium
122.2,15.75,0.0536,0.86,75.0,367.2,36.44,0,0,1,1,0,44.0,medium
102.3,7.6,0.0272,5.68,129.3,227.6,22.05,0,0,0,0,0,39.7,medium
108.9,10.98,0.4337,5.6,164.6,323.9,34.82,0,1,0,1,0,46.9,medium
244.5,3.79,0.1635,2.15,43.9,388.5,8.4,0,0,0,0,0,42.1,medium
158.9,1.45,0.1899,1.79,137.4,211.5,11.12,1,0,0,1,0,35.5,medium
157.2,19.65,0.2307,6.19,25.8,212.0,45.22,1,1,1,0,1,46.0,medium
292.0,6.69,0.4262,4.13,38.3,310.9,16.8,0,1,1,1,1,52.0,high
167.2,6.3,0.0169,0.8,150.2,392.0,49.28,0,0,0,0,0,39.0,medium
282.6,19.49,0.0681,6.29,47.9,244.1,2.79,1,1,1,0,1,65.0,high
131.8,14.84,0.3457,2.77,99.8,266.2,25.05,0,1,0,1,0,47.7,medium
156.2,12.12,0.4823,2.72,64.7,219.7,16.59,1,1,0,1,0,58.1,high
155.1,14.29,0.325,4.68,95.8,272.4,49.8,1,1,0,1,0,62.8,high
191.1,14.49,0.138,4.8,33.9,208.9,49.51,1,0,1,0,1,50.4,high
200.2,15.5,0.2647,2.8,155.9,277.8,12.14,1,1,1,0,0,66.4,high
119.6,2.28,0.4877,1.43,34.2,311.1,13.73,0,0,0,1,0,20.7,low
250.5,8.84,0.2688,4.09,170.8,395.0,37.61,1,1,1,0,0,56.6,high
179.2,6.61,0.193,4.56,139.3,363.7,44.54,0,0,0,0,0,41.8,medium
61.7,2.34,0.1979,6.09,95.0,364.4,33.35,0,0,1,0,0,19.6,low
201.9,8.84,0.4838,3.65,176.0,245.6,43.3,0,1,1,1,1,61.0,high
251.5,12.71,0.3623,4.7,53.5,217.4,3.63,1,1,1,1,1,57.7,high
120.1,4.39,0.3467,0.85,67.6,320.6,32.21,0,1,0,1,0,26.9,low
69.1,6.8,0.1237,6.31,44.7,304.2,35.16,0,0,1,0,0,23.5,low
253.7,13.14,0.2841,2.63,88.7,303.3,9.92,1,1,1,0,1,54.8,high
294.3,12.01,0.1848,4.61,197.6,221.8,39.01,1,0,0,1,1,78.5,critical
78.4,17.51,0.1277,6.45,49.0,298.8,47.24,0,1,0,0,0,42.6,medium
285.1,16.03,0.4488,5.77,169.6,230.1,44.95,1,1,1,1,1,82.5,critical
146.2,19.35,0.1977,4.65,137.3,284.4,12.63,0,1,0,0,0,65.7,high
285.9,12.35,0.1486,5.07,22.8,212.4,16.54,1,1,0,0,1,52.2,high
215.7,14.27,0.4665,6.49,190.1,371.4,25.23,1,1,1,1,0,70.2,high
273.7,17.35,0.1067,5.78,194.8,202.6,8.34,1,1,0,0,1,83.4,critical
248.6,16.96,0.3753,4.46,186.5,387.9,47.72,1,1,1,1,0,68.2,high
66.7,14.66,0.3298,4.78,110.3,372.6,8.5,0,1,0,1,0,33.5,medium
75.7,10.5,0.461,1.46,59.7,350.5,38.19,0,1,0,1,0,34.3,medium
186.2,6.19,0.4177,3.56,90.4,396.5,17.4,1,0,0,1,0,48.7,medium
91.1,17.67,0.3556,2.46,130.6,210.8,28.9,0,1,0,1,0,53.7,high
170.6,15.76,0.1641,3.31,88.2,328.3,2.84,0,0,0,0,0,49.2,medium
289.1,16.92,0.2528,4.8,147.5,369.9,10.65,0,1,1,0,0,67.1,high
130.7,3.67,0.4728,1.47,163.2,225.3,22.5,0,0,0,1,0,49.0,medium
177.3,6.98,0.0214,0.61,57.7,317.0,34.02,0,0,0,1,0,30.5,medium
152.2,9.07,0.3992,3.08,92.9,278.8,38.99,0,0,1,1,0,41.0,medium
211.2,16.93,0.1334,2.59,192.4,287.2,1.99,1,1,0,0,0,66.2,high
106.5,17.96,0.1007,3.23,65.0,382.5,8.05,1,1,0,0,0,40.9,medium
122.4,6.41,0.1238,6.55,82.4,307.7,36.62,1,0,0,0,1,40.0,medium
266.1,14.04,0.0393,5.1,26.4,218.7,40.75,1,1,0,0,1,54.7,high
254.7,2.48,0.4961,2.63,79.8,387.4,12.21,0,0,0,1,0,41.1,medium
249.4,8.78,0.4362,1.67,86.8,237.0,11.87,1,1,1,1,1,55.8,high
245.0,10.25,0.2653,4.52,38.0,378.5,4.86,0,0,1,1,0,50.8,high
170.3,15.55,0.3604,4.77,20.3,394.2,7.94,0,1,1,1,1,43.8,medium
234.9,17.95,0.2827,3.64,123.6,375.6,0.9,1,1,0,0,0,59.4,high
152.9,7.41,0.4077,1.88,74.3,335.4,29.7,0,0,1,1,0,43.0,medium
84.2,11.03,0.4239,0.69,23.2,348.7,45.24,0,1,0,0,0,31.0,medium
154.4,13.3,0.1241,2.23,174.8,340.0,7.9,1,1,1,0,0,56.7,high
98.1,7.25,0.2353,3.47,125.2,292.1,37.7,0,0,0,0,0,42.0,medium
153.8,19.73,0.3211,5.62,50.8,254.9,28.9,0,1,1,1,1,51.2,high
131.4,17.64,0.4894,6.05,175.7,257.0,47.03,0,1,0,1,0,76.8,critical
203.8,6.63,0.3445,3.18,65.6,346.2,40.01,0,1,1,1,0,43.5,medium
146.8,10.65,0.4498,5.67,60.9,325.2,42.71,0,1,0,1,0,32.6,medium
229.3,5.39,0.4246,6.96,181.0,317.0,32.14,1,1,1,1,0,61.3,high
182.9,10.78,0.2952,5.16,52.3,330.5,40.66,0,1,1,0,0,32.5,medium
280.7,13.98,0.4479,5.24,178.2,355.0,17.87,1,1,1,0,0,79.2,critical
81.8,2.62,0.1949,6.41,164.5,349.7,10.85,0,1,0,0,1,34.0,medium
225.1,17.53,0.1958,2.7,75.8,221.1,45.67,1,1,0,0,1,61.9,high
221.4,12.28,0.3927,0.57,26.2,272.6,36.85,1,1,1,1,1,52.3,high
288.2,19.8,0.0759,6.92,34.9,252.8,4.99,1,1,0,0,1,66.6,high
149.2,1.49,0.1599,3.69,39.7,307.6,43.41,1,0,0,0,0,24.6,low
133.3,16.8,0.3082,5.61,180.3,212.3,17.77,0,0,0,1,0,65.1,high
101.4,16.05,0.2158,5.78,92.7,352.5,15.26,0,1,0,0,0,45.7,medium
123.7,3.52,0.471,3.08,25.9,221.3,31.35,0,0,0,1,0,20.6,low
180.5,7.37,0.4797,4.02,120.2,254.3,28.65,1,1,1,1,0,56.9,high
261.1,17.81,0.2563,4.01,57.4,356.5,27.14,1,1,0,0,0,64.3,high
128.2,10.85,0.2741,1.93,62.3,210.3,13.12,0,1,0,1,0,47.1,medium
97.9,8.62,0.3651,1.26,49.0,332.0,48.01,0,0,0,1,0,36.8,medium
125.3,18.2,0.2341,4.03,157.2,384.9,47.53,0,1,0,0,0,63.8,high
84.2,2.77,0.1031,1.28,20.1,323.5,0.71,0,0,0,1,0,18.2,low
282.4,9.99,0.376,2.75,99.0,342.5,17.22,1,1,1,1,1,59.8,high
269.4,13.4,0.3715,1.71,35.6,358.5,2.75,1,1,1,1,0,52.6,high
134.0,12.56,0.13,5.09,119.4,244.4,42.59,0,0,0,0,0,39.5,medium
119.3,6.02,0.4181,6.17,82.3,316.2,44.38,0,0,0,1,0,41.1,medium
277.3,11.7,0.3107,4.26,25.1,261.8,26.16,1,1,0,1,1,53.1,high
60.4,14.46,0.1258,3.17,103.0,249.9,42.06,0,1,0,0,0,32.5,medium
204.1,12.11,0.3295,6.98,122.7,238.5,35.32,1,0,1,1,1,59.7,high
279.8,14.0,0.1245,0.64,64.6,317.1,25.23,1,1,0,1,1,56.6,high
182.1,5.87,0.14,2.48,157.8,358.9,18.51,1,0,1,1,0,44.1,medium
60.7,16.82,0.4255,2.31,86.8,375.2,13.68,0,1,0,0,0,45.5,medium
112.5,9.54,0.4655,2.82,154.9,285.7,13.34,0,0,0,1,0,44.0,medium
281.4,19.76,0.1359,2.0,124.2,274.6,28.32,1,1,0,1,1,77.2,critical
64.1,1.44,0.4647,2.22,176.5,337.5,8.76,0,0,0,1,0,39.2,medium
154.7,8.23,0.127,2.17,118.4,356.1,9.15,1,1,1,0,0,47.6,medium
249.5,4.43,0.0675,3.79,53.4,250.7,1.01,1,0,0,1,0,39.6,medium
261.1,11.56,0.0385,3.04,168.1,259.5,30.86,1,1,0,0,1,65.1,high
174.6,5.62,0.1286,4.66,160.9,306.7,49.72,0,0,1,0,0,36.9,medium
115.8,15.01,0.1988,3.84,195.0,288.9,44.52,0,1,0,0,0,53.4,high
203.9,17.76,0.4645,1.69,36.8,341.2,35.43,0,1,1,1,0,50.5,high
123.3,5.01,0.1287,5.77,126.4,300.9,39.38,0,0,0,0,0,38.4,medium
121.3,4.05,0.1891,3.57,108.5,222.3,21.13,0,1,0,0,1,32.5,medium
253.8,17.63,0.3697,1.5,140.8,233.2,15.25,1,1,1,1,0,72.5,high
97.0,7.86,0.158,1.58,196.4,380.4,18.75,0,0,0,1,0,42.6,medium
61.3,9.26,0.3453,5.68,115.8,245.5,4.53,0,0,0,1,0,39.5,medium
140.8,5.2,0.2217,5.07,143.4,210.0,31.87,0,0,0,0,0,39.5,medium
177.8,9.08,0.1063,3.79,82.5,346.3,9.16,0,1,0,0,1,49.3,medium
229.2,5.39,0.3697,2.49,73.8,336.8,38.26,0,0,1,1,0,47.0,medium
247.5,13.65,0.0232,3.49,80.4,320.0,9.9,1,1,0,0,0,61.2,high
219.2,10.48,0.1532,4.64,26.9,300.5,11.79,0,1,0,1,0,38.9,medium
210.4,15.97,0.1845,6.22,71.3,393.9,47.89,0,1,0,0,0,49.7,medium
219.8,6.94,0.2345,4.11,51.1,224.0,5.72,1,1,1,0,1,47.1,medium
125.2,10.61,0.3431,2.3,102.3,302.0,25.19,1,1,0,1,0,53.8,high
151.8,5.93,0.2351,0.78,102.9,312.8,3.6,0,0,1,1,1,48.7,medium
207.9,18.76,0.3012,1.64,157.7,204.5,4.97,1,1,1,1,1,70.8,high
