Temperature (C),Temperature (K),1/T (1/K),Rate Constant k (1/s),ln(k),Conversion (%),Pressure (bar),Agitation RPM,Residence Time (min),Heat Duty (kJ/mol),Cooling Load (kW),Scale-Up Success
93.822,366.972,0.002725,0.007531154273129814,-4.88870696,35.193,10.21,203,225.819,65.834,92.341,0
206.748,479.898,0.00208378,1.427430696846879,0.35587611,47.302,7.839,1174,55.256,56.812,16.289,1
185.708,458.858,0.00217932,0.6533756744135325,-0.42560301,48.368,12.631,362,251.51,79.065,109.388,0
202.136,475.286,0.002104,1.209849098598323,0.19049564,43.21,5.558,972,156.405,62.981,189.931,0
62.421,335.571,0.00298,0.0009356415101268456,-6.97427816,41.159,6.252,231,186.201,77.986,37.108,0
218.437,491.587,0.00203423,2.140693303703836,0.76112975,49.891,7.117,695,49.212,75.881,238.593,1
114.096,387.246,0.00258234,0.02418923135362307,-3.72184773,35.293,1.081,890,182.056,78.438,11.657,0
98.605,371.755,0.00268994,0.01003222435339286,-4.60195293,42.67,5.398,1055,214.059,75.431,61.072,0
152.731,425.881,0.00234807,0.1643416825361337,-1.80580759,39.057,12.93,472,261.752,66.181,150.08,0
62.274,335.424,0.0029813,0.0009257005179933771,-6.98495979,36.493,8.338,545,110.042,76.836,88.377,0
151.639,424.789,0.00235411,0.1564252164588482,-1.85517723,45.767,9.774,749,97.247,81.519,194.921,0
103.878,377.028,0.00265232,0.01364675082101012,-4.29425382,35.347,14.488,188,54.316,70.707,82.607,0
209.834,482.984,0.00207046,1.591651910563774,0.46477241,46.187,9.091,231,81.73,70.097,123.903,0
216.007,489.157,0.00204433,1.970874106600467,0.67847715,47.701,10.765,223,289.189,69.653,135.984,0
64.173,337.323,0.00296452,0.001061908817831414,-6.84768722,40.028,9.681,365,72.086,67.775,138.726,0
180.727,453.877,0.00220324,0.5372903900838506,-0.62121657,42.984,11.19,537,85.533,78.803,154.633,0
68.043,341.193,0.00293089,0.0013980630626268,-6.57266753,43.122,14.225,878,281.68,62.998,193.183,0
128.211,401.361,0.00249152,0.0508399879696312,-2.97907207,44.854,5.522,1189,74.737,58.661,136.939,0
129.559,402.709,0.00248318,0.05442890989551118,-2.91085983,44.909,13.233,151,240.276,65.255,173.388,0
131.939,405.089,0.00246859,0.06132705899109446,-2.79153411,37.532,8.973,670,275.547,75.456,108.521,0
78.811,351.961,0.00284122,0.002910966083226788,-5.83927027,44.962,1.0,1174,33.509,72.279,69.161,1
82.338,355.488,0.00281303,0.00366579596416195,-5.60870979,43.81,10.606,681,65.297,70.639,243.191,0
166.889,440.039,0.00227253,0.3048598620539258,-1.18790308,40.905,9.709,666,152.013,80.964,108.812,0
193.439,466.589,0.00214321,0.8778642100479,-0.13026336,43.65,7.247,954,96.249,66.015,246.983,0
183.784,456.934,0.0021885,0.6061324684647229,-0.50065672,46.097,10.096,536,258.677,81.236,208.806,0
114.517,387.667,0.00257953,0.02475046990248339,-3.6989108,36.29,1.125,581,277.626,66.251,182.069,0
152.89,426.04,0.0023472,0.1655238048089034,-1.79864026,39.402,10.676,253,17.914,65.337,49.626,0
191.967,465.117,0.00215,0.8304895144488695,-0.18573998,50.25,14.92,899,67.208,67.684,12.772,0
66.63,339.78,0.00294308,0.00126541444787845,-6.67235558,35.936,11.639,215,42.628,73.899,141.075,0
152.394,425.544,0.00234993,0.1618611472234019,-1.82101643,42.459,10.552,341,100.441,81.18,100.385,0
125.962,399.112,0.00250556,0.04532471230583166,-3.09390287,39.084,9.525,457,21.923,74.466,229.027,0
183.362,456.512,0.00219052,0.5961856280435224,-0.5172032,42.833,5.108,801,68.369,77.33,10.601,0
52.744,325.894,0.00306848,0.0004537283250777386,-7.69801194,40.717,3.61,627,42.132,69.745,141.215,0
75.565,348.715,0.00286767,0.002344734568106484,-6.05558307,40.769,9.214,726,202.585,58.066,234.385,0
60.08,333.23,0.00300093,0.0007884000046284392,-7.14550498,38.482,11.331,1122,266.612,71.515,139.678,0
122.628,395.778,0.00252667,0.0381384019937128,-3.26653358,38.433,7.732,368,254.396,77.035,11.024,0
135.877,409.027,0.00244483,0.07448594014391798,-2.59714489,44.697,2.255,854,24.037,58.446,174.191,0
183.734,456.884,0.00218874,0.6049462853882877,-0.50261561,49.523,10.664,1193,163.224,70.156,177.29,1
123.336,396.486,0.00252216,0.03957208453205013,-3.22963135,39.832,5.148,717,235.076,79.989,215.006,0
193.849,466.999,0.00214133,0.8914788380514771,-0.11487358,42.239,10.275,169,135.856,64.842,32.166,0
131.142,404.292,0.00247346,0.05893402210234872,-2.83133673,43.373,1.422,1127,129.39,61.219,80.474,0
160.152,433.302,0.00230786,0.2283459252508778,-1.47689358,45.585,8.788,486,175.972,63.729,41.738,0
173.054,446.204,0.00224113,0.3941215998501008,-0.93109579,43.459,7.465,1043,127.243,72.041,211.577,0
114.441,387.591,0.00258004,0.02464829001994707,-3.70304775,41.698,2.403,974,219.223,68.08,234.085,0
60.824,333.974,0.00299425,0.0008327087077071553,-7.09082667,36.111,6.803,432,223.061,63.646,242.976,0
46.886,320.036,0.00312465,0.0002866086170897179,-8.15739298,35.052,9.725,1030,138.628,55.056,224.774,0
112.728,385.878,0.00259149,0.0224441638579019,-3.79672466,41.211,3.889,979,42.438,70.418,177.235,0
107.146,380.296,0.00262953,0.0164433063515337,-4.10783679,36.769,13.091,888,237.545,57.644,196.153,0
183.786,456.936,0.00218849,0.6061799587303921,-0.50057838,48.922,2.038,283,293.482,66.035,57.604,1
106.878,380.028,0.00263139,0.01619579438716017,-4.12300368,39.903,2.435,544,152.332,67.618,132.138,0
167.486,440.636,0.00226945,0.3126345354501887,-1.16272039,43.387,8.433,606,74.6,57.297,136.648,0
108.163,381.313,0.00262252,0.01741408661511076,-4.05047582,38.671,14.188,324,260.411,65.063,226.987,0
164.7,437.85,0.00228389,0.2778074234075498,-1.28082713,38.243,1.192,605,20.846,81.259,107.13,0
106.659,379.809,0.0026329,0.01599605097550804,-4.1354134,40.764,5.694,123,297.976,63.974,209.146,0
191.498,464.648,0.00215217,0.8158788133792259,-0.20348945,42.512,1.52,479,121.618,76.862,247.292,0
42.981,316.131,0.00316325,0.0002090205419617231,-8.47307802,42.449,7.156,420,110.109,63.973,54.238,0
73.772,346.922,0.00288249,0.002077056040710702,-6.17680375,37.497,8.123,990,120.845,63.166,108.29,0
184.376,457.526,0.00218567,0.6203347421982908,-0.47749604,43.812,6.426,627,165.206,68.584,67.138,0
194.12,467.27,0.00214009,0.9005801269353207,-0.10471614,45.002,9.344,981,219.536,71.933,193.533,0
41.973,315.123,0.00317336,0.0001924187727935941,-8.55583645,39.121,4.478,912,297.399,65.004,141.531,0
43.613,316.763,0.00315693,0.0002200934239797819,-8.42145845,38.232,4.274,525,113.718,71.046,234.64,0
197.713,470.863,0.00212376,1.029269330472147,0.02884916,52.017,2.755,447,209.04,62.312,127.74,1
81.111,354.261,0.00282278,0.003385010745494964,-5.6883982,43.074,10.883,398,42.412,58.96,126.654,0
149.705,422.855,0.00236488,0.1432391516904708,-1.94323966,37.201,10.296,375,42.337,69.902,55.719,0
188.369,461.519,0.00216676,0.7240963919020996,-0.32283076,48.565,11.907,172,246.157,66.452,204.517,0
61.305,334.455,0.00298994,0.0008625595899910211,-7.05560632,36.546,10.126,676,35.116,71.548,12.546,0
164.838,437.988,0.00228317,0.2794473066472443,-1.27494153,44.478,14.654,784,295.126,64.839,169.302,0
190.995,464.145,0.0021545,0.8004625524825139,-0.22256553,43.024,10.154,107,231.859,65.956,111.227,0
53.833,326.983,0.00305826,0.0004932829856727207,-7.61442754,44.038,13.585,290,167.761,59.805,164.466,0
88.78,361.93,0.00276297,0.005521009628239086,-5.19919453,44.233,8.31,347,293.667,62.589,101.094,0
124.522,397.672,0.00251464,0.04208308890497531,-3.16810931,37.326,14.388,633,58.237,63.25,219.062,0
93.341,366.491,0.00272858,0.007314047747652624,-4.91795843,35.624,9.369,995,268.505,67.839,203.738,0
78.626,351.776,0.00284272,0.002875607411330592,-5.85149135,44.555,3.636,871,227.676,63.115,34.467,0
100.789,373.939,0.00267423,0.01140782622384443,-4.47345565,38.61,7.166,726,207.952,56.14,209.469,0
127.253,400.403,0.00249748,0.04842066950960756,-3.0278285,41.958,4.904,421,19.97,58.734,44.715,0
104.884,378.034,0.00264526,0.0144577447799035,-4.23652504,44.951,9.154,552,188.911,63.898,50.136,0
192.411,465.561,0.00214795,0.8445345855765751,-0.16896959,45.596,2.591,1132,210.392,67.365,243.86,1
148.148,421.298,0.00237362,0.1333572992101903,-2.01472329,41.267,1.619,883,13.659,57.267,189.355,0
94.091,367.241,0.00272301,0.007655113395129656,-4.87238144,42.13,6.529,433,286.739,56.279,39.068,0
139.401,412.551,0.00242394,0.0883598066645615,-2.42633809,40.847,10.019,232,285.857,61.017,99.157,0
212.002,485.152,0.00206121,1.716773355464714,0.54044657,52.374,9.736,682,180.276,75.454,171.118,1
185.968,459.118,0.00217809,0.6600043434261755,-0.41550886,45.267,4.211,317,268.792,63.527,162.967,0
144.839,417.989,0.00239241,0.1143590972030084,-2.16841181,37.776,8.066,798,38.165,68.177,248.491,0
182.981,456.131,0.00219235,0.5873300281251758,-0.53216839,40.475,2.458,216,12.695,64.18,86.942,0
152.683,425.833,0.00234834,0.1639863047400338,-1.80797236,45.989,8.912,1091,264.733,61.237,8.167,0
179.873,453.023,0.00220739,0.5193450475952649,-0.65518679,47.609,2.68,394,237.033,76.89,177.483,1
181.007,454.157,0.00220188,0.5432929505112489,-0.6101066,41.816,8.003,665,62.317,71.739,66.973,0
68.109,341.259,0.00293033,0.001404559757681951,-6.56803137,37.533,2.534,643,160.829,67.437,17.255,0
145.096,418.246,0.00239094,0.1157424074619271,-2.15638818,43.102,5.62,753,22.245,70.886,54.263,0
45.822,318.972,0.00313507,0.0002631880023198011,-8.24264194,43.306,4.766,133,139.69,73.283,87.922,0
148.772,421.922,0.00237011,0.1372417384457975,-1.98601139,41.51,14.035,168,178.371,69.999,18.728,0
140.35,413.5,0.00241838,0.09247304976331555,-2.38083803,37.603,10.868,394,208.689,61.151,179.814,0
212.422,485.572,0.00205943,1.741990735976554,0.55502856,48.367,10.398,484,33.682,59.164,202.803,0
95.486,368.636,0.0027127,0.00832825356030797,-4.7881015,38.678,13.175,759,177.457,76.878,132.269,0
102.982,376.132,0.00265864,0.01295944631451972,-4.34593031,40.65,8.886,637,25.525,70.162,121.481,0
100.788,373.938,0.00267424,0.01140715897362561,-4.47351414,37.02,3.146,981,128.138,65.398,206.656,0
76.595,349.745,0.00285923,0.00251241917653463,-5.98650917,38.486,6.115,370,199.629,62.251,62.653,0
141.448,414.598,0.00241197,0.0974462779789575,-2.32845405,43.28,13.544,1116,228.574,66.048,195.996,0
62.973,336.123,0.0029751,0.0009738522624429917,-6.93425095,38.169,3.474,320,110.546,75.334,153.189,0
126.505,399.655,0.00250216,0.04660442900684399,-3.0660597,43.154,7.335,185,267.547,64.483,55.109,0
161.322,434.472,0.00230164,0.240253140156449,-1.42606216,37.174,6.787,1073,105.614,61.51,226.229,0
73.922,347.072,0.00288125,0.002098327700306949,-6.16661458,38.053,9.804,222,37.133,73.425,91.862,0
114.398,387.548,0.00258033,0.02459064701151815,-3.70538911,41.46,5.303,193,73.158,59.24,49.343,0
183.986,457.136,0.00218753,0.6109457091516705,-0.49274718,43.527,12.398,826,62.237,57.448,215.435,0
128.16,401.31,0.00249184,0.05070849663748423,-2.9816618,43.66,13.326,760,286.742,58.647,144.295,0
87.814,360.964,0.00277036,0.00519701344131744,-5.25967116,43.44,13.989,503,87.96,72.488,86.214,0
189.557,462.707,0.00216119,0.757804463913995,-0.27732989,43.575,10.586,1065,78.363,76.587,185.057,0
214.278,487.428,0.00205159,1.85737865394327,0.61916617,45.979,11.47,117,229.3,65.658,154.22,0
212.211,485.361,0.00206032,1.729281496194885,0.547706,49.144,5.484,575,288.165,68.699,104.927,1
135.551,408.701,0.00244678,0.07330731896965116,-2.61309483,41.002,5.903,464,244.824,66.797,233.182,0
63.306,336.456,0.00297216,0.0009975905737096866,-6.91016761,41.114,11.253,190,117.472,70.869,60.251,0
188.809,461.959,0.00216469,0.7364224842982968,-0.3059513,41.858,9.614,806,263.308,57.129,218.084,0
73.623,346.773,0.00288373,0.002056121741814347,-6.18693372,42.444,7.31,1051,266.412,59.439,147.154,0
77.134,350.284,0.00285483,0.002604473738433761,-5.95052464,42.431,7.317,266,82.544,65.092,38.998,0
48.775,321.925,0.00310631,0.0003329786024230845,-8.00743233,42.464,9.632,824,276.662,59.24,148.287,0
46.742,319.892,0.00312606,0.0002833302869294558,-8.16889725,39.428,12.062,526,160.749,75.134,132.168,0
167.174,440.324,0.00227105,0.3085495994925464,-1.17587267,46.229,12.45,792,165.103,78.493,5.557,0
208.418,481.568,0.00207655,1.514338961076306,0.41497901,49.762,4.493,738,222.946,58.898,115.881,1
153.029,426.179,0.00234643,0.1665634666063788,-1.79237886,43.282,8.483,745,80.055,68.068,160.753,0
47.478,320.628,0.00311888,0.0003004569129213173,-8.1102062,44.042,3.146,160,271.19,75.801,81.519,0
87.781,360.931,0.00277061,0.005186257985687089,-5.26174285,44.386,9.477,951,243.367,80.907,193.297,0
129.346,402.496,0.0024845,0.05384704329262456,-2.92160778,39.145,7.006,765,29.99,60.75,237.407,0
66.367,339.517,0.00294536,0.001242037631400274,-6.691002,40.52,5.543,249,246.759,61.663,31.924,0
127.581,400.731,0.00249544,0.04923704302765518,-3.01110903,38.385,12.829,338,43.293,61.66,155.447,0
154.119,427.269,0.00234045,0.1749211589987019,-1.74341993,41.496,12.258,715,190.406,65.561,103.807,0
124.443,397.593,0.00251513,0.04191146303236198,-3.17219591,38.018,9.864,170,181.179,65.604,190.217,0
56.5,329.65,0.00303352,0.0006039261138043098,-7.4120587,44.373,11.424,696,199.999,79.515,59.249,0
52.758,325.908,0.00306835,0.0004542177494132501,-7.69693385,43.734,12.079,962,278.709,81.433,246.223,0
191.299,464.449,0.00215309,0.8097485545360292,-0.21103151,47.595,12.289,1182,156.682,62.781,105.678,0
215.801,488.951,0.00204519,1.957038997722653,0.67143262,48.321,4.681,518,40.188,67.152,217.107,1
180.758,453.908,0.00220309,0.5379520440474872,-0.61998586,44.586,9.242,842,173.149,58.304,143.539,0
58.263,331.413,0.00301738,0.0006891356149868251,-7.28007248,35.323,11.945,152,138.611,57.045,64.519,0
109.909,383.059,0.00261056,0.01920263013430168,-3.95270802,35.324,14.75,934,187.736,64.486,208.111,0
206.083,479.233,0.00208667,1.394068504903621,0.33222645,52.58,13.447,697,59.026,55.6,156.229,1
201.885,475.035,0.00210511,1.198898187996093,0.18140296,46.592,5.942,1026,281.572,63.19,50.849,1
200.355,473.505,0.00211191,1.134020152638513,0.12576898,47.105,8.388,705,228.713,68.255,196.899,0
100.065,373.215,0.00267942,0.0109339123461592,-4.5158861,41.41,9.805,965,248.157,72.548,223.064,0
139.778,412.928,0.00242173,0.08997371700494612,-2.40823768,40.655,5.154,977,33.144,55.123,218.191,0
185.09,458.24,0.00218226,0.6378564689380869,-0.44964199,49.406,3.368,216,161.821,76.49,120.329,1
53.145,326.295,0.00306471,0.0004679407131601694,-7.66716895,42.994,5.544,986,163.715,54.723,177.914,0
116.202,389.352,0.00256837,0.02711670894610078,-3.60760517,44.127,10.958,317,141.428,62.357,176.603,0
115.313,388.463,0.00257425,0.02584394376130883,-3.65567899,39.236,11.283,302,229.283,58.852,206.327,0
94.085,367.235,0.00272305,0.00765232838017452,-4.87274531,38.512,3.262,168,220.813,78.799,157.266,0
89.157,362.307,0.00276009,0.005652372789578673,-5.17567986,35.552,5.071,493,202.739,69.983,34.741,0
92.831,365.981,0.00273238,0.007090088276653183,-4.94905749,44.699,1.48,858,153.833,71.756,44.722,1
180.095,453.245,0.00220631,0.5239579708738569,-0.64634381,45.561,12.858,763,233.56,57.348,87.068,0
40.402,313.552,0.00318926,0.0001689548599278888,-8.68587898,42.658,14.769,865,88.86,68.417,94.827,0
100.214,373.364,0.00267835,0.01102995622749866,-4.50714041,43.587,10.705,693,296.511,56.963,187.405,0
134.195,407.345,0.00245492,0.06858285812219085,-2.67971266,41.31,12.196,848,246.048,60.403,248.091,0
198.811,471.961,0.00211882,1.07171508851117,0.06926025,49.11,11.928,883,107.443,72.953,42.423,0
95.203,368.353,0.00271479,0.008187492973228835,-4.80514754,41.989,10.935,581,55.021,59.545,160.077,0
45.905,319.055,0.00313426,0.0002649494682336628,-8.23597144,39.565,2.717,743,183.655,63.736,243.153,0
53.369,326.519,0.00306261,0.0004760570168136673,-7.64997293,43.608,4.247,111,245.638,79.952,247.179,0
134.874,408.024,0.00245084,0.07091315888029204,-2.64629926,36.148,5.697,579,167.905,80.563,205.96,0
134.588,407.738,0.00245256,0.06992306754937952,-2.66035968,38.293,10.496,762,285.373,61.096,192.495,0
166.791,439.941,0.00227303,0.3036002382761826,-1.19204345,40.855,9.917,234,193.767,56.42,117.134,0
155.129,428.279,0.00233493,0.1829986045803194,-1.69827675,42.889,7.776,1145,279.792,77.083,147.305,0
88.226,361.376,0.0027672,0.005333016403366514,-5.23383827,38.4,6.461,221,92.55,69.888,98.506,0
122.933,396.083,0.00252472,0.03875016539004871,-3.25062026,42.694,1.963,981,277.149,66.548,35.759,0
120.005,393.155,0.00254353,0.03322650516245784,-3.40440737,35.331,5.465,519,103.37,70.289,56.636,0
49.789,322.939,0.00309656,0.0003606299206781255,-7.92765828,44.92,10.465,622,39.763,61.232,94.584,0
55.499,328.649,0.00304276,0.0005599694248633519,-7.48762837,37.171,14.281,634,125.198,58.71,65.915,0
132.479,405.629,0.00246531,0.06299782302976795,-2.76465511,41.451,3.85,1137,280.824,69.456,47.164,0
212.586,485.736,0.00205873,1.751925788590647,0.56071563,51.014,14.467,388,37.323,66.428,209.827,0
98.967,372.117,0.00268733,0.01024925657874041,-4.5805501,42.794,11.417,673,160.254,61.826,132.633,0
52.389,325.539,0.00307183,0.0004414789382281429,-7.72538024,41.203,9.212,380,162.517,60.702,67.042,0
154.568,427.718,0.00233799,0.1784717408762793,-1.723325,39.768,5.977,1055,253.251,68.325,94.49,0
63.857,337.007,0.0029673,0.00103803835896704,-6.87042254,44.43,10.892,554,60.786,69.172,28.488,0
75.158,348.308,0.00287102,0.002281345381593754,-6.08298993,44.708,13.062,1150,207.763,68.174,190.582,0
128.401,401.551,0.00249034,0.05133256880684623,-2.96942986,44.362,13.768,445,190.389,70.889,57.506,0
96.4,369.55,0.00270599,0.008798037871388891,-4.73322655,35.962,11.13,907,69.85,70.621,139.168,0
212.672,485.822,0.00205837,1.757155563457679,0.56369634,52.337,6.863,943,86.614,54.673,44.582,1
109.738,382.888,0.00261173,0.01902038780209477,-3.96224383,39.937,4.051,456,193.814,56.072,22.881,0
154.745,427.895,0.00233702,0.179889053483551,-1.71541499,36.824,6.256,424,197.162,57.308,93.783,0
130.923,404.073,0.0024748,0.05829137082042301,-2.84230121,45.333,7.07,1006,160.385,66.04,224.248,0
43.312,316.462,0.00315994,0.0002147539994773819,-8.44601737,44.258,5.093,967,220.711,74.626,140.818,0
157.635,430.785,0.00232134,0.2045010356579916,-1.58718224,38.429,5.052,753,23.528,72.687,16.608,0
164.121,437.271,0.00228691,0.2710203063989968,-1.30556153,44.267,6.793,313,255.655,67.185,240.834,0
71.842,344.992,0.00289862,0.001820407674626775,-6.30869481,39.098,8.758,842,229.1,65.709,80.487,0
56.091,329.241,0.00303729,0.0005855960751151146,-7.4428803,43.385,10.851,417,296.287,58.264,224.462,0
165.829,438.979,0.00227801,0.291479724019986,-1.23278483,42.121,14.116,295,193.684,61.991,9.968,0
62.425,335.575,0.00297996,0.0009359133777138275,-6.97398763,44.294,12.799,351,230.927,59.631,138.598,0
118.585,391.735,0.00255275,0.03081302647511953,-3.47981774,35.929,6.469,741,214.55,57.861,208.403,0
117.295,390.445,0.00256118,0.02875913471530065,-3.54879983,44.296,7.292,483,70.796,57.652,235.335,0
116.954,390.104,0.00256342,0.02823731715115264,-3.56711087,42.485,7.176,642,291.487,56.574,176.691,0
84.481,357.631,0.00279618,0.004207685329459938,-5.47084259,36.544,9.34,1089,126.437,69.21,57.545,0
189.968,463.118,0.00215928,0.7697859588599357,-0.26164278,46.68,3.778,131,32.077,62.368,126.603,0
69.618,342.768,0.00291743,0.001560859098447228,-6.46251891,39.654,10.856,103,90.096,69.467,195.88,0
165.419,438.569,0.00228014,0.286446658099436,-1.25020294,38.476,14.475,308,100.747,55.197,213.976,0
169.774,442.924,0.00225772,0.3440953493224913,-1.06683648,40.614,2.48,637,283.781,64.877,205.898,0
42.919,316.069,0.00316387,0.0002079624364083402,-8.47815309,43.59,13.108,133,166.042,69.333,243.052,0
84.179,357.329,0.00279854,0.004127137237531489,-5.49017128,39.463,9.951,605,56.809,59.14,202.955,0
212.772,485.922,0.00205794,1.763253991642276,0.56716096,54.393,12.479,745,110.155,67.735,43.922,1
88.552,361.702,0.00276471,0.00544292110847506,-5.21343939,38.666,12.496,111,220.105,70.065,96.809,0
214.233,487.383,0.00205177,1.854503278050643,0.61761689,49.844,11.855,334,27.333,80.778,197.556,0
156.545,429.695,0.00232723,0.1948852725148664,-1.63534424,38.507,14.478,1122,91.799,70.146,213.298,0
84.705,357.855,0.00279443,0.004268353400181432,-5.45652715,40.435,10.354,1103,193.929,64.911,125.887,0
182.822,455.972,0.00219312,0.5836690814145445,-0.5384211,46.932,13.541,1155,266.688,81.147,217.569,0
91.17,364.32,0.00274484,0.00640327045339586,-5.05094641,39.309,12.513,781,24.604,66.967,68.727,0
181.357,454.507,0.00220019,0.5508799375374587,-0.59623839,40.016,7.517,245,233.043,58.417,93.969,0
137.389,410.539,0.00243582,0.08017851271180661,-2.52349972,38.493,10.15,527,32.91,77.724,125.352,0
184.337,457.487,0.00218585,0.6193901068570797,-0.47901998,47.119,13.733,196,137.502,71.724,181.789,0
112.205,385.355,0.00259501,0.02180771814329154,-3.82549133,39.963,9.422,136,256.238,79.433,163.472,0
68.034,341.184,0.00293097,0.001397179286857296,-6.57329987,42.557,8.055,1197,153.397,67.707,169.43,0
79.206,352.356,0.00283804,0.002987795235677311,-5.81321954,41.497,14.122,211,165.223,61.933,173.789,0
105.522,378.672,0.00264081,0.01499448685616292,-4.20007269,39.174,10.896,404,232.203,58.191,68.987,0
98.606,371.756,0.00268994,0.01003281809047594,-4.60189375,37.607,4.018,378,175.788,61.307,10.153,0
72.816,345.966,0.00289046,0.001946056390256204,-6.24195032,41.986,4.98,683,288.903,76.237,42.413,0
131.969,405.119,0.00246841,0.06141882121554892,-2.79003896,42.295,8.264,1138,288.645,76.893,242.644,0
52.594,325.744,0.0030699,0.0004485148638900338,-7.70956874,37.223,11.194,1037,138.082,69.626,213.338,0
202.75,475.9,0.00210128,1.237010852782858,0.21269787,45.541,2.788,889,147.11,57.898,246.374,0
184.349,457.499,0.0021858,0.6196806277215576,-0.47855105,47.861,5.691,462,39.475,74.863,51.908,1
182.72,455.87,0.00219361,0.5813312384130965,-0.54243457,42.634,6.541,631,167.98,59.413,83.663,0
86.412,359.562,0.00278116,0.004757553560984749,-5.3480217,42.322,7.175,504,156.858,55.397,85.214,0
41.384,314.534,0.00317931,0.0001832902062984575,-8.60443983,36.473,12.448,452,166.153,77.073,217.354,0
73.398,346.548,0.0028856,0.002024875302391641,-6.20224716,35.962,7.927,678,53.198,56.259,20.263,0
96.495,369.645,0.0027053,0.00884822426806952,-4.72753849,40.523,2.718,340,52.264,70.667,31.24,0
175.532,448.682,0.00222875,0.4361097295376564,-0.82986139,46.128,3.223,410,262.341,59.188,8.72,1
47.103,320.253,0.00312253,0.0002916149709366452,-8.14007622,36.572,5.51,367,234.875,78.998,57.286,0
67.147,340.297,0.00293861,0.001312548168558082,-6.63578486,38.004,1.942,1103,64.455,56.834,9.822,0
159.261,432.411,0.00231261,0.2196350066011901,-1.51578817,46.73,13.66,1022,151.541,63.129,37.073,0
195.088,468.238,0.00213567,0.9337652492305162,-0.06853021,45.135,9.108,563,59.872,65.332,138.974,0
113.801,386.951,0.00258431,0.0238028570240618,-3.73794966,41.717,3.737,1028,126.271,68.279,93.434,0
151.694,424.844,0.00235381,0.1568156139129453,-1.8526846,41.436,12.479,268,266.39,74.399,152.796,0
103.586,376.736,0.00265438,0.01341921264027069,-4.31106782,35.383,5.387,908,17.411,64.65,245.645,0
93.182,366.332,0.00272976,0.007243543711175848,-4.92764473,41.66,7.697,230,80.614,61.55,92.861,0
146.039,419.189,0.00238556,0.1209477471745424,-2.11239667,43.472,8.865,323,35.462,64.954,19.481,0
99.739,372.889,0.00268176,0.01072642114310881,-4.53504532,44.703,2.845,767,76.128,78.656,23.541,0
164.154,437.304,0.00228674,0.2714031197507277,-1.30415004,40.673,12.828,968,91.913,65.297,212.483,0
180.675,453.825,0.00220349,0.536182143423991,-0.62328136,48.486,13.359,536,155.925,66.408,27.421,0
83.005,356.155,0.00280777,0.00382720177114947,-5.56562135,44.335,4.887,1059,17.129,77.324,170.646,0
177.153,450.303,0.00222073,0.4656872243679175,-0.76424106,45.469,12.354,516,158.648,60.447,142.658,0
86.81,359.96,0.00277809,0.004878727861274116,-5.32287078,35.957,13.099,432,148.488,71.411,135.591,0
134.516,407.666,0.00245299,0.06967578293237894,-2.66390247,39.239,8.474,472,273.954,66.676,104.901,0
176.595,449.745,0.00222348,0.4553102209790351,-0.78677629,40.481,6.727,323,79.023,76.032,170.225,0
213.499,486.649,0.00205487,1.808153065318488,0.59230592,48.724,2.119,823,93.675,77.419,163.551,1
74.687,347.837,0.00287491,0.0022099474934907,-6.11478652,44.395,10.377,956,96.459,67.787,43.605,0
166.557,439.707,0.00227424,0.3006113310747828,-1.20193711,41.452,7.148,466,255.345,63.013,164.596,0
150.13,423.28,0.0023625,0.146048168621286,-1.92381879,40.721,8.426,118,41.33,67.285,217.045,0
105.592,378.742,0.00264032,0.01505446444717251,-4.19608069,40.436,5.828,758,116.872,70.568,196.662,0
106.64,379.79,0.00263303,0.01597882742906826,-4.13649072,36.826,5.18,181,91.665,57.242,183.559,0
106.003,379.153,0.00263746,0.01541103146961144,-4.1726717,43.285,8.043,290,199.089,60.185,168.664,0
183.546,456.696,0.00218964,0.6005046677590086,-0.50998486,46.618,13.483,1193,52.575,66.982,39.564,0
90.92,364.07,0.00274672,0.006305314777954782,-5.06636239,39.851,9.51,667,27.66,67.162,246.318,0
106.765,379.915,0.00263217,0.01609244967792787,-4.12940508,43.307,14.645,394,257.321,70.394,243.504,0
81.267,354.417,0.00282154,0.003419585109878689,-5.67823605,44.033,2.286,625,281.093,77.968,240.53,0
122.978,396.128,0.00252444,0.03884117195135052,-3.24827446,40.717,7.864,256,49.133,60.712,11.83,0
106.575,379.725,0.00263348,0.01592003191402678,-4.14017709,37.012,8.248,392,255.939,77.705,224.395,0
152.971,426.121,0.00234675,0.1661289418237983,-1.79499103,45.011,13.622,1052,168.925,63.071,163.889,0
204.913,478.063,0.00209177,1.337039132445344,0.29045757,48.349,6.724,991,68.242,68.927,213.417,1
131.408,404.558,0.00247183,0.05972317704614577,-2.81803511,39.554,4.953,779,289.036,66.3,107.556,0
172.224,445.374,0.0022453,0.3808857371090586,-0.96525585,46.16,1.77,755,107.715,54.506,45.235,1
180.846,453.996,0.00220266,0.5398342360111008,-0.61649316,40.22,13.257,201,146.945,80.069,32.151,0
60.225,333.375,0.00299963,0.0007968616850121608,-7.13482944,43.621,12.165,832,61.02,64.4,113.367,0
49.542,322.692,0.00309893,0.0003537060953726881,-7.94704423,37.837,3.218,499,16.378,70.919,99.866,0
70.395,343.545,0.00291083,0.001647409962073831,-6.40855094,41.279,4.04,1096,84.305,78.159,228.223,0
76.71,349.86,0.00285829,0.002531806295861875,-5.97882228,43.442,6.946,223,75.168,74.999,63.118,0
74.479,347.629,0.00287663,0.002179072925213031,-6.12885576,36.502,3.459,853,111.702,63.283,100.006,0
147.558,420.708,0.00237695,0.1297755190015782,-2.0419491,45.685,14.455,569,147.631,59.98,6.761,0
194.957,468.107,0.00213626,0.9292118570849967,-0.07341852,45.544,13.932,851,295.809,69.095,79.839,0
125.582,398.732,0.00250795,0.04444809983994336,-3.11343307,44.051,1.465,1187,12.51,68.061,36.343,1
180.609,453.759,0.00220381,0.5347784495448014,-0.62590273,41.806,5.337,761,173.583,64.982,245.797,0
76.697,349.847,0.00285839,0.002529607870871148,-5.97969098,39.309,12.323,159,86.112,74.827,181.731,0
113.969,387.119,0.00258319,0.02402220326648884,-3.72877674,42.438,11.654,478,128.359,76.032,92.615,0
131.474,404.624,0.00247143,0.05992045092317514,-2.81473741,36.809,12.213,157,227.724,77.906,174.429,0
212.098,485.248,0.0020608,1.722508785042814,0.54378182,52.382,13.593,490,220.035,58.188,29.237,1
78.107,351.257,0.00284692,0.002778496916093594,-5.88584518,39.073,9.339,1196,278.728,55.022,228.994,0
77.327,350.477,0.00285325,0.002638178514891341,-5.93766656,44.233,1.259,663,287.695,70.282,179.79,0
114.281,387.431,0.0025811,0.02443442161653939,-3.71176242,40.264,1.259,564,95.766,54.557,100.461,0
118.403,391.553,0.00255393,0.03051543804929062,-3.48952256,38.427,1.971,338,155.452,66.381,205.094,0
200.533,473.683,0.00211112,1.14140493240462,0.1322599,49.466,7.996,457,148.269,78.332,171.356,1
67.424,340.574,0.00293622,0.001338458685415716,-6.61623656,38.701,14.813,405,21.414,74.023,32.679,0
48.585,321.735,0.00310815,0.00032801997063538,-8.02243607,37.294,2.537,919,130.787,77.824,53.893,0
190.384,463.534,0.00215734,0.782083979009851,-0.24579315,46.634,2.997,608,212.806,78.544,227.364,1
83.162,356.312,0.00280653,0.003866125060234207,-5.55550255,44.385,11.94,1058,240.163,62.095,226.91,0
118.493,391.643,0.00255335,0.03066227077339765,-3.48472235,36.653,2.326,658,116.043,78.594,174.503,0
152.306,425.456,0.00235042,0.1612189593648799,-1.82499184,45.39,2.32,733,35.131,66.416,145.783,0
163.447,436.597,0.00229044,0.2633064050285883,-1.33443689,46.576,14.368,311,66.937,75.187,170.929,0
130.918,404.068,0.00247483,0.0582767724463538,-2.84255168,43.207,1.444,659,99.755,77.943,59.692,0
72.132,345.282,0.00289618,0.001857018842786149,-6.28878285,40.577,12.615,447,66.104,56.839,202.81,0
100.153,373.303,0.00267879,0.01099054395047033,-4.51072002,35.281,6.339,909,150.038,71.833,158.845,0
158.65,431.8,0.00231589,0.2138345337717864,-1.54255277,45.93,8.412,1045,218.96,64.696,62.031,0
143.797,416.947,0.00239839,0.1089013162567076,-2.21731316,37.797,14.259,762,260.185,67.474,230.037,0
177.088,450.238,0.00222105,0.4644677004913292,-0.76686326,39.877,3.016,216,201.176,80.051,151.567,0
125.253,398.403,0.00251002,0.0437015286856382,-3.1303722,43.063,1.395,920,202.658,57.293,214.853,0
204.557,477.707,0.00209333,1.320100410591902,0.2777078,43.49,1.384,653,92.698,72.604,141.1,0
63.644,336.794,0.00296917,0.001022227337143822,-6.88577137,38.987,5.422,515,64.343,68.179,182.4,0
200.911,474.061,0.00210943,1.157228394412923,0.14602783,51.19,1.78,423,258.637,79.504,96.39,1
77.955,351.105,0.00284815,0.002750629077169549,-5.89592564,40.923,6.413,1122,63.362,78.581,193.81,0
118.341,391.491,0.00255434,0.0304146568072714,-3.49283065,39.593,5.581,855,232.972,66.271,185.723,0
166.883,440.033,0.00227256,0.3047826084154609,-1.18815652,38.676,2.087,823,112.428,81.363,28.405,0
207.32,480.47,0.0020813,1.456688928941084,0.376166,45.421,10.996,589,155.066,68.894,65.777,0
87.759,360.909,0.00277078,0.005179098960771238,-5.26312418,35.377,7.405,432,162.022,78.189,212.504,0
121.221,394.371,0.00253568,0.03542766585046906,-3.34026224,37.586,3.397,1088,224.058,66.2,43.239,0
72.89,346.04,0.00288984,0.00195591974326085,-6.23689474,44.491,14.321,300,198.474,62.402,82.678,0
194.913,468.063,0.00213646,0.9276868907663699,-0.07506101,50.182,2.682,961,284.104,68.986,174.868,1
191.592,464.742,0.00215173,0.8187887916968414,-0.19992911,42.681,7.512,1112,289.826,73.725,46.688,0
163.832,436.982,0.00228842,0.2676883376307171,-1.31793189,39.876,2.321,979,198.185,68.338,113.394,0
43.429,316.579,0.00315877,0.0002168150950091834,-8.43646566,37.265,6.512,966,237.567,63.503,30.336,0
63.185,336.335,0.00297323,0.0009889041985058334,-6.9189131,37.342,4.685,1009,68.988,69.691,122.427,0
67.91,341.06,0.00293204,0.001385054836450794,-6.58201555,38.17,2.669,440,238.788,69.274,75.627,0
164.711,437.861,0.00228383,0.2779378228432322,-1.28035785,45.391,3.488,887,142.485,68.446,176.634,0
101.992,375.142,0.00266566,0.01223670453193566,-4.40331528,37.051,7.584,732,21.64,66.646,5.016,0
63.505,336.655,0.0029704,0.001012028837465164,-6.89579821,37.421,1.059,380,119.695,57.595,75.249,0
145.204,418.354,0.00239032,0.1163281896038224,-2.15133986,42.339,11.06,331,229.246,69.088,205.036,0
45.036,318.186,0.00314282,0.0002470342997470668,-8.30598337,41.129,5.14,921,40.301,79.173,180.564,0
153.695,426.845,0.00234277,0.1716264805838732,-1.76243479,39.491,6.688,863,265.477,64.967,67.13,0
167.309,440.459,0.00227036,0.3103112373987622,-1.17017949,46.755,3.844,739,238.291,78.081,20.978,1
215.131,488.281,0.002048,1.91263077683581,0.64847966,53.888,5.835,610,33.14,63.917,16.825,1
118.544,391.694,0.00255301,0.03074575927819537,-3.4820032,40.379,6.618,570,284.595,79.648,202.384,0
201.013,474.163,0.00210898,1.1615313060101,0.14973923,47.215,10.129,1118,57.357,66.228,177.71,0
99.232,372.382,0.00268541,0.01041082997806143,-4.56490867,42.31,9.96,967,53.109,74.708,147.638,0
133.704,406.854,0.00245788,0.06694096903221518,-2.70394411,42.514,7.179,781,18.982,79.45,64.425,0
91.751,364.901,0.00274047,0.006636296186008403,-5.01520127,39.525,7.599,387,130.764,80.907,110.158,0
45.475,318.625,0.00313849,0.0002559401008512738,-8.27056712,43.82,3.097,618,175.77,65.196,208.72,0
43.943,317.093,0.00315365,0.0002260878407267341,-8.39458696,37.86,12.067,943,296.016,74.917,137.189,0
219.089,492.239,0.00203153,2.188393348374015,0.78316764,49.725,7.764,132,187.844,77.509,49.128,1
147.124,420.274,0.0023794,0.1271961352101671,-2.06202501,43.482,9.853,909,117.268,63.165,160.316,0
178.259,451.409,0.00221529,0.4868792562956883,-0.71973912,48.232,4.17,1115,295.277,80.311,230.857,1
125.32,398.47,0.0025096,0.0438526417024046,-3.12692032,37.009,2.916,906,97.239,55.182,175.382,0
46.561,319.711,0.00312782,0.0002792586400051391,-8.18337218,40.987,13.604,540,209.193,56.847,61.843,0
41.626,314.776,0.00317686,0.0001869913217796296,-8.58444835,44.503,2.711,431,222.191,60.275,47.146,0
203.686,476.836,0.00209716,1.279454209474369,0.24643359,52.687,12.469,521,11.749,67.195,123.224,1
107.401,380.551,0.00262777,0.01668199223677453,-4.09342545,37.361,3.432,624,164.662,75.151,202.113,0
100.277,373.427,0.0026779,0.01107079548534633,-4.50344468,40.829,14.356,429,10.497,79.123,202.18,0
216.507,489.657,0.00204225,2.004813207340793,0.69555089,53.182,12.974,208,48.179,63.548,35.454,1
216.409,489.559,0.00204265,1.998120898073976,0.69220719,53.686,8.905,1197,72.59,67.773,149.654,1
41.534,314.684,0.00317779,0.0001855762339556122,-8.5920448,41.464,6.902,267,295.622,59.376,157.115,0
68.32,341.47,0.00292851,0.001425515581727691,-6.55322172,36.931,4.89,337,175.919,67.428,222.465,0
211.217,484.367,0.00206455,1.670502268502714,0.51312434,50.855,14.096,234,157.527,69.545,60.901,0
113.775,386.925,0.00258448,0.02376907309321437,-3.73936999,41.342,2.167,859,223.918,68.872,149.164,0
109.859,383.009,0.0026109,0.01914917987265723,-3.95549539,39.768,10.939,494,247.929,61.229,68.337,0
129.122,402.272,0.00248588,0.053241182801406,-2.93292307,39.593,7.007,918,257.67,54.695,124.006,0
204.75,477.9,0.00209249,1.329259806903059,0.28462225,51.671,3.176,781,14.161,54.407,170.537,1
166.232,439.382,0.00227592,0.2965036404532946,-1.21569578,45.386,3.326,575,113.797,80.376,62.049,0
128.103,401.253,0.00249219,0.05056189876062553,-2.98455698,37.787,4.593,569,218.547,72.287,62.395,0
156.411,429.561,0.00232796,0.1937315301270945,-1.64128194,43.949,12.863,1070,174.922,63.158,118.438,0
93.773,366.923,0.00272537,0.007508772087070755,-4.89168333,36.373,11.236,620,270.41,72.072,22.831,0
118.163,391.313,0.0025555,0.03012698733070118,-3.50233392,43.864,1.171,275,73.955,55.579,184.698,0
162.96,436.11,0.002293,0.2578553847853675,-1.35535638,38.546,1.616,597,90.283,58.766,29.933,0
90.012,363.162,0.00275359,0.005960912282201927,-5.12253174,44.466,12.951,457,287.109,78.478,14.582,0
164.347,437.497,0.00228573,0.2736516844323729,-1.29589921,39.793,3.457,1044,47.243,62.576,56.445,0
101.709,374.859,0.00266767,0.01203694068361424,-4.41977497,36.745,14.945,495,184.108,62.822,121.643,0
206.271,479.421,0.00208585,1.403429697313831,0.33891902,51.191,11.771,954,119.94,55.307,211.919,1
120.408,393.558,0.00254092,0.0339419070039188,-3.38310483,38.551,7.003,908,107.9,61.199,102.61,0
42.769,315.919,0.00316537,0.0002054229135539001,-8.49043971,39.626,2.91,234,262.421,55.895,14.066,0
190.078,463.228,0.00215876,0.7730210467510276,-0.257449,44.287,4.776,860,79.256,79.294,197.301,0
80.911,354.061,0.00282437,0.003341151752443394,-5.7014397,35.525,14.667,683,278.97,55.466,189.786,0
97.209,370.359,0.00270008,0.009233828013308265,-4.68488158,44.836,8.039,676,127.255,54.998,118.494,0
218.614,491.764,0.0020335,2.153551217609282,0.76711821,54.49,8.683,671,206.114,81.206,67.195,1
135.645,408.795,0.00244621,0.07364543240647538,-2.60849316,42.687,6.842,326,92.463,74.743,117.039,0
118.996,392.146,0.00255007,0.03149472967938727,-3.45793506,42.775,9.472,531,179.417,80.857,214.901,0
207.646,480.796,0.00207988,1.473599760445932,0.38770822,44.629,9.536,774,15.385,67.201,120.928,0
88.244,361.394,0.00276706,0.005339031586874219,-5.23271099,39.463,14.922,966,138.145,70.085,37.736,0
173.866,447.016,0.00223706,0.4074653816937021,-0.8977993,44.954,8.525,1143,298.041,65.697,113.017,0
212.011,485.161,0.00206117,1.717310336031848,0.54075931,53.023,4.772,214,114.311,74.716,150.183,1
135.926,409.076,0.00244453,0.07466456155266761,-2.59474971,42.846,3.089,429,21.848,61.942,213.37,0
125.287,398.437,0.00250981,0.04377815406554333,-3.12862035,44.532,13.845,1052,160.778,56.228,167.626,0
144.619,417.769,0.00239367,0.1131867517891754,-2.17871615,36.311,7.296,485,163.621,58.419,158.434,0
200.498,473.648,0.00211127,1.139949519764654,0.13098398,50.708,3.093,300,260.024,59.525,229.568,1
117.358,390.508,0.00256077,0.02885648999463013,-3.54542035,42.129,6.681,126,267.098,74.29,110.013,0
172.84,445.99,0.0022422,0.3906703545175269,-0.93989116,41.51,11.751,227,269.952,71.047,180.924,0
120.445,393.595,0.00254068,0.03400828174386993,-3.3811512,41.319,7.203,673,201.757,75.289,30.892,0
174.459,447.609,0.00223409,0.4174630032939157,-0.87355935,46.613,12.922,597,79.255,61.831,164.842,0
45.37,318.52,0.00313952,0.0002537834801261725,-8.27902909,36.726,9.633,1193,103.672,63.503,192.245,0
108.694,381.844,0.00261887,0.01794134042217814,-4.02064771,39.768,10.516,702,108.411,55.062,37.133,0
98.617,371.767,0.00268986,0.01003935130707381,-4.60124278,37.798,10.656,695,220.358,81.046,47.629,0
114.436,387.586,0.00258007,0.02464158106592939,-3.70331998,44.364,13.948,804,230.788,56.921,58.17,0
137.269,410.419,0.00243653,0.0797128279993663,-2.52932475,40.096,14.812,488,145.625,81.046,95.62,0
117.582,390.732,0.0025593,0.0292050611257816,-3.53341326,38.147,8.753,1150,267.683,60.353,181.349,0
172.741,445.891,0.0022427,0.389082879685562,-0.9439629,43.032,11.906,482,243.756,80.287,236.344,0
56.712,329.862,0.00303157,0.0006136334575054158,-7.39611278,40.81,4.876,380,270.661,78.734,5.283,0
217.39,490.54,0.00203857,2.066007721110917,0.72561811,46.567,5.471,428,115.356,61.197,114.054,0
210.487,483.637,0.00206767,1.628463308263825,0.48763681,51.026,9.653,1051,218.434,78.278,56.754,1
95.92,369.07,0.00270951,0.0085484011149678,-4.76201102,43.091,7.954,349,122.173,56.994,230.733,0
98.341,371.491,0.00269186,0.009876590429202307,-4.61758793,41.043,13.249,753,27.567,76.393,203.605,0
175.791,448.941,0.00222746,0.4407202732454237,-0.81934491,43.749,9.216,989,159.35,68.957,110.331,0
156.678,429.828,0.00232651,0.1960364813599322,-1.62945451,43.384,3.287,1033,149.611,70.501,119.938,0
86.98,360.13,0.00277678,0.004931338315029556,-5.31214486,40.18,6.161,1065,164.552,73.806,234.919,0
165.263,438.413,0.00228095,0.2845521096394404,-1.25683888,46.834,7.431,146,216.419,74.497,206.696,0
43.896,317.046,0.00315412,0.0002252249913803875,-8.39841069,38.646,10.597,777,229.511,57.303,97.469,0
178.576,451.726,0.00221373,0.4931093998700352,-0.70702422,41.294,2.088,792,182.665,65.006,150.499,0
198.455,471.605,0.00212042,1.057786530334093,0.05617855,43.465,4.25,838,237.505,54.848,19.85,0
138.517,411.667,0.00242915,0.0846770710053849,-2.46891042,38.711,12.549,1123,85.487,74.987,168.066,0
153.14,426.29,0.00234582,0.1673978967918512,-1.78738168,40.384,11.346,480,55.059,65.526,170.889,0
157.014,430.164,0.00232469,0.1989719522804949,-1.61459141,46.699,4.426,955,48.937,55.122,203.939,1
77.936,351.086,0.0028483,0.00274716362208331,-5.89718631,37.389,10.417,742,134.553,81.026,90.296,0
92.908,366.058,0.00273181,0.007123496548115325,-4.94435659,42.427,10.052,562,221.664,73.026,140.777,0
97.559,370.709,0.00269753,0.009428376619020193,-4.66403135,41.549,11.984,768,243.841,54.727,163.682,0
52.596,325.746,0.00306988,0.0004485840125371951,-7.70941458,41.132,1.291,465,42.856,77.42,155.357,0
164.003,437.153,0.00228753,0.2696554005352004,-1.31061043,47.005,13.423,1139,43.897,73.54,143.422,0
119.512,392.662,0.00254672,0.03236988481072427,-3.43052677,40.061,7.34,359,112.663,74.486,42.346,0
181.98,455.13,0.00219717,0.5646180714313849,-0.57160576,48.06,13.162,619,217.661,68.737,125.801,0
202.648,475.798,0.00210173,1.232461658793487,0.20901352,49.829,10.441,317,148.654,79.36,119.148,0
79.437,352.587,0.00283618,0.003033579920228326,-5.79801187,36.472,9.414,171,80.514,57.817,35.319,0
130.346,403.496,0.00247834,0.05662830394982117,-2.87124635,44.461,12.391,931,277.04,54.68,122.016,0
99.159,372.309,0.00268594,0.01036609161683168,-4.56921522,37.335,9.506,273,146.124,66.437,199.792,0
56.882,330.032,0.00303001,0.0006215210572764597,-7.38334077,43.354,8.762,1115,126.578,63.49,190.531,0
157.434,430.584,0.00232243,0.2026965689849393,-1.59604515,38.515,5.815,638,160.901,76.033,24.126,0
94.676,367.826,0.00271868,0.007931124835424963,-4.83696041,43.583,12.769,756,100.956,76.77,183.248,0
108.868,382.018,0.00261768,0.01811723541349069,-4.01089156,43.202,2.284,1090,191.749,65.773,35.781,0
74.16,347.31,0.00287927,0.002132488157388365,-6.15046583,40.973,10.202,843,220.179,61.694,199.075,0
140.139,413.289,0.00241961,0.09154392041764414,-2.39093642,39.775,11.339,899,23.618,67.563,157.528,0
217.146,490.296,0.00203958,2.048935606687527,0.71732044,50.921,12.629,228,182.923,76.985,35.307,0
209.578,482.728,0.00207156,1.577421970421321,0.45579185,48.29,7.313,174,164.972,65.464,58.305,0
180.01,453.16,0.00220673,0.5221874751310136,-0.64972861,42.386,13.875,685,199.721,58.605,12.245,0
51.988,325.138,0.00307562,0.0004280088251556529,-7.75636674,44.059,6.009,748,250.131,58.639,51.131,0
67.742,340.892,0.00293348,0.001368781982425097,-6.593834,42.703,7.389,376,207.049,55.477,45.493,0
52.325,325.475,0.00307243,0.0004393032540562997,-7.7303206,39.928,5.214,288,50.933,81.596,165.865,0
107.156,380.306,0.00262946,0.01645260791410081,-4.10727128,39.381,11.401,273,164.522,66.445,37.944,0
103.115,376.265,0.0026577,0.01305944009756984,-4.33824403,44.513,3.405,367,19.97,57.431,35.332,0
208.868,482.018,0.00207461,1.538541517254514,0.4308349,54.085,13.386,1028,55.428,65.913,187.116,1
218.746,491.896,0.00203295,2.163184350005228,0.77158137,54.181,3.879,338,52.239,58.479,64.262,1
191.045,464.195,0.00215427,0.801983338146685,-0.22066745,44.275,12.463,123,100.579,55.932,221.468,0
173.415,446.565,0.00223932,0.4000051551457901,-0.91627784,45.376,10.911,919,291.927,59.616,193.507,0
44.748,317.898,0.00314566,0.0002413479603682724,-8.32927085,39.39,10.978,131,298.96,66.074,56.492,0
144.887,418.037,0.00239213,0.1146163257984374,-2.16616503,40.599,10.382,107,253.609,80.19,169.064,0
199.966,473.116,0.00211365,1.118028375152756,0.11156675,42.949,4.745,762,249.135,57.523,108.003,0
53.812,326.962,0.00305846,0.0004924911354274466,-7.6160341,37.298,8.888,662,96.059,78.928,210.993,0
211.113,484.263,0.00206499,1.664455320412176,0.50949794,49.794,14.282,659,237.189,56.222,35.643,0
206.974,480.124,0.0020828,1.438928191529105,0.36389853,51.597,3.292,498,225.73,70.673,88.777,1
212.254,485.404,0.00206014,1.731864880464681,0.54919879,54.087,7.668,246,281.482,71.414,68.442,1
103.99,377.14,0.00265154,0.01373495103805808,-4.28781152,39.694,11.478,219,148.029,69.365,193.275,0
190.99,464.14,0.00215452,0.8003106146168265,-0.22275536,45.348,10.734,1104,129.808,66.889,49.984,0
112.565,385.715,0.00259259,0.02224402574004116,-3.80568181,39.746,2.368,583,83.589,63.58,23.452,0
79.23,352.38,0.00283785,0.00299252251632029,-5.8116386,38.091,10.188,202,43.214,59.335,120.356,0
120.37,393.52,0.00254117,0.03387386024055339,-3.38511165,41.756,10.726,265,40.646,77.394,172.836,0
194.263,467.413,0.00213944,0.9054157446907198,-0.09936105,45.408,9.224,327,93.98,70.212,131.816,0
61.065,334.215,0.00299209,0.0008475445015898815,-7.07316721,44.316,10.995,449,34.082,63.225,126.151,0
42.45,315.6,0.00316857,0.0002001170543708657,-8.51660809,43.468,14.671,650,35.207,58.062,161.344,0
167.847,440.997,0.00226759,0.3174211789889786,-1.14752575,40.229,5.584,315,213.146,72.113,140.333,0
106.879,380.029,0.00263138,0.01619671162319841,-4.12294704,41.193,2.123,484,44.533,75.725,70.045,0
63.397,336.547,0.00297135,0.001004169374258534,-6.90359457,41.233,4.612,759,279.111,79.04,5.207,0
186.464,459.614,0.00217574,0.6728155816023433,-0.39628401,40.184,5.648,1146,11.26,79.396,23.303,0
152.469,425.619,0.00234952,0.1624102744056206,-1.81762959,38.106,4.636,295,37.064,78.287,245.139,0
191.465,464.615,0.00215232,0.8148594014067935,-0.20473969,50.851,13.001,362,286.664,61.02,190.387,0
83.185,356.335,0.00280635,0.003871857446757514,-5.55402093,41.242,13.917,247,79.047,60.952,55.908,0
146.209,419.359,0.00238459,0.1219081831547723,-2.10448711,45.845,10.33,1149,283.443,59.429,105.428,0
108.21,381.36,0.00262219,0.01746018172515106,-4.04783232,38.322,6.922,1060,264.372,54.72,105.749,0
170.486,443.636,0.0022541,0.3544456511094977,-1.03720026,47.555,6.888,820,238.146,78.15,154.767,0
201.476,474.626,0.00210692,1.1812414876102,0.16656599,50.45,6.257,386,238.366,56.246,67.519,1
146.312,419.462,0.00238401,0.1224934187708767,-2.09969797,41.356,6.908,636,69.245,56.256,245.366,0
163.441,436.591,0.00229047,0.2632386252513866,-1.33469434,39.863,4.958,502,217.981,73.663,170.839,0
41.221,314.371,0.00318095,0.0001808355468738243,-8.61792252,38.854,10.934,116,128.417,80.198,180.554,0
182.153,455.303,0.00219634,0.5684866139365503,-0.56477751,45.602,1.775,804,25.367,57.357,91.709,1
162.299,435.449,0.00229648,0.2506180945476841,-1.38382503,44.718,2.497,797,201.187,59.877,8.311,1
110.476,383.626,0.00260671,0.01981828837775031,-3.92115011,39.031,10.63,1144,187.841,76.108,162.582,0
41.167,314.317,0.0031815,0.000180029062645516,-8.62239226,42.873,14.718,320,235.049,75.823,177.225,0
175.073,448.223,0.00223103,0.4280443028664087,-0.84852858,39.116,10.715,1153,184.821,76.034,55.165,0
194.434,467.584,0.00213865,0.911228378376661,-0.09296172,48.029,8.522,477,15.056,80.26,106.029,0
217.18,490.33,0.00203944,2.051307037770167,0.71847717,54.772,9.688,1126,113.024,74.242,66.835,1
97.059,370.209,0.00270118,0.009151573355809357,-4.69382946,43.297,7.052,806,274.857,69.873,68.785,0
85.274,358.424,0.00278999,0.004426067311130471,-5.42024383,36.54,10.152,573,198.887,60.07,141.761,0
143.496,416.646,0.00240012,0.107368899936939,-2.23148471,38.34,8.918,467,104.114,80.036,166.821,0
117.863,391.013,0.00255746,0.02964771452156995,-3.51837024,39.477,9.793,992,299.867,61.976,246.362,0
148.08,421.23,0.002374,0.1329400115489336,-2.01785729,42.432,9.418,540,249.25,58.184,205.617,0
131.628,404.778,0.00247049,0.06038304191844324,-2.80704698,45.193,2.058,466,141.122,62.416,243.482,0
136.302,409.452,0.00244229,0.07604808730502818,-2.57638941,36.461,10.83,898,131.392,61.237,19.455,0
88.304,361.454,0.0027666,0.00535912689596542,-5.22895421,36.786,11.971,415,207.246,65.794,52.416,0
61.594,334.744,0.00298736,0.0008809642587560866,-7.0344935,38.686,8.878,139,11.314,73.884,174.451,0
137.408,410.558,0.00243571,0.08025247013514147,-2.52257774,43.267,9.094,530,109.926,76.672,133.669,0
144.445,417.595,0.00239466,0.1122671875698845,-2.18687365,40.967,2.799,436,115.464,63.037,85.225,0
141.75,414.9,0.00241022,0.09885563908096848,-2.31409468,42.247,12.63,537,99.566,65.669,235.534,0
85.872,359.022,0.00278534,0.004597533917328896,-5.38223522,35.138,4.868,643,177.2,54.993,135.077,0
178.284,451.434,0.00221516,0.4873680364881532,-0.71873572,40.595,13.738,171,251.494,70.88,30.211,0
61.704,334.854,0.00298638,0.0008880637243807269,-7.02646706,43.575,9.361,622,296.113,68.026,137.371,0
136.338,409.488,0.00244207,0.07618175513814537,-2.57463328,36.329,12.972,1117,195.953,75.517,210.394,0
132.504,405.654,0.00246516,0.06307615689437034,-2.76341244,36.054,11.024,192,226.589,75.001,245.211,0
46.608,319.758,0.00312737,0.0002803107015757064,-8.17961192,35.754,1.717,691,265.446,68.876,190.942,0
211.8,484.95,0.00206207,1.704759996073804,0.53342434,52.518,7.395,235,178.094,77.27,11.013,1
55.076,328.226,0.00304668,0.0005422947098613175,-7.51970096,41.382,3.232,1056,104.401,63.502,61.107,0
67.17,340.32,0.00293841,0.001314681946189067,-6.63416051,37.186,13.787,341,98.367,54.806,69.831,0
109.313,382.463,0.00261463,0.01857421635964053,-3.98598088,37.066,10.773,846,90.835,56.021,57.696,0
111.894,385.044,0.00259711,0.02143705372196466,-3.84263437,38.409,6.92,1137,291.509,72.976,143.931,0
63.186,336.336,0.00297322,0.0009889757013628597,-6.9188408,35.618,13.252,282,142.504,56.581,36.238,0
55.514,328.664,0.00304262,0.000560605805088323,-7.48649256,39.404,2.952,738,277.29,79.376,52.684,0
72.257,345.407,0.00289514,0.001873006430916217,-6.28021042,39.791,1.288,203,126.581,74.131,218.972,0
152.206,425.356,0.00235097,0.1604919721723307,-1.82951136,42.65,4.025,1004,268.669,55.696,162.013,0
184.759,457.909,0.00218384,0.6296797500266686,-0.46254392,48.449,10.665,232,65.669,65.746,180.403,0
44.784,317.934,0.00314531,0.0002420520906350479,-8.3263576,36.021,6.247,1193,68.752,54.843,15.513,0
173.823,446.973,0.00223727,0.4067487903794239,-0.89955951,40.12,6.077,674,41.455,57.396,104.276,0
175.316,448.466,0.00222982,0.4322975342900671,-0.83864119,39.968,10.129,941,220.526,63.779,177.435,0
99.793,372.943,0.00268137,0.01076054163559406,-4.53186939,39.133,1.097,552,262.204,69.851,225.475,0
76.942,350.092,0.00285639,0.002571334700351862,-5.96333018,40.722,14.383,1046,221.934,66.52,140.078,0
134.896,408.046,0.0024507,0.07098983996982663,-2.64521851,41.005,3.663,1186,264.641,73.098,31.568,0
51.639,324.789,0.00307892,0.0004165944640409816,-7.78339732,39.089,6.695,728,58.207,66.064,48.348,0
80.466,353.616,0.00282793,0.003245421793735533,-5.73050995,38.536,10.604,587,23.089,60.468,136.966,0
87.234,360.384,0.00277482,0.00501090900069749,-5.29613794,41.796,12.999,213,283.902,65.008,121.468,0
166.971,440.121,0.0022721,0.3059174145296985,-1.1844401,39.072,12.54,608,167.011,75.423,215.054,0
86.225,359.375,0.00278261,0.004701573310920814,-5.35985808,40.929,9.535,1069,107.852,60.258,48.929,0
170.468,443.618,0.00225419,0.3541806042390198,-1.03794831,39.681,6.499,858,216.986,56.521,218.95,0
133.645,406.795,0.00245824,0.06674607626179116,-2.70685977,39.043,9.106,1150,206.722,72.987,157.67,0
192.287,465.437,0.00214852,0.840591060738983,-0.17364999,43.478,7.264,1189,250.353,72.214,174.431,0
190.454,463.604,0.00215701,0.7841703916566857,-0.24312895,46.805,2.411,779,198.392,72.372,151.545,1
81.558,354.708,0.00281922,0.003484942903274954,-5.65930362,39.505,7.338,756,141.15,74.788,229.099,0
98.372,371.522,0.00269163,0.009894751179025935,-4.61575085,35.958,8.024,1097,167.594,76.208,210.394,0
154.419,427.569,0.0023388,0.1772863961742191,-1.7299888,39.251,12.723,614,65.712,73.513,194.836,0
72.462,345.612,0.00289342,0.001899499090228219,-6.26616506,44.054,1.88,579,270.138,60.515,63.647,0
130.2,403.35,0.00247924,0.05621433122418623,-2.87858355,39.659,8.591,160,33.604,77.625,89.829,0
121.794,394.944,0.002532,0.03650986146062914,-3.31017288,42.085,2.024,342,194.647,67.779,47.247,0
55.516,328.666,0.0030426,0.0005606907060181748,-7.48634113,44.633,6.314,949,188.445,56.2,64.902,0
187.437,460.587,0.00217114,0.6985901638183839,-0.35869103,43.186,8.025,284,284.959,74.966,93.623,0
191.319,464.469,0.002153,0.8103628099242638,-0.21027322,47.418,7.057,616,295.153,60.309,149.508,0
136.265,409.415,0.00244251,0.07591092643783733,-2.57819465,36.231,1.86,105,149.67,66.036,215.646,0
157.538,430.688,0.00232187,0.2036284369146652,-1.59145833,43.605,2.598,750,183.245,75.744,154.007,0
131.326,404.476,0.00247233,0.05947889452519595,-2.82213374,37.563,5.079,906,182.442,67.501,162.024,0
157.877,431.027,0.00232004,0.2066926368354688,-1.57652244,40.287,3.756,317,157.816,56.363,157.682,0
127.103,400.253,0.00249842,0.04805141333040279,-3.03548373,37.199,4.998,433,49.375,68.675,11.022,0
129.394,402.544,0.0024842,0.05397767642274241,-2.91918472,38.073,9.46,148,171.382,59.112,75.851,0
87.276,360.426,0.00277449,0.005024178590206822,-5.2934933,41.673,2.468,597,123.605,61.215,126.249,0
116.23,389.38,0.00256819,0.02715770158815256,-3.6060946,43.707,6.13,864,55.362,56.594,52.781,0
56.03,329.18,0.00303785,0.0005829065209589432,-7.44748373,38.808,1.576,1131,254.034,58.708,53.52,0
148.714,421.864,0.00237043,0.1368764551124928,-1.98867655,39.879,5.173,731,18.401,59.58,168.804,0
89.132,362.282,0.00276028,0.005643574302801193,-5.17723767,41.3,13.885,454,264.92,74.798,213.298,0
84.171,357.321,0.0027986,0.004125022776380602,-5.49068374,39.693,1.198,1088,132.901,72.849,131.67,0
144.751,417.901,0.00239291,0.1138888571850145,-2.17253224,41.314,7.541,294,13.588,69.335,166.756,0
181.595,454.745,0.00219903,0.5560927372102858,-0.58682021,43.823,6.102,483,181.131,69.817,199.406,0
168.153,441.303,0.00226602,0.3215296408024816,-1.13466554,39.223,14.661,809,293.772,68.196,59.374,0
110.897,384.047,0.00260385,0.02028692873547745,-3.8977785,35.984,4.586,220,67.767,74.895,115.209,0
40.155,313.305,0.00319178,0.0001655158632729602,-8.70644352,41.011,4.294,297,128.165,73.742,84.498,0
53.738,326.888,0.00305915,0.000489710118189108,-7.62169694,38.252,11.02,135,82.049,72.391,53.314,0
186.241,459.391,0.00217679,0.6670286328945486,-0.40492231,45.136,3.001,587,265.015,63.181,177.777,0
88.62,361.77,0.00276419,0.005466104643756351,-5.20918905,35.723,9.005,995,132.507,55.417,91.136,0
153.751,426.901,0.00234246,0.1720584169527648,-1.75992123,38.833,3.951,651,44.176,75.918,9.303,0
146.15,419.3,0.00238493,0.121574082643599,-2.10723147,38.172,13.562,520,264.312,55.724,231.639,0
43.618,316.768,0.00315688,0.0002201831438666923,-8.42105089,42.953,8.825,389,170.041,73.933,144.567,0
114.411,387.561,0.00258024,0.02460806108457277,-3.7046812,40.772,11.342,766,263.48,81.252,66.396,0
72.811,345.961,0.0028905,0.001945391592473263,-6.24229199,38.99,2.174,1111,266.487,57.815,193.106,0
164.501,437.651,0.00228493,0.2754577935584328,-1.28932086,39.331,1.816,1111,92.645,70.618,10.185,0
200.802,473.952,0.00210992,1.152645766909689,0.14205997,44.826,6.324,427,298.491,56.86,107.312,0
195.278,468.428,0.0021348,0.9404045157907202,-0.06144516,50.174,3.473,1074,224.553,74.196,226.892,1
40.796,313.946,0.00318526,0.0001745773575374276,-8.6531426,39.132,7.9,147,130.16,70.642,115.067,0
160.802,433.952,0.0023044,0.2348942032628825,-1.44862007,45.79,1.437,1118,172.223,70.058,118.446,1
120.047,393.197,0.00254325,0.03330042167559306,-3.40218522,37.185,1.807,601,179.672,55.377,38.956,0
107.568,380.718,0.00262662,0.01684000631298822,-4.0839979,42.052,3.692,814,99.193,69.181,35.959,0
75.3,348.45,0.00286985,0.002303281206835039,-6.07342056,35.692,14.877,412,18.878,63.398,135.357,0
196.476,469.626,0.00212935,0.9832379907167537,-0.01690408,47.008,13.914,527,130.856,73.0,29.966,0
127.067,400.217,0.00249864,0.04796317071893096,-3.03732184,39.451,12.575,771,87.394,70.984,110.293,0
207.348,480.498,0.00208117,1.458134639339395,0.37715797,46.867,8.747,814,70.334,76.361,58.727,0
91.761,364.911,0.00274039,0.006640373705368696,-5.01458704,41.939,7.596,798,63.503,65.185,69.065,0
124.882,398.032,0.00251236,0.04287324268778865,-3.14950736,41.908,14.734,618,21.109,63.536,234.309,0
176.542,449.692,0.00222374,0.454335376544046,-0.78891964,41.343,7.189,715,74.072,71.84,209.216,0
83.009,356.159,0.00280773,0.003828188989638664,-5.56536344,38.596,4.178,210,19.255,78.733,118.491,0
98.805,371.955,0.0026885,0.01015160949274209,-4.59012302,42.664,8.624,660,223.298,70.052,11.287,0
215.012,488.162,0.0020485,1.90483684107939,0.64439636,53.181,2.602,796,172.386,73.391,152.811,1
169.076,442.226,0.00226129,0.3342110473857275,-1.09598261,39.518,6.396,837,80.047,76.071,127.19,0
132.755,405.905,0.00246363,0.06386750552032258,-2.75094457,37.026,5.538,966,46.139,57.263,249.028,0
184.139,457.289,0.0021868,0.6146139454824575,-0.48676094,44.246,11.127,984,216.334,59.864,57.048,0
88.655,361.805,0.00276392,0.00547807240079703,-5.20700199,39.428,13.063,551,26.736,64.03,149.834,0
133.824,406.974,0.00245716,0.06733894299957789,-2.69801656,41.93,8.14,1185,41.861,69.769,76.26,0
99.016,372.166,0.00268697,0.01027895953524131,-4.57765624,36.853,12.206,1092,186.377,67.449,117.802,0
156.077,429.227,0.00232977,0.1908823461689169,-1.65609803,41.395,1.151,512,98.243,80.527,204.194,0
85.581,358.731,0.0027876,0.004513351740342236,-5.40071522,42.111,9.698,704,97.303,74.125,185.64,0
95.46,368.61,0.00271289,0.008315230245581767,-4.78966648,36.785,8.719,153,50.269,61.376,80.137,0
156.756,429.906,0.00232609,0.1967144538728861,-1.62600207,45.541,14.783,379,100.376,73.61,75.898,0
210.144,483.294,0.00206913,1.609034935703996,0.47563458,45.044,1.192,1078,263.981,80.018,97.351,1
212.047,485.197,0.00206102,1.719459738927928,0.54201014,54.134,2.816,341,127.351,74.244,100.974,1
74.878,348.028,0.00287333,0.002238650636166096,-6.10188199,35.336,2.472,885,103.261,60.499,129.834,0
53.84,326.99,0.0030582,0.0004935471959487723,-7.61389207,43.406,12.361,1019,143.19,78.809,56.187,0
50.039,323.189,0.00309416,0.0003677647685705167,-7.90806704,41.077,13.112,140,20.271,76.192,64.424,0
100.605,373.755,0.00267555,0.0112856474595455,-4.4842235,43.052,7.937,362,187.647,67.582,226.049,0
157.866,431.016,0.0023201,0.206592564609445,-1.57700671,41.649,13.863,622,71.47,56.585,132.731,0
164.329,437.479,0.00228582,0.2734412725728681,-1.29666841,45.369,7.62,350,66.261,76.161,23.141,0
75.772,348.922,0.00286597,0.002377588621558859,-6.04166849,41.189,10.39,1073,89.546,63.574,83.502,0
214.319,487.469,0.00205141,1.860001858896068,0.62057749,53.299,9.436,700,61.766,71.381,55.767,1
148.26,421.41,0.00237299,0.1340471582568067,-2.00956361,38.827,4.892,809,148.425,56.681,65.662,0
93.602,366.752,0.00272664,0.007431136363030076,-4.90207649,40.434,13.819,610,236.647,77.421,50.895,0
53.237,326.387,0.00306385,0.0004712586601280928,-7.66010344,42.569,12.789,107,290.24,61.491,45.817,0
43.706,316.856,0.00315601,0.000221767746902472,-8.41387991,38.845,12.921,1084,293.342,55.361,109.66,0
158.551,431.701,0.00231642,0.2129076968228416,-1.54689656,45.346,5.534,989,160.388,65.769,201.526,0
165.434,438.584,0.00228006,0.2866294183333979,-1.24956512,43.193,3.261,407,19.464,55.161,31.952,0
108.407,381.557,0.00262084,0.01765459505244833,-4.03675919,38.295,12.558,457,121.642,65.001,50.536,0
68.862,342.012,0.00292387,0.001480665492533063,-6.51526364,39.29,7.437,1151,210.048,73.861,43.067,0
52.159,325.309,0.003074,0.0004337059853082669,-7.74314371,35.954,12.955,1024,193.158,65.971,207.529,0
118.947,392.097,0.00255039,0.03141274632517964,-3.46054153,41.473,8.552,154,71.072,70.453,84.764,0
104.188,377.338,0.00265014,0.01389214341206741,-4.27643182,38.522,12.94,243,36.649,75.103,170.258,0
168.896,442.046,0.00226221,0.3317035174561083,-1.10351373,47.145,8.483,467,52.864,66.414,102.045,0
80.298,353.448,0.00282927,0.003209937449432554,-5.74150383,41.854,5.257,949,26.335,66.584,67.675,0
50.446,323.596,0.00309027,0.0003796589289336349,-7.87623726,36.648,4.795,562,171.266,65.337,120.002,0
164.755,437.905,0.0022836,0.2784599673023413,-1.27848097,40.616,14.858,555,147.384,58.254,23.019,0
189.134,462.284,0.00216317,0.7456461311449953,-0.29350415,41.817,4.12,509,72.126,68.442,77.766,0
120.876,394.026,0.0025379,0.03479014631052652,-3.35842108,38.185,13.537,1097,36.488,74.583,201.906,0
160.009,433.159,0.00230862,0.2269273979571388,-1.48312515,41.427,14.205,1139,63.411,71.77,93.486,0
132.806,405.956,0.00246332,0.06402938636650843,-2.74841314,41.72,10.926,307,150.888,72.633,102.058,0
213.545,486.695,0.00205467,1.811027577661269,0.59389441,54.307,12.082,863,218.918,69.086,246.426,1
113.128,386.278,0.00258881,0.02294223013718718,-3.77477596,36.425,3.43,662,286.353,69.311,216.248,0
60.297,333.447,0.00299898,0.0008010942665973692,-7.12953193,38.575,12.121,885,154.73,70.651,230.097,0
98.735,371.885,0.002689,0.0101096785810027,-4.59426204,41.572,7.827,118,72.707,58.385,155.015,0
47.307,320.457,0.00312054,0.0002963947856428949,-8.12381826,38.3,7.418,1016,269.235,54.545,239.671,0
143.189,416.339,0.00240189,0.10582591383762,-2.24595986,44.165,10.05,869,14.88,74.602,21.192,0
119.443,392.593,0.00254717,0.03225159890443811,-3.43418766,39.32,5.265,1147,141.736,79.328,129.526,0
85.344,358.494,0.00278945,0.004445832632495952,-5.41578811,43.482,6.162,747,109.514,71.831,224.911,0
137.82,410.97,0.00243327,0.08187134715915828,-2.5026062,40.476,12.813,900,115.175,57.235,53.592,0
215.076,488.226,0.00204823,1.909025054322568,0.64659267,55.156,2.648,1077,242.702,76.025,148.228,1
177.671,450.821,0.00221818,0.4755081791879511,-0.7433712,40.354,1.104,263,257.052,68.118,163.806,0
99.726,372.876,0.00268186,0.01071822164931836,-4.53581003,43.467,5.894,190,58.502,69.442,183.378,0
179.359,452.509,0.0022099,0.5088029998784471,-0.67569437,43.596,3.82,635,285.401,55.461,189.877,0
95.085,368.235,0.00271566,0.008129443481974185,-4.81226281,38.123,11.451,1121,59.851,72.078,157.451,0
77.185,350.335,0.00285441,0.002613341694645476,-5.94712553,44.52,2.24,128,58.348,63.696,37.996,0
100.116,373.266,0.00267905,0.01096670054001416,-4.51289182,35.581,5.108,492,56.298,54.75,14.898,0
201.657,474.807,0.00210612,1.189026777234125,0.17313514,45.656,13.032,1152,259.339,68.258,191.369,0
178.879,452.029,0.00221225,0.4991305787539176,-0.69488754,44.644,12.442,655,54.454,62.513,29.482,0
53.547,326.697,0.00306094,0.0004825987259792356,-7.63632504,37.094,3.134,938,25.029,71.824,87.886,0
153.461,426.611,0.00234406,0.1698320918705705,-1.77294502,37.097,2.207,166,185.041,67.995,187.268,0
162.891,436.041,0.00229336,0.2570912736283311,-1.35832411,37.646,8.813,738,256.359,60.382,27.0,0
90.817,363.967,0.0027475,0.006265355632157712,-5.07271993,37.801,5.177,1039,16.882,76.679,97.128,0
78.556,351.706,0.00284328,0.002862331141474515,-5.8561189,35.075,10.647,445,200.882,64.618,228.634,0
86.531,359.681,0.00278024,0.004793493182115582,-5.34049587,35.678,9.705,632,164.923,60.158,89.595,0
172.127,445.277,0.00224579,0.3793650432110644,-0.96925636,43.753,11.188,1034,285.847,75.855,125.396,0
134.932,408.082,0.00245049,0.07111547913869548,-2.64345026,37.793,1.894,244,256.257,57.449,76.992,0
41.237,314.387,0.00318079,0.0001810751448654913,-8.61659845,41.32,1.68,622,118.108,78.884,86.956,0
184.182,457.332,0.0021866,0.6156484029471021,-0.48507925,41.43,12.904,737,120.921,58.279,142.592,0
64.57,337.72,0.00296103,0.001092611610839624,-6.81918448,42.109,1.432,1069,141.655,71.302,69.308,0
124.574,397.724,0.00251431,0.04219640382059299,-3.16542028,43.896,5.621,1137,217.602,73.893,20.118,0
65.446,338.596,0.00295337,0.001163260750142839,-6.75652823,43.247,10.22,766,126.205,75.394,186.717,0
195.93,469.08,0.00213183,0.963506649559048,-0.03717589,47.6,8.796,671,286.74,76.564,69.548,0
44.067,317.217,0.00315242,0.0002283789507675284,-8.38450424,35.234,10.79,133,116.701,77.267,40.202,0
133.623,406.773,0.00245837,0.06667353527117365,-2.70794718,45.162,8.039,224,292.256,69.166,20.34,0
139.262,412.412,0.00242476,0.08777135696171069,-2.43302006,42.453,14.228,273,238.157,74.913,221.409,0
47.463,320.613,0.00311903,0.0003000985437455383,-8.11139966,40.806,2.681,744,98.082,78.113,128.986,0
186.571,459.721,0.00217523,0.6756080664314119,-0.39214215,47.956,13.767,318,49.044,68.42,67.538,0
98.486,371.636,0.0026908,0.009961797282780798,-4.60899777,39.924,3.406,168,279.25,58.993,198.224,0
87.739,360.889,0.00277094,0.005172598576176623,-5.26438009,40.751,2.565,1076,278.35,70.984,248.055,0
104.518,377.668,0.00264783,0.01415776327241127,-4.25749216,44.318,2.198,869,123.283,69.96,244.248,0
100.476,373.626,0.00267647,0.01120069981268028,-4.49177902,39.548,3.587,1045,21.977,63.852,113.016,0
40.258,313.408,0.00319073,0.0001669420049431677,-8.69786408,44.301,14.052,317,70.489,72.326,100.107,0
91.605,364.755,0.00274157,0.006577023518137686,-5.02417299,42.643,14.788,154,22.172,65.347,43.055,0
153.016,426.166,0.0023465,0.1664659846953827,-1.79296429,45.889,6.006,759,71.089,79.836,18.625,0
133.52,406.67,0.002459,0.06633485494755281,-2.7130398,40.329,4.978,669,52.037,64.266,247.001,0
211.404,484.554,0.00206375,1.68142387884449,0.51964098,52.982,5.897,849,145.737,79.238,121.639,1
92.325,365.475,0.00273617,0.006874073517033752,-4.97999841,40.597,2.511,359,158.768,54.407,8.041,0
144.275,417.425,0.00239564,0.1113752468715921,-2.19485018,45.914,2.622,1123,127.339,78.613,171.88,1
74.203,347.353,0.00287892,0.002138714009939956,-6.14755056,44.944,7.818,527,296.793,63.181,66.064,0
163.91,437.06,0.00228802,0.2685839990782132,-1.31459157,45.568,10.801,1069,37.089,73.936,58.173,0
184.703,457.853,0.00218411,0.6283056223126999,-0.46472857,41.187,14.856,964,83.441,68.715,187.281,0
41.031,314.181,0.00318288,0.0001780126054985083,-8.63365619,42.314,6.129,296,212.985,74.372,171.716,0
137.101,410.251,0.00243753,0.07906495720624777,-2.53748552,40.637,3.512,724,11.006,72.408,44.86,0
156.548,429.698,0.00232722,0.1949111727909093,-1.63521135,43.142,6.94,790,92.506,80.651,228.556,0
42.075,315.225,0.00317234,0.0001940415941788914,-8.54743802,36.506,13.051,171,92.084,73.016,94.149,0
100.739,373.889,0.00267459,0.01137450711761928,-4.47638065,41.192,1.289,618,73.649,56.52,67.686,0
199.899,473.049,0.00211395,1.115294232432468,0.10911826,43.985,8.832,272,88.928,74.8,150.793,0
219.68,492.83,0.0020291,2.2324359124214,0.80309333,51.141,1.743,101,42.476,60.042,70.281,1
117.251,390.401,0.00256147,0.02869131686313754,-3.55116075,42.636,14.921,1195,162.975,56.515,233.667,0
142.718,415.868,0.00240461,0.1034973572154112,-2.2682092,43.632,3.634,641,29.795,75.817,216.049,0
185.569,458.719,0.00217998,0.649856187991799,-0.43100419,46.911,11.039,301,159.828,54.648,50.255,0
54.419,327.569,0.00305279,0.0005158574627702041,-7.56968007,38.863,14.465,1176,263.391,76.229,206.463,0
120.77,393.92,0.00253859,0.03459636327121533,-3.36400671,42.215,12.551,1107,282.034,78.969,37.036,0
134.873,408.023,0.00245084,0.07090967514857409,-2.64634839,37.148,2.208,117,238.992,54.578,107.318,0
109.706,382.856,0.00261195,0.01898645862061037,-3.96402926,35.294,2.571,121,132.95,75.169,53.295,0
160.514,433.664,0.00230593,0.2319723833688756,-1.46113695,41.787,14.143,969,46.876,70.701,132.995,0
167.63,440.78,0.00226871,0.3145361124957166,-1.15665638,41.726,4.111,291,294.964,58.212,88.45,0
149.656,422.806,0.00236515,0.1429184232815127,-1.94548128,38.019,5.598,282,159.245,75.181,142.224,0
82.381,355.531,0.00281269,0.003676010946289427,-5.6059271,42.394,8.84,958,192.97,63.926,18.36,0
192.759,465.909,0.00214634,0.8556896069954204,-0.15584758,50.629,4.374,591,66.813,70.063,123.656,1
145.759,418.909,0.00238715,0.119380648685954,-2.12543816,40.842,2.322,129,105.608,77.925,145.955,0
129.49,402.64,0.00248361,0.05423980019442663,-2.91434032,41.051,14.522,214,175.683,62.242,76.451,0
146.788,419.938,0.0023813,0.125230886393177,-2.07759615,44.73,8.753,232,33.864,81.5,218.282,0
120.286,393.436,0.00254171,0.03372387838157242,-3.38954914,42.953,1.882,655,54.381,65.05,224.952,0
121.601,394.751,0.00253324,0.03614206219787863,-3.32029793,44.224,7.721,1135,142.259,68.595,63.897,0
189.585,462.735,0.00216106,0.7586154398051697,-0.2762603,46.052,3.879,391,11.945,58.275,152.897,0
54.149,327.299,0.00305531,0.0005053407531877525,-7.5902776,41.084,11.286,745,31.765,76.527,132.804,0
104.981,378.131,0.00264459,0.01453820917912055,-4.23097498,43.215,12.613,730,244.907,60.71,95.628,0
41.111,314.261,0.00318207,0.0001791962166956988,-8.62702917,38.112,10.653,997,166.323,79.371,189.505,0
138.285,411.435,0.00243052,0.08373371643503674,-2.48011356,44.467,9.189,811,24.809,60.751,221.759,0
93.429,366.579,0.00272792,0.007353336868825683,-4.91260107,37.11,12.863,483,58.4,64.801,64.075,0
62.225,335.375,0.00298174,0.0009224084615300517,-6.98852242,43.906,14.282,1157,170.361,76.21,65.627,0
49.635,322.785,0.00309804,0.0003562985404024551,-7.93974158,40.96,5.815,434,135.358,66.009,89.406,0
66.953,340.103,0.00294029,0.001294676148662748,-6.64949469,44.723,6.551,1119,209.312,76.609,125.198,0
41.017,314.167,0.00318302,0.0001778062170817685,-8.63481627,42.731,11.847,921,247.417,58.986,44.762,0
65.539,338.689,0.00295256,0.001171002107177829,-6.74989539,44.036,5.428,1187,260.23,70.583,5.405,0
72.067,345.217,0.00289673,0.001848754766737922,-6.29324297,44.049,13.435,930,115.429,56.296,166.588,0
69.703,342.853,0.0029167,0.001570120111910634,-6.45660316,35.395,14.048,405,54.654,67.05,82.1,0
58.426,331.576,0.0030159,0.0006975471579323894,-7.26794044,44.42,10.223,198,270.854,74.021,238.253,0
129.446,402.596,0.00248388,0.05411951801578253,-2.91656038,42.139,2.713,987,239.147,69.416,40.856,0
106.836,379.986,0.00263168,0.01615731299373903,-4.12538251,41.641,9.58,868,261.376,76.355,10.389,0
99.818,372.968,0.0026812,0.01077637153856291,-4.53039936,38.091,2.183,941,46.22,79.448,202.689,0
197.432,470.582,0.00212503,1.018648609548919,0.01847686,48.06,7.118,806,288.946,64.688,140.404,1
63.733,336.883,0.00296839,0.001028806745609218,-6.87935565,37.674,6.436,260,77.741,72.913,99.984,0
148.225,421.375,0.00237318,0.1338312342509914,-2.01117572,40.483,5.567,647,155.288,74.85,107.442,0
178.616,451.766,0.00221354,0.4939005550892758,-0.70542109,41.995,13.307,1089,43.723,77.166,114.113,0
159.642,432.792,0.00231058,0.223322831321122,-1.49913688,46.81,5.629,104,86.408,56.617,13.618,0
52.709,325.859,0.00306881,0.0004525068868003513,-7.70070758,40.444,4.647,763,38.761,71.572,48.348,0
85.009,358.159,0.00279206,0.004351965520269637,-5.43712769,43.015,8.564,1061,234.889,55.346,43.391,0
149.182,422.332,0.00236781,0.1398489465818832,-1.96719239,36.638,12.84,650,288.23,57.805,72.396,0
145.755,418.905,0.00238718,0.1193583942239223,-2.1256246,44.947,13.163,592,236.11,79.218,191.915,0
165.604,438.754,0.00227918,0.288707988392944,-1.24233952,44.89,3.086,406,262.395,80.36,170.297,0
124.604,397.754,0.00251412,0.04226190303346945,-3.16386924,37.969,9.41,861,73.0,80.211,17.676,0
210.041,483.191,0.00206957,1.603240805788932,0.47202708,47.906,4.833,958,102.035,58.463,159.774,1
182.338,455.488,0.00219545,0.5726495401394415,-0.55748137,42.065,10.655,193,62.632,76.028,137.007,0
209.493,482.643,0.00207192,1.572722061849901,0.45280792,48.97,2.257,853,144.874,68.324,224.378,1
75.491,348.641,0.00286828,0.002333090770868461,-6.06056138,38.673,14.481,983,44.352,62.647,201.52,0
145.689,418.839,0.00238755,0.1189917328010408,-2.12870126,44.557,11.971,950,180.924,65.536,223.404,0
216.622,489.772,0.00204177,2.012691582602023,0.69947292,51.748,13.464,1195,39.513,56.521,44.458,1
87.84,360.99,0.00277016,0.005205501755487927,-5.25803918,41.319,3.186,598,163.679,64.615,55.758,0
178.246,451.396,0.00221535,0.4866252629777198,-0.72026093,48.961,7.422,1166,230.044,57.956,178.586,1
73.189,346.339,0.00288734,0.001996240798765969,-6.21648947,44.142,2.121,706,231.824,65.437,151.397,0
129.101,402.251,0.00248601,0.05318469970797999,-2.93398452,40.622,8.394,556,36.219,80.477,15.252,0
219.151,492.301,0.00203128,2.192977549984857,0.78526023,52.881,13.64,244,72.101,79.349,239.752,1
151.498,424.648,0.00235489,0.155428354766763,-1.86157039,41.887,4.189,547,269.82,81.158,85.286,0
210.207,483.357,0.00206886,1.61258801225479,0.47784035,50.679,9.952,587,57.182,54.636,159.037,1
111.116,384.266,0.00260236,0.02053466024513687,-3.88564108,44.002,9.986,308,92.749,64.444,78.643,0
208.031,481.181,0.00207822,1.493794059964875,0.40131923,51.793,1.195,1187,234.059,78.32,201.538,1
73.892,347.042,0.0028815,0.002094057487061422,-6.16865171,43.254,9.798,752,109.411,56.248,33.291,0
129.66,402.81,0.00248256,0.05470679457844469,-2.90576736,36.665,13.262,162,95.639,60.082,142.931,0
61.377,334.527,0.0029893,0.0008671115145133529,-7.05034297,40.722,2.891,1028,248.463,67.348,159.387,0
174.509,447.659,0.00223384,0.4183158755986425,-0.87151845,43.372,3.415,501,205.739,66.689,33.714,0
101.53,374.68,0.00266894,0.01191212243906164,-4.43019871,37.437,12.897,428,198.515,77.874,95.321,0
195.8,468.95,0.00213242,0.9588607017270219,-0.04200947,43.345,6.479,279,207.783,58.083,104.678,0
89.003,362.153,0.00276126,0.005598372169050445,-5.18527941,42.219,4.941,320,149.188,69.942,134.559,0
180.482,453.632,0.00220443,0.5320865909306276,-0.63094904,41.204,13.437,672,287.212,79.014,157.158,0
73.031,346.181,0.00288866,0.001974840201295368,-6.22726779,38.408,14.28,1090,26.363,78.151,130.906,0
63.622,336.772,0.00296937,0.001020606929442015,-6.8873578,38.735,14.029,761,27.245,61.257,59.444,0
54.254,327.404,0.00305433,0.0005094069207976915,-7.58226341,42.493,3.059,101,49.963,59.537,184.423,0
147.629,420.779,0.00237654,0.1302019293200191,-2.03866873,38.455,7.775,520,229.68,57.806,15.95,0
213.446,486.596,0.00205509,1.80484611143971,0.59047533,46.091,8.935,355,138.834,70.323,43.77,0
99.101,372.251,0.00268636,0.01033067072665988,-4.57263807,41.298,5.943,260,165.931,56.103,224.536,0
101.913,375.063,0.00266622,0.01218063928608401,-4.40790753,35.436,2.21,621,195.655,59.976,212.48,0
40.552,313.702,0.00318774,0.0001710753938412602,-8.6734062,42.059,3.321,908,35.338,77.265,124.995,0
162.673,435.823,0.00229451,0.2546903991159994,-1.36770659,37.428,13.761,1129,49.278,81.277,102.72,0
48.371,321.521,0.00311022,0.0003225165043665389,-8.03935625,41.123,6.238,447,121.473,71.542,205.355,0
167.141,440.291,0.00227123,0.3081203365708343,-1.17726487,41.342,14.953,368,291.47,58.165,203.207,0
194.628,467.778,0.00213777,0.9178628241468545,-0.08570733,48.321,7.603,122,154.858,73.846,242.3,0
87.708,360.858,0.00277117,0.005162537679763457,-5.26632702,38.848,12.814,399,154.762,57.647,183.98,0
212.509,485.659,0.00205906,1.747254959171383,0.55804596,54.341,3.399,764,226.139,76.186,118.27,1
43.74,316.89,0.00315567,0.0002223827924236193,-8.41111037,44.698,6.501,272,292.723,59.319,114.709,0
189.981,463.131,0.00215922,0.7701676608009578,-0.26114705,43.107,7.04,779,202.13,70.441,96.325,0
120.86,394.01,0.00253801,0.03476083332989678,-3.35926401,45.288,1.836,1098,268.797,66.11,214.558,1
186.472,459.622,0.0021757,0.6730240105921013,-0.39597427,49.464,7.522,226,17.893,61.399,177.184,1
188.849,461.999,0.00216451,0.7375522135230489,-0.3044184,44.777,14.326,1091,298.834,71.403,82.748,0
83.423,356.573,0.00280447,0.003931632406561939,-5.53870057,41.522,11.082,441,172.855,77.269,79.26,0
118.536,391.686,0.00255307,0.0307326494642745,-3.48242969,39.316,2.719,239,170.159,68.982,5.987,0
142.503,415.653,0.00240585,0.1024498114301248,-2.27838224,36.832,3.038,541,104.779,72.582,111.986,0
219.49,492.64,0.00202988,2.218192451178887,0.79669265,56.214,2.131,763,156.371,54.775,224.807,1
50.709,323.859,0.00308776,0.0003875321753046729,-7.85571168,39.874,12.054,440,195.067,61.672,159.656,0
183.593,456.743,0.00218942,0.6016123476419623,-0.50814198,42.249,4.772,1185,241.119,74.541,113.076,0
150.26,423.41,0.00236178,0.1469172059073053,-1.91788608,39.108,8.395,1056,199.198,78.131,7.755,0
194.818,467.968,0.0021369,0.9244019058265931,-0.07860834,50.603,11.668,329,31.579,77.473,246.806,0
200.414,473.564,0.00211165,1.136463222114288,0.127921,51.612,14.145,1062,143.553,73.239,25.136,1
194.415,467.565,0.00213874,0.9105809022595568,-0.09367253,45.141,3.023,803,256.566,56.093,13.848,1
42.482,315.632,0.00316825,0.0002006435389006772,-8.51398066,41.018,2.873,409,123.962,55.329,132.062,0
102.741,375.891,0.00266035,0.01278002406356598,-4.35987195,43.77,13.639,432,178.105,78.524,18.504,0
160.446,433.596,0.00230629,0.231287268597642,-1.46409475,45.285,5.821,619,32.034,71.761,122.323,0
147.757,420.907,0.00237582,0.1309738457566031,-2.03275763,42.228,10.487,1121,206.649,72.728,24.932,0
55.685,328.835,0.00304104,0.0005679076992604707,-7.47355165,35.326,7.119,747,298.689,71.99,164.273,0
81.058,354.208,0.0028232,0.00337333718949425,-5.69185276,37.529,14.391,1173,251.407,71.711,141.332,0
206.343,479.493,0.00208554,1.407029503475701,0.34148075,53.12,1.694,282,288.475,80.987,238.723,1
189.992,463.142,0.00215917,0.7704907704459285,-0.2607276,44.908,8.201,1102,296.781,60.656,81.303,0
99.349,372.499,0.00268457,0.01048290009464523,-4.55800991,43.799,12.459,1160,188.998,73.679,54.36,0
179.731,452.881,0.00220809,0.5164134104391829,-0.66084765,40.887,10.529,246,278.09,77.537,239.414,0
153.851,427.001,0.00234191,0.1728321540598515,-1.75543436,42.495,5.628,588,225.292,57.991,201.436,0
139.797,412.947,0.00242162,0.09005575167193132,-2.40732634,36.236,3.085,777,162.759,72.538,202.932,0
208.445,481.595,0.00207643,1.515781584383651,0.4159312,44.332,2.715,684,99.09,80.468,167.745,0
44.409,317.559,0.00314902,0.0002348094380448353,-8.35673627,39.126,14.96,231,283.424,69.188,163.373,0
122.21,395.36,0.00252934,0.03731415478422576,-3.28838254,41.838,14.635,1037,296.864,81.402,96.134,0
155.128,428.278,0.00233493,0.1829904446877309,-1.69832134,40.609,5.056,243,151.023,74.212,32.879,0
185.953,459.103,0.00217816,0.6596203037351939,-0.41609091,49.871,2.518,140,226.226,59.9,165.64,1
138.255,411.405,0.00243069,0.08361242364779299,-2.48156316,45.175,13.646,305,59.326,80.606,39.473,0
207.466,480.616,0.00208066,1.46424119797413,0.38133715,50.398,11.197,962,111.493,74.742,179.875,1
143.935,417.085,0.00239759,0.1096104298679461,-2.21082275,43.757,6.544,421,126.291,63.634,136.867,0
133.533,406.683,0.00245892,0.06637751540283257,-2.7123969,45.091,2.901,940,290.643,66.592,189.247,0
106.486,379.636,0.0026341,0.01583984560561977,-4.14522664,41.1,9.538,311,131.713,65.202,235.153,0
94.907,368.057,0.00271697,0.008042585628824803,-4.82300465,35.634,10.494,961,197.694,76.581,81.525,0
212.55,485.7,0.00205888,1.749740656373595,0.55946758,48.258,7.663,183,10.171,66.057,104.121,0
64.242,337.392,0.00296391,0.001067187575035105,-6.84272853,37.003,12.428,894,41.54,71.855,236.425,0
182.622,455.772,0.00219408,0.5790929165323668,-0.54629234,48.404,3.528,532,264.882,64.212,20.032,1
154.275,427.425,0.00233959,0.1761475318387672,-1.73643339,44.501,2.881,909,252.106,60.869,220.012,0
74.011,347.161,0.00288051,0.002111042930886819,-6.16057317,40.619,14.53,113,120.796,57.533,116.622,0
213.593,486.743,0.00205447,1.814031360333545,0.59555164,54.706,4.947,276,105.387,62.52,200.952,1
133.795,406.945,0.00245733,0.06724257122648433,-2.69944873,43.376,9.715,243,87.354,67.044,24.054,0
213.519,486.669,0.00205478,1.809402359019714,0.5929966,53.255,3.094,648,83.747,56.696,195.883,1
98.219,371.369,0.00269274,0.009805413017233783,-4.6248207,35.124,2.137,251,139.857,81.361,241.236,0
88.693,361.843,0.00276363,0.005491093004925928,-5.20462795,38.17,6.65,883,54.819,58.206,114.097,0
184.826,457.976,0.00218352,0.6313273017911906,-0.45993085,47.895,14.005,1171,145.824,65.028,188.395,0
174.149,447.299,0.00223564,0.4122096714406343,-0.88622315,42.545,7.424,245,98.188,70.205,155.18,0
153.307,426.457,0.0023449,0.16866035641819,-1.77986831,41.097,4.345,927,144.078,70.494,223.357,0
121.226,394.376,0.00253565,0.03543698235682784,-3.3399993,41.128,4.812,183,95.686,63.544,106.425,0
134.727,407.877,0.00245172,0.07040270051973822,-2.65352366,42.978,7.025,1173,16.618,66.851,135.462,0
139.555,412.705,0.00242304,0.08901589814235451,-2.41894029,45.352,2.813,963,87.519,67.868,243.43,0
184.878,458.028,0.00218327,0.6326086359573946,-0.45790332,49.583,5.205,108,240.309,75.876,160.443,1
55.794,328.944,0.00304003,0.0005726076582538235,-7.46530979,39.893,4.418,990,280.698,70.512,215.217,0
110.751,383.901,0.00260484,0.02012328217739362,-3.90587782,40.91,6.783,370,230.055,60.346,55.464,0
41.125,314.275,0.00318193,0.000179404094069852,-8.62586979,36.755,8.208,162,137.664,73.393,97.624,0
49.59,322.74,0.00309847,0.0003550419540110761,-7.9432746,42.476,14.922,752,244.388,71.102,177.175,0
209.434,482.584,0.00207218,1.569467038260349,0.4507361,52.206,14.934,914,52.635,78.666,93.214,1
157.923,431.073,0.00231979,0.2071115907047816,-1.57449755,40.224,13.98,981,39.184,63.148,189.929,0
132.754,405.904,0.00246364,0.06386433507450973,-2.75099421,43.601,6.019,397,112.834,78.432,45.625,0
194.492,467.642,0.00213839,0.9132074073445761,-0.09079225,47.944,3.326,670,127.356,76.808,43.348,1
180.744,453.894,0.00220316,0.5376531429358138,-0.62054164,39.338,14.857,1054,198.093,81.48,60.942,0
48.246,321.396,0.00311143,0.0003193413531154136,-8.04924995,41.923,3.13,1170,161.564,79.984,74.424,0
174.11,447.26,0.00223584,0.411552955572965,-0.88781758,42.425,13.308,219,12.174,57.368,60.96,0
178.539,451.689,0.00221391,0.4923785851726746,-0.70850738,41.038,9.057,521,118.636,58.54,45.867,0
64.245,337.395,0.00296389,0.001067417631420146,-6.84251298,37.254,10.158,834,160.677,60.758,176.209,0
84.702,357.852,0.00279445,0.004267535635457093,-5.45671875,41.078,2.901,429,279.34,62.755,210.591,0
163.831,436.981,0.00228843,0.2676768721322638,-1.31797473,47.1,6.333,1092,241.515,75.593,179.43,1
174.768,447.918,0.00223255,0.4227586397625405,-0.86095385,39.219,7.527,209,178.463,55.9,202.231,0
180.049,453.199,0.00220654,0.5229991586965999,-0.64817542,42.437,14.079,797,92.312,71.493,201.793,0
53.206,326.356,0.00306414,0.0004701382456861246,-7.66248377,37.219,14.831,1054,299.069,77.878,161.564,0
93.092,366.242,0.00273044,0.007203910556579873,-4.93313127,37.32,13.543,341,205.466,77.035,54.355,0
99.492,372.642,0.00268354,0.01057160148279471,-4.54958398,36.763,7.991,167,214.032,81.048,227.913,0
219.92,493.07,0.00202811,2.250542587856019,0.81117134,53.617,10.186,944,67.42,77.013,43.878,1
49.514,322.664,0.0030992,0.0003529289840544314,-7.9492437,37.04,5.763,880,94.429,67.775,168.748,0
111.282,384.432,0.00260124,0.02072426110692258,-3.87645023,40.834,3.306,797,201.065,79.928,119.934,0
199.716,472.866,0.00211476,1.107856457198732,0.10242703,43.539,2.325,1094,45.426,80.148,16.035,0
58.443,331.593,0.00301575,0.0006984298466646266,-7.26667582,41.034,10.13,120,131.04,71.903,12.364,0
187.676,460.826,0.00217002,0.7050537272901211,-0.34948127,49.055,14.422,759,277.581,67.957,45.699,0
132.87,406.02,0.00246293,0.064233053810187,-2.74523734,40.955,3.348,666,61.879,69.461,98.959,0
179.78,452.93,0.00220785,0.5174233645172364,-0.65889385,42.642,2.255,528,42.023,60.064,233.617,0
76.456,349.606,0.00286036,0.002489167302647966,-5.99580704,38.295,7.856,162,159.059,71.04,29.919,0
95.466,368.616,0.00271285,0.008318233980172809,-4.78930531,37.91,3.991,475,107.968,57.869,224.191,0
199.956,473.106,0.00211369,1.117619918209229,0.11120135,42.854,6.595,1028,294.133,55.959,53.713,0
216.5,489.65,0.00204228,2.004334531764242,0.6953121,46.414,6.468,1128,160.667,60.364,246.921,0
142.486,415.636,0.00240595,0.1023673899998663,-2.27918707,38.033,2.772,846,106.008,55.665,16.598,0
215.827,488.977,0.00204509,1.958780448103321,0.67232206,55.105,7.79,1053,211.172,77.046,204.272,1
70.123,343.273,0.00291313,0.001616623748374673,-6.42741541,38.431,2.976,742,264.517,79.467,88.579,0
156.469,429.619,0.00232764,0.1942301587076039,-1.63871144,45.769,12.45,123,119.795,66.109,133.022,0
135.915,409.065,0.0024446,0.07462442934684396,-2.59528735,36.248,12.93,673,286.713,72.335,106.912,0
85.362,358.512,0.00278931,0.004450928142742519,-5.41464263,44.277,1.29,629,97.638,78.171,137.192,0
42.094,315.244,0.00317215,0.0001943452764696109,-8.54587421,44.422,8.648,974,25.78,63.077,10.096,0
79.538,352.688,0.00283537,0.003053799030125565,-5.79136888,39.057,8.693,965,187.339,70.982,70.275,0
93.598,366.748,0.00272667,0.007429329101293508,-4.90231972,38.354,8.609,354,199.793,55.739,26.055,0
74.065,347.215,0.00288006,0.002118792118808692,-6.15690911,43.546,5.746,253,55.394,56.401,202.69,0
137.495,410.645,0.00243519,0.08059190176978051,-2.51835711,37.917,6.588,108,170.803,70.846,207.257,0
179.321,452.471,0.00221009,0.5080312357311978,-0.67721235,41.199,10.308,179,266.322,66.183,14.605,0
72.497,345.647,0.00289313,0.001904056361497749,-6.26376874,41.728,8.802,293,144.361,55.876,53.354,0
118.713,391.863,0.00255191,0.03102388849529861,-3.47299777,40.304,8.278,234,288.133,77.437,89.624,0
108.492,381.642,0.00262026,0.01773908345733382,-4.03198497,38.0,10.759,1000,30.875,60.8,171.847,0
162.705,435.855,0.00229434,0.2550415619082242,-1.36632876,38.237,14.866,455,35.597,81.13,38.246,0
137.677,410.827,0.00243411,0.08130615726749822,-2.50953353,38.177,14.572,358,172.924,62.133,63.758,0
112.116,385.266,0.00259561,0.0217010552914059,-3.83039439,40.736,7.171,291,267.611,69.325,237.596,0
204.595,477.745,0.00209317,1.32189939521843,0.27906964,48.526,2.337,445,152.292,68.101,13.835,1
164.415,437.565,0.00228537,0.274447879173505,-1.29299391,38.465,11.357,289,235.004,78.445,39.494,0
153.896,427.046,0.00234167,0.1731813512680786,-1.75341596,42.983,1.635,498,85.075,74.353,203.924,0
62.26,335.41,0.00298143,0.0009247588315814532,-6.98597758,41.683,12.141,1122,209.332,70.077,118.222,0
137.734,410.884,0.00243378,0.08153102069990181,-2.50677171,38.436,9.958,1118,66.511,69.344,170.086,0
145.556,418.706,0.00238831,0.1182559243367134,-2.13490415,42.594,6.833,1080,11.662,60.115,90.846,0
106.498,379.648,0.00263402,0.01585063582955458,-4.14454566,39.411,12.958,754,113.486,59.24,142.927,0
212.294,485.444,0.00205997,1.734271081582495,0.5505872,50.656,6.736,123,238.985,58.137,236.685,1
196.682,469.832,0.00212842,0.9907748299244511,-0.00926799,51.273,3.706,138,65.6,75.329,66.2,1
63.819,336.969,0.00296763,0.001035201270663553,-6.87315941,39.31,11.839,852,282.88,59.001,146.663,0
217.34,490.49,0.00203878,2.062499174691912,0.72391844,52.282,13.386,883,136.512,78.04,220.843,1
57.278,330.428,0.00302638,0.0006402572928541675,-7.35364044,38.223,9.962,197,259.262,66.381,210.339,0
67.078,340.228,0.00293921,0.001306165871242498,-6.64065925,42.369,6.92,761,290.269,55.299,242.614,0
77.899,351.049,0.00284861,0.002740426555790528,-5.89964169,41.357,4.574,913,296.453,63.203,102.64,0
65.853,339.003,0.00294983,0.001197490020746677,-6.72752756,40.163,7.601,470,214.358,61.597,96.231,0
104.596,377.746,0.00264728,0.01422121588117642,-4.25302035,44.493,7.912,763,52.385,60.772,48.587,0
67.777,340.927,0.00293318,0.001372157636877468,-6.59137086,39.662,8.626,1098,195.595,64.641,29.194,0
178.325,451.475,0.00221496,0.4881705810381415,-0.71709038,42.018,9.641,833,268.814,75.703,12.379,0
169.58,442.73,0.00225871,0.3413223141078864,-1.07492805,39.031,12.422,841,279.07,68.244,142.882,0
133.239,406.389,0.0024607,0.06541874703335986,-2.72694641,39.579,5.796,1070,166.278,65.292,44.104,0
147.052,420.202,0.00237981,0.1267726962903958,-2.06535959,41.031,14.731,277,78.845,56.418,105.887,0
94.205,367.355,0.00272216,0.00770820427383788,-4.86547003,41.035,5.233,846,172.868,75.836,55.555,0
72.048,345.198,0.00289689,0.001846345481516758,-6.29454701,38.532,6.867,550,237.348,71.708,98.287,0
121.33,394.48,0.00253498,0.03563126826965256,-3.3345317,35.979,13.723,1137,277.771,74.885,181.792,0
49.116,322.266,0.00310303,0.0003420516071517306,-7.98054893,43.632,10.424,832,211.661,71.375,117.463,0
213.221,486.371,0.00205604,1.790866407238277,0.58269953,53.954,1.442,300,35.379,76.361,92.705,1
204.247,477.397,0.00209469,1.305505067900578,0.26658999,51.056,10.897,792,222.848,58.057,130.817,1
47.335,320.485,0.00312027,0.000297056444777574,-8.12158839,40.213,9.67,778,292.622,67.526,62.005,0
166.532,439.682,0.00227437,0.3002935613345518,-1.20299475,37.713,5.474,199,174.419,59.501,160.038,0
65.169,338.319,0.00295579,0.001140480421646922,-6.77630568,40.11,3.709,921,71.172,60.199,50.383,0
145.584,418.734,0.00238815,0.118410491091697,-2.13359795,37.363,14.841,956,14.023,74.271,176.038,0
92.36,365.51,0.0027359,0.006888820038518732,-4.97785547,35.366,1.287,417,266.238,55.829,125.467,0
52.305,325.455,0.00307262,0.0004386253793392539,-7.73186486,36.442,12.499,506,207.608,78.147,5.307,0
101.403,374.553,0.00266985,0.01182427851797257,-4.43760036,35.926,12.051,695,48.357,63.013,133.409,0
205.858,479.008,0.00208765,1.382937447636161,0.32420982,45.696,8.941,863,90.152,65.771,30.887,0
191.763,464.913,0.00215094,0.8241060731654507,-0.19345603,49.025,4.013,567,179.921,77.392,42.457,1
87.431,360.581,0.0027733,0.00507342750046873,-5.28373865,42.103,10.886,179,239.211,71.734,64.875,0
210.63,483.78,0.00206706,1.636624083394796,0.49263563,50.731,5.402,893,296.82,63.62,206.108,1
87.423,360.573,0.00277336,0.005070874887219799,-5.28424191,44.658,9.414,946,178.78,73.719,213.172,0
138.289,411.439,0.00243049,0.08374990075774362,-2.47992029,37.746,1.082,871,280.636,57.377,108.089,0
101.082,374.232,0.00267214,0.01160486496800924,-4.45633087,38.992,12.079,868,283.929,59.793,117.312,0
167.293,440.443,0.00227044,0.3101019829470059,-1.17085406,39.408,1.787,716,290.611,72.097,70.116,0
145.684,418.834,0.00238758,0.118963996660971,-2.12893438,45.356,6.061,395,119.699,68.09,173.827,0
79.959,353.109,0.00283199,0.003139412034429552,-5.76371975,42.285,2.43,854,295.363,80.509,209.699,0
160.087,433.237,0.00230821,0.2277001603114632,-1.4797256,39.524,13.932,1162,295.541,81.264,192.668,0
108.394,381.544,0.00262093,0.01764170551403879,-4.03748955,43.788,9.397,922,123.45,68.308,186.489,0
166.401,439.551,0.00227505,0.2986333439990064,-1.20853873,37.882,6.205,153,14.237,75.769,156.432,0
122.967,396.117,0.00252451,0.03881890809549883,-3.24884783,43.425,4.131,1055,208.233,78.539,227.524,0
62.151,335.301,0.00298239,0.0009174571513234704,-6.99390468,35.851,11.021,1081,80.16,77.664,197.486,0
122.33,395.48,0.00252857,0.03754911821442174,-3.28210538,43.635,5.031,182,255.837,68.079,142.176,0
107.91,381.06,0.00262426,0.01716784787127287,-4.06471695,39.43,3.842,282,53.11,70.637,152.367,0
120.607,393.757,0.00253964,0.03430027884487695,-3.3726018,42.277,4.642,761,137.427,72.567,86.717,0
168.653,441.803,0.00226345,0.3283449727112486,-1.11369048,41.309,11.294,1049,220.439,68.757,229.779,0
72.165,345.315,0.00289591,0.001861227382352125,-6.28651913,43.018,5.97,410,243.256,74.985,169.333,0
103.389,376.539,0.00265577,0.01326765391263509,-4.32242624,39.123,5.988,428,78.37,58.606,123.281,0
185.147,458.297,0.00218199,0.6392740204078076,-0.44742209,45.929,11.905,621,248.057,71.372,105.645,0
217.142,490.292,0.0020396,2.048656773486889,0.71718435,52.884,6.281,951,163.079,77.145,136.244,1
140.877,414.027,0.0024153,0.09483080715235498,-2.35566095,42.83,4.162,595,186.434,66.463,52.854,0
145.476,418.626,0.00238877,0.1178153024617426,-2.13863711,41.212,12.874,324,276.46,69.127,105.636,0
169.387,442.537,0.0022597,0.3385833648503815,-1.08298494,38.913,13.741,375,243.084,73.331,31.663,0
166.647,439.797,0.00227378,0.3017577885214001,-1.19813061,40.673,7.5,1178,162.146,55.525,139.713,0
46.943,320.093,0.00312409,0.0002879159210438226,-8.15284206,42.124,9.508,1091,178.433,78.412,148.853,0
91.334,364.484,0.0027436,0.006468280195049887,-5.04084502,44.534,11.452,112,48.81,61.816,215.628,0
77.678,350.828,0.0028504,0.002700499780726622,-5.91431842,39.861,4.639,1087,176.946,72.461,21.92,0
158.136,431.286,0.00231865,0.2090614491444013,-1.56512706,38.172,7.68,642,160.419,72.278,189.862,0
81.58,354.73,0.00281905,0.003489930127648702,-5.65787356,42.736,2.664,686,226.609,68.673,48.976,0
181.467,454.617,0.00219965,0.5532837917467062,-0.59188422,41.092,5.201,541,126.632,55.079,226.875,0
180.386,453.536,0.0022049,0.5300598019564859,-0.63476544,45.879,9.004,495,173.012,79.848,111.725,0
57.905,331.055,0.00302065,0.0006709873698781247,-7.30676024,43.753,12.189,552,66.438,72.484,202.181,0
124.811,397.961,0.00251281,0.04271635486317905,-3.15317341,40.311,14.594,477,89.54,74.754,19.645,0
75.122,348.272,0.00287132,0.002275814638907935,-6.08541721,43.401,9.322,732,115.439,64.692,100.373,0
131.647,404.797,0.00247037,0.06044033725273219,-2.80609856,35.726,10.276,996,134.141,79.126,118.133,0
112.797,385.947,0.00259103,0.02252937508959216,-3.79293526,35.288,5.053,622,190.507,65.34,129.678,0
157.582,430.732,0.00232163,0.2040238412272803,-1.58951842,37.595,4.08,943,128.188,55.057,219.018,0
91.739,364.889,0.00274056,0.006631406172952293,-5.0159384,36.522,6.062,547,100.708,81.053,70.879,0
158.315,431.465,0.00231769,0.2107127434755822,-1.55725948,37.342,5.966,873,200.486,72.729,56.638,0
156.804,429.954,0.00232583,0.1971327098858241,-1.62387812,44.083,5.314,1150,152.011,74.192,202.652,0
87.514,360.664,0.00277266,0.005099980085828151,-5.27851864,42.486,8.275,387,75.116,78.192,240.095,0
142.655,415.805,0.00240497,0.1031894097840714,-2.27118905,40.606,7.459,345,94.137,69.075,55.291,0
157.56,430.71,0.00232175,0.2038260532881847,-1.59048833,37.047,5.528,860,250.274,61.962,11.86,0
96.385,369.535,0.0027061,0.008790137415964613,-4.73412493,39.708,6.428,188,147.699,78.775,79.872,0
67.003,340.153,0.00293985,0.001299260871730268,-6.64595974,37.592,10.203,229,84.181,55.909,99.205,0
183.516,456.666,0.00218978,0.5997985856643273,-0.51116137,44.407,5.568,293,211.5,61.423,202.604,0
212.575,485.725,0.00205878,1.751257854312172,0.5603343,50.568,7.531,966,294.619,61.811,91.241,1
128.054,401.204,0.0024925,0.05043618166895843,-2.98704647,40.253,6.346,785,193.509,54.578,72.096,0
106.036,379.186,0.00263723,0.015439990597222,-4.17079434,41.588,9.333,928,28.909,56.085,62.408,0
82.335,355.485,0.00281306,0.00366508425910956,-5.60890395,38.78,13.462,617,234.338,54.664,142.473,0
134.596,407.746,0.00245251,0.0699505923333618,-2.65996611,39.916,8.456,881,299.492,80.824,129.836,0
140.441,413.591,0.00241785,0.0928763739346591,-2.37648598,43.685,12.091,432,229.817,63.451,146.568,0
91.818,364.968,0.00273997,0.006663659168259098,-5.01108652,37.921,2.451,964,60.075,57.791,201.831,0
138.732,411.882,0.00242788,0.08555982213400391,-2.45853947,39.94,4.594,478,20.174,61.51,192.313,0
175.503,448.653,0.00222889,0.4355961737730819,-0.83103967,41.541,10.358,1006,109.544,61.605,116.653,0
158.495,431.645,0.00231672,0.2123850180299922,-1.54935453,40.624,8.751,948,140.084,67.082,237.197,0
165.641,438.791,0.00227899,0.2891621621050159,-1.24076763,45.622,9.344,646,195.718,60.324,110.839,0
128.286,401.436,0.00249106,0.05103391622896451,-2.97526484,41.583,6.158,659,284.906,66.377,17.505,0
147.735,420.885,0.00237595,0.1308408811614792,-2.03377334,40.661,8.568,823,13.415,74.514,117.826,0
189.123,462.273,0.00216322,0.7453322786831841,-0.29392515,42.015,8.275,1129,203.252,80.266,148.338,0
81.666,354.816,0.00281836,0.003509488245399654,-5.65228505,35.396,9.722,599,88.795,64.787,99.868,0
64.614,337.764,0.00296065,0.001096064101337254,-6.81602961,38.483,12.31,859,292.843,63.829,42.005,0
83.294,356.444,0.00280549,0.003899129636415775,-5.54700192,43.173,2.273,973,50.171,55.268,43.202,0
165.096,438.246,0.00228182,0.2825363767385898,-1.26394797,42.504,6.542,847,218.121,72.105,122.76,0
138.07,411.22,0.00243179,0.08286793694752055,-2.49050706,37.915,13.827,744,168.419,63.9,87.777,0
147.374,420.524,0.00237799,0.1286762800643534,-2.05045549,37.795,8.774,263,105.832,63.194,80.731,0
76.77,349.92,0.0028578,0.00254197553117309,-5.97481373,37.68,1.102,951,163.088,65.383,122.572,0
143.131,416.281,0.00240222,0.1055366520884949,-2.24869697,36.464,1.882,679,179.695,70.732,25.733,0
44.678,317.828,0.00314636,0.0002399842230496113,-8.33493737,43.561,8.25,612,154.652,60.37,78.061,0
85.048,358.198,0.00279175,0.004362799547895338,-5.43464133,41.691,12.067,588,299.44,74.982,28.522,0
113.72,386.87,0.00258485,0.02369775009662904,-3.74237517,44.793,11.572,378,262.014,76.177,11.434,0
67.856,341.006,0.0029325,0.00137980504014792,-6.58581307,37.56,5.802,797,192.948,80.33,214.757,0
188.656,461.806,0.00216541,0.7321154211466897,-0.3118171,42.812,11.191,725,145.186,64.485,44.099,0
110.36,383.51,0.00260749,0.0196908973813931,-3.92759881,38.797,5.572,748,44.61,62.153,217.493,0
82.877,356.027,0.00280878,0.003795733228142783,-5.57387768,44.013,5.092,656,157.593,60.157,231.694,0
183.094,456.244,0.00219181,0.589944220331962,-0.52772729,45.3,12.757,660,109.293,78.487,151.763,0
145.606,418.756,0.00238803,0.1185320635889402,-2.13257178,45.954,9.869,602,68.128,56.635,236.421,0
49.067,322.217,0.0031035,0.0003407340002612805,-7.98440844,37.325,11.377,664,195.404,56.454,127.052,0
158.18,431.33,0.00231841,0.2094662772404742,-1.56319252,38.418,4.544,1031,213.139,76.462,232.003,0
178.695,451.845,0.00221315,0.4954664045417146,-0.70225573,40.418,8.187,459,217.719,55.704,55.08,0
195.995,469.145,0.00213154,0.9658370880429581,-0.0347601,48.077,13.193,1034,262.164,79.475,25.052,0
85.237,358.387,0.00279028,0.004415652345750126,-5.4225997,38.311,6.65,890,235.385,71.164,101.297,0
77.963,351.113,0.00284809,0.002752089411333176,-5.89539487,44.581,4.847,1068,80.891,62.528,22.991,0
125.789,398.939,0.00250665,0.04492370668159248,-3.10278964,45.126,14.707,845,36.631,76.36,218.261,0
110.364,383.514,0.00260747,0.01969527779157339,-3.92737638,39.577,11.378,466,258.731,72.542,236.029,0
176.331,449.481,0.00222479,0.4504727855496383,-0.79745761,46.014,8.914,241,185.994,70.481,175.774,0
55.681,328.831,0.00304108,0.0005677359004496773,-7.47385421,37.777,8.041,537,217.159,73.684,69.662,0
146.707,419.857,0.00238176,0.124761216069473,-2.08135364,44.009,5.667,364,50.985,81.571,196.13,0
150.192,423.342,0.00236216,0.1464620560564281,-1.92098889,37.796,4.033,991,250.876,56.158,74.109,0
204.412,477.562,0.00209397,1.313255714830505,0.27250933,51.789,2.769,485,174.058,66.302,188.504,1
64.754,337.904,0.00295942,0.00110711599243056,-6.80599685,36.274,12.498,509,121.846,77.509,228.677,0
186.193,459.343,0.00217702,0.6657888058930869,-0.40678277,48.218,3.709,145,32.103,76.011,44.782,1
164.589,437.739,0.00228447,0.2764946282858038,-1.28556389,46.916,8.488,250,249.965,55.074,187.811,0
141.529,414.679,0.0024115,0.09782250236895151,-2.32460064,44.603,7.298,1120,195.352,65.521,143.454,0
129.666,402.816,0.00248252,0.05472334275447388,-2.90546492,37.234,14.409,255,279.792,66.996,72.325,0
197.218,470.368,0.00212599,1.010625402102761,0.01056935,47.711,6.039,942,150.881,63.419,51.85,1
42.816,315.966,0.0031649,0.0002062155354271202,-8.48658865,35.339,6.826,771,222.701,66.451,29.48,0
96.874,370.024,0.00270253,0.00905104393469222,-4.70487518,40.18,9.804,434,71.253,75.706,219.752,0
142.016,415.166,0.00240868,0.1001121385070454,-2.30146434,40.119,11.782,133,216.592,60.121,19.195,0
154.72,427.87,0.00233716,0.1796882588537579,-1.71653182,41.27,11.777,1155,56.209,67.79,80.624,0
135.266,408.416,0.00244848,0.07229071044224877,-2.62705964,35.939,6.235,173,125.069,60.763,239.24,0
141.582,414.732,0.0024112,0.09806937979851604,-2.32208009,45.85,10.658,1012,55.757,71.695,28.83,0
102.484,375.634,0.00266217,0.01259117787707421,-4.37475888,42.823,2.732,1059,284.433,59.349,177.887,0
149.849,422.999,0.00236407,0.1441854388133193,-1.93665504,38.828,6.056,284,103.305,73.727,181.877,0
54.601,327.751,0.0030511,0.0005230597000959753,-7.55581495,37.086,8.895,185,163.481,68.924,161.854,0
200.721,473.871,0.00211028,1.149250726870474,0.13911019,46.542,9.376,1162,105.938,63.315,99.129,0
160.7,433.85,0.00230494,0.233855651354799,-1.45305123,38.848,7.11,806,158.486,69.211,190.867,0
117.851,391.001,0.00255754,0.02962868784653964,-3.5190122,42.26,14.738,200,245.075,62.002,29.436,0
137.359,410.509,0.002436,0.0800618626628552,-2.52495566,38.861,4.874,692,25.604,68.585,244.56,0
203.56,476.71,0.00209771,1.273666765588073,0.24189996,50.323,12.155,227,104.368,76.33,158.457,0
207.805,480.955,0.0020792,1.481910353881302,0.39333204,51.139,3.739,673,126.13,77.975,133.642,1
135.924,409.074,0.00244455,0.07465726334355328,-2.59484746,43.907,14.125,715,81.981,59.65,30.239,0
177.87,451.02,0.0022172,0.4793298159665302,-0.73536637,44.757,11.207,891,298.463,72.859,60.161,0
61.815,334.965,0.00298539,0.0008952809431578373,-7.01837299,41.686,1.487,1058,21.759,68.679,143.132,0
53.981,327.131,0.00305688,0.000498896948619426,-7.603111,40.918,12.837,1131,150.172,79.644,191.467,0
102.455,375.605,0.00266237,0.0125700282853126,-4.37644001,43.846,4.69,106,147.973,61.775,57.612,0
182.214,455.364,0.00219605,0.5698562728090325,-0.5623711,43.646,4.535,873,220.545,80.003,109.322,0
141.403,414.553,0.00241224,0.09723782674328187,-2.33059548,38.363,10.152,396,185.527,74.139,172.093,0
124.574,397.724,0.00251431,0.04219640382059299,-3.16542028,39.951,6.487,731,113.544,71.665,109.555,0
172.94,446.09,0.0022417,0.3922797202368697,-0.93578012,40.693,3.07,1086,19.178,62.732,126.132,0
188.716,461.866,0.00216513,0.7338017949097226,-0.30951632,48.581,10.183,1138,277.756,79.117,175.836,0
86.535,359.685,0.00278021,0.004794705526731413,-5.34024299,37.933,14.088,1100,179.27,58.77,86.316,0
101.352,374.502,0.00267021,0.01178916852675664,-4.44057409,40.882,8.904,778,82.683,63.757,206.103,0
140.957,414.107,0.00241483,0.09519340570264936,-2.35184461,36.423,13.392,274,250.066,80.127,230.447,0
204.798,477.948,0.00209228,1.331546488030953,0.28634104,47.565,14.613,526,265.332,63.547,66.296,0
55.938,329.088,0.0030387,0.0005788716217331123,-7.45442983,40.176,3.899,1031,99.74,81.547,171.442,0
98.62,371.77,0.00268984,0.01004113376452522,-4.60106525,41.822,13.271,1199,253.028,77.498,37.472,0
93.42,366.57,0.00272799,0.007349309861533338,-4.91314887,37.873,8.342,898,160.402,80.959,12.736,0
57.75,330.9,0.00302206,0.0006632670113881258,-7.31833292,36.254,7.371,776,265.002,78.746,144.413,0
115.575,388.725,0.00257251,0.02621330556694843,-3.64148815,43.967,1.375,167,249.873,61.513,61.907,0
56.448,329.598,0.003034,0.0006015667295617315,-7.41597309,36.361,11.601,192,100.04,81.153,231.362,0
111.838,384.988,0.00259748,0.02137091988880266,-3.84572416,40.61,5.304,889,237.988,77.701,45.532,0
209.508,482.658,0.00207186,1.573550558918528,0.45333457,51.115,5.275,647,121.805,71.454,223.355,1
54.734,327.884,0.00304986,0.0005283812417195219,-7.54569249,36.087,1.726,138,78.774,66.203,174.058,0
136.132,409.282,0.0024433,0.07541972512439708,-2.58468643,37.156,9.381,743,264.438,62.722,149.516,0
202.254,475.404,0.00210347,1.215027814528146,0.19476697,50.803,12.378,562,40.464,80.809,240.175,0
212.955,486.105,0.00205717,1.774462424641374,0.57349752,46.756,11.425,232,244.718,64.728,75.346,0
62.816,335.966,0.00297649,0.000962841150312076,-6.94562211,44.225,9.713,493,108.018,76.728,248.9,0
150.729,423.879,0.00235916,0.1500910878786069,-1.89651292,46.107,5.751,1161,244.955,62.991,83.612,1
110.226,383.376,0.00260841,0.01954466285328721,-3.93505303,41.114,10.554,431,294.557,70.094,136.97,0
61.085,334.235,0.00299191,0.000848786530080896,-7.07170284,35.751,9.684,237,119.702,74.326,64.571,0
181.613,454.763,0.00219895,0.5564887599841192,-0.58610831,44.074,7.597,112,244.484,59.079,29.705,0
69.561,342.711,0.00291791,0.001554676833229971,-6.46648758,38.014,8.283,641,221.075,58.757,195.467,0
162.795,435.945,0.00229387,0.2560315275990976,-1.36245469,40.757,10.593,1111,34.357,58.193,179.343,0
127.881,401.031,0.00249357,0.04999457488562523,-2.99584078,39.454,7.391,828,293.336,74.907,247.886,0
145.654,418.804,0.00238775,0.1187977016483095,-2.13033322,44.846,5.194,808,52.277,70.581,129.087,0
55.604,328.754,0.00304179,0.0005644380742613278,-7.47967988,44.291,9.283,643,151.206,80.233,87.646,0
181.776,454.926,0.00219816,0.5600863947981986,-0.57966423,49.176,3.678,1074,209.822,70.702,14.428,1
113.174,386.324,0.0025885,0.02300014476593817,-3.77225477,40.476,14.602,801,116.192,55.452,137.626,0
48.193,321.343,0.00311194,0.0003180038047088597,-8.05344721,42.729,5.086,774,188.48,56.969,132.717,0
210.958,484.108,0.00206565,1.655478852933693,0.5040903,53.312,6.337,620,75.128,75.223,247.712,1
188.727,461.877,0.00216508,0.7341113369222313,-0.30909458,50.323,6.172,666,144.335,62.617,35.067,1
80.926,354.076,0.00282425,0.003344423081970793,-5.70046107,40.516,5.691,1076,195.752,78.196,161.693,0
148.359,421.509,0.00237243,0.1346596077113922,-2.00500511,44.71,5.082,1097,98.579,54.468,127.644,0
93.295,366.445,0.00272892,0.007293586400984154,-4.92075989,38.645,14.871,317,175.315,63.493,223.125,0
217.45,490.6,0.00203832,2.070224909309969,0.72765725,48.098,2.696,547,168.99,77.902,114.928,1
200.564,473.714,0.00211098,1.142695383943635,0.13338984,47.748,8.486,1059,170.999,76.503,185.928,0
129.565,402.715,0.00248315,0.05444538227529426,-2.91055724,39.871,13.947,1042,214.229,59.202,65.846,0
71.065,344.215,0.00290516,0.001725548183035335,-6.36221049,35.213,7.121,989,46.944,55.794,166.305,0
87.002,360.152,0.00277661,0.004938184403817366,-5.31075754,38.45,7.279,391,108.761,74.929,46.46,0
208.268,481.418,0.0020772,1.506346423406033,0.40968713,47.6,6.121,865,195.583,69.994,26.484,1
154.76,427.91,0.00233694,0.1800096266721488,-1.71474495,45.678,12.269,299,130.203,59.603,50.301,0
92.419,365.569,0.00273546,0.006913743684465472,-4.97424401,35.073,11.323,892,32.646,73.491,219.145,0
179.401,452.551,0.0022097,0.5096572152921638,-0.67401691,44.512,2.549,683,75.505,75.295,243.317,0
49.102,322.252,0.00310316,0.0003416746699087975,-7.98165153,41.619,1.874,504,205.826,63.667,218.518,0
163.303,436.453,0.0022912,0.2616839856298298,-1.34061766,39.487,14.41,823,206.406,56.607,112.952,0
142.693,415.843,0.00240475,0.1033750571923249,-2.26939157,36.781,8.875,1162,30.647,60.526,120.776,0
71.851,345.001,0.00289854,0.001821533873232733,-6.30807635,38.981,6.11,837,107.648,71.225,24.683,0
176.638,449.788,0.00222327,0.4561024999348463,-0.78503771,48.577,9.551,121,151.102,77.652,225.484,0
57.797,330.947,0.00302163,0.0006655993542981606,-7.31482264,42.073,13.089,132,206.08,59.059,16.313,0
172.665,445.815,0.00224308,0.3878681143828846,-0.94708991,43.159,14.229,700,222.677,64.5,181.957,0
208.766,481.916,0.00207505,1.533025900881851,0.4272435,49.252,13.102,101,198.045,62.045,6.71,0
212.189,485.339,0.00206042,1.727961078482508,0.54694215,45.605,1.198,215,150.078,60.284,40.787,1
176.392,449.542,0.00222449,0.4515864438383133,-0.79498847,43.681,9.243,1158,109.383,63.356,210.453,0
51.815,324.965,0.00307725,0.0004223152030022723,-7.7697586,37.783,14.176,207,239.75,55.841,12.687,0
70.671,343.821,0.00290849,0.001679197011920817,-6.38943957,35.515,5.342,322,176.929,66.535,245.214,0
64.208,337.358,0.00296421,0.001064583446849009,-6.84517169,35.383,4.658,282,273.679,58.754,69.286,0
98.835,371.985,0.00268828,0.01016962823053059,-4.58834963,42.648,7.341,270,241.735,56.725,234.094,0
52.743,325.893,0.00306849,0.0004536933847748744,-7.69808895,44.004,8.788,1193,78.571,60.244,112.39,0
66.942,340.092,0.00294038,0.001293669502242886,-6.65027252,37.472,10.317,390,184.836,70.871,11.42,0
88.515,361.665,0.00276499,0.005430344225469286,-5.21575275,35.652,9.989,744,10.035,59.35,117.356,0
162.047,435.197,0.00229781,0.2479070973077719,-1.39470121,43.778,13.833,931,215.471,68.838,132.869,0
214.133,487.283,0.0020522,1.848127587242187,0.61417301,48.265,13.617,183,46.316,54.584,223.226,0
205.154,478.304,0.00209072,1.348614749372997,0.29907795,45.648,9.702,1014,98.408,65.573,245.778,0
159.931,433.081,0.00230904,0.2261569812413845,-1.48652591,40.483,7.396,1027,292.076,67.642,146.807,0
139.301,412.451,0.00242453,0.08793610487688448,-2.43114481,41.852,3.874,1009,177.17,73.787,125.329,0
55.25,328.4,0.00304507,0.0005495020916068265,-7.50649798,37.673,2.68,884,20.004,57.532,149.029,0
113.619,386.769,0.00258552,0.02356727957720047,-3.74789599,38.104,5.247,267,144.813,55.786,70.604,0
150.288,423.438,0.00236162,0.1471049888081147,-1.91660874,40.83,12.764,1027,280.635,76.081,135.461,0
165.675,438.825,0.00227881,0.2895800731439754,-1.23932343,41.942,11.629,621,228.165,72.769,192.821,0
83.014,356.164,0.0028077,0.003829423339663755,-5.56504105,44.322,2.135,988,119.054,79.343,91.788,0
128.584,401.734,0.00248921,0.05181106667261563,-2.96015151,43.852,9.817,313,135.658,76.508,228.414,0
198.488,471.638,0.00212027,1.059070891604985,0.05739201,43.579,11.411,615,170.914,57.621,53.306,0
140.841,413.991,0.00241551,0.0946680431701825,-2.35737879,36.798,7.707,950,173.613,62.13,114.021,0
159.754,432.904,0.00230998,0.2244173957907747,-1.49424759,38.11,2.441,1115,194.379,76.532,227.438,0
144.768,417.918,0.00239281,0.1139795634846683,-2.17173611,36.517,13.17,599,67.302,75.661,47.927,0
128.241,401.391,0.00249134,0.05091747937840099,-2.97754901,36.839,6.009,250,145.534,64.996,148.377,0
206.902,480.052,0.00208311,1.435256432937068,0.36134353,48.608,11.81,351,181.374,81.48,242.452,0
142.453,415.603,0.00240614,0.1022075654892397,-2.28074958,38.743,8.101,1056,117.699,77.533,62.209,0
60.449,333.599,0.00299761,0.0008100976070432534,-7.11835582,42.092,14.348,294,68.044,59.828,106.368,0
215.911,489.061,0.00204473,1.96441600029651,0.675195,52.402,1.864,588,284.307,73.083,216.32,1
62.163,335.313,0.00298229,0.0009182584054215803,-6.99303172,41.093,5.831,595,148.794,65.412,215.981,0
214.922,488.072,0.00204888,1.898960857019042,0.64130682,52.893,10.258,748,62.383,68.82,217.497,1
153.652,426.802,0.00234301,0.1712954745852001,-1.76436529,43.579,4.896,281,292.167,65.899,197.478,0
136.453,409.603,0.00244139,0.07661016719615751,-2.56902548,37.808,9.955,951,171.88,74.094,117.465,0
132.534,405.684,0.00246497,0.06317027334392897,-2.76192145,45.609,1.378,449,111.194,58.823,111.457,1
94.133,367.283,0.0027227,0.007674634346181191,-4.86983463,37.442,9.871,368,45.716,66.065,180.074,0
205.635,478.785,0.00208862,1.371982830484543,0.31625702,50.096,9.113,928,161.654,75.073,192.293,1
137.89,411.04,0.00243285,0.08214929981909329,-2.49921696,43.469,14.974,1020,223.037,76.993,206.449,0
183.548,456.698,0.00218963,0.6005517661411159,-0.50990644,42.533,9.337,162,38.825,79.396,127.574,0
201.198,474.348,0.00210816,1.169371710260167,0.1564666,49.293,6.688,776,154.307,65.891,157.913,1
108.752,381.902,0.00261847,0.01799979929653644,-4.01739467,37.663,4.833,966,135.622,71.551,99.018,0
90.028,363.178,0.00275347,0.00596682963067327,-5.12153954,43.181,6.436,337,76.528,71.683,25.187,0
207.094,480.244,0.00208227,1.445066214898999,0.36815514,45.482,2.826,299,157.812,80.373,200.024,0
122.358,395.508,0.00252839,0.03760413495246306,-3.28064126,44.648,3.288,1015,109.363,60.064,26.274,0
119.857,393.007,0.00254448,0.03296721794274281,-3.41224161,41.661,12.229,546,163.033,68.061,184.585,0
151.059,424.209,0.00235733,0.1523610023492336,-1.88150256,40.111,11.057,602,25.778,70.176,217.005,0
185.022,458.172,0.00218259,0.6361690064525904,-0.45229102,41.646,2.434,355,137.993,70.758,41.891,0
117.948,391.098,0.0025569,0.02978280346297453,-3.51382412,41.049,14.937,1115,123.244,78.82,195.956,0
202.316,475.466,0.0021032,1.217756677603846,0.19701038,49.197,4.749,840,100.231,67.203,239.092,1
173.655,446.805,0.00223811,0.4039598325764143,-0.90643983,40.466,2.493,574,36.591,70.205,60.277,0
109.605,382.755,0.00261264,0.0188797291453102,-3.96966646,43.409,8.796,1124,216.933,70.047,153.617,0
200.919,474.069,0.0021094,1.157565367641294,0.14631898,45.51,14.693,835,162.839,55.251,99.255,0
61.788,334.938,0.00298563,0.0008935204643747148,-7.02034132,39.746,10.421,1092,53.285,76.755,177.046,0
101.604,374.754,0.00266842,0.01196358001379737,-4.42588824,41.849,5.956,828,214.647,77.239,119.802,0
100.486,373.636,0.0026764,0.0112072640681657,-4.49119313,38.229,4.722,946,252.952,62.541,85.474,0
124.902,398.052,0.00251223,0.04291753023571877,-3.14847491,42.408,9.094,875,172.094,81.582,158.411,0
85.568,358.718,0.00278771,0.004509624049053239,-5.40154149,36.705,9.869,498,249.814,71.161,134.115,0
179.0,452.15,0.00221166,0.5015532890446603,-0.69004542,43.289,7.376,761,111.455,74.927,102.882,0
198.529,471.679,0.00212009,1.060668534891654,0.0588994,50.115,2.81,562,177.353,81.238,207.298,1
118.311,391.461,0.00255453,0.03036599982584675,-3.49443172,38.791,2.238,470,157.398,76.437,134.132,0
190.806,463.956,0.00215538,0.7947370527630117,-0.22974397,47.732,11.436,117,115.589,62.635,137.122,0
120.04,393.19,0.0025433,0.03328809194483304,-3.40255555,37.436,4.639,759,219.224,60.468,48.739,0
98.676,371.826,0.00268943,0.01007445915668593,-4.59775185,37.715,11.639,1001,276.451,68.436,233.65,0
64.995,338.145,0.00295731,0.001126380778693394,-6.78874564,37.919,1.799,461,55.281,73.36,130.405,0
181.79,454.94,0.00219809,0.5603963559135412,-0.57911097,43.456,1.483,1019,163.19,55.711,201.624,0
111.089,384.239,0.00260255,0.02050397058774769,-3.88713672,36.638,13.518,1110,294.061,61.829,121.612,0
41.316,314.466,0.00317999,0.0001822624614030327,-8.61006281,44.322,9.909,1040,166.868,61.345,20.588,0
136.099,409.249,0.0024435,0.07529829186773866,-2.58629783,36.276,8.606,604,149.795,54.643,228.373,0
111.338,384.488,0.00260086,0.02078857972573859,-3.87335149,41.456,11.809,407,86.183,62.4,223.933,0
108.547,381.697,0.00261988,0.01779394759872996,-4.0288969,45.132,13.256,391,26.059,55.628,249.655,0
46.742,319.892,0.00312606,0.0002833302869294558,-8.16889725,38.508,11.162,834,216.147,79.818,69.579,0
82.628,355.778,0.00281074,0.003735192833456817,-5.58995583,39.556,8.61,986,12.128,73.016,210.777,0
54.524,327.674,0.00305181,0.0005200013858158257,-7.56167908,41.91,3.381,773,115.235,64.514,10.903,0
99.693,372.843,0.00268209,0.0106974331263906,-4.53775146,41.35,12.425,478,35.541,57.361,22.31,0
89.768,362.918,0.00275544,0.005871332774125629,-5.13767362,40.706,12.561,644,233.56,60.071,130.059,0
68.054,341.204,0.0029308,0.001399143928834274,-6.57189471,36.335,7.456,832,245.72,56.314,75.235,0
111.601,384.751,0.00259908,0.02109307339072764,-3.85881057,37.556,1.538,1020,240.267,56.877,154.345,0
80.96,354.11,0.00282398,0.003351848929727424,-5.69824317,38.185,6.458,1012,38.361,79.725,17.244,0
181.404,454.554,0.00219996,0.5519059006576744,-0.59437772,41.07,5.181,683,147.768,79.515,248.978,0
197.481,470.631,0.00212481,1.02049361024161,0.02028644,44.262,12.993,1138,226.658,63.441,199.92,0
152.963,426.113,0.0023468,0.1660690871306162,-1.79535139,42.056,4.267,486,56.804,74.572,208.302,0
93.703,366.853,0.00272589,0.007476902563502516,-4.89593667,40.791,7.673,639,295.807,62.924,198.373,0
77.961,351.111,0.0028481,0.002751724261363121,-5.89552756,41.429,6.243,513,279.683,65.62,159.21,0
158.723,431.873,0.0023155,0.2145202688009101,-1.53935105,45.42,10.467,302,191.519,77.822,190.359,0
148.208,421.358,0.00237328,0.1337264694851547,-2.01195884,40.921,5.519,509,254.093,74.876,238.192,0
215.053,488.203,0.00204833,1.907518982647597,0.64580344,50.328,11.575,567,59.341,76.052,43.039,1
92.255,365.405,0.00273669,0.006844666678105617,-4.98428552,35.426,9.54,1196,231.588,68.065,224.542,0
129.235,402.385,0.00248518,0.0535460452168053,-2.92721334,41.511,5.184,339,95.083,73.979,211.575,0
176.827,449.977,0.00222234,0.4595994105353421,-0.77740002,40.566,2.217,359,174.541,78.071,32.829,0
175.697,448.847,0.00222793,0.4390419564528754,-0.8231603,39.451,3.505,1160,60.422,76.6,176.628,0
159.225,432.375,0.00231281,0.2192893827436319,-1.51736304,46.247,10.669,553,17.466,54.592,207.726,0
43.218,316.368,0.00316088,0.0002131111890446077,-8.45369651,40.491,4.736,175,218.178,71.07,42.559,0
121.563,394.713,0.00253349,0.03607004144165929,-3.32229264,43.955,6.461,960,163.337,76.676,225.053,0
62.022,335.172,0.00298354,0.0009088841129152781,-7.00329296,40.746,5.975,309,295.069,55.951,201.272,0
169.376,442.526,0.00225975,0.3384278510056663,-1.08344435,38.252,4.584,107,276.088,79.196,69.534,0
206.581,479.731,0.0020845,1.418986934688365,0.34994319,51.56,9.928,443,232.072,57.75,61.149,1
41.317,314.467,0.00317998,0.0001822775366803369,-8.60998011,39.0,4.654,558,129.064,77.337,107.043,0
106.743,379.893,0.00263232,0.01607239917344511,-4.13065182,44.439,3.283,275,93.511,73.091,242.965,0
211.843,484.993,0.00206189,1.707311069185833,0.53491966,50.56,14.565,377,260.965,71.14,204.483,0
213.325,486.475,0.0020556,1.797316234900273,0.58629457,52.695,12.589,467,239.166,77.172,92.412,1
59.381,332.531,0.00300724,0.0007487547590618289,-7.19709905,36.291,7.269,705,119.04,62.245,10.166,0
179.1,452.25,0.00221117,0.5035634169775763,-0.68604562,44.706,9.556,487,64.303,64.911,74.921,0
144.14,417.29,0.00239641,0.1106714794600534,-2.20118911,41.182,4.918,674,215.58,60.068,165.192,0
50.858,324.008,0.00308634,0.0003920591239037631,-7.8440979,39.962,14.311,265,181.711,65.052,56.859,0
130.092,403.242,0.0024799,0.05590986221389547,-2.88401449,41.141,10.653,545,218.494,70.367,117.394,0
54.0,327.15,0.0030567,0.0004996219019739581,-7.60165894,39.67,2.232,256,278.373,59.847,143.07,0
162.557,435.707,0.00229512,0.2534210523457014,-1.37270294,42.634,5.673,682,244.687,67.788,193.427,0
119.852,393.002,0.00254452,0.03295849026592309,-3.41250638,45.228,5.257,717,130.697,65.027,9.864,0
121.538,394.688,0.00253365,0.03602273010561243,-3.32360515,37.86,14.961,1174,70.339,65.087,97.206,0
59.825,332.975,0.00300323,0.0007737190364946315,-7.16430175,38.908,13.116,730,205.96,55.031,58.384,0
79.559,352.709,0.0028352,0.003058018435705901,-5.78998814,38.972,1.296,918,194.692,77.387,13.522,0
142.176,415.326,0.00240775,0.1008748209975712,-2.29387493,36.666,9.062,760,32.396,77.57,193.726,0
74.662,347.812,0.00287512,0.002206215562846523,-6.11647665,41.207,2.974,581,82.205,62.404,170.288,0
199.798,472.948,0.0021144,1.111183789077965,0.10542592,47.408,8.278,1043,229.668,68.668,15.83,1
150.449,423.599,0.00236072,0.1481889221068907,-1.90926732,40.955,3.464,1024,259.031,80.122,6.495,0
218.605,491.755,0.00203353,2.152895789605161,0.76681381,56.419,12.437,108,33.663,76.213,246.657,1
51.964,325.114,0.00307584,0.0004272147597397356,-7.75822372,43.018,4.727,261,172.58,75.541,207.686,0
219.399,492.549,0.00203025,2.211398936758651,0.79362532,50.394,12.967,1131,77.546,79.331,74.515,1
110.217,383.367,0.00260847,0.0195348764933492,-3.93555387,43.809,6.798,1198,82.3,58.373,91.019,0
174.701,447.851,0.00223289,0.4216053430192853,-0.86368561,40.737,10.482,436,112.654,61.957,147.978,0
83.013,356.163,0.0028077,0.003829176440595644,-5.56510553,39.185,4.947,909,203.524,77.06,16.852,0
135.983,409.133,0.00244419,0.0748728306156942,-2.5919642,37.83,3.96,468,33.686,77.569,18.789,0
53.006,326.156,0.00306602,0.0004629684844468976,-7.67785157,44.42,14.424,263,181.314,80.403,95.02,0
134.867,408.017,0.00245088,0.07088877599351431,-2.64664317,38.929,3.532,982,226.151,68.76,224.511,0
98.941,372.091,0.00268751,0.01023352752956016,-4.58208594,42.264,9.428,1134,291.071,79.886,134.618,0
181.402,454.552,0.00219997,0.55186220807896,-0.59445689,49.207,14.234,1187,138.835,78.642,172.568,0
117.65,390.8,0.00255885,0.02931162832263396,-3.52977097,44.533,2.066,238,125.819,61.307,146.138,0
169.725,442.875,0.00225797,0.3433930539223266,-1.06887956,45.657,6.886,188,193.278,74.057,228.791,0
71.561,344.711,0.00290098,0.001785564326224184,-6.32802076,39.884,7.657,478,185.345,63.237,45.376,0
116.149,389.299,0.00256872,0.02703926897629761,-3.61046506,35.828,6.196,583,233.043,74.712,142.31,0
152.519,425.669,0.00234924,0.1627772858529218,-1.81537236,45.436,14.38,402,118.649,60.902,51.975,0
94.101,367.251,0.00272293,0.007659757136937778,-4.871775,35.826,9.923,662,65.711,65.57,212.537,0
97.874,371.024,0.00269524,0.009606649422700739,-4.64529977,35.333,12.115,309,180.723,66.521,159.612,0
94.165,367.315,0.00272246,0.007689537851052876,-4.86789459,40.338,4.533,113,276.669,81.171,181.64,0
187.097,460.247,0.00217275,0.6894857464031388,-0.37180925,48.201,10.984,1166,220.715,64.689,220.537,0
208.592,481.742,0.0020758,1.523657157609718,0.42111347,50.027,4.781,1017,130.547,75.032,60.845,1
177.76,450.91,0.00221774,0.4772139893813255,-0.73979027,48.249,11.141,319,142.601,79.057,153.782,0
104.382,377.532,0.00264878,0.0140477422861245,-4.26529359,41.527,10.204,1018,255.821,81.369,231.941,0
146.753,419.903,0.0023815,0.12502774811667,-2.07921958,37.239,13.904,702,119.826,67.951,107.354,0
106.988,380.138,0.00263062,0.01629697329851947,-4.11677588,44.664,14.987,414,121.621,80.066,177.637,0
145.323,418.473,0.00238964,0.1169767153782187,-2.14578038,38.472,5.732,491,11.266,79.974,182.548,0
91.318,364.468,0.00274373,0.006461911419655239,-5.04183012,43.53,14.927,198,219.968,79.208,147.699,0
112.507,385.657,0.00259298,0.02217320177738895,-3.80887085,44.393,4.34,1007,186.752,67.72,249.661,0
192.658,465.808,0.00214681,0.8524387175704798,-0.15965396,45.188,14.005,710,199.705,54.541,150.36,0
182.443,455.593,0.00219494,0.5750243130218197,-0.55334296,44.941,11.675,568,89.169,74.194,190.633,0
210.991,484.141,0.00206551,1.657386387587834,0.5052419,51.164,6.306,707,40.118,55.911,158.891,1
83.357,356.507,0.00280499,0.003914972312910847,-5.54294702,38.401,3.333,268,31.362,69.507,163.255,0
88.536,361.686,0.00276483,0.005437479201561146,-5.21443971,42.947,14.148,157,204.457,64.964,110.836,0
129.766,402.916,0.00248191,0.05499981085762424,-2.90042553,39.69,10.257,963,83.985,74.626,159.587,0
111.495,384.645,0.0025998,0.02096986698170514,-3.86466878,43.585,13.765,321,244.315,57.832,212.313,0
165.357,438.507,0.00228047,0.2856923523219423,-1.25283974,39.525,10.897,901,59.998,55.081,80.153,0
179.468,452.618,0.00220937,0.5110225325759182,-0.67134159,40.874,5.48,506,183.61,60.252,23.795,0
205.358,478.508,0.00208983,1.358482263223279,0.30636809,50.283,6.731,337,156.387,66.393,16.699,1
144.002,417.152,0.00239721,0.1099562026310026,-2.20767315,38.63,6.086,783,233.604,78.691,165.694,0
113.652,386.802,0.0025853,0.02360983684543159,-3.74609184,36.726,4.365,901,207.451,75.24,156.918,0
196.243,469.393,0.00213041,0.9747745134407482,-0.0255491,48.671,1.266,101,53.734,74.273,66.019,1
64.367,337.517,0.00296281,0.001076811899021035,-6.83375055,35.252,14.784,732,252.645,56.828,119.181,0
87.985,361.135,0.00276905,0.005253072685693117,-5.2489421,39.187,11.697,570,237.449,63.265,243.933,0
69.663,342.813,0.00291704,0.001565755735182936,-6.45938667,39.96,12.304,279,164.345,57.95,213.584,0
177.695,450.845,0.00221806,0.4759676378714564,-0.74240541,39.86,13.067,643,108.84,80.708,153.153,0
70.275,343.425,0.00291184,0.001633762210174029,-6.41686982,43.822,5.676,862,117.842,66.94,77.536,0
202.55,475.7,0.00210217,1.228104796293505,0.20547217,48.216,11.242,546,183.171,66.1,199.841,0
175.173,448.323,0.00223053,0.4297900710900489,-0.8444584,43.037,12.316,249,15.906,61.618,222.317,0
73.551,346.701,0.00288433,0.00204607519848972,-6.19183186,43.374,13.393,975,35.06,63.882,59.173,0
197.203,470.353,0.00212606,1.010065130946257,0.01001481,50.801,8.572,1187,150.603,61.596,139.88,1
65.695,338.845,0.0029512,0.001184093789071421,-6.73877753,42.454,11.714,629,190.333,76.047,244.823,0
145.18,418.33,0.00239046,0.1161977862886161,-2.15246149,44.374,8.924,824,155.839,64.649,161.414,0
134.536,407.686,0.00245287,0.06974439400312024,-2.66291823,38.83,14.919,614,115.02,63.084,126.798,0
137.003,410.153,0.00243811,0.0786892240769046,-2.54224906,44.201,10.54,691,75.252,59.518,213.589,0
73.755,346.905,0.00288263,0.002074657744754607,-6.17795908,41.887,5.494,979,106.808,69.944,112.163,0
41.369,314.519,0.00317946,0.0001830630390805902,-8.60567999,44.616,4.293,527,61.974,62.433,232.343,0
102.211,375.361,0.0026641,0.01239335357830857,-4.39059495,38.83,14.793,167,181.867,72.15,90.608,0
163.186,436.336,0.00229181,0.2603723515636779,-1.34564255,39.865,1.943,1191,187.516,76.678,10.566,0
47.038,320.188,0.00312317,0.0002901069808894431,-8.1452608,40.898,9.613,1030,197.116,55.725,221.055,0
76.863,350.013,0.00285704,0.002557811679626236,-5.9686032,40.108,6.559,193,18.186,57.901,47.725,0
197.803,470.953,0.00212335,1.032691640226264,0.03216864,47.183,14.996,343,292.885,72.893,106.09,0
108.216,381.366,0.00262215,0.01746607416372759,-4.0474949,36.313,12.411,804,61.805,70.737,240.957,0
181.29,454.44,0.00220051,0.5494203251718103,-0.59889151,47.239,11.351,745,177.724,55.73,131.576,0
90.301,363.451,0.0027514,0.006068622698732835,-5.1046236,38.009,7.938,575,249.422,77.175,63.867,0
113.751,386.901,0.00258464,0.02373792646527584,-3.74068124,44.576,6.598,991,21.916,70.808,38.38,0
195.133,468.283,0.00213546,0.9353339445863214,-0.06685165,42.784,8.474,323,129.591,68.177,222.152,0
161.875,435.025,0.00229872,0.246071811764807,-1.40213187,38.192,1.559,138,257.071,67.3,204.938,0
63.49,336.64,0.00297053,0.001010933880109681,-6.89688074,39.531,7.36,430,231.728,78.934,82.122,0
49.893,323.043,0.00309556,0.0003635823866450648,-7.91950464,40.495,3.217,562,142.25,59.796,72.171,0
137.505,410.655,0.00243513,0.08063099953788301,-2.51787209,45.647,4.024,598,99.333,72.87,222.343,0
63.183,336.333,0.00297324,0.0009887612070250094,-6.9190577,44.503,8.939,1063,102.212,62.151,172.543,0
110.496,383.646,0.00260657,0.01984032767257358,-3.92003866,43.241,2.925,352,137.013,64.719,32.476,0
120.472,393.622,0.00254051,0.034056791374353,-3.37972581,44.661,5.967,1185,175.462,78.356,111.201,0
91.135,364.285,0.0027451,0.006389473722742988,-5.05310337,38.989,5.32,537,228.207,60.717,43.069,0
81.326,354.476,0.00282107,0.003432745152007588,-5.674395,41.825,3.667,498,118.602,54.664,128.078,0
126.065,399.215,0.00250492,0.04556499260635642,-3.08861556,43.685,8.649,289,26.244,72.763,198.646,0
219.326,492.476,0.00203056,2.205962429729326,0.79116389,50.52,14.172,154,145.792,58.49,134.627,0
41.764,314.914,0.00317547,0.0001891326375211065,-8.573062,35.952,6.553,671,298.663,72.798,147.565,0
214.442,487.592,0.0020509,1.867891063427133,0.62481002,53.157,7.603,121,23.167,80.8,66.137,1
181.52,454.67,0.0021994,0.5544453372078344,-0.58978706,42.676,3.079,838,63.481,54.733,182.431,0
150.864,424.014,0.00235841,0.1510159993797294,-1.89036949,42.272,7.062,848,141.627,78.385,124.114,0
122.702,395.852,0.0025262,0.03828602286439307,-3.26267039,45.203,7.374,966,44.933,69.277,30.199,0
61.407,334.557,0.00298903,0.0008690146511208885,-7.04815057,40.055,8.247,124,183.542,77.042,14.728,0
166.215,439.365,0.00227601,0.2962901621537097,-1.21641603,39.668,9.497,1048,249.409,61.418,248.637,0
150.662,423.812,0.00235954,0.1496339457670471,-1.89956333,45.464,13.223,521,191.453,60.056,213.492,0
187.052,460.202,0.00217296,0.6882886752892791,-0.37354694,44.586,11.045,655,68.822,67.733,30.158,0
203.319,476.469,0.00209877,1.262661519285573,0.23322181,53.121,7.838,518,179.459,63.504,32.483,1
160.737,433.887,0.00230475,0.2342319055786378,-1.4514436,37.878,13.7,333,198.59,75.963,61.376,0
90.463,363.613,0.00275018,0.006129772875417197,-5.09459758,41.675,2.867,706,149.042,64.468,236.943,0
214.857,488.007,0.00204915,1.894727024002679,0.63907478,47.376,1.805,250,108.587,72.593,74.22,1
63.758,336.908,0.00296817,0.001030661872185744,-6.87755409,38.307,2.071,1033,226.16,74.04,183.695,0
76.643,349.793,0.00285883,0.002520494624538591,-5.98330012,42.569,1.377,1034,215.477,76.643,198.942,0
193.142,466.292,0.00214458,0.8681172764236438,-0.14142846,44.168,12.766,779,277.142,59.133,10.762,0
42.203,315.353,0.00317105,0.0001960959467239714,-8.53690649,40.553,14.145,513,238.296,73.529,220.378,0
165.793,438.943,0.0022782,0.2910346563050505,-1.23431293,38.764,4.447,926,165.104,73.481,68.276,0
126.566,399.716,0.00250178,0.04675020885516479,-3.06293656,42.883,4.647,655,99.761,57.883,157.701,0
89.798,362.948,0.00275522,0.005882280111247242,-5.13581082,38.962,4.627,849,180.418,79.201,211.923,0
154.165,427.315,0.00234019,0.175281984391028,-1.74135926,39.755,1.331,1175,207.328,64.318,79.92,0
64.945,338.095,0.00295775,0.001122358835886347,-6.7923227,40.303,1.754,902,25.649,65.806,58.344,0
87.487,360.637,0.00277287,0.005091328625167479,-5.28021646,39.71,2.282,280,105.406,59.732,40.008,0
82.943,356.093,0.00280826,0.003811929574664912,-5.56961977,43.07,11.334,489,31.814,78.679,216.097,0
166.714,439.864,0.00227343,0.3026137944317819,-1.19529789,42.264,10.904,331,273.706,80.516,17.471,0
68.402,341.552,0.00292781,0.001433736581260204,-6.54747125,37.351,8.383,1195,218.018,59.555,218.553,0
63.57,336.72,0.00296983,0.001016786240437857,-6.89110837,43.694,1.871,560,28.224,74.035,101.522,0
151.03,424.18,0.00235749,0.1521602990817031,-1.88282071,43.887,6.186,131,199.853,63.824,85.648,0
216.265,489.415,0.00204326,1.988322978868729,0.68729156,54.806,11.278,681,221.624,61.083,207.648,1
72.591,345.741,0.00289234,0.001916345476893735,-6.2573353,41.062,12.913,1139,58.637,70.296,86.722,0
182.246,455.396,0.00219589,0.5705759544002704,-0.56110898,41.098,3.056,528,228.47,56.903,116.036,0
122.845,395.995,0.00252528,0.03857275332917202,-3.25520912,40.402,7.082,554,108.666,71.158,89.904,0
128.889,402.039,0.00248732,0.05261750782111863,-2.94470637,43.225,6.057,280,16.642,69.675,201.395,0
142.898,416.048,0.00240357,0.104381761230851,-2.25970032,42.987,8.71,387,285.201,66.187,196.866,0
133.604,406.754,0.00245849,0.06661094337728116,-2.7088864,37.293,1.445,755,287.589,75.661,117.202,0
191.485,464.635,0.00215223,0.8154770919802431,-0.20398195,43.103,13.668,826,78.779,80.454,19.468,0
169.453,442.603,0.00225936,0.3395177869450128,-1.08022894,39.617,4.156,186,299.386,70.11,173.764,0
211.171,484.321,0.00206475,1.667825272432979,0.51152055,52.269,3.148,626,104.709,54.87,116.567,1
175.957,449.107,0.00222664,0.4436980627017224,-0.81261099,46.22,3.239,1049,232.538,54.609,47.658,1
91.852,365.002,0.00273971,0.00667758412737008,-5.00899901,43.239,4.944,200,250.408,64.857,113.417,0
167.911,441.061,0.00226726,0.3182765706061916,-1.14483456,47.026,13.499,820,162.493,62.902,163.502,0
193.927,467.077,0.00214097,0.8940900093144387,-0.11194883,42.252,7.869,128,94.369,70.189,171.984,0
70.637,343.787,0.00290878,0.001675251104938574,-6.39179221,44.564,8.615,338,299.844,62.515,26.191,0
149.328,422.478,0.00236699,0.1407880359985725,-1.96049981,42.81,6.544,472,188.233,65.125,78.759,0
86.3,359.45,0.00278203,0.004723952718781082,-5.35510939,39.487,1.53,424,181.39,70.602,149.686,0
86.883,360.033,0.00277752,0.004901256377612328,-5.3182637,41.276,3.242,1159,155.515,68.109,45.213,0
65.113,338.263,0.00295628,0.001135925036748156,-6.78030795,40.414,12.486,879,97.959,80.481,138.113,0
99.707,372.857,0.00268199,0.01070624802022167,-4.53692778,41.835,5.336,665,122.451,61.398,167.741,0
73.818,346.968,0.00288211,0.002083558274338385,-6.17367814,41.276,4.044,1199,113.008,66.992,35.004,0
192.915,466.065,0.00214562,0.8607323719141536,-0.14997166,43.832,13.998,652,269.581,69.611,138.69,0
164.193,437.343,0.00228653,0.2718561580576956,-1.30248218,39.99,3.588,339,169.929,67.072,12.426,0
207.493,480.643,0.00208055,1.465641630000293,0.38229312,44.162,1.651,299,114.771,73.056,204.656,0
40.302,313.452,0.00319028,0.0001675546822369225,-8.6942008,43.661,14.752,722,140.611,73.886,121.327,0
96.204,369.354,0.00270743,0.008695312679307796,-4.74497117,39.021,11.351,584,12.86,58.397,88.723,0
98.123,371.273,0.00269344,0.009749732789967049,-4.6305154,38.701,5.444,987,23.275,56.489,229.551,0
41.465,314.615,0.00317849,0.0001845214122740648,-8.59774505,37.281,8.177,964,198.482,74.203,234.642,0
139.52,412.67,0.00242324,0.08886640304524887,-2.42062113,45.395,8.653,475,249.489,72.378,183.08,0
200.811,473.961,0.00210988,1.153023540377999,0.14238766,44.472,2.346,1175,182.529,66.519,96.077,1
111.141,384.291,0.00260219,0.02056311369707468,-3.88425641,39.315,1.984,973,113.036,55.297,227.972,0
95.685,368.835,0.00271124,0.008428548275613356,-4.77613073,36.959,10.489,732,113.558,79.644,19.998,0
98.126,371.276,0.00269341,0.00975146843644094,-4.6303374,37.41,1.318,794,208.478,69.534,225.478,0
96.361,369.511,0.00270628,0.008777510109431383,-4.7355625,40.185,6.244,438,277.018,77.441,51.104,0
101.135,374.285,0.00267176,0.01164083523896553,-4.45323608,37.959,8.12,754,124.083,74.711,15.355,0
157.396,430.546,0.00232263,0.2023570317229033,-1.59772166,38.144,14.818,1034,92.665,56.864,131.135,0
158.467,431.617,0.00231687,0.212124109276748,-1.55058375,44.51,13.061,340,168.58,80.643,65.278,0
54.081,327.231,0.00305595,0.0005027233786212467,-7.59547048,41.804,11.31,1054,289.939,62.428,74.649,0
120.166,393.316,0.00254248,0.0335106596269971,-3.39589169,44.605,10.339,604,268.309,55.718,83.563,0
57.025,330.175,0.0030287,0.0006282279805530825,-7.37260743,40.474,8.522,1078,265.628,56.751,56.186,0
189.629,462.779,0.00216086,0.7598913856049179,-0.27457977,49.445,1.274,517,169.156,66.93,245.702,1
195.651,468.801,0.0021331,0.9535601332422847,-0.04755279,44.825,7.462,216,22.186,64.304,95.478,0
73.515,346.665,0.00288463,0.002041068792933139,-6.19428169,44.966,4.315,859,51.286,64.905,192.734,0
153.597,426.747,0.00234331,0.1708729282439365,-1.76683511,42.393,3.554,1089,54.721,75.25,44.374,0
84.038,357.188,0.00279965,0.004090014394244102,-5.49920679,38.672,4.5,1002,117.393,73.471,219.403,0
42.173,315.323,0.00317135,0.0001956126649308235,-8.53937405,37.438,10.638,645,215.458,55.23,187.685,0
136.993,410.143,0.00243817,0.07865097443392201,-2.54273526,38.692,11.712,467,14.387,61.083,123.381,0
108.987,382.137,0.00261686,0.01823843005872206,-4.00422437,38.654,9.299,217,12.938,72.515,47.148,0
155.826,428.976,0.00233113,0.1887659374984331,-1.66724746,37.41,4.885,523,202.589,56.901,234.367,0
152.973,426.123,0.00234674,0.1661439085162958,-1.79490095,42.407,6.388,219,52.648,60.158,77.375,0
116.63,389.78,0.00256555,0.02774946472945817,-3.58453873,41.522,5.691,795,145.328,71.726,193.293,0
124.857,398.007,0.00251252,0.04281794126697765,-3.15079808,39.292,8.124,182,157.127,61.642,118.462,0
139.091,412.241,0.00242577,0.08705227198979042,-2.44124651,37.681,9.916,662,141.26,79.309,136.95,0
127.31,400.46,0.00249713,0.04856165667455295,-3.02492102,44.995,13.833,921,83.705,63.142,143.004,0
165.45,438.6,0.00227998,0.2868244773178114,-1.24888483,40.471,11.718,551,80.675,74.494,185.926,0
57.996,331.146,0.00301982,0.0006755583576797618,-7.29997101,44.943,6.474,275,32.883,61.927,224.152,0
192.93,466.08,0.00214555,0.8612186379970534,-0.14940687,50.508,11.789,524,49.122,57.718,110.993,1
90.792,363.942,0.00274769,0.006255691668476956,-5.07426356,40.146,10.374,1031,185.493,63.988,66.135,0
110.991,384.141,0.00260321,0.02039292733705466,-3.89256714,38.111,4.837,104,218.939,58.887,242.657,0
75.992,349.142,0.00286416,0.002412967098267448,-6.02689813,40.944,4.443,1068,226.856,60.814,17.794,0
43.072,316.222,0.00316234,0.0002105825663613703,-8.46563274,36.675,11.364,441,120.735,69.269,73.715,0
177.436,450.586,0.00221933,0.4710301194981064,-0.75283324,46.9,5.304,1145,218.471,77.816,148.226,1
170.12,443.27,0.00225596,0.3490909752381884,-1.05242272,45.976,2.574,835,109.915,69.944,10.944,1
76.694,349.844,0.00285842,0.002529100789992144,-5.97989146,43.282,9.586,959,37.993,74.254,141.902,0
181.061,454.211,0.00220162,0.5444574198842419,-0.60796554,42.999,2.457,152,218.265,77.678,67.732,0
187.973,461.123,0.00216862,0.7131597622031429,-0.33804981,45.917,2.152,255,187.336,66.247,137.962,0
199.749,472.899,0.00211462,1.109194444415382,0.10363403,49.221,7.029,883,208.639,55.151,172.702,1
126.638,399.788,0.00250133,0.0469228062014076,-3.05925145,43.344,2.275,538,114.632,66.316,92.707,0
191.885,465.035,0.00215038,0.8279183733985299,-0.18884071,50.337,13.039,282,22.097,67.258,112.638,0
169.111,442.261,0.00226111,0.3347005811972527,-1.09451893,46.924,14.922,882,249.732,55.829,59.223,0
135.191,408.341,0.00244893,0.07202529972922515,-2.63073784,37.424,4.896,426,123.298,68.822,41.344,0
168.483,441.633,0.00226432,0.3260134401094776,-1.12081667,42.869,7.246,1131,141.59,69.845,160.556,0
189.023,462.173,0.00216369,0.742484444468068,-0.29775336,41.719,9.597,121,118.676,77.402,6.743,0
125.23,398.38,0.00251017,0.04364976253356602,-3.13155744,35.573,1.143,989,141.403,68.716,236.199,0
116.32,389.47,0.00256759,0.02728984368896454,-3.60124067,43.876,14.057,776,199.773,59.789,48.112,0
83.667,356.817,0.00280256,0.003993787699708819,-5.5230152,36.131,1.952,534,65.917,74.235,217.252,0
50.262,323.412,0.00309203,0.0003742385177338655,-7.89061722,39.013,10.473,509,95.622,74.161,192.45,0
195.724,468.874,0.00213277,0.9561538056843769,-0.04483649,49.306,6.256,456,203.331,80.989,104.979,1
99.005,372.155,0.00268705,0.01027228472175453,-4.57830581,36.446,4.917,720,78.274,71.385,44.388,0
124.631,397.781,0.00251395,0.0423209307836971,-3.1624735,38.335,9.755,1147,242.293,77.549,110.281,0
106.625,379.775,0.00263314,0.01596524177756389,-4.13734131,44.96,2.291,176,99.132,77.155,192.181,0
129.784,402.934,0.0024818,0.05504970862268556,-2.89951871,38.501,1.866,955,22.734,55.066,209.098,0
166.276,439.426,0.0022757,0.2970568101646223,-1.21383188,43.44,10.014,1083,115.635,72.676,123.411,0
192.343,465.493,0.00214826,0.8423699821653013,-0.17153595,47.495,6.702,1179,204.732,68.023,104.972,1
217.745,490.895,0.0020371,2.091069799038277,0.7376758,48.259,14.289,1016,165.133,55.428,9.871,0
77.488,350.638,0.00285194,0.002666599513306277,-5.92695121,38.57,6.915,374,101.212,57.448,5.489,0
79.0,352.15,0.0028397,0.00294749919758038,-5.8267982,41.901,1.65,573,25.387,71.063,40.194,0
142.973,416.123,0.00240314,0.1047522621066996,-2.25615713,44.801,10.535,876,22.216,67.664,177.038,0
95.961,369.111,0.00270921,0.008569469757154858,-4.75954942,35.3,6.987,1014,13.602,65.506,126.653,0
177.403,450.553,0.00221949,0.4704042997470786,-0.75416274,42.589,9.626,1014,74.262,66.639,133.416,0
181.509,454.659,0.00219945,0.5542040836550222,-0.59022228,41.242,6.49,715,138.273,75.86,14.471,0
176.419,449.569,0.00222435,0.4520801564469107,-0.79389578,39.338,8.694,1111,252.745,68.3,122.639,0
135.152,408.302,0.00244917,0.07188763309328604,-2.63265103,39.228,9.053,900,190.239,69.838,208.143,0
169.892,443.042,0.00225712,0.3457918498664403,-1.06191827,42.786,1.47,1187,205.873,76.616,222.098,0
163.17,436.32,0.0022919,0.2601934400371184,-1.34632992,37.975,9.469,1162,111.446,63.513,76.364,0
203.25,476.4,0.00209908,1.259526149569201,0.23073558,46.332,1.594,955,65.254,60.289,48.665,1
105.403,378.553,0.00264164,0.01489302237769991,-4.20686247,40.299,6.345,398,46.021,64.016,29.052,0
42.336,315.486,0.00316971,0.0001982517965865945,-8.52597264,39.563,4.462,1105,217.768,62.83,87.287,0
137.302,410.452,0.00243634,0.07984064810736827,-2.52772253,40.412,8.191,605,213.796,69.618,87.327,0
193.344,466.494,0.00214365,0.8747360112488456,-0.13383314,46.234,8.334,121,126.357,62.477,99.538,0
159.072,432.222,0.00231363,0.2178259011878947,-1.52405915,41.84,10.735,386,102.118,72.95,139.764,0
113.024,386.174,0.00258951,0.0228117791977243,-3.78047824,35.956,7.553,248,56.692,69.365,222.245,0
194.91,468.06,0.00213648,0.9275829965416467,-0.075173,45.416,2.432,741,81.326,66.716,51.834,1
106.665,379.815,0.00263286,0.01600149348794816,-4.13507322,35.322,4.251,1113,14.528,59.457,164.888,0
148.832,421.982,0.00236977,0.1376205375238831,-1.98325511,40.652,11.061,984,19.295,72.216,98.295,0
151.025,424.175,0.00235752,0.152125719029854,-1.883048,46.179,9.917,1122,150.046,63.198,100.608,0
169.211,442.361,0.0022606,0.3361027749129373,-1.09033829,47.003,8.435,389,233.801,68.573,31.064,0
142.641,415.791,0.00240505,0.1031210889037633,-2.27185136,44.341,13.656,1032,82.453,54.568,123.362,0
43.65,316.8,0.00315657,0.0002207581505946324,-8.4184428,40.951,8.472,1118,47.041,61.227,79.354,0
154.712,427.862,0.0023372,0.1796240469691562,-1.71688924,44.785,12.056,552,115.507,55.348,135.933,0
77.978,351.128,0.00284796,0.00275482944832,-5.89439974,38.649,7.637,640,196.535,64.054,29.087,0
160.867,434.017,0.00230406,0.2355581743953949,-1.44579737,39.868,8.188,634,279.695,70.004,185.249,0
72.615,345.765,0.00289214,0.001919494737751695,-6.25569328,42.602,3.539,925,39.77,68.448,10.29,0
177.51,450.66,0.00221897,0.4724361669404922,-0.74985264,46.303,14.242,386,194.707,78.295,60.083,0
116.696,389.846,0.00256512,0.02784821912647151,-3.58098626,36.384,8.817,815,232.861,77.353,21.254,0
148.801,421.951,0.00236994,0.1374247077545478,-1.98467909,40.184,8.12,204,88.127,70.322,116.683,0
64.448,337.598,0.0029621,0.001083090912057016,-6.82793637,40.946,10.962,851,36.056,80.021,109.255,0
118.693,391.843,0.00255204,0.03099085553806185,-3.4740631,40.061,2.484,441,64.781,69.876,236.056,0
211.028,484.178,0.00206536,1.659527442642244,0.50653289,53.068,10.213,819,234.034,59.382,210.659,1
67.29,340.44,0.00293738,0.001325866369855825,-6.62568917,35.744,14.886,561,278.752,73.106,138.827,0
95.285,368.435,0.00271418,0.00822805429887082,-4.80020571,37.446,13.392,579,236.089,69.366,65.753,0
108.563,381.713,0.00261977,0.01780993693870156,-4.02799872,35.805,13.922,165,188.458,75.0,74.009,0
126.784,399.934,0.00250041,0.04727456131437008,-3.05178294,40.023,10.465,776,82.71,81.565,25.406,0
84.342,357.492,0.00279727,0.004170435356413365,-5.47973485,40.476,12.62,280,234.257,67.802,169.353,0
145.416,418.566,0.00238911,0.1174858037760992,-2.14143777,36.523,1.857,207,55.976,77.401,102.117,0
194.799,467.949,0.00213699,0.9237461463759137,-0.07931798,46.462,1.288,669,146.823,76.828,179.752,1
150.403,423.553,0.00236098,0.1478784986711341,-1.9113643,45.856,6.774,428,269.223,69.882,126.111,0
45.555,318.705,0.0031377,0.0002575945690544689,-8.26412365,39.383,7.214,217,57.821,75.816,86.567,0
149.392,422.542,0.00236663,0.1412014712712687,-1.95756753,41.064,10.851,373,103.321,71.563,121.555,0
83.381,356.531,0.00280481,0.003921023058099367,-5.54140268,36.919,8.806,434,272.738,56.673,158.808,0
50.669,323.819,0.00308814,0.0003863251090378108,-7.85883129,38.093,11.459,739,192.839,69.094,234.723,0
59.839,332.989,0.0030031,0.0007745184895539485,-7.16326903,40.729,12.826,492,258.593,72.288,236.432,0
84.11,357.26,0.00279908,0.004108932490969722,-5.49459202,38.664,11.009,921,110.063,69.198,229.107,0
130.441,403.591,0.00247776,0.05689914335056011,-2.86647499,42.261,9.99,851,166.615,80.534,102.263,0
42.652,315.802,0.00316654,0.0002034619845176259,-8.50003138,38.249,8.306,753,173.933,56.914,235.663,0
78.856,352.006,0.00284086,0.002919626707411425,-5.83629951,42.234,1.752,660,156.722,65.123,240.655,0
153.113,426.263,0.00234597,0.1671945833925556,-1.78859697,45.892,8.258,918,159.679,65.336,5.693,0
80.362,353.512,0.00282876,0.003223413287254345,-5.73731445,38.281,1.644,852,111.352,64.226,106.343,0
54.822,327.972,0.00304904,0.0005319295892825691,-7.53899943,40.701,2.577,838,106.203,65.228,219.037,0
75.033,348.183,0.00287205,0.002262194021413287,-6.09142013,44.514,2.363,437,256.811,78.96,68.264,0
61.601,334.751,0.0029873,0.0008814144857076576,-7.03398257,39.314,10.118,431,282.016,71.715,19.54,0
88.069,361.219,0.0027684,0.005280811990432235,-5.24367541,42.618,5.475,342,108.916,71.616,47.457,0
94.478,367.628,0.00272014,0.007836707901122182,-4.84893644,39.99,12.258,687,224.905,78.008,42.516,0
53.856,327.006,0.00305805,0.0004941515941379814,-7.61266822,35.899,10.49,195,254.969,76.699,112.987,0
136.547,409.697,0.00244083,0.07696195636814264,-2.56444405,39.498,6.331,654,55.213,81.309,72.286,0
202.676,475.826,0.00210161,1.233708982663228,0.21002507,45.907,3.26,1131,209.122,60.196,124.481,1
216.649,489.799,0.00204165,2.014545233524229,0.70039348,54.794,2.702,1120,277.482,64.685,57.963,1
177.184,450.334,0.00222057,0.4662698463471656,-0.76299074,44.057,13.672,1002,128.896,57.236,185.316,0
101.023,374.173,0.00267256,0.0115649413845086,-4.45977705,43.782,14.979,1131,157.188,67.239,182.022,0
88.982,362.132,0.00276142,0.005591044993368412,-5.18658907,35.454,14.813,640,209.166,71.012,124.41,0
170.828,443.978,0.00225236,0.3595152535549471,-1.02299867,45.361,14.138,427,135.377,79.827,34.469,0
198.808,471.958,0.00211883,1.071597038479568,0.0691501,48.746,7.803,105,196.812,62.355,61.732,0
90.977,364.127,0.00274629,0.006327527746958693,-5.06284568,36.682,12.011,228,209.631,59.959,141.227,0
105.433,378.583,0.00264143,0.01491854275097025,-4.20515036,40.752,13.902,938,177.646,62.095,90.186,0
164.603,437.753,0.00228439,0.2766599001855764,-1.28496632,41.53,1.436,657,18.741,66.374,182.939,0
202.792,475.942,0.0021011,1.238888358765247,0.21421449,47.305,3.296,309,246.215,74.78,27.448,1
172.668,445.818,0.00224307,0.3879160015072438,-0.94696645,47.905,4.516,1004,56.172,74.542,116.888,1
150.591,423.741,0.00235993,0.1491508739963304,-1.90279691,43.868,14.118,1075,165.109,78.043,162.903,0
172.815,445.965,0.00224233,0.390268933375314,-0.9409192,46.974,12.231,920,176.731,78.289,85.409,0
147.879,421.029,0.00237513,0.1317133972246876,-2.02712695,45.714,7.371,358,91.817,75.495,133.893,0
83.821,356.971,0.00280135,0.00403347716044281,-5.51312646,37.415,6.007,218,280.481,70.517,205.966,0
130.028,403.178,0.00248029,0.05573013835310527,-2.88723419,39.86,1.868,908,229.319,78.411,16.295,0
163.26,436.41,0.00229142,0.2612012476933011,-1.3424641,43.933,8.971,307,144.006,73.432,176.636,0
103.782,376.932,0.002653,0.01357156021507997,-4.29977884,38.408,2.644,369,203.197,74.765,26.412,0
180.668,453.818,0.00220353,0.5360331116805116,-0.62355934,41.537,12.47,902,11.792,74.905,213.823,0
120.249,393.399,0.00254195,0.03365800555726996,-3.39150434,45.103,14.835,571,72.94,64.575,233.695,0
101.497,374.647,0.00266918,0.01188924002972543,-4.43212149,39.129,4.365,348,177.14,55.228,137.968,0
192.163,465.313,0.00214909,0.8366638629635276,-0.17833289,48.37,7.974,822,179.589,59.565,137.347,1
205.272,478.422,0.0020902,1.354314683185632,0.30329556,50.078,5.815,453,210.654,61.099,72.428,1
136.76,409.91,0.00243956,0.07776448000328437,-2.55407051,45.739,9.474,775,291.648,64.336,218.748,0
187.041,460.191,0.00217301,0.687996338593557,-0.37397176,40.496,9.91,1200,99.127,57.492,14.877,0
64.657,337.807,0.00296027,0.0010994477931379,-6.81294723,40.503,9.316,221,234.018,81.576,231.287,0
137.681,410.831,0.00243409,0.08132191893735694,-2.50933969,43.73,13.823,739,33.624,76.863,78.725,0
188.548,461.698,0.00216592,0.7290886099738462,-0.31596,46.648,4.18,765,256.5,74.189,181.646,1
77.119,350.269,0.00285495,0.002601870757313217,-5.95152457,44.179,7.913,752,202.776,73.852,219.095,0
195.058,468.208,0.0021358,0.9327207470376752,-0.06964943,43.221,2.19,611,122.642,74.926,100.456,0
172.182,445.332,0.00224552,0.3802266268184939,-0.96698782,47.916,13.87,161,34.339,80.331,229.382,0
130.64,403.79,0.00247653,0.05747026841278737,-2.85648754,42.484,6.649,669,274.552,72.432,68.198,0
89.9,363.05,0.00275444,0.005919640333576288,-5.12947959,44.182,5.528,877,273.85,70.739,219.855,0
140.885,414.035,0.00241525,0.09486701106392958,-2.35527925,42.596,4.461,256,209.597,74.664,193.275,0
160.71,433.86,0.00230489,0.2339572883709465,-1.45261671,43.666,13.671,769,50.108,77.613,231.722,0
49.946,323.096,0.00309506,0.0003650955570901551,-7.91535144,40.902,11.474,463,180.523,57.383,167.784,0
191.779,464.929,0.00215087,0.8246051588769879,-0.1928506,44.521,6.615,753,232.517,76.449,87.047,0
157.615,430.765,0.00232145,0.2043208451065837,-1.58806375,42.386,1.228,198,93.072,79.648,138.124,0
205.502,478.652,0.0020892,1.365485896182747,0.31151033,53.493,2.887,414,209.348,58.398,242.71,1
40.692,313.842,0.00318632,0.0001730767026471161,-8.66177569,35.735,1.521,266,109.625,70.503,112.649,0
73.365,346.515,0.00288588,0.002020329215821889,-6.2044948,43.395,5.757,711,103.956,62.112,39.757,0
56.048,329.198,0.00303769,0.0005836989761684572,-7.44612516,41.58,13.93,1174,173.687,81.542,53.006,0
139.716,412.866,0.00242209,0.08970649202205928,-2.41121214,39.799,9.913,849,218.627,77.729,99.844,0
131.867,405.017,0.00246903,0.06110733339337293,-2.7951234,43.757,4.084,398,297.714,68.363,233.821,0
105.273,378.423,0.00264255,0.01478289123713196,-4.21428476,40.796,5.087,479,295.179,72.923,239.606,0
174.401,447.551,0.00223438,0.4164756116911896,-0.87592737,47.049,12.571,325,58.332,61.709,29.996,0
46.664,319.814,0.00312682,0.0002815689912829256,-8.17513306,35.557,8.559,948,91.276,68.816,174.079,0
159.498,432.648,0.00231135,0.2219225494866396,-1.50542683,45.601,5.268,1172,286.337,55.97,245.616,0
215.909,489.059,0.00204474,1.964281654768989,0.67512661,48.269,9.666,716,76.357,72.724,72.577,0
109.574,382.724,0.00261285,0.01884707983694022,-3.97139729,39.206,13.55,221,178.051,67.662,156.01,0
54.399,327.549,0.00305298,0.0005150715967385583,-7.57120464,36.302,12.927,235,262.6,81.304,26.638,0
179.856,453.006,0.00220748,0.5189932989051941,-0.65586431,44.659,7.706,785,122.552,67.561,194.647,0
198.642,471.792,0.00211958,1.065082837186016,0.06305258,46.285,13.488,1049,179.982,55.432,184.342,0
216.302,489.452,0.0020431,1.990836453580903,0.68855488,50.439,5.651,900,58.539,65.138,8.471,1
181.431,454.581,0.00219983,0.552496051487059,-0.59330899,41.315,13.005,211,153.783,74.455,52.396,0
155.805,428.955,0.00233125,0.1885898232820492,-1.66818087,39.163,3.397,346,257.201,66.127,189.339,0
146.842,419.992,0.002381,0.1255448807216898,-2.07509197,40.601,11.07,971,147.429,68.804,170.434,0
77.137,350.287,0.0028548,0.002604994620295258,-5.95032467,40.558,11.702,607,205.777,70.639,243.383,0
175.0,448.15,0.0022314,0.4267738819047954,-0.85150096,42.568,1.551,589,291.852,76.118,49.492,0
182.741,455.891,0.00219351,0.5818118777258333,-0.54160812,43.464,9.368,1165,164.591,63.175,121.287,0
96.351,369.501,0.00270635,0.008772253603389901,-4.73616154,42.337,7.061,840,267.661,70.215,157.951,0
48.097,321.247,0.00311287,0.000315594210450175,-8.06105331,40.708,7.075,1125,147.396,60.735,101.705,0
119.879,393.029,0.00254434,0.03300564454405094,-3.41107669,42.694,3.91,588,275.591,76.284,208.046,0
185.923,459.073,0.0021783,0.6588528194314535,-0.41725511,48.062,14.203,517,36.22,66.35,114.452,0
215.7,488.85,0.00204562,1.950287058355476,0.66797657,47.014,10.158,573,79.427,64.69,113.336,0
140.877,414.027,0.0024153,0.09483080715235498,-2.35566095,39.508,3.691,1140,265.103,76.166,55.761,0
143.773,416.923,0.00239852,0.1087784135706075,-2.21844237,40.824,9.675,565,52.728,67.482,38.623,0
86.615,359.765,0.00277959,0.004819011221718231,-5.33518651,36.276,9.675,549,89.975,62.725,18.059,0
75.282,348.432,0.00287,0.002300489970719517,-6.07463315,44.325,1.97,1166,247.617,72.826,152.041,0
213.053,486.203,0.00205675,1.780490528017274,0.5768889,48.995,4.544,879,242.545,74.177,227.808,1
117.143,390.293,0.00256218,0.0285254677320155,-3.55695799,37.365,12.019,696,72.145,73.073,222.815,0
180.482,453.632,0.00220443,0.5320865909306276,-0.63094904,46.193,12.107,496,27.113,74.671,6.604,0
48.101,321.251,0.00311283,0.0003156942733725671,-8.0607363,39.176,9.175,950,43.575,63.369,191.839,0
163.072,436.222,0.00229241,0.2591000012308612,-1.35054119,38.73,11.002,874,54.849,68.383,234.189,0
175.785,448.935,0.00222749,0.4406129762489776,-0.81958839,41.537,3.059,707,238.179,80.692,49.761,0
74.129,347.279,0.00287953,0.00212801004481547,-6.15256799,43.809,8.201,1161,85.172,66.639,11.425,0
122.572,395.722,0.00252703,0.038027030848889,-3.26945803,38.553,3.108,565,169.695,68.813,95.683,0
43.377,316.527,0.00315929,0.0002158968098452616,-8.44071,35.164,8.72,771,88.577,55.736,46.779,0
130.862,404.012,0.00247517,0.05811349560711203,-2.84535736,41.346,11.395,789,295.942,80.818,155.805,0
47.31,320.46,0.00312051,0.0002964656126678585,-8.12357932,39.793,4.714,1017,221.189,61.356,96.419,0
219.041,492.191,0.00203173,2.184850080361725,0.78154721,56.093,1.634,625,283.363,70.096,65.827,1
45.547,318.697,0.00313778,0.0002574286795726764,-8.26476785,38.194,14.304,320,69.158,67.502,249.207,0
196.195,469.345,0.00213063,0.9730389975722209,-0.02733112,46.444,12.167,474,183.003,71.472,159.15,0
120.574,393.724,0.00253985,0.03424061485205706,-3.37434277,43.772,13.902,179,272.996,66.552,10.703,0
87.931,361.081,0.00276946,0.005235310493316322,-5.25232913,40.046,13.507,485,10.575,75.736,43.183,0
188.137,461.287,0.00216785,0.7176711652084751,-0.3317438,46.894,13.256,1080,272.664,79.762,120.914,0
165.604,438.754,0.00227918,0.288707988392944,-1.24233952,41.601,6.033,739,258.334,59.521,42.294,0
215.304,488.454,0.00204728,1.924011544135199,0.65441235,53.772,4.071,659,246.247,55.489,49.543,1
85.978,359.128,0.00278452,0.004628552382857243,-5.37551112,41.683,6.43,868,140.454,65.477,166.802,0
120.058,393.208,0.00254318,0.03331980530674285,-3.4016033,36.775,1.636,1156,209.234,72.445,99.09,0
41.022,314.172,0.00318297,0.0001778799018581712,-8.63440194,40.813,14.231,228,207.501,60.512,143.977,0
153.092,426.242,0.00234609,0.1670366037042504,-1.78954231,40.24,7.696,707,110.381,75.351,202.686,0
203.101,476.251,0.00209973,1.25277902295178,0.2253643,44.472,13.069,173,45.507,75.329,14.417,0
142.768,415.918,0.00240432,0.1037423472637424,-2.26584488,43.464,7.077,439,37.734,62.515,236.138,0
132.811,405.961,0.00246329,0.06404527691337258,-2.74816499,41.551,1.79,422,266.131,59.291,31.222,0
51.31,324.46,0.00308204,0.000406091477758331,-7.80893211,43.678,10.961,819,83.972,55.262,236.607,0
54.385,327.535,0.00305311,0.0005145221459601961,-7.57227196,37.275,13.958,404,187.55,60.472,229.821,0
161.548,434.698,0.00230045,0.2426160870616607,-1.41627497,46.617,10.493,619,79.454,78.214,49.822,0
154.375,427.525,0.00233904,0.176937712331676,-1.73195752,38.676,12.116,541,49.429,56.187,84.768,0
124.48,397.63,0.0025149,0.04199176594362806,-3.17028173,36.606,1.184,434,273.144,74.758,11.641,0
141.132,414.282,0.00241381,0.09599093769643882,-2.34350149,36.487,4.777,566,191.119,63.123,59.206,0
206.461,479.611,0.00208502,1.412946813464557,0.34567746,47.781,12.869,968,18.372,67.925,73.953,0
80.579,353.729,0.00282702,0.003269490423103196,-5.72312114,41.116,2.148,849,253.986,59.653,172.073,0
169.083,442.233,0.00226125,0.3343089030312848,-1.09568985,42.523,1.562,356,251.416,62.996,126.146,0
131.437,404.587,0.00247166,0.05980978579911144,-2.81658599,41.067,7.285,386,27.893,68.116,230.309,0
177.131,450.281,0.00222084,0.4652741438179798,-0.76512849,41.635,8.95,719,184.783,74.855,212.932,0
201.995,475.145,0.00210462,1.203686560742828,0.18538898,45.659,14.638,343,277.51,71.869,218.628,0
133.075,406.225,0.00246169,0.06488936012085293,-2.73507161,35.823,4.497,378,165.811,79.899,55.12,0
144.806,417.956,0.0023926,0.1141825533125169,-2.16995677,39.995,10.712,681,89.782,58.298,149.442,0
182.675,455.825,0.00219382,0.5803024848439273,-0.54420579,45.189,14.875,362,200.361,54.785,13.888,0
61.233,334.383,0.00299058,0.0008580296160765279,-7.06087194,35.916,8.434,477,199.428,69.302,217.968,0
53.993,327.143,0.00305677,0.0004993547012153849,-7.60219389,43.335,1.885,143,96.548,64.988,213.329,0
77.743,350.893,0.00284987,0.00271218738648231,-5.90999982,40.877,13.502,905,159.496,54.955,83.641,0
197.375,470.525,0.00212529,1.016506098814195,0.01637135,48.257,5.855,1017,71.646,78.395,82.827,1
109.331,382.481,0.00261451,0.01859291892410416,-3.98497447,44.618,14.812,505,218.451,63.277,14.097,0
90.063,363.213,0.00275321,0.005979792495159623,-5.11936941,37.181,9.463,228,195.837,78.601,20.422,0
68.946,342.096,0.00292316,0.001489385593511733,-6.5093916,38.173,7.498,118,205.404,56.596,82.493,0
176.497,449.647,0.00222397,0.4535091371412023,-0.79073986,43.459,6.614,267,238.381,71.998,78.087,0
67.018,340.168,0.00293972,0.001300639188395027,-6.64489945,39.594,7.451,939,273.215,78.016,228.567,0
73.59,346.74,0.00288401,0.002051511485278942,-6.18917845,42.501,12.456,914,124.28,66.504,98.197,0
95.468,368.618,0.00271284,0.008319235444402582,-4.78918492,37.838,1.917,1157,165.671,67.492,232.078,0
174.963,448.113,0.00223158,0.4261312528993271,-0.85300787,46.428,3.918,114,127.357,72.583,210.251,0
42.577,315.727,0.00316729,0.0002022140793731464,-8.50618362,35.945,7.082,566,248.415,69.405,32.694,0
175.765,448.915,0.00222759,0.4402554875245658,-0.82040007,43.403,7.669,574,259.411,69.818,65.662,0
72.439,345.589,0.00289361,0.001896509751458573,-6.26774006,38.059,12.492,1153,63.34,58.327,135.877,0
107.561,380.711,0.00262666,0.01683335580872129,-4.0843929,40.948,8.21,208,275.336,69.502,219.521,0
195.481,468.631,0.00213388,0.9475442031927073,-0.05388169,43.547,14.609,815,96.445,65.897,204.488,0
167.371,440.521,0.00227004,0.31112328897359,-1.16756602,44.662,5.155,698,114.954,56.916,221.081,0
84.031,357.181,0.0027997,0.004088179381362306,-5.49965555,39.672,13.933,777,198.606,58.697,216.008,0
53.766,326.916,0.00305889,0.0004907606912879018,-7.61955394,44.102,10.935,1001,291.043,63.852,33.099,0
61.764,334.914,0.00298584,0.0008919582631168727,-7.02209122,41.238,9.447,401,250.761,69.669,121.809,0
116.664,389.814,0.00256533,0.02780029856991907,-3.58270852,40.159,2.367,743,52.663,69.03,69.92,0
111.204,384.354,0.00260177,0.02063497489529063,-3.88076783,39.278,11.978,467,284.397,69.145,15.584,0
132.851,406.001,0.00246305,0.06417252922207044,-2.74618005,40.237,10.483,790,264.318,60.45,95.294,0
108.466,381.616,0.00262044,0.01771320111029045,-4.03344509,44.45,13.292,475,116.927,57.031,23.408,0
201.979,475.129,0.00210469,1.202989021385777,0.18480931,48.839,12.308,890,198.683,56.919,205.082,0
188.189,461.339,0.0021676,0.7191068873427798,-0.32974527,46.127,14.518,158,121.335,66.851,85.464,0
128.682,401.832,0.0024886,0.05206896173786894,-2.95518625,39.213,2.338,1164,146.156,61.944,17.846,0
212.362,485.512,0.00205968,1.738368385686448,0.55294696,54.511,5.982,444,275.682,69.046,19.356,1
48.81,321.96,0.00310598,0.0003338995322100688,-8.00467041,37.77,14.156,579,216.808,76.5,149.916,0
184.584,457.734,0.00218467,0.6253944394353169,-0.46937273,40.476,2.409,1189,245.372,57.892,44.034,0
124.999,398.149,0.00251162,0.04313291123487577,-3.14346897,36.771,3.599,1032,113.747,67.325,216.897,0
171.849,444.999,0.0022472,0.3750366938345825,-0.98073141,46.658,12.057,125,241.394,69.044,106.358,0
40.926,314.076,0.00318394,0.0001764700677598411,-8.64235928,38.057,6.76,1143,128.307,58.627,212.991,0
78.164,351.314,0.00284646,0.002789013721707424,-5.88206725,43.602,9.671,196,294.254,74.729,105.237,0
116.32,389.47,0.00256759,0.02728984368896454,-3.60124067,36.677,7.55,236,131.456,60.79,62.605,0
88.322,361.472,0.00276647,0.005365168919933408,-5.22782742,37.602,7.667,125,109.738,74.73,119.15,0
92.242,365.392,0.00273679,0.006839218038126768,-4.98508188,40.021,7.507,139,264.965,79.45,77.706,0
184.857,458.007,0.00218337,0.6320908963599315,-0.45872207,41.64,10.289,191,235.319,62.426,57.218,0
57.834,330.984,0.00302129,0.0006674407541868902,-7.31205993,36.802,11.987,424,291.447,73.718,164.352,0
172.161,445.311,0.00224562,0.3798974529670867,-0.96785392,40.657,9.923,742,221.999,65.248,36.692,0
129.021,402.171,0.0024865,0.05297002063122852,-2.93802917,38.672,14.653,1054,269.456,58.749,38.018,0
148.036,421.186,0.00237425,0.1326706263884304,-2.01988572,44.048,3.496,191,288.762,71.291,95.378,0
147.63,420.78,0.00237654,0.1302079440646995,-2.03862254,45.085,12.372,634,245.943,55.605,178.516,0
153.166,426.316,0.00234568,0.1675938893476852,-1.78621155,38.375,8.178,112,67.1,63.668,186.426,0
163.874,437.024,0.0022882,0.2681702848265377,-1.31613311,38.603,12.67,1032,86.305,57.304,151.99,0
70.425,343.575,0.00291057,0.001650838177730854,-6.40647213,41.015,12.233,433,133.123,57.2,80.963,0
69.35,342.5,0.00291971,0.001531986328951814,-6.48119013,40.676,12.383,792,69.536,66.984,41.92,0
51.892,325.042,0.00307653,0.0004248406927118455,-7.7637963,39.06,9.584,354,199.603,67.46,224.016,0
104.347,377.497,0.00264903,0.01401955390728503,-4.26730222,37.838,6.922,896,233.014,74.073,181.346,0
176.656,449.806,0.00222318,0.4564345157444106,-0.78431004,42.201,8.829,600,295.072,55.235,214.345,0
83.935,357.085,0.00280045,0.004063089188200183,-5.50581171,39.947,4.242,177,221.103,73.459,246.145,0
92.713,365.863,0.00273326,0.007039167936772027,-4.95626531,35.755,1.867,315,133.607,76.689,156.464,0
44.181,317.331,0.00315128,0.0002305041701720636,-8.3752416,42.863,4.964,893,46.252,74.648,95.978,0
109.404,382.554,0.00261401,0.01866894334087086,-3.98089392,40.886,11.661,1136,287.786,65.331,53.232,0
150.621,423.771,0.00235977,0.1493548180186285,-1.90143047,39.296,4.267,117,42.124,72.756,176.373,0
73.991,347.141,0.00288067,0.002108179449258583,-6.16193052,36.206,5.702,755,285.316,65.573,168.203,0
179.176,452.326,0.00221079,0.5050959030393054,-0.68300696,42.828,12.185,876,230.77,59.742,7.558,0
91.387,364.537,0.00274321,0.006489417623241754,-5.03758249,43.864,5.523,867,135.09,78.135,161.91,0
43.64,316.79,0.00315667,0.0002205783123536288,-8.41925777,38.021,6.511,1139,30.73,67.216,217.658,0
94.401,367.551,0.00272071,0.007800267311671839,-4.85359728,41.372,5.906,326,47.457,80.591,57.052,0
56.41,329.56,0.00303435,0.0005998479267282505,-7.41883439,35.014,1.078,308,25.275,59.865,44.15,0
44.398,317.548,0.00314913,0.0002346000366370712,-8.35762847,40.153,9.882,851,43.914,68.259,64.685,0
147.191,420.341,0.00237902,0.1275913080569183,-2.05892303,44.942,14.725,1188,144.045,60.696,93.015,0
49.684,322.834,0.00309757,0.0003576714811879683,-7.93589564,41.482,4.342,811,189.786,55.343,163.433,0
199.47,472.62,0.00211586,1.097927267359676,0.0934241,50.612,12.68,322,33.303,58.226,96.117,0
165.227,438.377,0.00228114,0.2841164980923685,-1.25837092,39.779,12.789,104,216.3,77.992,86.062,0
47.154,320.304,0.00312203,0.0002928032176710022,-8.13600979,43.38,11.111,167,197.369,65.23,159.527,0
137.357,410.507,0.00243601,0.08005409142414292,-2.52505273,42.206,13.34,635,109.435,77.0,200.945,0
219.304,492.454,0.00203065,2.204326337266963,0.79042195,53.954,9.514,300,242.664,71.078,90.569,1
50.626,323.776,0.00308856,0.0003850313747185888,-7.86218573,35.22,5.82,613,12.891,75.923,239.655,0
141.83,414.98,0.00240975,0.0992320352661696,-2.31029438,43.158,9.238,858,102.254,74.007,241.411,0
105.927,379.077,0.00263799,0.01534452506490644,-4.17699654,35.975,9.034,600,77.773,54.736,225.516,0
147.817,420.967,0.00237548,0.1313370927849583,-2.02998803,42.944,10.871,725,206.042,69.3,103.637,0
218.156,491.306,0.00203539,2.120419161932672,0.75161379,52.771,8.78,895,168.337,73.727,34.254,1
188.059,461.209,0.00216821,0.7155223502445871,-0.33474244,40.996,10.71,1103,120.505,74.633,79.053,0
162.999,436.149,0.00229279,0.2582881705675354,-1.35367938,42.989,14.899,1008,175.769,81.377,31.114,0
41.955,315.105,0.00317355,0.0001921336962203944,-8.55731909,44.793,4.546,705,172.673,60.915,192.876,0
87.778,360.928,0.00277064,0.005185281224027496,-5.2619312,36.561,5.65,174,97.488,69.53,12.825,0
61.531,334.681,0.00298792,0.0008769217076361173,-7.03909284,39.646,12.83,122,216.888,56.503,20.61,0
75.398,348.548,0.00286905,0.002318532362563113,-6.0668209,38.802,11.47,976,199.473,70.267,136.242,0
69.28,342.43,0.0029203,0.001524525968002266,-6.48607176,37.456,14.291,1163,178.656,69.774,230.172,0
72.408,345.558,0.00289387,0.001892487457093385,-6.2698632,42.14,8.264,1133,17.946,76.658,99.509,0
196.944,470.094,0.00212723,1.000434368251549,0.00043427,45.015,12.263,1003,256.69,77.89,168.639,0
103.073,376.223,0.002658,0.0130277876906714,-4.34067069,36.027,7.546,628,121.186,76.807,79.507,0
157.869,431.019,0.00232008,0.2066198527351964,-1.57687463,36.97,6.823,1046,187.384,72.029,169.547,0
207.071,480.221,0.00208237,1.443887973526282,0.36733946,49.15,5.731,369,177.27,72.139,106.961,1
197.904,471.054,0.0021229,1.036544218765355,0.03589231,50.515,9.625,488,17.01,59.858,93.346,1
190.812,463.962,0.00215535,0.7949182551450493,-0.22951599,45.778,9.738,1062,136.899,75.68,91.061,0
52.585,325.735,0.00306998,0.0004482038163613666,-7.71026248,40.977,3.566,484,249.336,59.015,54.311,0
86.744,359.894,0.0027786,0.004858440944215736,-5.32703769,35.624,12.654,442,278.035,81.456,215.731,0
43.389,316.539,0.00315917,0.0002161084027534444,-8.43973041,41.278,2.449,564,246.949,67.216,178.518,0
58.324,331.474,0.00301683,0.0006922725172286291,-7.27553087,44.902,9.8,1025,38.786,70.855,30.862,0
115.987,389.137,0.00256979,0.02680380462161642,-3.61921144,35.325,2.486,312,84.034,70.615,181.635,0
124.035,397.185,0.00251772,0.04103510863136951,-3.19332727,35.541,6.829,1082,24.123,68.93,10.078,0
193.379,466.529,0.00214349,0.8758873546918022,-0.13251779,48.089,10.243,364,273.303,63.3,221.624,0
168.343,441.493,0.00226504,0.3241044553312274,-1.12668942,39.985,1.206,878,289.555,67.18,48.886,0
98.327,371.477,0.00269196,0.009868398737838435,-4.61841767,40.799,8.23,503,20.779,64.86,100.354,0
203.884,477.034,0.00209629,1.288595706950311,0.25355303,43.595,1.804,130,223.872,59.349,61.305,0
117.46,390.61,0.0025601,0.02901474499589684,-3.53995113,42.369,11.89,123,32.486,79.863,40.539,0
185.085,458.235,0.00218229,0.6377322555758089,-0.44983675,45.54,10.686,363,100.784,74.602,56.558,0
104.016,377.166,0.00265135,0.01375549995307025,-4.28631654,38.551,12.098,959,182.428,73.169,150.351,0
57.93,331.08,0.00302042,0.0006722402955551221,-7.3048947,36.45,14.593,568,228.781,65.367,220.591,0
157.819,430.969,0.00232035,0.2061654713543558,-1.57907617,42.303,5.65,756,27.372,55.625,37.687,0
173.218,446.368,0.0022403,0.3967848361478765,-0.92436112,40.771,2.0,510,240.185,73.491,231.825,0
146.349,419.499,0.0023838,0.1227042637783462,-2.09797818,45.833,13.828,1000,76.001,79.564,149.373,0
59.764,332.914,0.00300378,0.0007702445441097377,-7.1688025,43.533,9.975,1193,156.992,75.433,64.314,0
128.254,401.404,0.00249126,0.05095109205699877,-2.97688909,39.945,8.478,363,157.333,73.018,166.602,0
46.752,319.902,0.00312596,0.0002835568270484858,-8.16809801,44.489,3.6,356,134.456,73.217,140.894,0
180.95,454.1,0.00220216,0.5420661907518959,-0.61236716,45.349,9.516,996,217.536,75.346,142.804,0
140.832,413.982,0.00241556,0.09462739142624789,-2.35780829,43.254,11.93,563,131.188,71.089,151.885,0
62.051,335.201,0.00298328,0.0009108049515494937,-7.00118179,43.784,11.775,613,150.512,78.613,26.535,0
155.477,428.627,0.00233303,0.1858581093729816,-1.68277175,46.434,10.296,401,68.136,73.562,103.847,0
62.068,335.218,0.00298313,0.0009119326923408014,-6.99994437,37.903,11.441,486,291.096,74.002,55.473,0
216.856,490.006,0.00204079,2.028806551969098,0.70744771,52.614,12.122,412,118.326,55.415,201.055,1
91.206,364.356,0.00274457,0.006417489682629746,-5.04872825,38.864,8.375,715,224.947,67.498,74.729,0
186.885,460.035,0.00217375,0.6838623187827696,-0.37999867,40.772,8.318,179,129.693,57.876,249.11,0
58.416,331.566,0.00301599,0.0006970284082419248,-7.26868439,41.77,4.332,1049,282.966,78.861,110.549,0
166.295,439.445,0.0022756,0.2972959635268876,-1.21302713,39.013,14.286,1129,248.159,54.706,213.261,0
219.423,492.573,0.00203016,2.213188853735214,0.7944344,55.965,3.889,1002,197.292,64.26,96.557,1
82.212,355.362,0.00281403,0.003636012750677153,-5.6168676,42.425,11.897,454,23.588,58.035,70.896,0
60.111,333.261,0.00300065,0.0007902020863826077,-7.14322184,41.888,7.278,156,25.274,77.609,205.029,0
102.544,375.694,0.00266174,0.01263503828517794,-4.37128151,35.348,11.996,1195,55.831,71.863,236.015,0
50.219,323.369,0.00309244,0.0003729821080334671,-7.89398011,41.544,8.525,252,137.923,72.261,50.853,0
119.072,392.222,0.00254958,0.0316222702944015,-3.45389365,42.798,5.836,491,265.881,66.741,207.803,0
196.093,469.243,0.00213109,0.9693601057302875,-0.03111911,48.411,1.35,908,146.448,72.463,247.283,1
191.536,464.686,0.00215199,0.8170540818787148,-0.20204999,45.923,7.663,867,257.064,72.758,129.765,0
59.58,332.73,0.00300544,0.0007598507407131179,-7.18238854,36.651,13.098,270,140.605,55.175,172.747,0
128.218,401.368,0.00249148,0.05085805977888047,-2.97871667,41.313,2.146,367,260.672,68.931,33.744,0
140.482,413.632,0.00241761,0.09305860755780473,-2.3745258,45.234,11.279,459,138.094,63.158,204.901,0
170.572,443.722,0.00225366,0.3557144284061697,-1.03362704,45.315,11.728,846,257.987,77.489,146.033,0
74.695,347.845,0.00287484,0.002211142930588249,-6.11424573,37.963,13.657,349,183.675,81.464,93.013,0
104.8,377.95,0.00264585,0.01438839105697066,-4.24133357,44.355,2.094,635,241.576,68.253,36.593,0
94.724,367.874,0.00271832,0.007954169137896094,-4.83405907,35.634,14.123,1003,143.055,81.051,72.769,0
123.388,396.538,0.00252183,0.03967927743721767,-3.22692621,41.312,14.679,623,105.186,56.372,87.899,0
113.217,386.367,0.00258821,0.02305440203738274,-3.76989855,39.166,9.157,697,218.412,67.48,242.112,0
55.411,328.561,0.00304357,0.000556249356167453,-7.49429388,36.39,8.56,546,46.311,71.362,106.305,0
131.484,404.634,0.00247137,0.05995039207035118,-2.81423786,44.448,13.293,299,190.835,55.713,100.025,0
160.902,434.052,0.00230387,0.2359163917520285,-1.44427781,41.748,12.194,428,287.07,64.386,37.243,0
91.743,364.893,0.00274053,0.006633035812544358,-5.01569269,43.145,12.592,422,32.814,78.031,247.539,0
56.841,329.991,0.00303039,0.0006196102714896583,-7.38641987,42.286,3.649,709,80.845,59.005,76.569,0
136.593,409.743,0.00244055,0.07713463764833763,-2.56220284,43.464,7.605,116,267.72,55.414,132.12,0
54.641,327.791,0.00305072,0.0005246549565904077,-7.55276974,39.449,9.852,174,57.819,79.168,148.596,0
153.778,426.928,0.00234232,0.1722670196424013,-1.75870957,39.299,1.523,574,85.251,56.322,31.663,0
133.268,406.418,0.00246052,0.06551276180908781,-2.72551032,44.136,10.461,581,70.142,56.751,93.788,0
155.22,428.37,0.00233443,0.1837425198573753,-1.69421985,43.715,2.461,596,199.303,67.114,97.271,0
133.671,406.821,0.00245808,0.06683189815076615,-2.7055748,43.849,9.275,628,76.673,80.798,204.93,0
40.349,313.499,0.0031898,0.0001682114258420067,-8.69028888,42.241,4.838,864,180.96,64.841,241.391,0
90.287,363.437,0.00275151,0.006063364296128066,-5.10549047,38.361,12.31,658,181.253,63.306,146.197,0
184.923,458.073,0.00218306,0.6337193462103621,-0.45614909,46.428,8.025,816,74.513,72.249,90.757,0
199.611,472.761,0.00211523,1.103608716132934,0.09858546,47.186,12.305,787,272.198,62.397,171.666,0
176.408,449.558,0.00222441,0.451878956308672,-0.79434093,45.414,14.901,144,286.82,71.44,22.403,0
204.561,477.711,0.00209332,1.320289675515615,0.27785116,45.504,10.536,1066,163.09,67.382,133.295,0
140.09,413.24,0.0024199,0.09132935544629148,-2.39328302,38.047,8.841,624,267.695,57.742,47.253,0
89.786,362.936,0.00275531,0.005877898946333228,-5.1365559,40.34,4.497,241,217.557,60.939,39.111,0
129.91,403.06,0.00248102,0.0554001371736984,-2.89317321,41.829,12.534,187,161.05,59.126,190.278,0
185.203,458.353,0.00218172,0.6406694259392424,-0.44524167,42.284,6.397,1004,258.639,58.591,71.409,0
197.306,470.456,0.0021256,1.013917869398595,0.01382191,45.965,4.328,263,71.158,79.415,100.202,0
42.381,315.531,0.00316926,0.0001989861574549494,-8.5222753,41.037,13.105,103,253.432,73.817,119.708,0
211.859,485.009,0.00206182,1.708261164277976,0.53547599,49.37,9.215,750,111.187,73.093,28.41,1
205.092,478.242,0.00209099,1.345628366655378,0.29686109,51.647,2.304,849,202.243,70.805,50.978,1
65.204,338.354,0.00295548,0.001143336040302052,-6.77380494,35.452,4.557,589,272.225,78.695,85.085,0
86.689,359.839,0.00277902,0.004841593981677025,-5.33051128,36.303,8.995,1147,180.88,71.788,74.755,0
181.853,455.003,0.00219779,0.56179306838223,-0.5766217,42.765,13.089,883,257.823,60.059,130.237,0
47.378,320.528,0.00311985,0.000298075215138423,-8.1181647,38.47,13.679,926,149.6,76.026,120.367,0
187.72,460.87,0.00216981,0.7062494386962599,-0.34778679,47.171,7.113,1068,193.649,79.313,94.011,1
92.44,365.59,0.0027353,0.00692263460831299,-4.97295886,35.069,4.724,722,217.652,65.899,83.087,0
204.633,477.783,0.002093,1.323700544689463,0.28043126,46.196,4.121,296,40.942,61.054,195.716,0
94.467,367.617,0.00272022,0.007831492634460443,-4.84960216,42.259,5.742,314,16.433,77.302,135.009,0
87.772,360.922,0.00277068,0.005183328203862854,-5.26230792,40.89,8.541,722,97.938,78.369,23.342,0
194.925,468.075,0.00213641,0.9281025707209909,-0.07461302,42.28,7.345,878,184.049,66.734,186.933,0
95.903,369.053,0.00270964,0.008539679165395851,-4.76303184,37.191,12.17,308,283.989,60.758,220.247,0
197.548,470.698,0.0021245,1.023021152202285,0.02276016,42.328,13.678,783,60.257,74.189,19.95,0
145.547,418.697,0.00238836,0.118206280641401,-2.13532404,43.829,1.833,437,280.633,79.986,38.371,0
70.478,343.628,0.00291012,0.001656910666291007,-6.40280045,36.06,6.278,1135,166.883,63.851,200.504,0
129.665,402.815,0.00248253,0.05472058441180108,-2.90551533,40.972,5.172,296,23.505,74.023,236.862,0
213.854,487.004,0.00205337,1.830441373584917,0.60455713,45.855,8.48,821,212.967,64.999,108.741,0
179.199,452.349,0.00221068,0.5055604985906276,-0.68208757,41.177,5.197,1035,127.893,74.159,81.83,0
145.618,418.768,0.00238796,0.1185984230719112,-2.13201209,45.403,9.922,359,156.542,62.627,134.032,0
78.813,351.963,0.00284121,0.002911350500730581,-5.83913822,42.797,4.844,926,222.045,65.29,164.875,0
169.333,442.483,0.00225997,0.3378205442655179,-1.08524046,46.228,2.627,769,124.83,57.896,12.226,1
110.607,383.757,0.00260582,0.01996304996001805,-3.91387222,41.823,3.558,550,29.352,62.837,109.199,0
108.365,381.515,0.00262113,0.01761298267064204,-4.039119,39.449,11.0,1041,224.995,58.678,239.174,0
99.588,372.738,0.00268285,0.01063153138036931,-4.54393103,42.374,2.104,935,90.965,67.01,191.384,0
211.324,484.474,0.00206409,1.676743852165374,0.51685373,44.964,11.303,298,208.854,58.543,102.863,0
196.961,470.111,0.00212716,1.001064001891415,0.00106344,49.356,7.744,1072,39.791,73.843,133.74,1
182.714,455.864,0.00219364,0.5811939777106233,-0.54267071,43.04,9.598,677,63.31,61.942,80.423,0
47.79,320.94,0.00311585,0.0003080009963331817,-8.08540754,40.194,5.805,998,70.517,74.062,78.569,0
43.019,316.169,0.00316287,0.0002096715112367201,-8.46996848,44.416,3.846,1110,24.911,71.903,174.43,0
179.352,452.502,0.00220993,0.5086607545027338,-0.67597398,47.367,1.567,221,296.974,69.651,245.781,1
147.159,420.309,0.0023792,0.1274024315808868,-2.06040445,44.789,7.781,657,144.618,77.368,151.333,0
175.435,448.585,0.00222923,0.4343940848381016,-0.83380313,41.674,3.035,997,31.795,71.752,72.925,0
157.456,430.606,0.00232231,0.2028933760834597,-1.59507468,46.243,12.186,743,222.438,64.131,190.961,0
93.694,366.844,0.00272595,0.00747281399894969,-4.89648364,41.428,13.306,559,165.606,56.762,119.537,0
90.151,363.301,0.00275254,0.006012498286769074,-5.11391493,37.226,4.327,323,13.214,79.528,44.066,0
78.028,351.178,0.00284756,0.002763980925712769,-5.89108327,42.154,1.244,495,254.912,77.523,242.134,0
113.025,386.175,0.0025895,0.02281303032869636,-3.7804234,35.299,4.549,692,131.813,58.631,215.289,0
126.665,399.815,0.00250116,0.04698767828322235,-3.05786988,43.404,14.485,180,270.049,57.994,80.455,0
98.163,371.313,0.00269315,0.009772897853750417,-4.62814225,36.048,9.825,703,240.323,59.54,93.854,0
54.855,328.005,0.00304873,0.0005332658607010609,-7.53649046,39.341,11.471,1115,156.649,74.954,211.736,0
60.856,334.006,0.00299396,0.0008346647788255953,-7.08848038,38.323,2.394,1139,63.338,56.633,131.343,0
113.978,387.128,0.00258312,0.02403400543555122,-3.72828556,38.97,8.89,1087,286.464,74.01,92.511,0
117.164,390.314,0.00256204,0.0285576480939981,-3.55583049,35.983,11.469,140,19.173,68.149,97.623,0
199.235,472.385,0.00211692,1.088515655101015,0.08481498,42.826,4.205,1057,142.319,71.409,5.162,0
89.728,362.878,0.00275575,0.005856765204509151,-5.14015784,36.566,13.379,829,213.207,74.212,24.761,0
194.059,467.209,0.00214037,0.8985243507624329,-0.10700147,43.757,8.057,228,215.122,75.296,160.11,0
97.267,370.417,0.00269966,0.009265812983138045,-4.68142368,37.191,13.466,719,230.009,60.139,37.179,0
97.538,370.688,0.00269769,0.009416599418551462,-4.66528125,42.588,2.948,1051,224.432,76.72,216.361,0
44.34,317.49,0.00314971,0.000233498765678993,-8.36233377,41.327,13.072,151,26.666,54.991,153.26,0
70.309,343.459,0.00291156,0.001637618519794719,-6.41451221,41.393,13.259,992,32.801,69.612,45.468,0
162.993,436.143,0.00229283,0.2582215459309586,-1.35393736,42.403,1.74,973,37.474,59.303,19.671,0
50.148,323.298,0.00309312,0.000370916070425742,-7.89953475,35.654,5.142,507,84.154,61.618,15.335,0
187.162,460.312,0.00217244,0.691218111003568,-0.36929986,45.569,2.085,589,222.311,63.727,154.62,0
142.251,415.401,0.00240731,0.1012341221222973,-2.2903194,44.498,13.458,325,74.534,81.396,105.191,0
155.682,428.832,0.00233192,0.1875612474674578,-1.67364983,44.833,2.375,790,218.953,72.273,211.318,0
102.758,375.908,0.00266023,0.01279260606367338,-4.35888793,40.023,1.979,535,49.154,74.154,172.401,0
185.342,458.492,0.00218106,0.6441447163802844,-0.43983186,43.793,11.303,819,14.611,78.662,29.904,0
50.777,323.927,0.00308712,0.0003895921608944147,-7.85041011,43.577,10.976,1166,117.394,68.838,239.311,0
97.6,370.75,0.00269724,0.009451408812642073,-4.66159147,39.752,2.603,995,114.526,72.065,49.154,0
93.104,366.254,0.00273035,0.007209183545056034,-4.93239957,41.037,9.233,481,22.76,59.564,230.272,0
125.266,398.416,0.00250994,0.04373081231954082,-3.12970234,37.498,10.729,317,30.621,56.081,220.14,0
146.148,419.298,0.00238494,0.1215627716167738,-2.10732451,43.524,11.362,1013,94.437,67.745,203.967,0
46.37,319.52,0.00312969,0.0002750205831968424,-8.19866462,35.277,10.852,573,102.848,69.346,23.258,0
51.312,324.462,0.00308203,0.0004061545824283952,-7.80877673,40.142,14.248,190,44.724,55.358,119.945,0
96.625,369.775,0.00270435,0.008917322391503401,-4.71975956,40.439,3.635,916,47.735,79.763,104.992,0
202.065,475.215,0.00210431,1.20674250026272,0.18792458,51.52,13.142,996,47.566,76.718,220.585,1
82.001,355.151,0.0028157,0.00358663209885946,-5.63054165,39.69,5.938,434,221.329,70.341,64.631,0
162.639,435.789,0.00229469,0.2543177620323313,-1.36917076,40.715,4.641,890,174.456,79.745,165.648,0
73.208,346.358,0.00288719,0.001998828535769777,-6.215194,36.849,2.877,1133,115.334,64.414,115.988,0
104.255,377.405,0.00264967,0.01394570341742828,-4.27258382,44.837,8.412,479,70.838,73.014,206.993,0
164.967,438.117,0.0022825,0.2809880514921044,-1.26944313,39.396,14.951,519,296.245,56.755,214.172,0
185.614,458.764,0.00217977,0.6509937430833986,-0.42925525,40.863,5.958,788,11.32,74.857,112.055,0
105.944,379.094,0.00263787,0.01535937884660179,-4.17602899,40.626,4.661,908,68.393,64.544,85.797,0
143.586,416.736,0.0023996,0.1078250550924832,-2.22724523,43.428,12.703,489,79.708,69.793,189.44,0
129.472,402.622,0.00248372,0.05419056474887578,-2.91524847,38.809,1.874,587,198.981,69.077,25.0,0
47.563,320.713,0.00311805,0.0003024951323201808,-8.10344537,40.443,11.143,739,106.684,58.513,178.648,0
58.832,331.982,0.00301221,0.0007189104387896646,-7.23777377,44.055,13.015,675,25.102,59.36,41.822,0
212.943,486.093,0.00205722,1.773725526776331,0.57308215,45.742,3.664,1066,206.19,56.601,156.012,1
42.512,315.662,0.00316795,0.0002011382787360083,-8.51151793,37.391,4.93,580,234.03,67.077,48.738,0
57.123,330.273,0.0030278,0.0006328626852775992,-7.36525709,43.257,3.72,912,101.369,66.4,128.194,0
97.035,370.185,0.00270135,0.009138474627939252,-4.6952618,43.26,2.302,670,215.553,76.86,195.05,0
106.76,379.91,0.0026322,0.01608789075378119,-4.12968842,44.51,5.954,1141,42.327,56.912,95.564,0
217.147,490.297,0.00203958,2.049005320206337,0.71735447,48.896,14.432,1016,82.629,61.658,107.022,0
172.212,445.362,0.00224536,0.3806973160733255,-0.96575067,45.716,6.445,1186,115.653,65.41,59.189,0
102.729,375.879,0.00266043,0.01277114941864232,-4.3605666,38.222,12.223,578,63.852,54.628,233.476,0
184.167,457.317,0.00218667,0.6152873701963134,-0.48566585,41.057,1.055,564,13.432,65.219,53.514,0
129.779,402.929,0.00248183,0.05503584404055305,-2.8997706,40.001,8.277,563,201.385,72.963,116.36,0
168.567,441.717,0.00226389,0.3271636392508044,-1.11729481,44.651,8.068,193,93.51,63.347,68.687,0
193.52,466.67,0.00214284,0.8805392343232501,-0.12722079,44.647,9.165,824,99.726,58.627,78.819,0
92.634,365.784,0.00273385,0.007005263532972566,-4.96109348,39.797,13.231,686,153.249,60.904,58.924,0
58.616,331.766,0.00301417,0.0007074710553155591,-7.25381384,42.546,10.793,386,128.709,65.037,240.725,0
138.379,411.529,0.00242996,0.08411479262439603,-2.47557283,36.636,12.997,299,264.362,56.667,191.834,0
46.429,319.579,0.00312912,0.0002763233492060302,-8.19393882,35.997,10.564,453,158.166,58.994,57.146,0
65.663,338.813,0.00295148,0.001181397422843634,-6.74105728,42.544,12.849,748,162.647,59.162,208.703,0
179.042,452.192,0.00221145,0.5023966718497472,-0.68836529,48.56,9.243,966,210.724,66.413,32.229,1
132.001,405.151,0.00246822,0.06151683724999075,-2.78844437,37.666,8.741,850,292.507,75.67,242.439,0
131.78,404.93,0.00246956,0.06084277809490685,-2.79946215,41.189,8.741,422,57.622,68.062,150.163,0
163.381,436.531,0.00229079,0.262561684162698,-1.33726924,37.603,6.701,351,133.381,68.962,225.244,0
211.532,484.682,0.00206321,1.68893587458727,0.52409867,45.996,11.809,139,154.257,63.306,157.446,0
63.372,336.522,0.00297157,0.001002358056254735,-6.9054,41.404,12.97,872,33.926,80.766,228.524,0
159.726,432.876,0.00231013,0.2241433059174644,-1.49546967,42.263,11.789,922,183.767,71.617,112.534,0
210.123,483.273,0.00206922,1.60785211192062,0.4748992,49.219,9.679,746,260.22,65.391,13.544,1
71.843,344.993,0.00289861,0.001820532776313444,-6.30862609,40.477,13.472,765,87.111,74.07,92.621,0
61.271,334.421,0.00299024,0.0008604177061675609,-7.05809258,42.205,5.305,753,287.847,65.715,178.286,0
214.337,487.487,0.00205134,1.861154540256984,0.62119702,50.349,3.6,213,158.961,80.401,111.751,1
84.233,357.383,0.00279812,0.004141435742598619,-5.48671275,43.816,5.569,1013,176.879,63.527,7.989,0
92.805,365.955,0.00273258,0.007078839820357221,-4.95064525,40.222,4.41,1162,57.114,67.938,242.017,0
188.239,461.389,0.00216737,0.7204897918675619,-0.32782403,46.308,8.701,937,186.251,59.81,107.837,0
138.988,412.138,0.00242637,0.08662169965144864,-2.44620492,41.741,6.814,900,145.22,61.645,222.708,0
192.979,466.129,0.00214533,0.8628088039026427,-0.14756216,43.625,12.367,652,137.703,62.903,244.561,0
65.492,338.642,0.00295297,0.001167083922310262,-6.75324702,41.699,13.84,725,53.717,66.974,134.788,0
192.59,465.74,0.00214712,0.8502561689781939,-0.1622176,50.095,6.625,362,265.98,56.237,57.179,1
179.267,452.417,0.00221035,0.5069363092020289,-0.67936991,42.255,6.445,850,23.59,61.318,158.291,0
214.588,487.738,0.00205028,1.877293727635837,0.62983123,48.933,13.677,714,295.422,76.434,88.337,0
99.585,372.735,0.00268287,0.01062965390703678,-4.54410765,42.791,11.648,1168,15.66,71.177,184.925,0
196.348,469.498,0.00212993,0.9785805107328612,-0.02165222,42.192,11.867,652,171.621,57.918,59.757,0
57.312,330.462,0.00302607,0.0006418899203383526,-7.35109373,38.32,14.212,687,149.775,59.773,247.724,0
196.239,469.389,0.00213043,0.9746297825317838,-0.02569759,46.998,7.713,521,185.733,76.695,222.174,0
183.559,456.709,0.00218958,0.6008108659035788,-0.50947509,46.507,6.179,444,224.224,70.674,213.403,0
78.223,351.373,0.00284598,0.002799937851676051,-5.87815806,41.791,14.503,546,22.416,65.235,87.106,0
64.604,337.754,0.00296073,0.001095278566747768,-6.81674655,36.306,4.836,660,230.661,68.284,27.544,0
75.905,349.055,0.00286488,0.002398919362546293,-6.03273691,40.328,14.25,1165,57.96,70.814,122.689,0
170.666,443.816,0.00225319,0.3571058615218229,-1.02972301,43.194,6.335,566,168.797,71.589,110.537,0
75.695,348.845,0.0028666,0.002365318681696134,-6.04684252,43.311,2.552,347,242.087,75.64,62.884,0
42.703,315.853,0.00316603,0.0002043146150051752,-8.49584952,35.868,5.515,599,188.879,67.379,213.509,0
82.623,355.773,0.00281078,0.003733986243533408,-5.59027892,36.038,6.56,920,181.909,75.965,73.559,0
139.384,412.534,0.00242404,0.08828764811642237,-2.42715507,43.544,13.893,818,40.871,72.388,12.222,0
84.823,357.973,0.00279351,0.004300632462871651,-5.44899318,41.763,11.806,219,218.998,62.132,143.181,0
76.193,349.343,0.00286252,0.002445710387978155,-6.01341965,41.965,5.061,140,222.02,68.701,106.237,0
81.537,354.687,0.00281939,0.003480188443468736,-5.66066884,35.327,7.779,603,186.868,54.707,221.058,0
76.658,349.808,0.00285871,0.002523023065493929,-5.98229747,37.612,11.559,737,160.355,75.617,16.906,0
165.758,438.908,0.00227838,0.2906025332834129,-1.23579881,41.051,11.13,1093,76.989,63.842,242.128,0
132.515,405.665,0.00246509,0.06311065158271759,-2.76286572,39.299,13.92,934,83.25,62.479,139.085,0
176.539,449.689,0.00222376,0.4542802522643087,-0.78904098,45.867,12.459,908,35.932,74.23,148.79,0
148.033,421.183,0.00237426,0.132652277061804,-2.02002403,46.182,11.832,1136,200.581,72.877,17.028,0
89.085,362.235,0.00276064,0.005627066932158,-5.18016694,38.623,5.306,720,115.204,66.87,138.511,0
140.121,413.271,0.00241972,0.09146504803315572,-2.39179837,36.829,9.7,142,105.368,70.889,7.3,0
121.723,394.873,0.00253246,0.03637416574189224,-3.31389649,39.605,9.58,305,240.986,72.798,153.519,0
106.02,379.17,0.00263734,0.01542594364797268,-4.17170453,35.407,5.542,300,41.4,66.672,54.417,0
65.479,338.629,0.00295308,0.001166002294020872,-6.75417422,38.416,10.645,214,269.869,72.357,141.643,0
105.668,378.818,0.00263979,0.01511982938461583,-4.19174819,36.291,1.804,461,182.875,65.683,95.884,0
160.56,433.71,0.00230569,0.2324368715229713,-1.45913661,42.056,13.064,419,266.702,65.535,205.291,0
47.642,320.792,0.00311728,0.0003044008947528996,-8.09716499,36.742,1.325,651,165.995,66.802,227.824,0
126.698,399.848,0.00250095,0.04706707626738777,-3.05618154,36.351,10.326,113,191.149,54.512,124.585,0
73.966,347.116,0.00288088,0.002104605095713159,-6.16362743,44.37,8.356,105,142.182,68.126,85.206,0
176.512,449.662,0.00222389,0.4537844015570717,-0.79013308,41.604,13.23,245,20.503,66.188,58.725,0
43.234,316.384,0.00316072,0.0002133899949686203,-8.4523891,44.857,8.497,1113,109.31,73.2,199.914,0
202.308,475.458,0.00210324,1.217404262166503,0.19672094,43.449,13.108,814,73.818,72.443,196.235,0
122.212,395.362,0.00252933,0.03731805993286329,-3.28827789,39.912,8.368,501,95.809,74.964,153.544,0
127.773,400.923,0.00249424,0.04972066092725744,-3.00133472,36.093,2.061,982,109.527,71.345,82.495,0
163.569,436.719,0.0022898,0.2646879792006684,-1.32920358,44.517,1.194,1035,220.372,73.437,150.89,1
60.179,333.329,0.00300004,0.0007941682993123834,-7.13821516,37.453,3.996,247,87.255,55.394,45.328,0
117.247,390.397,0.0025615,0.02868515878264074,-3.55137541,45.253,10.802,170,233.718,69.478,79.873,0
214.251,487.401,0.0020517,1.85565295756675,0.61823663,50.371,1.249,319,171.792,80.002,45.783,1
216.327,489.477,0.002043,1.992536330330915,0.68940837,50.624,5.816,887,44.459,63.65,99.621,1
86.289,359.439,0.00278211,0.004720664337004475,-5.35580574,40.906,4.093,592,175.565,79.334,87.593,0
138.807,411.957,0.00242744,0.08586970003257019,-2.45492425,43.61,11.828,1103,146.712,74.531,135.098,0
195.918,469.068,0.00213189,0.9630769595318737,-0.03762195,46.396,10.813,764,252.074,64.881,104.963,0
45.526,318.676,0.00313798,0.0002569936882440722,-8.26645903,38.826,5.194,993,19.506,73.138,240.967,0
143.159,416.309,0.00240206,0.1056762069054001,-2.24737551,38.312,3.91,269,29.409,67.375,180.919,0
72.231,345.381,0.00289535,0.00186967067002587,-6.28199298,36.992,13.792,467,194.604,61.92,178.213,0
80.419,353.569,0.0028283,0.003235458697201918,-5.73358457,38.381,4.916,1047,213.437,71.42,148.979,0
48.662,321.812,0.0031074,0.0003300212644318952,-8.01635347,39.908,5.316,640,281.805,58.203,191.421,0
126.665,399.815,0.00250116,0.04698767828322235,-3.05786988,42.355,9.611,194,96.278,60.241,20.575,0
206.251,479.401,0.00208594,1.402431195125206,0.3382073,50.517,6.66,920,248.981,72.568,43.971,1
211.602,484.752,0.00206291,1.693056497231534,0.52653547,46.616,8.55,177,28.843,62.128,148.525,0
172.764,445.914,0.00224258,0.3894511735634558,-0.94301678,45.021,7.309,755,97.082,81.315,13.232,0
210.758,483.908,0.00206651,1.643959394264068,0.4971076,49.892,10.445,648,23.502,80.992,138.36,1
195.759,468.909,0.00213261,0.9573995609719074,-0.04353446,50.048,4.982,936,285.657,63.372,36.855,1
199.113,472.263,0.00211746,1.083657823116638,0.08034219,45.218,9.409,970,230.288,79.022,231.77,0
58.17,331.32,0.00301823,0.0006843782555475485,-7.28699979,38.216,4.556,582,200.302,76.165,112.944,0
83.719,356.869,0.00280215,0.004007149295386756,-5.51967519,39.467,11.015,861,194.673,75.177,224.937,0
198.522,471.672,0.00212012,1.060395615684305,0.05864206,45.294,3.905,1122,227.205,67.939,5.675,1
187.35,460.5,0.00217155,0.6962504054881293,-0.36204591,40.628,3.998,652,107.292,65.508,137.495,0
66.737,339.887,0.00294215,0.001275040088822337,-6.66477766,43.114,9.944,616,132.601,59.768,173.484,0
102.096,375.246,0.00266492,0.01231086931470307,-4.39727272,44.459,12.474,458,148.889,62.68,98.468,0
76.851,350.001,0.00285713,0.002555763248890955,-5.96940437,36.096,13.318,936,209.215,59.915,194.58,0
158.746,431.896,0.00231537,0.2147367293944348,-1.53834252,42.765,3.261,195,38.223,59.701,180.423,0
119.649,392.799,0.00254583,0.03260590539220593,-3.42326186,41.401,5.959,901,140.684,61.735,113.452,0
81.807,354.957,0.00281724,0.003541771159184387,-5.64312835,43.333,4.16,1164,123.066,66.031,133.143,0
155.662,428.812,0.00233202,0.1873944748542085,-1.67453939,37.022,7.264,636,265.464,71.491,236.903,0
161.528,434.678,0.00230055,0.2424061422209109,-1.41714069,37.749,4.73,372,157.51,70.559,82.642,0
53.151,326.301,0.00306466,0.0004681564440040145,-7.66670804,36.609,6.775,116,64.501,60.405,63.47,0
70.268,343.418,0.0029119,0.001632969297411687,-6.41735527,40.969,8.639,202,48.843,64.048,108.961,0
182.296,455.446,0.00219565,0.5717020739030632,-0.55913727,41.765,13.801,1017,105.301,63.108,95.22,0
218.489,491.639,0.00203401,2.144463744757573,0.76288952,55.341,2.071,986,84.493,65.025,155.157,1
166.612,439.762,0.00227396,0.3013114811096759,-1.19961073,45.112,10.783,149,60.0,59.798,51.756,0
124.171,397.321,0.00251686,0.04132537085299082,-3.18627866,37.89,12.123,675,118.679,63.18,198.315,0
170.07,443.22,0.00225622,0.3483650900900878,-1.05450424,38.133,14.863,1160,147.217,78.7,68.969,0
156.608,429.758,0.00232689,0.1954298256283009,-1.63255391,42.48,2.668,209,80.79,68.473,70.078,0
87.233,360.383,0.00277483,0.005010593447971647,-5.29620092,37.707,10.138,643,253.61,74.303,210.044,0
56.828,329.978,0.00303051,0.0006190055411562175,-7.38739633,43.676,9.563,944,257.226,79.345,159.108,0
189.066,462.216,0.00216349,0.7437078282189333,-0.29610703,45.422,4.634,423,253.466,70.92,111.154,0
148.545,421.695,0.00237138,0.1358170615942405,-1.99644643,40.869,13.615,1156,23.224,80.223,84.152,0
176.395,449.545,0.00222447,0.4516412770853451,-0.79486705,42.167,13.729,731,194.227,72.895,168.3,0
140.818,413.968,0.00241565,0.09456418656439516,-2.35847645,41.644,5.853,116,27.171,73.285,41.938,0
99.386,372.536,0.0026843,0.01050578569641375,-4.55582915,41.69,10.248,1153,141.515,54.969,8.134,0
43.088,316.238,0.00316218,0.0002108583187906822,-8.46432412,40.632,6.01,799,216.931,74.137,25.721,0
202.121,475.271,0.00210406,1.209192186760091,0.18995252,48.814,8.304,740,272.78,58.313,18.792,1
58.857,332.007,0.00301198,0.0007202453574832487,-7.23591863,43.681,10.713,1128,286.102,69.825,38.724,0
67.073,340.223,0.00293925,0.001305704493337749,-6.64101254,44.232,7.233,909,76.602,64.408,233.348,0
189.222,462.372,0.00216276,0.748161173762429,-0.29013685,47.219,12.188,140,119.564,54.656,57.793,0
43.409,316.559,0.00315897,0.0002164614828091135,-8.43809793,35.009,6.773,611,290.629,73.948,247.601,0
56.83,329.98,0.00303049,0.0006190985412621365,-7.3872461,42.388,3.597,605,297.781,57.713,215.568,0
73.926,347.076,0.00288121,0.002098897663764227,-6.16634299,36.546,1.75,869,20.467,79.626,223.13,0
169.041,442.191,0.00226147,0.3337221522429172,-1.09744651,39.397,7.77,433,66.116,77.446,95.831,0
140.361,413.511,0.00241832,0.0925217194376164,-2.38031186,43.886,11.331,117,117.965,58.819,187.573,0
67.245,340.395,0.00293776,0.001321662028992537,-6.62886522,35.873,14.336,1058,150.828,73.903,21.831,0
182.458,455.608,0.00219487,0.5753642796797721,-0.55275191,43.889,6.04,621,152.481,75.579,194.937,0
216.277,489.427,0.00204321,1.989137853595592,0.68770131,55.096,2.011,136,213.325,64.935,189.912,1
92.186,365.336,0.00273721,0.006815792098446401,-4.98851299,40.942,12.148,829,178.362,75.009,244.025,0
52.309,325.459,0.00307258,0.0004387608772123924,-7.73155599,37.692,1.323,328,41.918,56.395,196.425,0
175.387,448.537,0.00222947,0.4335473305841261,-0.83575431,42.26,8.954,714,91.899,78.876,89.687,0
124.884,398.034,0.00251235,0.04287766958544027,-3.14940411,40.662,1.581,789,273.858,77.634,203.138,0
57.466,330.616,0.00302466,0.0006493327926834822,-7.3395652,44.681,3.716,754,111.967,73.492,94.602,0
136.396,409.546,0.00244173,0.07639755361547475,-2.5718046,41.368,9.2,931,184.98,60.221,125.67,0
176.271,449.421,0.00222509,0.4493797693779319,-0.79988694,42.329,6.319,810,109.626,76.718,20.067,0
80.118,353.268,0.00283071,0.003172312118787756,-5.75329458,39.752,5.676,805,82.058,66.595,180.012,0
178.543,451.693,0.00221389,0.4924575456901713,-0.70834702,40.058,8.265,1044,21.598,69.085,159.214,0
219.647,492.797,0.00202923,2.229956291236331,0.80198198,48.588,1.003,662,253.958,64.129,41.222,1
72.329,345.479,0.00289453,0.001882272380014928,-6.27527552,40.724,14.52,1095,111.446,61.753,132.552,0
68.497,341.647,0.002927,0.001443315227537106,-6.54081257,43.65,2.702,790,142.497,70.786,137.639,0
53.332,326.482,0.00306296,0.000474707508394499,-7.65281172,43.19,12.921,1196,261.236,57.723,247.535,0
112.624,385.774,0.00259219,0.02231628095820391,-3.80243878,44.329,4.407,417,271.849,55.13,201.496,0
150.693,423.843,0.00235936,0.149845303913022,-1.89815182,40.631,6.56,682,188.106,60.991,92.701,0
68.798,341.948,0.00292442,0.001474053035711089,-6.51973951,36.519,8.892,533,87.696,62.786,230.373,0
41.851,315.001,0.00317459,0.0001904942054075328,-8.56588878,44.051,10.135,104,85.179,68.294,132.076,0
81.163,354.313,0.00282236,0.003396499893947112,-5.68500982,39.343,2.033,902,188.462,65.239,242.283,0
172.634,445.784,0.00224324,0.3873735890939047,-0.94836571,44.03,3.048,814,166.209,69.746,99.841,0
119.819,392.969,0.00254473,0.03290093995913033,-3.41425405,40.203,14.54,854,134.006,56.141,105.233,0
91.824,364.974,0.00273992,0.006666114590615536,-5.01071811,39.507,9.828,490,72.962,56.639,39.167,0
103.949,377.099,0.00265182,0.01370260359349595,-4.29016942,42.64,1.992,822,226.746,62.456,199.778,0
45.491,318.641,0.00313833,0.0002562702085324632,-8.26927817,38.572,13.711,943,199.388,67.354,118.39,0
152.47,425.62,0.00234951,0.1624176073630282,-1.81758444,46.042,5.876,985,76.447,74.79,49.502,0
193.504,466.654,0.00214292,0.8800102628762064,-0.12782171,49.889,5.028,312,173.251,56.253,179.241,1
134.276,407.426,0.00245443,0.06885717685505319,-2.67572082,36.672,7.257,1071,214.515,70.041,82.221,0
128.106,401.256,0.00249217,0.05056960489864917,-2.98440458,40.744,1.673,647,62.912,75.831,71.86,0
142.348,415.498,0.00240675,0.1017005232459379,-2.28572283,41.251,14.19,825,221.366,69.179,64.797,0
43.99,317.14,0.00315318,0.0002269537384779274,-8.39076436,42.773,7.394,822,54.512,77.817,102.0,0
193.064,466.214,0.00214494,0.8655734262275505,-0.14436307,41.724,7.57,682,111.433,56.869,79.206,0
101.837,374.987,0.00266676,0.01212692339784244,-4.41232722,42.228,6.821,492,246.34,70.974,143.808,0
149.9,423.05,0.00236379,0.1445219238031527,-1.93432406,44.223,6.141,1175,27.403,64.941,167.275,0
61.091,334.241,0.00299185,0.0008491594644122747,-7.07126356,38.93,3.847,1174,151.578,67.229,151.319,0
128.073,401.223,0.00249238,0.05048489561005721,-2.98608108,43.256,7.542,657,152.973,62.436,17.3,0
172.487,445.637,0.00224398,0.3850362217684752,-0.95441787,39.202,2.067,154,50.387,62.763,197.424,0
77.856,351.006,0.00284895,0.002732615970129481,-5.9024959,41.64,14.292,907,287.626,71.436,47.288,0
85.076,358.226,0.00279153,0.004370592993948519,-5.43285658,36.583,1.59,966,238.704,62.689,236.368,0
91.39,364.54,0.00274318,0.006490615960774927,-5.03739784,41.426,8.636,669,227.854,68.272,212.188,0
166.225,439.375,0.00227596,0.2964157210033762,-1.21599235,40.691,9.813,377,188.589,55.89,82.63,0
172.636,445.786,0.00224323,0.3874054769901387,-0.94828339,46.376,2.443,591,283.898,76.773,120.388,1
130.079,403.229,0.00247998,0.05587331357915264,-2.88466841,44.019,5.476,584,102.225,75.82,204.584,0
117.021,390.171,0.00256298,0.02833916310168865,-3.56351058,43.525,7.032,603,204.042,77.188,113.493,0
156.898,430.048,0.00232532,0.1979541004890771,-1.61972009,41.721,9.133,998,46.466,68.838,243.448,0
86.312,359.462,0.00278194,0.004727542427115547,-5.35434978,39.691,9.386,681,118.632,75.293,173.449,0
135.722,408.872,0.00244575,0.07392344273387608,-2.60472528,39.399,6.634,396,47.548,81.16,57.228,0
210.665,483.815,0.00206691,1.63862696022098,0.49385867,53.789,2.665,703,41.868,80.746,232.119,1
108.847,381.997,0.00261782,0.01809592407240312,-4.01206856,35.897,10.298,873,164.357,70.853,120.16,0
210.859,484.009,0.00206608,1.649767857090288,0.50063459,53.489,8.836,196,96.201,80.77,188.184,1
142.289,415.439,0.00240709,0.1014166065222482,-2.28851843,44.89,10.503,892,164.765,61.627,66.327,0
57.824,330.974,0.00302139,0.0006669426173953035,-7.31280655,43.768,5.55,304,286.638,65.34,8.586,0
92.102,365.252,0.00273784,0.006780790175338151,-4.99366164,37.078,2.344,567,286.819,61.629,199.011,0
214.151,487.301,0.00205212,1.849273784653343,0.61479301,52.341,9.687,770,262.387,78.338,61.864,1
48.037,321.187,0.00311345,0.0003140967693082592,-8.06580944,37.559,11.769,1011,203.125,55.105,5.074,0
216.589,489.739,0.0020419,2.010428048225442,0.69834766,53.192,8.075,749,56.264,69.499,224.84,1
215.291,488.441,0.00204733,1.923154274649658,0.65396669,52.626,2.273,208,12.138,54.62,88.532,1
143.981,417.131,0.00239733,0.1098477208516737,-2.20866023,40.352,12.037,1034,276.288,65.285,127.147,0
201.78,474.93,0.00210557,1.194343181923068,0.1775964,50.972,13.327,763,241.39,74.5,52.072,1
43.474,316.624,0.00315832,0.0002176126719043035,-8.43279381,44.82,14.703,764,236.486,76.242,140.368,0
211.229,484.379,0.0020645,1.671201237958192,0.51354267,45.68,8.835,667,278.157,55.199,176.422,0
88.261,361.411,0.00276693,0.005344718272025289,-5.23164644,42.956,7.779,1054,225.904,71.324,219.491,0
169.133,442.283,0.002261,0.3350086153845686,-1.09359903,44.965,10.539,100,19.257,57.529,125.556,0
196.509,469.659,0.0021292,0.984441924089638,-0.01568037,49.714,7.415,1165,110.4,81.039,166.475,1
201.417,474.567,0.00210718,1.178713497323392,0.16442359,50.19,12.998,1148,162.726,59.01,6.048,1
81.197,354.347,0.00282209,0.003404031275050763,-5.68279488,42.668,3.351,982,109.157,79.842,129.411,0
127.767,400.917,0.00249428,0.04970548325054578,-3.00164002,40.615,14.154,115,44.844,65.061,149.508,0
149.926,423.076,0.00236364,0.1446937359676587,-1.93313594,45.145,9.519,651,142.702,66.478,243.19,0
166.3,439.45,0.00227557,0.2973589271772206,-1.21281536,43.11,12.785,1159,20.837,73.867,233.843,0
45.7,318.85,0.00313627,0.0002606184521202721,-8.25245309,40.616,2.52,337,168.722,79.773,24.195,0
215.529,488.679,0.00204633,1.938902306730906,0.66212199,48.222,4.248,258,229.406,80.447,75.786,1
45.763,318.913,0.00313565,0.0002619424484593289,-8.24738574,41.448,8.308,1024,10.405,81.437,239.599,0
52.995,326.145,0.00306612,0.0004625770822455804,-7.67869735,37.502,12.251,787,196.921,65.975,36.393,0
67.458,340.608,0.00293593,0.001341671140790793,-6.61383932,39.495,9.942,714,135.922,62.801,70.091,0
106.012,379.162,0.0026374,0.01541892452225827,-4.17215966,38.98,11.531,1057,112.227,59.921,57.607,0
64.635,337.785,0.00296046,0.001097715406603298,-6.81452416,38.667,6.85,1128,80.28,75.685,122.981,0
99.762,372.912,0.0026816,0.01074094190609366,-4.53369249,43.389,7.788,393,217.222,76.044,134.417,0
135.092,408.242,0.00244953,0.07167630073793226,-2.63559512,37.821,9.419,678,203.656,79.063,55.001,0
102.649,375.799,0.002661,0.01271212799152315,-4.36519878,43.11,9.493,228,121.834,69.845,110.121,0
163.507,436.657,0.00229013,0.2639850606891743,-1.33186277,37.783,9.313,768,258.927,54.944,12.571,0
128.702,401.852,0.00248848,0.05212173538953474,-2.95417323,42.658,12.079,373,207.818,57.813,34.284,0
171.422,444.572,0.00224935,0.3684741583640798,-0.9983847,40.784,8.34,167,249.791,71.215,61.988,0
185.109,458.259,0.00218217,0.6383286756584264,-0.44890196,49.303,12.792,446,64.77,60.631,249.421,0
72.598,345.748,0.00289228,0.001917263522347056,-6.25685636,38.219,10.916,817,52.351,78.325,147.707,0
168.464,441.614,0.00226442,0.3257537767709665,-1.12161347,47.065,12.179,874,96.469,70.629,6.812,0
119.917,393.067,0.0025441,0.03307211313364204,-3.40906486,37.761,6.827,450,136.732,66.279,53.695,0
166.834,439.984,0.00227281,0.3041523573286397,-1.19022653,42.262,10.128,591,219.028,61.218,178.439,0
171.597,444.747,0.00224847,0.3711512407206182,-0.99114564,42.506,1.986,801,52.566,77.429,48.954,0
174.872,448.022,0.00223203,0.4245543969719958,-0.85671514,39.335,9.496,791,232.554,68.322,157.769,0
128.555,401.705,0.00248939,0.05173497196039792,-2.96162129,42.535,8.761,1076,152.51,79.747,113.35,0
89.523,362.673,0.0027573,0.005782622036796599,-5.15289806,35.871,7.761,300,244.82,75.81,199.344,0
153.865,427.015,0.00234184,0.1729407255558409,-1.75480637,40.268,7.515,455,256.067,67.825,86.046,0
60.558,333.708,0.00299663,0.000816611063242682,-7.11034763,40.775,8.831,500,30.465,65.069,116.19,0
69.33,342.48,0.00291988,0.001529851391280288,-6.48258468,39.12,2.956,1048,289.441,76.022,59.07,0
200.417,473.567,0.00211163,1.136587570221757,0.12803041,48.293,9.883,162,156.491,57.913,220.894,0
76.573,349.723,0.00285941,0.002508725842786753,-5.98798029,44.215,5.057,492,70.382,79.186,165.37,0
156.992,430.142,0.00232481,0.1987785523245685,-1.61556388,44.614,14.273,689,11.915,74.092,5.782,0
75.72,348.87,0.0028664,0.002369296063860133,-6.04516239,44.686,10.017,279,246.765,75.7,159.383,0
153.332,426.482,0.00234476,0.1688500794744189,-1.77874406,38.959,1.762,574,244.529,65.758,148.476,0
42.917,316.067,0.00316389,0.0002079283864039645,-8.47831683,44.482,12.474,788,14.429,70.254,71.975,0
122.615,395.765,0.00252675,0.03811252175319418,-3.2672124,37.521,12.832,316,219.798,67.88,189.406,0
208.657,481.807,0.00207552,1.527151048615988,0.42340394,52.924,14.514,275,134.87,64.13,19.646,1
216.324,489.474,0.00204301,1.992332277680598,0.68930595,51.18,8.324,208,98.107,80.889,91.454,1
64.468,337.618,0.00296193,0.00108464644789967,-6.8265012,44.624,10.911,773,28.036,79.638,239.271,0
177.531,450.681,0.00221886,0.4728358600950723,-0.74900697,42.65,11.229,125,280.243,60.16,220.658,0
162.968,436.118,0.00229296,0.257944108503573,-1.35501235,44.718,11.261,884,188.679,62.524,32.256,0
102.087,375.237,0.00266498,0.0123044351098937,-4.3977955,36.369,7.794,1187,116.575,80.38,95.629,0
91.544,364.694,0.00274202,0.006552402042615848,-5.02792357,36.603,12.144,307,208.737,60.228,106.176,0
98.047,371.197,0.00269399,0.009705856659294413,-4.6350258,37.815,10.734,990,44.732,58.671,110.635,0
69.782,342.932,0.00291603,0.00157877251574353,-6.45110762,38.729,2.213,862,208.717,75.294,202.798,0
53.156,326.306,0.00306461,0.0004683362896149837,-7.66632395,36.308,7.033,434,278.423,76.598,73.655,0
190.601,463.751,0.00215633,0.7885679289890004,-0.23753673,46.351,2.426,640,104.313,78.177,167.892,1
102.78,375.93,0.00266007,0.01280890534932641,-4.35761462,44.349,9.506,404,85.427,56.202,64.721,0
148.524,421.674,0.0023715,0.1356859359873148,-1.99741236,41.114,1.111,927,142.796,58.85,12.81,0
85.416,358.566,0.00278889,0.004466246659159886,-5.4112069,40.038,7.615,749,239.784,81.479,199.047,0
57.43,330.58,0.00302499,0.0006475858308410584,-7.34225922,41.463,6.539,988,178.281,81.316,229.057,0
111.247,384.397,0.00260148,0.02068415357953621,-3.8783874,39.611,12.492,279,261.173,66.285,149.264,0
113.784,386.934,0.00258442,0.02378076261471351,-3.73887832,37.739,13.573,201,197.525,66.41,200.523,0
191.684,464.834,0.00215131,0.8216457597476092,-0.19644593,44.387,11.959,851,198.498,61.804,176.358,0
153.227,426.377,0.00234534,0.1680545251153943,-1.7834668,46.364,13.762,700,174.574,64.063,180.571,0
212.487,485.637,0.00205915,1.745922453730375,0.55728304,50.359,3.197,714,280.805,77.273,17.155,1
127.664,400.814,0.00249492,0.04944558391732697,-3.00688253,39.691,2.692,306,80.06,71.044,144.142,0
187.764,460.914,0.0021696,0.7074469490555546,-0.34609264,49.33,13.247,260,14.054,63.211,142.953,0
160.355,433.505,0.00230678,0.2303732541035859,-1.46805444,44.038,10.59,1006,252.069,81.411,112.617,0
143.163,416.313,0.00240204,0.1056961568327539,-2.24718675,44.9,12.221,1076,80.925,57.562,230.166,0
183.343,456.493,0.00219061,0.5957412160629297,-0.51794891,46.312,4.263,534,32.05,70.454,132.251,0
81.238,354.388,0.00282177,0.003413133520031888,-5.68012449,42.196,3.726,812,79.349,55.962,125.289,0
72.882,346.032,0.00288991,0.001954851233016738,-6.23744118,43.85,12.735,215,195.321,75.517,203.059,0
161.472,434.622,0.00230085,0.2418191601663052,-1.4195651,44.318,8.597,374,217.724,74.994,155.354,0
73.295,346.445,0.00288646,0.002010716910780442,-6.20926395,37.297,10.213,571,34.154,66.886,52.239,0
213.0,486.15,0.00205698,1.777228194713032,0.57505496,54.016,8.737,381,299.599,73.398,144.539,1
190.552,463.702,0.00215656,0.7870996600047877,-0.23940041,46.104,7.163,1111,13.886,74.543,97.876,0
122.716,395.866,0.00252611,0.03831400912138676,-3.26193968,41.054,7.461,272,144.978,69.842,165.362,0
56.345,329.495,0.00303495,0.0005969183329821774,-7.42373025,41.076,10.496,685,235.299,61.527,178.546,0
97.639,370.789,0.00269695,0.00947336495328963,-4.65927111,39.986,1.506,823,24.714,67.801,238.199,0
92.433,365.583,0.00273536,0.006919669810880284,-4.97338723,42.493,8.826,771,247.583,56.773,21.26,0
85.036,358.186,0.00279185,0.00435946338281509,-5.43540631,41.551,10.246,1096,281.384,70.689,109.05,0
115.891,389.041,0.00257042,0.02666514726130702,-3.62439791,42.567,14.623,628,25.391,65.362,116.342,0
170.276,443.426,0.00225517,0.3513644124089597,-1.04593138,40.079,9.427,385,90.553,70.271,178.375,0
43.114,316.264,0.00316192,0.0002113071271638328,-8.4621979,44.957,7.01,554,224.866,69.857,222.283,0
141.575,414.725,0.00241124,0.09803674128879677,-2.32241296,44.838,3.001,374,250.217,64.908,150.439,0
48.059,321.209,0.00311324,0.0003146450692048608,-8.06406532,37.184,6.782,847,184.539,79.368,225.985,0
89.765,362.915,0.00275547,0.005870239062163338,-5.13785992,41.648,2.057,661,180.663,70.626,38.307,0
59.899,333.049,0.00300256,0.0007779533187034623,-7.15884404,38.823,13.461,488,258.336,75.088,136.999,0
175.633,448.783,0.00222825,0.4379025307692777,-0.82575893,46.586,4.865,312,59.746,79.184,166.299,0
195.139,468.289,0.00213543,0.9355432801832541,-0.06662787,42.699,9.901,800,116.75,78.525,66.51,0
122.59,395.74,0.00252691,0.03806279663908788,-3.26851794,40.196,1.984,112,268.49,63.692,20.89,0
106.396,379.546,0.00263473,0.01575913108482872,-4.15033533,38.477,6.699,140,85.491,81.3,67.531,0
47.93,321.08,0.00311449,0.0003114425703017225,-8.0742956,43.073,11.844,102,89.332,71.479,193.185,0
61.313,334.463,0.00298987,0.0008630642736414204,-7.05502139,36.379,2.874,210,42.747,65.537,31.198,0
99.624,372.774,0.00268259,0.01065408458045916,-4.54181193,35.629,10.835,434,139.264,55.954,161.592,0
111.297,384.447,0.00260114,0.02074147160612778,-3.87562012,43.594,1.557,1001,127.794,63.738,71.751,0
88.785,361.935,0.00276293,0.005522733480442183,-5.19888235,35.619,6.377,503,248.876,75.74,59.438,0
199.246,472.396,0.00211687,1.088954601506865,0.08521815,47.362,9.361,445,240.071,70.837,102.714,0
178.893,452.043,0.00221218,0.4994103588076702,-0.69432716,47.196,5.159,728,21.613,59.917,190.08,1
138.922,412.072,0.00242676,0.08634680661599504,-2.44938346,44.537,6.259,301,155.531,67.846,181.439,0
72.417,345.567,0.00289379,0.001893654414652606,-6.26924676,41.616,1.94,1005,251.76,71.273,233.161,0
131.678,404.828,0.00247018,0.06053392428069258,-2.80455134,41.2,10.724,382,64.708,66.61,155.254,0
128.86,402.01,0.0024875,0.05254034581865927,-2.94617391,42.682,10.853,709,140.312,59.354,120.686,0
117.392,390.542,0.00256054,0.02890915469733508,-3.54359696,40.418,2.267,428,70.539,66.868,78.694,0
159.71,432.86,0.00231022,0.2239868175581489,-1.49616808,45.218,6.559,529,242.019,78.406,28.512,0
89.152,362.302,0.00276013,0.00565061209272559,-5.1759914,44.141,9.839,269,92.266,79.829,36.813,0
162.431,435.581,0.00229578,0.2520486859660759,-1.37813301,46.184,11.543,292,19.028,71.583,62.655,0
182.967,456.117,0.00219242,0.587006863527947,-0.53271877,40.018,3.636,549,96.825,61.718,144.803,0
105.254,378.404,0.00264268,0.01476685719574493,-4.21536999,35.315,2.674,490,173.349,74.288,146.56,0
88.709,361.859,0.00276351,0.005496583799118581,-5.20362851,42.444,8.933,855,38.774,80.849,212.779,0
98.036,371.186,0.00269407,0.009699521061164005,-4.63567877,39.881,1.647,664,76.396,54.677,109.803,0
165.173,438.323,0.00228142,0.2834641970673795,-1.26066945,46.631,2.947,1071,95.849,74.979,82.367,1
77.925,351.075,0.00284839,0.002745159130685605,-5.89791623,43.084,11.572,898,209.761,62.973,15.951,0
104.851,378.001,0.0026455,0.01443046257351802,-4.23841385,38.799,5.578,1021,34.951,61.581,244.004,0
143.223,416.373,0.00240169,0.1059958119557675,-2.2443557,42.817,6.076,451,269.614,69.463,183.639,0
126.658,399.808,0.0025012,0.04697085182999225,-3.05822804,37.332,3.877,953,144.205,77.357,153.028,0
215.439,488.589,0.00204671,1.932933868907388,0.65903899,48.227,9.097,992,262.855,63.744,210.549,0
86.683,359.833,0.00277907,0.004839759358008439,-5.33089028,35.254,4.628,839,290.174,64.772,235.831,0
80.788,353.938,0.00282535,0.003314436894811999,-5.70946754,44.036,1.077,498,124.199,54.831,79.9,0
111.05,384.2,0.00260281,0.02045971444601648,-3.88929748,42.907,1.539,367,131.379,70.169,59.2,0
184.162,457.312,0.00218669,0.6151670677403737,-0.48586139,46.237,8.521,784,217.173,80.307,63.868,0
133.518,406.668,0.00245901,0.06632829399256512,-2.71313872,44.658,12.771,827,67.334,60.1,130.492,0
146.545,419.695,0.00238268,0.1238266144360479,-2.08887296,40.236,8.782,799,260.787,75.902,155.343,0
83.545,356.695,0.00280352,0.003962598817033974,-5.5308552,44.395,1.297,489,277.991,78.485,172.254,0
162.229,435.379,0.00229685,0.2498623953104007,-1.38684493,39.013,6.851,338,236.95,61.292,139.038,0
215.47,488.62,0.00204658,1.934987835141212,0.66010104,49.024,8.238,1157,144.835,56.361,29.072,1
216.335,489.485,0.00204296,1.993080560677577,0.68968146,46.293,8.353,481,143.877,56.555,55.131,0
130.802,403.952,0.00247554,0.05793901372874152,-2.84836431,41.913,6.393,1020,82.08,74.939,30.279,0
53.753,326.903,0.00305901,0.0004902726675959595,-7.62054886,40.695,13.752,141,139.835,71.907,144.231,0
44.461,317.611,0.00314851,0.0002358016713746554,-8.35251948,39.787,4.433,336,244.608,77.395,35.888,0
172.92,446.07,0.0022418,0.3919573753799223,-0.93660218,44.049,6.625,1071,81.442,62.711,166.417,0
106.022,379.172,0.00263733,0.01542769888231537,-4.17159076,40.262,3.696,1177,79.216,61.171,76.444,0
86.659,359.809,0.00277925,0.004832427201810789,-5.33240641,39.267,14.891,1019,186.846,73.887,17.618,0
154.422,427.572,0.00233879,0.1773101924633369,-1.72985458,43.075,13.291,653,32.727,66.473,149.649,0
164.152,437.302,0.00228675,0.2713799052025276,-1.30423558,38.534,3.628,1081,241.96,75.168,207.635,0
216.336,489.486,0.00204296,1.993148598670867,0.6897156,55.788,13.214,242,167.052,78.255,167.456,1
170.325,443.475,0.00225492,0.3520812240837587,-1.04389338,41.223,13.572,519,229.498,59.461,10.843,0
157.681,430.831,0.0023211,0.2049160135746866,-1.58515507,45.57,5.698,640,160.097,60.483,191.19,0
80.54,353.69,0.00282733,0.003261165186148207,-5.72567073,36.492,5.731,1034,145.158,77.094,92.479,0
179.726,452.876,0.00220811,0.5163104525322114,-0.66104704,46.538,8.037,457,121.434,59.984,186.048,0
69.186,342.336,0.00292111,0.001514560130076437,-6.49263023,38.77,14.883,714,246.232,64.316,110.913,0
119.925,393.075,0.00254404,0.03308612192867344,-3.40864136,42.637,4.113,102,197.135,63.578,225.603,0
189.506,462.656,0.00216143,0.7563293046451498,-0.27927841,48.827,1.158,212,68.524,73.364,25.332,1
82.295,355.445,0.00281337,0.00365560690643627,-5.61149315,42.331,8.015,908,202.185,55.185,74.227,0
43.988,317.138,0.0031532,0.0002269168295349467,-8.390927,36.162,2.868,1119,284.242,56.539,29.226,0
86.181,359.331,0.00278295,0.004688489109429299,-5.3626449,42.913,11.619,197,148.615,80.911,81.951,0
213.155,486.305,0.00205632,1.786783832748296,0.58041726,51.987,5.84,377,145.465,73.943,174.321,1
186.567,459.717,0.00217525,0.6755034896697689,-0.39229696,48.079,11.312,1188,101.162,67.505,54.992,0
175.767,448.917,0.00222758,0.4402912247739762,-0.8203189,39.312,12.777,593,119.715,60.992,140.173,0
123.781,396.931,0.00251933,0.04049792585620268,-3.20650452,40.771,5.907,1195,217.658,68.434,74.369,0
153.789,426.939,0.00234225,0.1723520708408763,-1.75821597,40.296,13.33,932,89.186,76.739,77.977,0
189.519,462.669,0.00216137,0.7567050835865595,-0.27878169,48.518,10.935,957,59.902,75.446,242.309,0
113.93,387.08,0.00258345,0.02397112114165951,-3.73090546,36.632,13.4,1105,175.085,69.406,92.331,0
168.123,441.273,0.00226617,0.321124763577789,-1.13592556,47.141,13.733,547,200.111,71.898,160.485,0
78.774,351.924,0.00284152,0.002903862721844846,-5.84171346,39.725,9.486,361,246.999,69.504,35.25,0
94.724,367.874,0.00271832,0.007954169137896094,-4.83405907,40.096,5.082,942,194.489,57.558,178.53,0
145.127,418.277,0.00239076,0.115910277068065,-2.15493886,39.536,4.035,562,27.107,71.35,37.17,0
174.489,447.639,0.00223394,0.4179745406546891,-0.87233476,39.481,4.11,140,235.349,79.699,38.655,0
167.075,440.225,0.00227157,0.307263409105986,-1.18004989,38.272,5.003,190,52.949,64.265,149.161,0
90.255,363.405,0.00275175,0.00605136067567029,-5.10747213,36.572,14.939,359,208.855,80.705,164.07,0
124.775,397.925,0.00251304,0.04263700427471857,-3.15503276,39.785,12.552,142,231.384,63.475,78.292,0
54.253,327.403,0.00305434,0.0005093680538416225,-7.58233971,43.266,1.72,838,100.91,78.116,142.345,0
65.998,339.148,0.00294857,0.001209906195603823,-6.71721245,42.274,9.179,1137,146.947,77.44,244.309,0
119.506,392.656,0.00254676,0.03235958353358923,-3.43084506,36.674,7.564,394,85.425,79.753,80.311,0
74.777,347.927,0.00287417,0.002223430318615571,-6.10870409,44.752,3.587,643,17.098,70.696,12.019,0
218.247,491.397,0.00203501,2.126966232860338,0.75469666,53.059,8.304,534,288.295,70.428,27.736,1
83.808,356.958,0.00280145,0.004030112892255291,-5.51396089,39.403,3.922,1064,156.26,58.23,63.253,0
148.581,421.731,0.00237118,0.1360421127847778,-1.99479079,45.937,10.53,562,60.796,68.159,179.624,0
200.998,474.148,0.00210905,1.160897639148484,0.14919353,43.245,10.163,976,182.542,62.727,26.666,0
177.511,450.661,0.00221896,0.4724551931286031,-0.74981237,41.33,3.658,938,274.22,79.34,229.986,0
186.861,460.011,0.00217386,0.6832282763675839,-0.38092625,40.372,5.405,976,297.643,79.904,200.233,0
190.469,463.619,0.00215694,0.7846181216045875,-0.24255815,48.7,10.072,811,230.158,74.469,25.151,1
107.594,380.744,0.00262644,0.01686472905347064,-4.08253088,38.942,2.146,988,153.932,70.016,178.444,0
112.096,385.246,0.00259574,0.02167715123424526,-3.83149651,43.922,10.23,1061,195.707,72.17,70.252,0
217.164,490.314,0.00203951,2.050190769466936,0.71793285,48.707,13.825,168,224.2,60.455,154.909,0
63.774,336.924,0.00296803,0.001031850763564254,-6.87640123,44.644,12.49,311,138.329,71.373,172.871,0
168.056,441.206,0.00226651,0.3202221794816422,-1.13874021,45.457,4.011,1154,211.131,77.803,39.346,1
84.671,357.821,0.00279469,0.004259093767354782,-5.45869887,35.83,8.678,601,96.883,68.682,8.211,0
183.732,456.882,0.00218875,0.6048988809845428,-0.50269397,44.898,8.47,476,146.401,71.567,235.164,0
196.507,469.657,0.00212921,0.9843689213032564,-0.01575453,48.482,8.769,1092,142.729,56.913,9.536,1
95.272,368.422,0.00271428,0.00822161167355435,-4.80098902,39.626,11.893,391,106.443,65.717,41.89,0
83.561,356.711,0.00280339,0.003966676456394361,-5.5298267,44.03,1.604,357,87.023,70.589,71.908,0
57.671,330.821,0.00302278,0.0006593636077505045,-7.32423542,44.835,10.548,459,239.589,58.09,27.57,0
98.33,371.48,0.00269193,0.0098701535800846,-4.61823987,44.468,5.243,434,70.579,56.808,243.936,0
142.421,415.571,0.00240633,0.1020527982677324,-2.28226497,41.594,5.764,962,180.234,74.056,61.324,0
116.649,389.799,0.00256542,0.02777786149984105,-3.58351592,43.749,6.691,372,97.856,81.212,61.843,0
91.873,365.023,0.00273955,0.006686198071412057,-5.00770987,41.395,4.721,662,127.11,64.604,243.185,0
95.609,368.759,0.0027118,0.008390115789871708,-4.78070096,39.843,10.302,1199,13.302,57.28,210.771,0
184.938,458.088,0.00218299,0.6340899675932379,-0.45556443,40.875,11.839,274,299.374,57.434,62.087,0
167.444,440.594,0.00226966,0.3120818444250926,-1.1644898,37.807,9.177,883,75.171,77.004,236.976,0
42.929,316.079,0.00316377,0.0002081327636186663,-8.4773344,43.67,9.457,300,293.716,79.172,197.938,0
207.764,480.914,0.00207937,1.479763423145481,0.39188223,44.593,9.627,121,252.715,56.752,245.278,0
123.429,396.579,0.00252157,0.03976397971818189,-3.22479381,44.61,6.181,625,193.379,63.276,188.97,0
188.539,461.689,0.00216596,0.7288368775197236,-0.31630533,45.136,9.543,514,34.71,77.16,43.674,0
146.908,420.058,0.00238062,0.1259296108115859,-2.07203217,41.256,7.448,776,158.786,65.738,176.178,0
132.211,405.361,0.00246694,0.06216357210800368,-2.77798611,40.27,1.276,766,166.746,71.275,29.293,0
127.178,400.328,0.00249795,0.04823572266715381,-3.0316554,39.073,8.757,117,247.821,55.399,179.107,0
215.685,488.835,0.00204568,1.949286046318178,0.66746318,51.226,6.588,924,261.615,61.797,196.17,1
79.981,353.131,0.00283181,0.003143945586932934,-5.76227671,36.762,12.556,398,208.633,76.566,26.969,0
108.465,381.615,0.00262044,0.01771220631954024,-4.03350125,40.689,11.159,800,173.185,64.673,73.82,0
169.315,442.465,0.00226007,0.3375666115447042,-1.08599242,44.073,1.833,936,143.058,72.01,66.078,0
208.274,481.424,0.00207717,1.506665408891025,0.40989887,46.581,2.675,976,104.533,59.439,154.075,1
158.47,431.62,0.00231685,0.2121520500665151,-1.55045204,46.901,14.38,574,42.263,63.516,10.649,0
138.017,411.167,0.0024321,0.08265575315463551,-2.49307085,38.305,13.957,1028,287.985,55.277,81.505,0
44.469,317.619,0.00314843,0.0002359546654460111,-8.35187087,39.249,10.65,310,219.703,63.341,150.749,0
207.821,480.971,0.00207913,1.482748925810868,0.39389775,53.964,9.709,428,245.008,79.787,78.547,1
144.178,417.328,0.0023962,0.110869172010962,-2.1994044,36.286,5.562,657,203.24,68.743,169.521,0
127.663,400.813,0.00249493,0.0494430666423095,-3.00693344,41.897,14.526,723,213.807,71.073,39.701,0
47.427,320.577,0.00311938,0.0002992400643673647,-8.11426442,43.622,2.678,1048,186.553,55.096,99.679,0
50.587,323.737,0.00308893,0.00038386143905651,-7.86522891,41.255,2.607,1025,268.101,64.27,245.196,0
50.52,323.67,0.00308957,0.0003818591892007969,-7.87045863,37.994,7.504,175,259.438,75.835,105.045,0
148.484,421.634,0.00237173,0.1354364869946381,-1.99925248,37.728,13.613,723,294.191,59.639,92.484,0
102.77,375.92,0.00266014,0.01280149424677635,-4.35819338,39.632,5.692,546,208.428,67.476,110.756,0
166.971,440.121,0.0022721,0.3059174145296985,-1.1844401,44.865,14.209,901,135.449,69.38,148.904,0
106.028,379.178,0.00263728,0.01543296567260443,-4.17124943,41.263,9.805,1068,228.155,71.133,29.189,0
189.631,462.781,0.00216085,0.75994942833502,-0.27450339,41.235,9.583,865,276.197,63.191,194.749,0
140.435,413.585,0.00241788,0.09284973252260673,-2.37677287,42.688,12.015,972,14.62,72.955,240.932,0
218.848,491.998,0.00203253,2.170654076946241,0.77502854,52.769,11.528,424,219.14,60.365,228.256,1
204.445,477.595,0.00209382,1.314810711955822,0.27369271,46.81,11.423,633,173.837,73.742,233.584,0
141.048,414.198,0.0024143,0.0956073760064364,-2.34750531,41.079,11.014,1071,146.287,71.621,118.145,0
201.515,474.665,0.00210675,1.182915161905228,0.16798187,44.151,13.464,1180,42.216,61.991,130.92,0
85.628,358.778,0.00278724,0.004526852243328407,-5.39772845,35.236,5.838,1199,30.783,55.753,63.492,0
157.335,430.485,0.00232296,0.2018130490724345,-1.60041351,38.205,11.459,736,286.966,63.869,230.589,0
71.286,344.436,0.0029033,0.001752057268026626,-6.3469646,38.224,14.949,742,258.531,67.933,46.529,0
148.845,421.995,0.0023697,0.1377027341376681,-1.98265802,41.124,8.111,652,150.181,68.626,234.423,0
63.935,337.085,0.00296661,0.001043884221313776,-6.86480669,41.712,9.141,129,165.441,60.564,203.674,0
167.215,440.365,0.00227084,0.309083669482448,-1.17414326,37.86,4.501,924,12.723,72.464,68.624,0
219.706,492.856,0.00202899,2.234391260963167,0.80396882,55.775,6.087,488,290.651,76.53,193.344,1
107.143,380.293,0.00262955,0.01644051681299555,-4.10800645,41.945,11.385,767,97.09,55.088,167.709,0
123.531,396.681,0.00252092,0.03997541129693837,-3.21949073,43.494,5.292,1080,171.343,57.809,142.744,0
86.75,359.9,0.00277855,0.004860282025197842,-5.32665881,38.432,12.176,555,124.526,66.252,229.698,0
154.348,427.498,0.00233919,0.176724051402019,-1.73316579,39.239,4.055,168,205.093,67.696,34.121,0
71.924,345.074,0.00289793,0.001830692195185543,-6.30306113,37.371,3.213,426,238.207,77.078,193.194,0
95.513,368.663,0.0027125,0.008341797412184522,-4.78647657,43.084,3.543,635,23.786,65.521,192.252,0
176.781,449.931,0.00222256,0.4587461208656916,-0.77925834,42.094,6.045,353,209.821,62.044,109.163,0
127.599,400.749,0.00249533,0.04928220127270943,-3.01019229,41.346,13.389,1058,293.266,66.727,88.818,0
138.194,411.344,0.00243106,0.08336628218595418,-2.48451134,40.388,13.987,992,128.499,62.304,211.961,0
190.955,464.105,0.00215468,0.7992477652272079,-0.22408429,42.704,1.719,853,128.161,65.486,59.751,0
151.011,424.161,0.0023576,0.1520289323532641,-1.88368443,37.058,14.426,478,109.753,54.561,241.098,0
202.609,475.759,0.0021019,1.23072617190277,0.20760438,44.231,6.703,1026,75.318,56.066,44.523,0
40.538,313.688,0.00318788,0.0001708764426100182,-8.67456982,37.422,3.94,1101,207.543,70.998,237.43,0
107.552,380.702,0.00262673,0.01682480866037644,-4.08490078,37.798,3.461,870,34.742,67.69,110.999,0
76.919,350.069,0.00285658,0.00256739088808434,-5.96486511,40.206,1.633,276,156.13,75.319,188.484,0
160.547,433.697,0.00230576,0.2323055189236713,-1.45970188,42.709,2.889,597,22.708,75.645,202.068,0
73.969,347.119,0.00288086,0.002105033725124057,-6.16342379,35.847,8.885,370,58.264,76.669,97.305,0
213.168,486.318,0.00205627,1.787587327066384,0.58086685,50.023,13.411,1152,255.039,57.8,40.518,1
175.788,448.938,0.00222748,0.4406666218400124,-0.81946665,46.187,9.97,360,92.758,58.049,98.083,0
165.48,438.63,0.00227983,0.28719053235064,-1.24760941,37.642,12.257,1131,40.912,81.172,42.758,0
56.114,329.264,0.00303708,0.0005866131281235326,-7.44114502,41.741,12.636,1161,158.818,75.982,82.166,0
215.792,488.942,0.00204523,1.956436505646947,0.67112471,45.866,13.652,1143,242.179,64.939,208.791,0
60.525,333.675,0.00299693,0.0008146340409878445,-7.11277158,42.146,2.735,797,59.978,63.479,20.04,0
54.908,328.058,0.00304824,0.0005354184566494633,-7.53246195,35.505,10.133,626,293.265,71.606,8.027,0
149.152,422.302,0.00236797,0.139656680130428,-1.96856815,40.404,2.94,1177,206.543,70.61,45.857,0
72.486,345.636,0.00289322,0.001902622998804878,-6.26452182,44.964,13.782,154,194.379,70.755,128.966,0
63.815,336.965,0.00296767,0.001034903044066552,-6.87344753,39.469,8.72,896,240.026,54.513,159.363,0
112.184,385.334,0.00259515,0.02178250778986627,-3.82664803,44.497,8.59,112,67.88,79.312,51.948,0
180.066,453.216,0.00220645,0.5233533204286424,-0.64749848,44.158,5.689,292,294.886,74.221,13.386,0
82.325,355.475,0.00281314,0.003662712820025984,-5.6095512,44.52,9.765,828,19.329,67.501,69.195,0
67.042,340.192,0.00293952,0.001302847283661561,-6.64320319,41.576,2.577,664,132.418,77.343,42.145,0
97.44,370.59,0.0026984,0.009361815832687664,-4.67111601,35.831,10.87,842,191.066,74.117,81.982,0
143.857,417.007,0.00239804,0.1092091187293148,-2.21449071,38.791,4.422,958,72.482,80.117,247.597,0
191.069,464.219,0.00215416,0.8027142246322346,-0.21975651,48.257,4.86,495,134.607,63.079,67.703,1
109.212,382.362,0.00261532,0.01846959013103909,-3.99162968,44.5,4.843,919,179.888,56.469,134.111,0
82.014,355.164,0.0028156,0.003589656714209135,-5.6296987,41.766,7.271,207,261.462,79.306,227.875,0
120.509,393.659,0.00254027,0.03412336909972364,-3.37777282,42.203,8.094,1115,182.475,70.506,52.246,0
147.267,420.417,0.00237859,0.1280408969623803,-2.05540556,42.844,7.752,648,143.541,60.006,27.778,0
151.84,424.99,0.002353,0.1578561802824027,-1.84607091,41.098,9.38,123,71.628,61.259,143.779,0
57.636,330.786,0.0030231,0.0006576410102970936,-7.32685135,38.923,14.105,1020,179.791,76.174,48.842,0
153.275,426.425,0.00234508,0.1684177895443412,-1.78130754,44.351,1.686,910,72.623,64.023,184.182,0
210.833,483.983,0.00206619,1.648270882518973,0.49972679,52.879,7.123,317,244.629,69.934,236.422,1
166.614,439.764,0.00227395,0.3013369685113057,-1.19952614,43.786,6.092,108,188.213,71.956,225.383,0
101.837,374.987,0.00266676,0.01212692339784244,-4.41232722,36.244,13.181,621,243.031,69.076,99.86,0
128.989,402.139,0.0024867,0.05288436800097706,-2.93964748,37.992,11.906,653,242.395,60.988,179.46,0
137.637,410.787,0.00243435,0.08114869164246054,-2.51147211,42.469,7.827,958,98.023,62.445,244.115,0
174.066,447.216,0.00223606,0.4108131641810681,-0.88961676,44.085,1.608,867,70.906,67.241,221.785,0
143.806,416.956,0.00239833,0.1089474369043699,-2.21688974,42.721,4.484,303,56.854,72.838,53.458,0
84.981,358.131,0.00279227,0.004344202388723426,-5.43891311,42.622,13.976,1191,111.503,70.918,213.033,0
197.651,470.801,0.00212404,1.026917581053071,0.02656168,43.744,10.428,197,277.158,64.995,79.374,0
142.607,415.757,0.00240525,0.1029553359116559,-2.27346002,43.202,14.37,187,63.486,62.905,87.288,0
179.915,453.065,0.00220719,0.5202149827748563,-0.65351312,40.077,8.066,967,163.659,63.434,184.429,0
47.664,320.814,0.00311707,0.0003049335796401341,-8.09541658,40.12,14.977,266,18.974,79.223,145.419,0
217.115,490.265,0.00203971,2.046775522745163,0.71626564,46.871,2.346,1169,15.315,56.501,233.729,1
154.639,427.789,0.0023376,0.1790390619417432,-1.72015127,46.283,13.086,890,58.288,72.198,114.388,0
41.534,314.684,0.00317779,0.0001855762339556122,-8.5920448,43.174,2.67,1002,271.186,63.986,237.114,0
138.987,412.137,0.00242638,0.08661752874092923,-2.44625307,37.478,14.947,441,265.709,76.711,31.591,0
143.039,416.189,0.00240275,0.1050792795614116,-2.25304017,45.622,10.495,737,141.353,57.433,182.92,0
128.903,402.053,0.00248723,0.05265479500173685,-2.94399797,44.179,7.31,137,203.9,57.892,64.263,0
136.999,410.149,0.00243814,0.07867392221185417,-2.54244354,39.515,5.744,918,117.81,79.502,231.525,0
82.814,355.964,0.00280927,0.003780331710293528,-5.57794352,41.808,5.313,1035,222.812,59.583,53.066,0
214.353,487.503,0.00205127,1.862179674069723,0.62174767,47.061,2.829,204,92.311,81.373,95.04,1
138.834,411.984,0.00242728,0.08598150289932836,-2.45362309,39.482,1.544,199,219.379,65.91,246.396,0
76.201,349.351,0.00286245,0.002447021972543128,-6.01288352,42.197,1.54,150,212.237,63.91,51.525,0
174.659,447.809,0.00223309,0.4208838102941494,-0.86539847,42.447,1.312,227,35.231,60.075,155.975,0
137.012,410.162,0.00243806,0.0787236630639665,-2.54181149,43.972,1.848,152,141.838,78.214,67.905,0
54.096,327.246,0.00305581,0.0005032996661898087,-7.59432481,41.791,6.58,1108,253.142,80.466,128.518,0
186.681,459.831,0.00217471,0.6784895643860783,-0.38788618,42.714,14.879,1067,114.547,74.946,247.754,0
107.966,381.116,0.00262387,0.01722207757770654,-4.06156314,40.147,10.081,386,246.855,67.439,237.099,0
57.458,330.608,0.00302473,0.0006489442050209385,-7.34016382,35.245,7.974,733,141.161,54.561,33.6,0
82.241,355.391,0.0028138,0.003642847974901735,-5.61498949,41.029,6.269,1023,142.709,57.757,37.492,0
189.048,462.198,0.00216357,0.7431954966930743,-0.29679615,49.007,7.526,152,233.3,77.273,184.912,0
117.818,390.968,0.00255775,0.0295764214173838,-3.52077781,42.738,14.703,1127,247.506,80.81,149.018,0
95.098,368.248,0.00271556,0.008135820356585442,-4.8114787,43.668,13.052,960,58.225,58.962,172.154,0
116.808,389.958,0.00256438,0.02801653014284322,-3.57496058,35.874,10.993,1061,287.434,73.565,233.968,0
178.119,451.269,0.00221597,0.4841501374318622,-0.72536022,42.499,4.778,646,232.562,63.926,56.248,0
47.593,320.743,0.00311776,0.000303217540832625,-8.10106005,43.106,13.07,529,236.153,58.187,207.417,0
85.102,358.252,0.00279133,0.004377841136804979,-5.43119957,35.35,2.919,489,145.721,69.011,209.876,0
136.388,409.538,0.00244178,0.07636775564206306,-2.57219472,38.161,6.778,410,288.423,67.163,40.205,0
181.835,454.985,0.00219787,0.5613936923295713,-0.57733285,47.472,3.154,203,281.822,69.039,174.355,1
151.945,425.095,0.00235242,0.1586083532399118,-1.8413173,39.446,13.474,174,158.192,68.606,154.545,0
170.718,443.868,0.00225292,0.3578776731566162,-1.02756405,42.81,14.668,1037,139.439,71.378,198.712,0
84.571,357.721,0.00279547,0.004231965688456959,-5.46508869,43.928,2.168,801,46.95,64.155,152.643,0
212.871,486.021,0.00205752,1.769309799433301,0.57058953,46.698,11.706,1126,66.924,61.168,210.931,0
211.532,484.682,0.00206321,1.68893587458727,0.52409867,45.442,9.501,174,213.022,64.417,139.071,0
170.055,443.205,0.00225629,0.3481475871326139,-1.05512879,41.483,13.843,621,55.42,78.357,221.281,0
81.824,354.974,0.00281711,0.003545681689591981,-5.64202484,35.386,5.736,833,241.837,68.916,77.08,0
175.175,448.325,0.00223052,0.4298250510221592,-0.84437701,39.684,7.755,639,41.216,74.361,142.244,0
48.269,321.419,0.0031112,0.0003199234099139515,-8.04742893,38.483,9.639,586,180.597,74.031,103.025,0
105.357,378.507,0.00264196,0.01485396807346029,-4.20948824,39.181,14.527,519,201.572,58.106,220.663,0
135.356,408.506,0.00244794,0.07261036516390532,-2.6226476,39.514,4.127,191,287.384,66.328,34.744,0
40.771,313.921,0.00318551,0.0001742155304739855,-8.65521734,41.438,4.647,1101,10.966,80.774,182.123,0
219.104,492.254,0.00203147,2.189501655727129,0.78367396,48.024,13.618,710,129.36,67.457,210.096,0
216.519,489.669,0.0020422,2.005634028164495,0.69596023,51.131,5.362,689,42.814,60.6,73.811,1
170.667,443.817,0.00225318,0.3571206900483904,-1.02968149,46.776,5.662,883,71.568,65.233,36.909,1
172.144,445.294,0.00224571,0.379631164917933,-0.96855512,46.53,12.153,1020,213.046,60.396,31.31,0
82.964,356.114,0.00280809,0.003817096173263592,-5.56826531,41.859,10.344,592,148.969,70.972,19.209,0
219.286,492.436,0.00203072,2.202988510130814,0.78981485,50.012,9.9,1082,260.427,69.302,141.557,1
132.078,405.228,0.00246775,0.06175326611007812,-2.78460841,39.91,5.37,680,288.438,62.854,87.347,0
211.675,484.825,0.0020626,1.697363155027824,0.52907596,44.978,3.395,1137,10.078,71.054,70.394,1
203.386,476.536,0.00209848,1.265712605368628,0.23563529,53.002,8.123,1009,106.391,58.892,144.106,1
134.529,407.679,0.00245291,0.06972037321237887,-2.66326271,41.9,10.403,908,135.333,71.659,62.19,0
175.975,449.125,0.00222655,0.4440220294059711,-0.8118811,45.344,1.437,620,38.553,57.454,49.779,1
182.797,455.947,0.00219324,0.5830953092182863,-0.53940463,42.895,4.361,813,274.597,63.73,200.287,0
56.344,329.494,0.00303496,0.0005968733652369395,-7.42380559,43.495,2.117,490,18.067,62.398,162.554,0
46.477,319.627,0.00312865,0.0002773874208709743,-8.1900954,36.604,2.698,839,15.148,56.481,150.011,0
97.995,371.145,0.00269436,0.009675939672524024,-4.63811292,45.051,13.391,1093,75.561,68.666,144.578,0
135.682,408.832,0.00244599,0.07377890411737675,-2.60668244,36.764,12.621,234,248.32,56.741,101.211,0
134.731,407.881,0.0024517,0.07041654664363063,-2.65332701,38.264,12.82,328,94.495,70.291,220.167,0
209.143,482.293,0.00207343,1.553499368705215,0.44051004,46.074,5.914,349,188.564,73.156,106.442,0
69.87,343.02,0.00291528,0.001588462051906678,-6.44498899,42.032,10.458,686,141.041,73.929,140.351,0
192.94,466.09,0.00214551,0.8615429505950272,-0.14903037,42.424,6.6,469,184.776,59.959,160.477,0
171.115,444.265,0.00225091,0.36381934366697,-1.01109784,42.068,6.508,558,68.105,70.661,147.911,0
113.471,386.621,0.00258651,0.02337726963915018,-3.75599111,44.114,11.184,837,200.588,69.313,9.505,0
88.508,361.658,0.00276504,0.005427967797315417,-5.21619047,38.575,13.979,148,128.294,66.519,56.603,0
129.554,402.704,0.00248321,0.05441518634460754,-2.911112,44.505,3.8,860,73.82,58.238,186.575,0
127.92,401.07,0.00249333,0.05009382224776528,-2.99385759,45.235,4.107,659,241.8,61.242,205.212,0
137.899,411.049,0.0024328,0.08218509810189063,-2.49878128,42.904,4.216,1000,207.417,54.462,57.71,0
149.235,422.385,0.00236751,0.1401891974700615,-1.96476236,37.79,2.132,228,12.596,81.183,139.6,0
195.229,468.379,0.00213502,0.9386882963170358,-0.06327181,49.0,13.886,222,236.102,76.353,160.671,0
104.073,377.223,0.00265095,0.01380064718817201,-4.28303979,36.949,4.391,605,170.087,60.359,68.661,0
202.737,475.887,0.00210134,1.236430229743052,0.21222838,50.152,13.004,1068,67.636,68.142,245.369,0
152.346,425.496,0.0023502,0.1615105793966115,-1.82318463,44.57,13.865,850,198.207,76.733,205.747,0
169.804,442.954,0.00225757,0.3445259579334999,-1.06558584,45.821,14.069,954,159.326,78.439,156.762,0
144.887,418.037,0.00239213,0.1146163257984374,-2.16616503,40.465,4.87,572,26.091,58.07,198.152,0
92.644,365.794,0.00273378,0.00700954699411609,-4.9604822,43.623,8.903,176,50.925,66.766,89.362,0
129.624,402.774,0.00248278,0.05460760022261153,-2.90758221,37.107,9.859,1125,65.215,74.652,200.595,0
173.002,446.152,0.00224139,0.3932804907426993,-0.9332322,40.064,12.946,216,286.249,60.304,116.545,0
165.268,438.418,0.00228093,0.2846126583792075,-1.25662612,45.272,8.768,780,267.841,59.508,47.432,0
201.701,474.851,0.00210592,1.190926172637169,0.1747313,42.955,4.755,742,102.977,79.332,72.337,0
189.639,462.789,0.00216081,0.7601816385750495,-0.27419788,40.957,10.659,153,22.871,65.254,217.484,0
175.459,448.609,0.00222911,0.43481801384853,-0.83282769,39.939,7.194,431,15.729,61.937,116.606,0
161.868,435.018,0.00229876,0.2459973777124889,-1.4024344,39.776,9.633,753,14.215,72.968,233.355,0
120.433,393.583,0.00254076,0.03398674195939789,-3.38178477,41.846,14.642,843,25.16,67.791,200.495,0
129.732,402.882,0.00248212,0.05490567075156857,-2.90213864,35.611,5.758,485,39.045,78.724,165.478,0
82.473,355.623,0.00281197,0.003697953601143231,-5.59997569,37.684,11.071,778,29.42,56.332,78.044,0
133.124,406.274,0.00246139,0.06504712495330865,-2.73264327,41.818,9.408,968,23.599,77.896,209.614,0
146.394,419.544,0.00238354,0.1229611357984348,-2.09588694,40.66,12.097,495,110.501,76.1,110.812,0
117.614,390.764,0.00255909,0.02925516666557704,-3.53169908,42.561,4.283,1157,281.808,71.392,21.739,0
207.222,480.372,0.00208172,1.451638899224777,0.37269319,53.463,4.375,821,22.177,74.661,53.489,1
180.506,453.656,0.00220431,0.5325943635151202,-0.62999519,48.947,14.18,111,219.069,70.975,137.615,0
128.336,401.486,0.00249075,0.05116357209434535,-2.97272748,44.144,8.357,918,268.557,65.76,205.101,0
182.733,455.883,0.00219355,0.5816287354173593,-0.54192295,46.71,4.271,523,107.524,58.792,220.126,0
157.442,430.592,0.00232238,0.2027681154313947,-1.59569224,44.577,7.582,954,182.74,64.798,164.569,0
201.341,474.491,0.00210752,1.175464151532599,0.16166309,44.336,3.139,1081,174.24,77.928,35.837,0
193.914,467.064,0.00214103,0.8936543442063994,-0.11243622,50.249,5.191,759,190.528,73.558,32.292,1
189.128,462.278,0.0021632,0.7454749243647159,-0.29373378,41.901,13.424,660,47.532,57.025,231.408,0
162.755,435.905,0.00229408,0.2555911198113174,-1.3641763,38.437,5.122,195,36.586,69.589,170.326,0
201.407,474.557,0.00210723,1.178285498701747,0.16406041,49.936,11.92,1187,108.446,64.392,237.372,1
132.685,405.835,0.00246406,0.06364591636583715,-2.75442011,39.471,5.673,171,286.177,69.954,166.142,0
104.788,377.938,0.00264594,0.01437850806901486,-4.24202068,37.864,12.351,685,277.866,70.191,60.766,0
109.369,382.519,0.00261425,0.01863245818604582,-3.98285016,43.915,8.499,597,156.684,78.762,50.601,0
214.074,487.224,0.00205244,1.844374992780736,0.61214046,48.397,11.761,336,257.977,54.558,64.579,0
191.774,464.924,0.00215089,0.8244491658229074,-0.19303979,43.284,11.266,324,247.288,55.197,185.604,0
159.62,432.77,0.0023107,0.2231083893792308,-1.50009757,41.613,1.194,998,27.649,79.792,196.019,0
196.44,469.59,0.00212952,0.9819260954081378,-0.01823923,45.15,7.115,1122,283.658,64.343,115.842,0
86.545,359.695,0.00278013,0.004797737611845597,-5.3396108,39.782,1.759,417,275.815,65.12,14.071,0
146.193,419.343,0.00238468,0.121817498294744,-2.10523127,45.24,1.361,299,285.718,58.993,172.399,0
179.452,452.602,0.00220945,0.5106961913602033,-0.6719804,43.112,1.25,334,71.842,60.042,102.569,0
193.783,466.933,0.00214163,0.8892746639319177,-0.11734913,46.287,8.316,1138,222.654,64.381,238.917,0
77.783,350.933,0.00284955,0.002719402724945721,-5.90734301,38.143,13.231,716,257.008,66.096,19.945,0
146.711,419.861,0.00238174,0.1247843725124942,-2.08116805,38.575,9.309,348,109.599,67.415,101.121,0
108.884,382.034,0.00261757,0.01813348789515072,-4.00999489,42.812,8.103,143,119.632,58.579,185.594,0
198.356,471.506,0.00212086,1.053941710312631,0.05253715,43.238,3.294,844,11.349,76.984,77.762,0
137.131,410.281,0.00243735,0.0791802998025706,-2.53602775,42.768,8.326,1077,113.029,72.878,9.014,0
151.859,425.009,0.00235289,0.1579920504407326,-1.84521056,44.68,12.755,396,121.28,79.526,31.736,0
135.673,408.823,0.00244605,0.0737464180030313,-2.60712285,43.271,5.019,244,139.35,57.909,224.304,0
166.076,439.226,0.00227673,0.2945498032998799,-1.22230718,44.766,4.591,774,199.993,79.233,104.209,0
212.374,485.524,0.00205963,1.739092324226377,0.55336332,45.967,4.547,796,163.118,73.082,182.885,0
162.521,435.671,0.00229531,0.2530282680518732,-1.37425407,38.984,8.951,370,215.262,67.512,201.076,0
179.68,452.83,0.00220833,0.5153640959085721,-0.66288165,42.139,6.011,280,79.001,66.294,235.221,0
85.07,358.22,0.00279158,0.00436892190127328,-5.433239,42.35,6.945,813,225.461,57.9,226.719,0
207.408,480.558,0.00208091,1.461236854751022,0.37928324,46.445,13.028,949,238.714,62.189,128.712,0
216.327,489.477,0.002043,1.992536330330915,0.68940837,49.64,10.202,1168,178.756,62.306,185.776,1
199.825,472.975,0.00211428,1.11228130634787,0.10641314,48.071,9.696,629,111.083,74.045,200.076,0
40.41,313.56,0.00318918,0.0001690673395529802,-8.68521346,42.619,9.839,697,152.315,67.674,229.18,0
126.962,400.112,0.0024993,0.04770663082012575,-3.04268488,42.111,3.897,112,75.698,58.861,33.04,0
167.381,440.531,0.00226999,0.3112544424613753,-1.16714456,44.426,6.667,1096,40.568,68.142,206.677,0
164.401,437.551,0.00228545,0.2742837878241323,-1.29359199,44.673,14.063,941,35.248,63.491,195.329,0
142.513,415.663,0.0024058,0.1024983224684063,-2.27790885,36.458,2.348,987,269.35,65.48,20.771,0
88.803,361.953,0.00276279,0.005528943411412275,-5.19775855,39.465,8.958,719,235.829,72.686,214.636,0
83.624,356.774,0.00280289,0.003982769419301316,-5.52577787,41.478,8.91,414,144.989,70.632,137.475,0
43.916,317.066,0.00315392,0.0002255917893458321,-8.39678343,36.22,2.645,1026,157.365,61.4,249.809,0
42.636,315.786,0.0031667,0.0002031951699814945,-8.50134361,43.045,8.59,789,176.744,77.908,149.951,0
48.179,321.329,0.00311208,0.0003176513529380858,-8.05455615,38.537,5.639,559,286.249,78.066,110.162,0
204.366,477.516,0.00209417,1.311090853282243,0.2708595,47.839,11.842,358,78.958,55.955,65.41,0
171.715,444.865,0.00224787,0.3729661303544564,-0.98626767,42.02,1.273,407,44.374,76.674,156.979,0
219.551,492.701,0.00202963,2.222756615334399,0.79874814,53.361,7.036,220,19.433,57.434,9.791,1
181.107,454.257,0.0022014,0.5454511246884112,-0.60614207,44.368,9.297,367,30.812,65.044,110.359,0
109.886,383.036,0.00261072,0.01917802624258352,-3.95399012,39.194,7.987,322,207.135,70.29,27.666,0
213.247,486.397,0.00205593,1.792476949332005,0.58359843,47.489,9.254,560,264.155,60.585,69.084,0
49.143,322.293,0.00310277,0.0003427796395451158,-7.97842277,37.692,5.048,594,52.334,77.469,132.844,0
151.354,424.504,0.00235569,0.1544161630228321,-1.86810396,41.343,14.351,110,120.059,69.374,72.429,0
147.928,421.078,0.00237486,0.1320114830561385,-2.02486637,41.531,10.975,561,51.248,59.641,81.907,0
202.197,475.347,0.00210373,1.212523790565535,0.19270396,44.667,2.58,790,293.705,57.53,186.345,0
176.885,450.035,0.00222205,0.4606773106583174,-0.77505746,43.811,12.787,131,210.524,74.243,155.247,0
147.955,421.105,0.0023747,0.1321759928965232,-2.02362096,40.105,5.449,254,210.719,55.604,108.898,0
183.33,456.48,0.00219068,0.5954373142994056,-0.51845916,49.628,14.028,361,17.259,57.64,80.742,0
210.922,484.072,0.00206581,1.653400113761656,0.50283384,50.924,13.971,581,271.49,60.875,18.831,1
81.301,354.451,0.00282126,0.003427163225905996,-5.67602241,43.049,5.641,517,147.61,71.505,221.067,0
185.076,458.226,0.00218233,0.6375087256482118,-0.45018731,49.432,3.467,981,218.755,72.645,67.128,1
187.855,461.005,0.00216917,0.7099293359610618,-0.34258984,47.458,6.84,375,25.839,66.24,23.216,0
146.892,420.042,0.00238071,0.1258362458947948,-2.07277385,36.467,4.298,723,147.664,54.569,212.029,0
46.283,319.433,0.00313055,0.0002731098831928184,-8.20563634,40.425,11.53,999,126.852,55.986,52.91,0
167.819,440.969,0.00226773,0.3170475905459375,-1.14870339,46.254,7.819,1091,156.148,64.6,204.876,0
165.614,438.764,0.00227913,0.2888306752039501,-1.24191466,38.075,3.275,727,270.05,63.255,31.966,0
56.471,329.621,0.00303379,0.0006026092561648571,-7.41424157,41.74,13.267,481,123.313,75.212,247.167,0
48.432,321.582,0.00310963,0.0003240765159593095,-8.03453091,36.895,7.232,405,157.077,77.647,15.47,0
70.859,344.009,0.0029069,0.001701169651694102,-6.37643923,40.612,12.847,487,79.9,75.413,201.582,0
211.14,484.29,0.00206488,1.666023343651958,0.51043956,45.976,10.364,1111,220.866,69.198,165.342,0
167.96,441.11,0.00226701,0.318932869183912,-1.14277464,43.413,7.191,1021,74.696,66.866,177.018,0
176.404,449.554,0.00222443,0.4518058123850921,-0.79450281,46.588,13.568,291,99.907,75.368,205.669,0
172.796,445.946,0.00224242,0.3899640991261038,-0.9417006,43.629,3.753,186,122.594,57.49,104.61,0
43.782,316.932,0.00315525,0.0002231447269836469,-8.40769,37.096,12.957,1070,255.1,69.079,38.113,0
81.181,354.331,0.00282222,0.003400485197739384,-5.68383715,38.008,5.301,513,181.737,72.789,47.524,0
125.768,398.918,0.00250678,0.04487524825551764,-3.1038689,36.168,6.618,138,185.376,66.531,60.475,0
192.271,465.421,0.00214859,0.8400834093371438,-0.1742541,41.599,5.949,982,96.642,62.61,62.838,0
191.782,464.932,0.00215085,0.8246987672655851,-0.19273709,43.006,11.147,211,133.474,73.592,15.089,0
101.372,374.522,0.00267007,0.01180292584756879,-4.43940783,42.488,3.922,421,93.473,75.539,12.468,0
86.139,359.289,0.00278327,0.004676030635902761,-5.36530568,37.926,7.173,694,39.503,74.891,164.894,0
111.689,384.839,0.00259849,0.02119585574637528,-3.8539496,42.162,5.821,779,79.216,78.723,237.486,0
201.307,474.457,0.00210767,1.174013062170432,0.16042785,49.589,11.445,725,222.365,71.508,247.382,0
76.78,349.93,0.00285771,0.002543674030460794,-5.97414577,39.218,6.068,660,236.954,75.229,197.28,0
204.225,477.375,0.00209479,1.304474707070831,0.26580044,52.947,3.135,1192,294.74,60.711,123.031,1
83.538,356.688,0.00280357,0.003960816053240002,-5.5313052,41.282,10.461,923,89.908,74.603,154.106,0
95.819,368.969,0.00271025,0.008496701188310774,-4.76807729,44.635,14.386,245,54.499,78.036,62.508,0
67.058,340.208,0.00293938,0.001304321255961038,-6.64207248,40.675,4.6,128,231.476,73.468,50.311,0
95.549,368.699,0.00271224,0.008359887054924842,-4.78431036,44.956,12.998,569,186.405,79.651,46.577,0
191.693,464.843,0.00215126,0.8219257196390329,-0.19610525,46.525,14.135,1122,201.869,65.952,139.753,0
112.06,385.21,0.00259599,0.02163418402595742,-3.83348062,44.609,9.202,892,109.455,80.759,120.949,0
189.952,463.102,0.00215935,0.7693164021479939,-0.26225295,46.352,3.582,639,130.052,58.291,224.194,0
111.562,384.712,0.00259935,0.02104766668405567,-3.86096557,39.085,11.524,1103,102.592,60.183,95.649,0
217.287,490.437,0.002039,2.058785841544502,0.72211641,55.975,11.872,1023,270.141,81.423,244.647,1
134.869,408.019,0.00245087,0.07089574176233701,-2.64654491,39.325,2.916,850,199.154,71.602,13.694,0
42.176,315.326,0.00317132,0.0001956609435981628,-8.53912728,36.926,2.02,943,117.31,65.722,78.862,0
87.06,360.21,0.00277616,0.004956274749689979,-5.30710088,43.532,7.182,326,294.788,67.329,211.766,0
81.127,354.277,0.00282265,0.003388542081640729,-5.68735551,41.003,5.9,897,78.717,75.734,47.207,0
96.821,369.971,0.00270291,0.009022429284148557,-4.70804166,44.624,10.32,210,211.407,58.436,97.753,0
86.146,359.296,0.00278322,0.004678104948892568,-5.36486218,37.378,14.496,620,269.039,60.326,65.815,0
133.764,406.914,0.00245752,0.06713969048087479,-2.7009799,37.375,6.513,1049,222.793,71.528,232.624,0
102.645,375.795,0.00266103,0.01270918343280108,-4.36543044,35.378,14.452,358,238.619,70.469,101.019,0
47.759,320.909,0.00311615,0.0003072436884174309,-8.08786935,36.457,7.849,563,40.846,80.817,140.893,0
117.759,390.909,0.00255814,0.02948318314873859,-3.52393524,39.981,14.072,1137,84.65,55.39,236.009,0
55.313,328.463,0.00304448,0.0005521333100257337,-7.50172104,42.557,10.144,263,149.094,68.169,60.119,0
207.666,480.816,0.0020798,1.474642851777612,0.38841583,49.806,7.428,1193,134.072,71.887,142.248,1
49.57,322.72,0.00309866,0.000354484782511879,-7.94484514,40.624,6.706,1130,83.203,59.466,199.501,0
187.556,460.706,0.00217058,0.7018018209063412,-0.35410422,44.367,6.652,1103,63.8,57.033,43.594,0
98.812,371.962,0.00268845,0.01015581126706428,-4.5897092,41.417,12.976,138,78.41,63.741,14.412,0
82.966,356.116,0.00280807,0.003817588563537705,-5.56813632,43.615,7.434,962,189.33,66.41,199.336,0
120.312,393.462,0.00254154,0.03377023707586627,-3.38817542,43.529,2.693,822,204.26,78.608,84.6,0
180.455,453.605,0.00220456,0.5315158612829929,-0.63202224,42.502,4.765,505,78.255,71.923,143.216,0
58.899,332.049,0.0030116,0.0007224931490734291,-7.23280262,35.987,12.091,878,138.366,69.949,175.941,0
79.924,353.074,0.00283227,0.003132211873014008,-5.76601586,38.567,4.761,276,260.666,58.652,151.787,0
129.194,402.344,0.00248544,0.0534352499678498,-2.92928464,43.564,8.489,412,283.077,65.186,197.681,0
198.1,471.25,0.00212202,1.044056811237431,0.0431139,44.987,1.994,841,81.886,62.3,240.101,0
102.12,375.27,0.00266475,0.01232804213661953,-4.39587876,39.114,5.245,856,279.129,60.023,96.334,0
49.133,322.283,0.00310286,0.000342509831644239,-7.9792102,40.504,6.116,680,139.771,61.268,169.031,0
127.118,400.268,0.00249833,0.04808822429081986,-3.03471795,36.89,5.421,361,124.616,79.159,58.278,0
152.451,425.601,0.00234962,0.162278331883851,-1.81844232,41.336,5.091,788,260.245,58.933,81.15,0
206.87,480.02,0.00208325,1.433627196385597,0.36020773,52.761,5.188,926,282.782,55.246,21.258,1
208.883,482.033,0.00207455,1.539354111995457,0.43136292,48.293,14.946,524,106.256,58.387,218.2,0
130.369,403.519,0.0024782,0.05669376876883919,-2.87009097,40.808,8.293,262,20.985,74.487,25.121,0
79.038,352.188,0.00283939,0.002954894879447442,-5.8242922,44.409,1.197,854,49.997,80.023,190.672,0
214.979,488.129,0.00204864,1.90268045710456,0.64326366,54.187,12.314,736,32.775,79.376,202.684,1
103.091,376.241,0.00265787,0.01304134446836201,-4.33963062,41.44,12.163,640,97.98,81.083,66.277,0
188.513,461.663,0.00216608,0.728110083485236,-0.31730303,42.166,7.263,473,57.73,55.901,80.821,0
103.129,376.279,0.0026576,0.0130700064067796,-4.33743526,41.366,14.731,755,59.145,58.989,165.183,0
106.574,379.724,0.00263349,0.01591912890254701,-4.14023382,38.116,5.051,1108,106.374,71.435,15.426,0
111.939,385.089,0.0025968,0.02149033125994339,-3.84015215,38.656,14.068,336,82.992,75.205,61.428,0
92.163,365.313,0.00273738,0.006806191917238697,-4.98992251,41.387,6.434,257,56.819,77.638,204.055,0
197.821,470.971,0.00212327,1.033377309144049,0.03283238,48.618,2.94,403,103.293,58.174,71.077,1
103.803,376.953,0.00265285,0.01358797594788318,-4.29857,43.149,12.103,929,226.785,56.453,48.473,0
200.493,473.643,0.00211129,1.139741737678321,0.13080169,49.142,9.681,462,96.249,74.153,107.227,0
118.794,391.944,0.00255138,0.03115799778274895,-3.46868432,45.28,4.436,1102,148.601,67.081,11.866,1
78.413,351.563,0.00284444,0.002835383580835599,-5.86557805,37.414,14.279,862,44.629,79.121,14.225,0
145.222,418.372,0.00239022,0.1164260782884106,-2.15049873,44.755,8.206,917,55.49,68.648,71.273,0
206.476,479.626,0.00208496,1.413700585341381,0.34621079,49.45,12.37,827,288.154,67.408,196.789,0
69.706,342.856,0.00291668,0.001570447889036982,-6.45639442,40.865,4.303,910,101.427,78.196,36.422,0
168.669,441.819,0.00226337,0.3285651749779046,-1.11302006,45.938,8.658,467,268.835,72.021,47.941,0
175.055,448.205,0.00223112,0.427730736002609,-0.8492614,41.621,3.525,325,248.226,59.634,159.67,0
147.844,420.994,0.00237533,0.1315008485895102,-2.02874197,46.232,7.657,386,18.64,70.739,203.765,0
63.177,336.327,0.0029733,0.0009883323464278916,-6.91949153,35.968,11.213,1156,90.321,61.21,136.315,0
76.353,349.503,0.00286121,0.002472064623604281,-6.0027016,42.22,12.062,1116,265.993,58.469,144.048,0
156.389,429.539,0.00232808,0.1935426950410355,-1.64225714,44.419,3.622,1015,292.961,68.108,6.153,0
116.424,389.574,0.00256691,0.02744326554893886,-3.59563448,36.294,1.958,994,224.278,68.388,98.796,0
156.298,429.448,0.00232857,0.1927633531491096,-1.64629199,41.748,3.849,727,152.508,72.509,198.522,0
183.182,456.332,0.00219139,0.5919872060288988,-0.52427026,40.286,9.98,842,201.432,75.515,141.433,0
72.734,345.884,0.00289114,0.001935179924283866,-6.24755497,41.545,7.405,399,57.931,70.882,216.636,0
86.864,360.014,0.00277767,0.004895383676497116,-5.31946262,37.661,11.283,569,273.445,63.221,243.155,0
67.916,341.066,0.00293198,0.001385639275878865,-6.58159367,36.894,9.901,439,259.724,73.127,71.582,0
108.635,381.785,0.00261928,0.01788205029667361,-4.02395785,41.887,3.905,908,182.971,61.402,245.487,0
77.527,350.677,0.00285163,0.002673526087158691,-5.92435705,42.294,8.745,1095,180.408,68.329,175.379,0
96.541,369.691,0.00270496,0.008872618497964382,-4.72478532,37.501,6.166,300,29.701,64.503,65.076,0
156.827,429.977,0.00232571,0.1973334061000687,-1.62286056,42.65,11.521,1047,186.21,68.995,123.42,0
219.915,493.065,0.00202813,2.250164052149849,0.81100313,53.866,11.992,1001,211.862,72.926,45.486,1
132.771,405.921,0.00246353,0.0639182519377426,-2.75015033,37.958,1.263,947,56.933,59.148,23.192,0
142.537,415.687,0.00240566,0.102614833164656,-2.27677278,43.089,14.787,480,288.275,64.619,217.852,0
86.799,359.949,0.00277817,0.004875341352672348,-5.32356516,44.576,7.833,639,83.034,63.589,200.611,0
154.494,427.644,0.00233839,0.1778821621159053,-1.72663396,45.413,3.258,999,32.148,73.202,101.622,1
170.627,443.777,0.00225338,0.3565279769513239,-1.03134257,39.505,9.695,711,164.052,67.839,52.576,0
210.371,483.521,0.00206816,1.621869758367624,0.48357966,50.773,3.56,306,189.859,61.023,133.266,1
144.172,417.322,0.00239623,0.1108379363314686,-2.19968618,37.34,11.299,523,162.558,57.183,219.836,0
55.751,328.901,0.00304043,0.0005707492905794828,-7.46856052,41.56,6.541,579,254.29,59.709,9.139,0
181.292,454.442,0.0022005,0.5494638458642146,-0.5988123,40.093,13.559,991,96.816,76.527,139.431,0
188.368,461.518,0.00216676,0.7240685878106082,-0.32286916,40.534,7.421,244,198.105,57.585,28.47,0
207.236,480.386,0.00208166,1.452359384735883,0.3731894,52.522,14.19,833,79.302,71.698,193.644,1
153.261,426.411,0.00234516,0.1683117648336341,-1.78193728,37.702,8.375,945,267.834,55.828,211.186,0
50.48,323.63,0.00308995,0.0003806684055071571,-7.87358189,36.886,6.952,712,261.956,56.187,31.995,0
182.216,455.366,0.00219604,0.5699012292639941,-0.56229222,46.473,7.638,983,262.479,74.17,125.558,0
151.16,424.31,0.00235677,0.1530618569061756,-1.87691315,43.173,4.382,404,263.731,61.451,207.69,0
73.564,346.714,0.00288422,0.002047885827406538,-6.19094732,36.058,13.621,262,91.68,78.145,120.703,0
167.042,440.192,0.00227174,0.3068357434089685,-1.18144271,41.027,8.477,273,257.068,62.573,175.826,0
68.505,341.655,0.00292693,0.001444124521705354,-6.54025201,35.705,3.176,881,174.741,61.825,151.414,0
108.056,381.206,0.00262325,0.01730955796892654,-4.05649645,41.002,13.586,644,266.663,60.527,151.211,0
113.82,386.97,0.00258418,0.02382757276807068,-3.73691185,41.135,2.601,134,137.413,80.022,26.633,0
77.713,350.863,0.00285012,0.002706787372814666,-5.91199282,37.023,12.581,847,55.941,58.125,79.448,0
64.016,337.166,0.0029659,0.001049986884890927,-6.85897761,44.754,8.987,556,153.867,80.976,210.965,0
170.586,443.736,0.00225359,0.3559213563168885,-1.03304548,45.252,9.663,764,193.384,61.297,79.247,0
166.128,439.278,0.00227646,0.2951998016130428,-1.22010286,45.354,2.566,693,122.782,78.548,171.387,0
196.826,469.976,0.00212777,0.9960736213862835,-0.00393411,46.595,8.039,144,246.288,63.517,155.522,0
115.646,388.796,0.00257204,0.02631421909414867,-3.63764584,36.69,4.712,833,166.215,62.084,177.167,0
77.375,350.525,0.00285286,0.002646622741968407,-5.93447089,40.423,9.963,731,134.555,61.504,227.819,0
112.648,385.798,0.00259203,0.02234573368162627,-3.80111986,44.8,3.312,450,42.389,64.847,151.983,0
68.598,341.748,0.00292613,0.001453563133356895,-6.5337374,40.246,13.268,420,143.469,70.453,195.83,0
88.747,361.897,0.00276322,0.005509644498847537,-5.20125518,43.214,14.791,1001,198.027,61.49,129.759,0
123.739,396.889,0.0025196,0.04040971470884365,-3.20868506,38.517,12.173,685,67.47,58.106,243.834,0
59.96,333.11,0.00300201,0.0007814597340673637,-7.15434693,35.771,3.615,955,51.635,73.542,45.118,0
198.467,471.617,0.00212036,1.058253411274139,0.05661982,45.495,5.535,771,174.159,60.506,222.745,0
211.808,484.958,0.00206203,1.70523435977568,0.53370256,51.393,11.384,396,282.563,74.024,215.144,1
167.299,440.449,0.00227041,0.3101804386066481,-1.17060109,38.617,10.955,1025,257.87,61.671,83.897,0
198.179,471.329,0.00212166,1.047098441593829,0.04602295,49.159,11.592,1084,100.24,71.382,41.558,1
120.597,393.747,0.0025397,0.03428218893307183,-3.37312933,43.989,14.029,847,299.926,57.773,210.838,0
206.815,479.965,0.00208349,1.430830759647534,0.35825523,51.462,5.785,432,106.674,65.419,34.917,1
139.92,413.07,0.0024209,0.09058844688984469,-2.40142859,37.182,11.892,334,193.441,71.108,113.501,0
188.088,461.238,0.00216808,0.7163206010802987,-0.33362745,42.666,6.441,168,199.876,54.854,167.828,0
133.858,407.008,0.00245695,0.06745208897215305,-2.69633773,43.919,8.002,596,137.857,64.5,142.339,0
190.469,463.619,0.00215694,0.7846181216045875,-0.24255815,44.853,13.47,170,78.221,59.87,158.03,0
142.764,415.914,0.00240434,0.1037227289068273,-2.26603401,42.998,13.212,1167,264.767,56.255,201.798,0
86.257,359.407,0.00278236,0.004711110003440926,-5.35783173,37.226,6.982,364,279.869,60.524,74.819,0
217.574,490.724,0.00203781,2.07896444483679,0.73186991,54.952,11.678,473,45.984,81.374,225.05,1
214.323,487.473,0.0020514,1.86025795595444,0.62071516,51.934,8.44,294,224.852,71.355,75.416,1
88.123,361.273,0.00276799,0.00529871484960292,-5.24029097,42.972,8.089,1161,69.063,69.807,109.03,0
192.673,465.823,0.00214674,0.8529208298911262,-0.15908855,49.311,5.012,449,271.209,58.109,92.025,1
156.409,429.559,0.00232797,0.1937143564900796,-1.64137059,38.307,6.454,538,13.246,69.714,211.803,0
219.451,492.601,0.00203004,2.215278700635186,0.79537822,53.862,6.848,351,140.86,58.808,13.808,1
97.473,370.623,0.00269816,0.009380230914410119,-4.6691509,39.828,7.039,965,123.84,75.116,77.16,0
93.379,366.529,0.0027283,0.007330989999728835,-4.91564471,36.602,13.337,879,297.022,76.533,223.404,0
63.458,336.608,0.00297081,0.001008601603703944,-6.89919046,37.945,10.953,1174,103.85,70.417,129.748,0
218.228,491.378,0.00203509,2.125597794830805,0.75405308,51.605,1.579,906,68.067,58.137,150.874,1
60.262,333.412,0.00299929,0.0007990341893350573,-7.13210682,39.4,12.935,1000,31.116,59.752,248.63,0
83.628,356.778,0.00280286,0.00398379320390958,-5.52552085,41.796,1.754,283,214.855,60.26,100.062,0
123.525,396.675,0.00252096,0.03996294610029904,-3.2198026,45.271,10.269,180,78.966,76.21,146.846,0
138.111,411.261,0.00243155,0.08303241507873284,-2.4885242,44.716,13.865,185,102.004,71.334,180.449,0
130.327,403.477,0.00247846,0.05657427571587221,-2.87220089,41.24,2.123,1123,67.683,80.478,180.613,0
57.623,330.773,0.00302322,0.0006570022425797581,-7.32782313,42.271,7.517,523,11.312,78.761,214.411,0
136.908,410.058,0.00243868,0.0783265272386524,-2.54686894,37.635,8.005,828,151.745,66.094,11.913,0
211.249,484.399,0.00206441,1.672366759998686,0.51423984,53.993,12.266,222,163.522,77.955,43.619,1
204.485,477.635,0.00209365,1.316697737015564,0.27512689,45.239,4.624,455,47.707,64.621,206.477,0
80.678,353.828,0.00282623,0.00329071098531854,-5.71665163,37.082,8.5,439,52.675,71.928,5.627,0
195.079,468.229,0.00213571,0.9334517898726996,-0.06886596,46.557,1.84,850,249.083,62.514,183.041,1
45.274,318.424,0.00314047,0.0002518263892021611,-8.28677064,38.31,5.982,422,153.738,67.271,69.85,0
210.621,483.771,0.00206709,1.636109406937929,0.49232111,53.917,8.22,281,70.711,79.635,14.525,1
162.717,435.867,0.00229428,0.2551733594369211,-1.36581212,38.342,8.871,949,179.137,78.336,48.995,0
195.305,468.455,0.00213468,0.9413513745103548,-0.0604388,42.589,13.732,501,163.333,74.504,201.322,0
42.684,315.834,0.00316622,0.0002039965837416828,-8.49740731,35.07,3.067,673,129.225,65.755,190.861,0
209.014,482.164,0.00207398,1.546466879284634,0.4359729,44.706,2.595,1147,97.658,64.048,130.426,1
123.078,396.228,0.0025238,0.03904410022112482,-3.2430635,39.117,13.341,814,213.417,54.497,150.634,0
93.499,366.649,0.0027274,0.007384726673829649,-4.90834137,42.896,14.763,463,255.835,74.482,173.525,0
128.666,401.816,0.0024887,0.05202677751386153,-2.95599674,43.596,9.507,201,122.037,60.379,247.776,0
106.481,379.631,0.00263414,0.01583535164597101,-4.14551039,36.585,8.422,736,87.177,60.739,137.447,0
60.074,333.224,0.00300098,0.0007880516509260503,-7.14594692,40.11,1.9,954,124.33,81.442,9.962,0
40.738,313.888,0.00318585,0.0001737389788517005,-8.65795651,42.344,10.976,568,227.915,79.332,107.886,0
183.928,457.078,0.00218781,0.6095602272476861,-0.49501752,47.694,3.565,622,136.366,56.832,249.018,1
130.565,403.715,0.00247699,0.0572544164133446,-2.8602505,38.383,3.802,750,118.055,78.464,228.212,0
91.704,364.854,0.00274082,0.006617162373583074,-5.01808865,40.872,8.36,186,184.745,66.545,125.271,0
119.057,392.207,0.00254967,0.03159706088104591,-3.45469117,43.072,9.639,961,247.823,65.77,93.916,0
131.711,404.861,0.00246998,0.06063369263731934,-2.80290456,40.841,3.281,1121,189.043,54.815,166.921,0
160.93,434.08,0.00230372,0.2362033161416271,-1.44306234,44.586,13.936,552,13.708,77.729,109.674,0
115.151,388.301,0.00257532,0.02561792292085331,-3.66446306,39.07,7.058,514,157.296,57.929,216.903,0
215.686,488.836,0.00204568,1.949352766377513,0.6674974,45.998,2.729,1118,229.127,78.439,21.465,1
196.367,469.517,0.00212985,0.9792706187578395,-0.02094725,47.37,1.322,1177,225.484,76.842,31.779,1
49.803,322.953,0.00309643,0.0003610260776427248,-7.92656037,42.14,8.827,492,195.194,60.805,153.041,0
103.736,376.886,0.00265332,0.01353566483782445,-4.30242724,35.924,8.91,674,145.209,80.533,19.697,0
128.39,401.54,0.00249041,0.05130393402425617,-2.96998784,40.182,4.285,159,107.199,55.899,203.37,0
192.875,466.025,0.00214581,0.8594368514602171,-0.15147793,47.882,13.071,757,63.958,70.471,203.032,0
83.847,356.997,0.00280114,0.004040213387868793,-5.51145777,39.381,4.532,240,258.418,76.175,121.237,0
158.44,431.59,0.00231701,0.2118727902462276,-1.55176923,44.129,10.339,589,253.292,81.091,86.763,0
103.829,376.979,0.00265267,0.01360832516205285,-4.29707353,36.238,6.297,924,239.048,80.195,160.421,0
122.047,395.197,0.00253038,0.03699712341912462,-3.29691511,41.584,1.325,210,275.072,61.251,145.181,0
85.839,358.989,0.0027856,0.004587916002906328,-5.38432939,39.081,13.632,325,132.345,75.114,77.593,0
77.978,351.128,0.00284796,0.00275482944832,-5.89439974,41.742,8.01,376,98.665,66.859,21.143,0
216.753,489.903,0.00204122,2.021699271729757,0.70393838,46.4,9.965,895,134.183,79.416,32.565,0
93.923,367.073,0.00272425,0.007577480696113946,-4.8825745,44.687,14.184,302,216.197,80.769,16.834,0
144.251,417.401,0.00239578,0.1112498397346346,-2.1959768,43.97,14.323,931,235.532,70.348,202.799,0
45.587,318.737,0.00313738,0.0002582591131631429,-8.26154716,37.74,11.228,181,69.923,71.745,199.079,0
96.997,370.147,0.00270163,0.009117769844172903,-4.69753004,37.872,13.442,889,17.507,70.463,234.994,0
118.471,391.621,0.00255349,0.03062631945519763,-3.48589553,41.362,11.778,524,269.748,58.477,228.82,0
189.742,462.892,0.00216033,0.7631769708804131,-0.27026533,47.52,1.94,923,192.326,79.0,155.09,1
51.923,325.073,0.00307623,0.0004258613677323501,-7.76139669,41.714,3.374,473,93.089,68.78,166.042,0
88.631,361.781,0.0027641,0.005469863368227366,-5.20850164,37.426,10.394,966,39.039,57.69,61.99,0
44.797,317.947,0.00314518,0.0002423068251551465,-8.32530576,37.761,9.677,163,263.661,58.468,92.509,0
75.015,348.165,0.0028722,0.002259448373233137,-6.09263458,43.173,13.399,263,37.091,81.149,159.791,0
186.892,460.042,0.00217371,0.6840473461609198,-0.37972814,40.762,9.339,876,202.094,58.614,184.151,0
121.842,394.992,0.0025317,0.03660185833765766,-3.30765627,41.872,1.832,286,271.569,73.852,146.966,0
209.615,482.765,0.0020714,1.57947167959384,0.45709041,54.413,6.877,707,147.139,57.14,246.084,1
46.418,319.568,0.00312922,0.0002760800300158022,-8.19481977,35.618,4.837,619,113.782,73.656,95.077,0
104.884,378.034,0.00264526,0.0144577447799035,-4.23652504,42.649,12.81,484,252.857,58.105,59.572,0
99.367,372.517,0.00268444,0.01049402796461012,-4.55694895,39.083,6.469,356,82.59,60.837,141.822,0
157.5,430.65,0.00232207,0.2032875032617477,-1.59313403,40.554,5.422,1037,97.7,70.121,105.124,0
169.744,442.894,0.00225788,0.343665220684883,-1.06808729,39.489,2.185,199,186.209,57.96,165.059,0
163.997,437.147,0.00228756,0.2695861628501983,-1.31086723,43.005,12.116,1104,40.432,75.33,55.683,0
183.406,456.556,0.00219031,0.5972159235626148,-0.51547655,41.737,5.331,270,150.538,68.225,209.253,0
55.902,329.052,0.00303903,0.0005772997512422139,-7.45714893,42.926,11.988,528,42.766,60.719,202.114,0
209.837,482.987,0.00207045,1.59181933656218,0.4648776,49.756,6.687,302,137.036,58.753,144.021,1
217.805,490.955,0.00203685,2.095331967451556,0.739712,53.146,6.718,1191,61.042,77.897,147.758,1
156.691,429.841,0.00232644,0.19614933136302,-1.62887902,41.841,8.992,507,187.593,71.165,31.951,0
131.973,405.123,0.00246839,0.06143106552043669,-2.78983962,43.348,8.534,1132,123.564,59.214,223.728,0
87.716,360.866,0.00277111,0.005165132330607439,-5.26582456,44.843,1.188,300,111.236,60.487,118.628,0
112.956,386.106,0.00258996,0.02272684791986839,-3.78420833,42.831,13.174,122,136.636,69.311,119.415,0
186.761,459.911,0.00217433,0.6805920451445151,-0.3847922,48.616,14.977,652,145.422,56.839,189.732,0
190.27,463.42,0.00215787,0.7786966407903692,-0.25013373,50.163,9.847,463,261.82,55.111,149.041,1
126.591,399.741,0.00250162,0.04681007346310363,-3.06165685,37.711,8.352,393,38.954,81.549,170.442,0
203.545,476.695,0.00209778,1.272979327039734,0.24136008,43.228,6.115,999,268.006,59.436,227.859,0
137.978,411.128,0.00243233,0.08249993014386392,-2.49495783,36.033,3.491,803,78.245,63.473,122.153,0
52.534,325.684,0.00307046,0.0004464449605544889,-7.71419443,36.898,2.87,919,51.044,81.5,172.696,0
196.1,469.25,0.00213106,0.9696121846059619,-0.0308591,44.263,13.472,693,146.007,70.41,42.556,0
209.574,482.724,0.00207158,1.577200520820863,0.45565145,52.975,1.227,1065,18.906,66.387,92.297,1
199.082,472.232,0.0021176,1.0824265154838,0.07920529,48.75,2.938,663,250.966,74.197,149.709,1
159.006,432.156,0.00231398,0.2171972966223005,-1.52694914,45.202,12.45,917,66.54,63.364,88.87,0
59.974,333.124,0.00300189,0.0007822665306158582,-7.15331504,35.787,5.577,1116,259.167,57.789,240.879,0
156.213,429.363,0.00232903,0.1920379346546722,-1.65006235,46.379,2.871,627,10.144,70.434,246.18,0
200.718,473.868,0.00211029,1.149125154615493,0.13900092,51.541,5.749,1021,152.445,79.887,90.46,1
84.151,357.301,0.00279876,0.004119740948131607,-5.49196499,42.914,14.878,576,197.938,72.834,109.071,0
166.741,439.891,0.00227329,0.3029593641949397,-1.19415659,40.661,10.354,172,177.722,71.85,196.667,0
106.692,379.842,0.00263267,0.01602600558724604,-4.13354253,43.576,5.404,1114,291.079,70.808,20.964,0
211.529,484.679,0.00206322,1.688759474200691,0.52399422,53.302,3.949,795,258.241,67.616,51.106,1
141.214,414.364,0.00241334,0.09636670029580473,-2.33959457,44.351,8.971,384,233.307,78.969,200.16,0
177.771,450.921,0.00221768,0.4774251974494814,-0.73934779,45.305,4.604,422,221.051,72.821,60.804,0
170.993,444.143,0.00225153,0.3619841498621417,-1.01615485,40.091,5.929,931,19.31,76.884,92.237,0
136.004,409.154,0.00244407,0.0749496930172677,-2.59093815,42.834,4.929,243,227.83,66.861,144.331,0
81.893,355.043,0.00281656,0.003561594355571157,-5.63754698,42.515,13.429,583,228.806,71.946,30.935,0
114.007,387.157,0.00258293,0.02407207036555901,-3.72670302,40.261,10.753,128,174.43,60.837,188.757,0
121.366,394.516,0.00253475,0.03569874498942024,-3.33263975,37.535,2.73,767,52.66,77.646,97.598,0
49.394,322.544,0.00310035,0.0003496162867220499,-7.95867433,36.096,8.149,736,204.319,62.959,172.465,0
78.297,351.447,0.00284538,0.002813694590543616,-5.87325686,38.079,1.476,833,53.98,61.854,49.11,0
150.505,423.655,0.00236041,0.1485676172397916,-1.90671509,45.681,4.913,775,221.802,54.78,152.715,0
72.924,346.074,0.00288956,0.001960466878815661,-6.23457263,37.946,10.638,478,31.42,55.42,42.423,0
50.475,323.625,0.00309,0.0003805197982192531,-7.87397235,35.83,6.7,235,132.52,68.257,235.434,0
86.808,359.958,0.0027781,0.004878111972916575,-5.32299702,35.814,3.933,762,22.367,81.332,44.526,0
61.558,334.708,0.00298768,0.0008786521393750631,-7.03712148,40.091,4.622,572,247.218,66.472,207.104,0
80.66,353.81,0.00282638,0.003286843367999488,-5.71782764,37.962,2.629,810,127.421,73.564,173.154,0
83.61,356.76,0.002803,0.003979188064035432,-5.52667748,43.396,3.585,1162,96.703,59.053,42.128,0
114.008,387.158,0.00258292,0.02407338392228359,-3.72664845,42.944,5.481,618,95.586,67.982,225.258,0
106.362,379.512,0.00263496,0.01572873616561634,-4.15226591,43.026,8.908,966,17.835,74.282,63.565,0
132.359,405.509,0.00246604,0.06262303895462433,-2.77062203,44.377,2.182,1133,186.698,65.347,216.767,0
128.144,401.294,0.00249194,0.05066730770649303,-2.98247439,38.287,5.268,730,212.533,58.346,90.019,0
162.978,436.128,0.0022929,0.2580550515030018,-1.35458234,46.117,11.212,469,148.103,67.88,170.717,0
216.562,489.712,0.00204202,2.008577732563508,0.69742688,53.799,4.61,868,197.899,66.755,227.63,1
112.717,385.867,0.00259157,0.0224306064660057,-3.79732889,39.163,2.38,1033,17.613,80.822,47.656,0
42.343,315.493,0.00316964,0.0001983658659863101,-8.52539742,41.98,4.146,300,118.464,58.634,147.425,0
59.447,332.597,0.00300664,0.0007524182257301776,-7.19221824,39.81,1.245,299,109.371,57.918,70.378,0
208.998,482.148,0.00207405,1.545596593043775,0.43540998,45.973,14.596,708,130.068,57.867,26.535,0
160.629,433.779,0.00230532,0.2331351627542139,-1.4561369,41.03,4.352,442,51.519,74.505,56.916,0
48.919,322.069,0.00310492,0.0003367826250575439,-7.99607287,43.257,3.047,313,38.148,58.044,53.313,0
209.32,482.47,0.00207267,1.563194498690516,0.44673148,52.655,11.773,232,43.061,61.715,85.463,1
99.811,372.961,0.00268125,0.01077193703381267,-4.53081095,41.0,4.646,553,166.134,63.947,186.23,0
102.928,376.078,0.00265902,0.01291904615635865,-4.34905261,44.057,8.505,129,168.126,62.48,30.956,0
172.964,446.114,0.00224158,0.3926668458060795,-0.93479375,38.548,1.245,453,100.633,75.425,120.642,0
135.009,408.159,0.00245003,0.07138487954470599,-2.6396692,40.809,2.518,149,52.677,63.889,48.28,0
44.524,317.674,0.00314788,0.0002370089806802254,-8.34741252,37.88,14.564,980,211.849,68.258,204.099,0
132.451,405.601,0.00246548,0.06291019314807406,-2.76604708,36.916,8.207,415,274.884,74.629,36.449,0
185.616,458.766,0.00217976,0.6510443420940463,-0.42917753,49.118,4.037,845,268.641,66.095,199.016,1
61.494,334.644,0.00298825,0.0008745554570447907,-7.04179485,39.624,1.207,1086,154.233,69.486,194.599,0
110.75,383.9,0.00260485,0.02012216544708472,-3.90593331,38.598,5.005,231,255.629,57.585,237.415,0
218.828,491.978,0.00203261,2.169187638811046,0.77435274,47.73,5.305,869,40.356,71.018,152.135,1
41.304,314.454,0.00318012,0.0001820816478253686,-8.61105536,38.293,4.158,802,190.999,65.009,199.863,0
132.991,406.141,0.0024622,0.06461970774459566,-2.73923584,40.375,5.974,363,173.493,81.162,196.273,0
70.404,343.554,0.00291075,0.001648437741420019,-6.40792726,39.174,7.381,130,15.623,66.603,209.715,0
72.625,345.775,0.00289205,0.001920808327526304,-6.25500918,35.717,9.249,1181,165.845,58.48,61.268,0
202.976,476.126,0.00210028,1.247143335540847,0.2208556,48.113,14.965,994,18.245,54.523,232.819,0
159.205,432.355,0.00231291,0.2190975797267731,-1.51823808,46.217,5.092,1008,67.956,69.961,16.026,1
213.637,486.787,0.00205429,1.816788682600241,0.59707048,47.287,11.135,576,44.038,65.445,112.647,0
146.934,420.084,0.00238048,0.1260814613770478,-2.07082706,44.738,2.572,1064,221.628,67.128,19.962,1
74.403,347.553,0.00287726,0.00216789064191401,-6.13400064,38.532,7.4,563,113.803,64.817,43.893,0
198.179,471.329,0.00212166,1.047098441593829,0.04602295,50.044,3.473,463,273.647,68.002,126.825,1
141.165,414.315,0.00241362,0.09614200060789035,-2.34192901,40.746,5.139,1176,260.339,60.816,144.109,0
58.081,331.231,0.00301904,0.0006798537936959789,-7.29363279,36.142,11.239,677,39.643,76.186,225.615,0
195.762,468.912,0.0021326,0.9575064068292738,-0.04342287,50.246,12.374,1058,245.294,66.753,214.209,1
196.785,469.935,0.00212795,0.9945623896892161,-0.00545245,44.27,3.765,968,19.441,63.965,209.266,0
89.394,362.544,0.00275829,0.005736405632742083,-5.16092246,39.46,1.27,1199,89.158,62.914,220.597,0
88.371,361.521,0.00276609,0.005381648126603804,-5.22476061,36.315,12.521,560,294.352,66.238,171.439,0
52.716,325.866,0.00306875,0.0004527509320962756,-7.7001684,41.755,14.608,778,57.684,74.103,167.339,0
198.759,471.909,0.00211905,1.069670515543192,0.06735067,49.942,14.506,643,134.006,72.029,172.173,0
130.582,403.732,0.00247689,0.0573032787239459,-2.85939744,43.89,6.158,667,251.496,55.289,216.745,0
110.945,384.095,0.00260352,0.02034099314398263,-3.89511706,42.2,2.597,530,40.801,56.081,22.726,0
215.837,488.987,0.00204504,1.95945059990462,0.67266413,48.937,9.25,676,221.802,80.19,152.389,0
213.423,486.573,0.00205519,1.803412676957934,0.5896808,51.662,9.626,886,230.072,69.927,24.732,1
208.124,481.274,0.00207782,1.498708625527318,0.40460382,53.268,10.737,128,169.3,73.138,185.415,1
105.646,378.796,0.00263994,0.01510088152292161,-4.19300216,35.531,4.508,890,137.141,62.498,6.702,0
78.104,351.254,0.00284694,0.002777944405491442,-5.88604405,44.774,5.788,138,121.786,57.338,155.152,0
91.693,364.843,0.0027409,0.006612691509337033,-5.01876452,40.52,14.681,724,155.313,55.306,179.272,0
102.315,375.465,0.00266336,0.01246837991086266,-4.38455945,37.581,7.904,940,187.29,77.553,192.695,0
80.738,353.888,0.00282575,0.003303633087203178,-5.71273248,40.088,1.021,836,21.605,68.164,213.235,0
169.117,442.267,0.00226108,0.334784565459598,-1.09426804,44.538,7.078,964,82.485,78.225,13.288,0
42.902,316.052,0.00316404,0.0002076731752948206,-8.47954499,43.997,4.031,243,246.987,72.776,125.714,0
151.033,424.183,0.00235747,0.152181050494324,-1.88268435,42.896,9.85,693,249.181,62.354,51.295,0
117.715,390.865,0.00255843,0.0294138226612753,-3.52629056,43.972,10.758,212,281.318,77.607,212.303,0
67.835,340.985,0.00293268,0.001377768383110174,-6.5872902,39.843,7.909,903,46.193,76.463,40.795,0
171.237,444.387,0.00225029,0.3656628262488505,-1.00604361,45.59,6.59,360,110.628,70.253,57.269,0
101.91,375.06,0.00266624,0.01217851483184248,-4.40808196,40.609,7.219,1070,232.518,60.895,87.641,0
184.691,457.841,0.00218416,0.6280115130701592,-0.46519678,43.46,3.121,1079,227.276,57.033,44.009,0
45.764,318.914,0.00313564,0.0002619635141852883,-8.24730532,39.594,4.971,684,143.352,74.093,23.16,0
214.694,487.844,0.00204984,1.884146414319895,0.63347489,48.187,2.793,1039,109.922,56.929,15.761,1
114.062,387.212,0.00258256,0.02414441242424984,-3.7237023,43.709,4.659,1118,110.838,64.231,179.532,0
79.174,352.324,0.0028383,0.002981502810227589,-5.81532781,35.622,3.792,702,282.456,54.495,89.793,0
76.13,349.28,0.00286303,0.002435404105729819,-6.01764258,41.249,13.592,350,218.439,79.892,100.483,0
45.084,318.234,0.00314234,0.0002479939476685417,-8.30210622,43.173,6.957,792,98.87,55.463,213.886,0
137.529,410.679,0.00243499,0.08072490380720582,-2.51670815,45.12,5.02,1053,42.495,74.984,24.292,0
119.657,392.807,0.00254578,0.03261973556610401,-3.42283779,40.752,10.001,229,18.157,69.114,249.251,0
176.904,450.054,0.00222196,0.4610309047650317,-0.7742902,47.71,10.36,163,229.021,80.928,49.896,0
134.547,407.697,0.0024528,0.06978215601404567,-2.66237695,37.544,12.142,1056,186.529,71.102,50.45,0
207.254,480.404,0.00208158,1.453286186962622,0.37382733,48.292,9.543,524,24.673,80.285,237.12,0
45.939,319.089,0.00313392,0.0002656741657042346,-8.23323994,44.516,5.874,291,213.097,58.38,108.795,0
83.147,356.297,0.00280665,0.003862390722391105,-5.55646893,43.729,5.958,217,184.776,78.134,92.375,0
141.113,414.263,0.00241393,0.09590405887732004,-2.34440697,45.007,5.683,1063,114.721,55.361,237.559,0
169.489,442.639,0.00225918,0.3400284404207912,-1.07872602,47.749,9.637,715,229.292,75.374,91.285,0
99.56,372.71,0.00268305,0.01061402001050828,-4.54557951,40.44,7.361,111,46.899,70.718,164.759,0
67.512,340.662,0.00293546,0.001346787806047987,-6.61003292,36.928,12.953,332,164.787,80.671,233.028,0
72.813,345.963,0.00289048,0.0019456574866355,-6.24215532,40.139,3.93,975,257.985,65.761,167.529,0
187.291,460.441,0.00217183,0.6946676324729942,-0.36432177,50.186,1.161,385,33.81,61.055,31.306,1
157.203,430.353,0.00232367,0.2006403829571567,-1.60624111,38.982,7.83,927,50.771,74.241,229.785,0
94.762,367.912,0.00271804,0.007972455739612652,-4.83176271,41.579,5.101,863,267.763,59.643,45.65,0
109.869,383.019,0.00261084,0.0191598591249331,-3.95493786,36.51,12.644,294,286.975,69.224,213.75,0
90.914,364.064,0.00274677,0.006302980707880677,-5.06673263,38.121,13.18,674,23.415,80.074,63.605,0
115.243,388.393,0.00257471,0.02574605993877775,-3.65947368,37.073,3.181,511,245.874,70.484,171.557,0
128.09,401.24,0.00249227,0.05052851773278069,-2.98521739,44.467,9.006,483,143.463,59.152,127.839,0
174.887,448.037,0.00223196,0.4248139600997798,-0.85610395,41.496,2.435,767,226.153,61.514,23.691,0
62.642,335.792,0.00297803,0.0009507713327026979,-6.95823697,43.595,1.265,1159,176.396,81.335,237.088,0
194.227,467.377,0.0021396,0.9041962254168019,-0.10070888,49.896,12.195,172,196.422,58.425,28.387,0
67.322,340.472,0.0029371,0.00132886357905043,-6.62343115,39.54,7.544,329,25.86,70.462,244.393,0
180.969,454.119,0.00220207,0.5424748367858437,-0.61161358,46.281,1.314,491,256.919,59.984,7.542,1
47.509,320.659,0.00311858,0.0003011987926941089,-8.10774007,36.765,7.802,702,130.839,70.609,100.091,0
121.605,394.755,0.00253322,0.03614965088285198,-3.32008799,36.227,5.43,664,96.916,60.79,42.84,0
45.623,318.773,0.00313703,0.0002590086145953815,-8.25864924,37.025,2.592,139,247.521,59.126,121.544,0
217.801,490.951,0.00203686,2.095047585249255,0.73957627,49.908,10.163,817,73.521,70.235,100.495,1
65.928,339.078,0.00294917,0.001203897515029617,-6.72219106,43.014,14.425,333,188.508,77.946,236.087,0
168.526,441.676,0.0022641,0.3266017811104145,-1.11901364,41.532,8.663,268,197.298,74.288,63.959,0
71.867,345.017,0.00289841,0.001823537579392701,-6.30697694,35.654,12.6,263,10.859,65.413,222.823,0
173.138,446.288,0.00224071,0.3954837003060122,-0.92764571,44.267,9.977,252,181.786,60.264,34.765,0
196.567,469.717,0.00212894,0.9865610906098211,-0.01353003,47.356,9.756,962,115.16,74.527,39.741,0
121.192,394.342,0.00253587,0.03537367374307353,-3.34178742,43.842,12.24,940,108.731,81.598,190.299,0
69.786,342.936,0.002916,0.00157921177180176,-6.45082944,39.163,11.492,833,208.484,75.616,97.837,0
175.23,448.38,0.00223025,0.4307879930446776,-0.84213921,40.337,11.336,416,229.037,64.822,230.761,0
71.541,344.691,0.00290115,0.00178310780575609,-6.32939748,42.46,13.008,332,289.728,60.299,117.551,0
125.621,398.771,0.0025077,0.04453735796067379,-3.11142694,41.169,1.646,261,70.315,77.645,94.941,0
178.898,452.048,0.00221215,0.4995103140554777,-0.69412703,41.531,11.512,226,109.093,67.984,219.854,0
101.246,374.396,0.00267097,0.01171649761644632,-4.44675738,36.438,2.344,947,132.601,78.5,228.075,0
80.58,353.73,0.00282701,0.00326970414577557,-5.72305577,41.521,2.567,868,290.132,81.553,100.435,0
127.662,400.812,0.00249494,0.04944054948288663,-3.00698435,38.422,7.275,430,133.843,71.99,152.647,0
211.537,484.687,0.00206319,1.689229911325466,0.52427275,53.53,4.823,178,123.424,65.707,58.837,1
194.002,467.152,0.00214063,0.8966071374334694,-0.10913749,50.134,10.698,408,27.842,68.809,79.557,1
88.246,361.396,0.00276705,0.005339700322247619,-5.23258575,42.833,3.597,1005,257.96,67.057,243.23,0
205.451,478.601,0.00208942,1.3630018053396,0.30968948,47.444,12.664,109,274.698,68.307,76.957,0
195.589,468.739,0.00213338,0.9513621820489395,-0.04986045,44.29,8.123,557,33.924,58.985,30.366,0
71.675,344.825,0.00290002,0.001799625766992697,-6.32017654,42.108,4.567,186,185.174,60.433,115.992,0
205.488,478.638,0.00208926,1.36480359116151,0.31101053,52.816,9.004,218,212.78,68.062,90.929,1
69.504,342.654,0.0029184,0.001548517010174961,-6.47045757,42.96,1.274,1164,39.174,65.683,130.147,0
146.293,419.443,0.00238411,0.1223852734104026,-2.10058123,43.888,3.07,979,108.002,69.916,228.565,0
109.975,383.125,0.00261011,0.01927339152193328,-3.94902981,40.619,4.066,469,68.318,65.248,181.825,0
139.871,413.021,0.00242118,0.09037589645396132,-2.40377768,39.2,12.7,250,195.632,69.33,30.136,0
106.178,379.328,0.00263624,0.01556516675757866,-4.16271976,38.344,3.569,836,222.714,77.505,61.957,0
104.712,377.862,0.00264647,0.01431605875143319,-4.24637338,36.537,7.465,583,91.127,77.197,243.589,0
193.598,466.748,0.00214248,0.8831220059748317,-0.12429192,50.173,5.207,1004,186.582,76.462,76.827,1
154.962,428.112,0.00233584,0.1816404090050465,-1.70572632,42.888,8.373,1152,43.254,54.442,149.113,0
111.498,384.648,0.00259978,0.02097334497119765,-3.86450293,40.666,2.139,1200,126.831,58.78,32.876,0
214.17,487.32,0.00205204,1.850484338958694,0.61544741,52.379,2.893,342,62.861,59.292,19.282,1
100.322,373.472,0.00267758,0.01110005045552334,-4.50080563,39.624,1.089,645,67.143,57.255,248.46,0
90.658,363.808,0.0027487,0.006204123891848662,-5.08254106,37.603,1.306,511,79.0,81.34,107.791,0
121.325,394.475,0.00253501,0.03562190562288702,-3.3347945,44.516,6.048,370,17.239,63.022,223.265,0
173.805,446.955,0.00223736,0.4064491553628677,-0.90029644,40.155,3.302,928,231.902,76.571,15.96,0
122.913,396.063,0.00252485,0.03870977988080712,-3.251663,44.884,3.682,806,280.633,72.935,106.807,0
156.646,429.796,0.00232669,0.1957589442309963,-1.63087125,39.712,11.005,150,252.754,76.835,202.402,0
112.078,385.228,0.00259587,0.02165565797747844,-3.83248852,44.751,3.646,115,75.877,60.297,89.562,0
102.496,375.646,0.00266208,0.01259993888115435,-4.37406332,41.732,9.94,423,20.998,66.051,187.368,0
52.998,326.148,0.00306609,0.0004626837980901493,-7.67846668,41.563,11.614,961,282.176,54.574,103.778,0
143.36,416.51,0.0024009,0.1066828866525471,-2.23789452,43.426,6.844,639,24.264,80.698,83.325,0
152.277,425.427,0.00235058,0.1610078299351328,-1.82630228,39.655,5.857,461,246.195,68.028,18.423,0
55.863,329.013,0.00303939,0.0005756013212907183,-7.46009529,44.886,12.717,724,33.674,66.44,202.155,0
50.343,323.493,0.00309126,0.0003766158350279793,-7.8842849,41.898,1.645,470,295.254,70.479,227.022,0
208.645,481.795,0.00207557,1.52650549111674,0.42298113,49.285,8.045,509,263.828,80.29,32.143,1
84.159,357.309,0.0027987,0.004121852938326299,-5.49145247,35.613,4.497,602,219.322,63.677,104.599,0
63.153,336.303,0.00297351,0.0009866186106243496,-6.92122701,36.582,14.225,352,169.064,80.308,130.249,0
170.524,443.674,0.00225391,0.3550057752744732,-1.03562122,41.096,13.481,840,100.394,80.724,176.559,0
152.588,425.738,0.00234886,0.1632849818538345,-1.81225825,40.838,11.607,461,15.63,64.187,119.205,0
152.351,425.501,0.00235017,0.1615470651110514,-1.82295875,43.053,8.173,1025,125.34,67.761,152.141,0
110.703,383.853,0.00260516,0.02006974242187757,-3.90854195,42.679,7.262,814,268.96,76.223,5.04,0
102.572,375.722,0.00266154,0.01265555391939202,-4.36965912,35.185,6.382,874,18.386,60.469,88.133,0
209.808,482.958,0.00207057,1.590201535651651,0.46386076,53.948,10.23,995,299.548,65.895,6.711,1
92.5,365.65,0.00273486,0.006948094647548392,-4.96928781,38.754,11.953,1169,68.877,63.358,70.532,0
135.947,409.097,0.00244441,0.07474123152300445,-2.59372338,45.211,4.438,929,178.059,65.268,140.532,0
74.619,347.769,0.00287547,0.002199810127627417,-6.11938423,35.282,12.622,1148,205.183,69.086,236.132,0
194.361,467.511,0.00213899,0.9087429311108443,-0.09569303,46.175,12.768,661,124.799,71.783,152.335,0
137.653,410.803,0.00243426,0.08121164494280249,-2.51069663,42.298,11.587,436,96.074,78.232,81.377,0
106.73,379.88,0.00263241,0.01606056180254438,-4.13138859,42.71,6.23,1177,20.763,78.392,98.982,0
131.457,404.607,0.00247153,0.05986958189452127,-2.81558672,40.523,14.429,918,106.812,63.078,227.726,0
163.678,436.828,0.00228923,0.2659278094207363,-1.3245304,44.792,7.113,856,223.484,60.242,82.153,0
119.196,392.346,0.00254877,0.03183136562924252,-3.44730313,43.236,13.679,969,154.463,60.969,238.562,0
218.904,492.054,0.0020323,2.174764744276588,0.7769205,47.815,10.324,1059,12.288,71.999,242.841,0
193.857,467.007,0.0021413,0.8917463392468189,-0.11457356,42.535,11.498,426,150.287,69.131,227.009,0
149.747,422.897,0.00236464,0.1435145752268866,-1.94131868,42.018,2.648,549,264.444,77.805,248.589,0
102.7,375.85,0.00266064,0.01274972545938784,-4.36224554,38.1,11.604,754,97.815,76.151,65.704,0
118.404,391.554,0.00255393,0.03051706602479081,-3.48946921,39.133,10.335,633,266.898,63.353,174.253,0
137.374,410.524,0.00243591,0.08012016858903764,-2.52422766,40.26,12.113,562,102.422,69.11,76.06,0
41.215,314.365,0.00318102,0.0001807457731045552,-8.61841908,36.64,8.518,371,206.952,75.09,51.06,0
89.199,362.349,0.00275977,0.005667182395713653,-5.17306322,39.903,13.291,606,90.646,68.935,89.084,0
80.913,354.063,0.00282436,0.003341587760775297,-5.70130921,37.444,5.128,268,43.457,68.15,137.799,0
203.553,476.703,0.00209774,1.273345920130328,0.24164802,50.189,14.357,416,218.273,75.402,70.948,0
178.153,451.303,0.00221581,0.4848116691687497,-0.72399477,46.261,2.4,578,148.358,79.607,127.056,1
147.373,420.523,0.00237799,0.1286703288333811,-2.05050174,40.23,6.454,621,185.784,79.204,51.199,0
102.392,375.542,0.00266282,0.012524193751337,-4.38009301,40.841,6.974,163,147.332,71.905,185.577,0
54.575,327.725,0.00305134,0.0005220251772905602,-7.55779474,39.355,4.524,1027,185.276,62.377,39.52,0
118.604,391.754,0.00255262,0.03084424417790706,-3.47880512,37.299,2.006,231,212.484,74.418,54.673,0
183.069,456.219,0.00219193,0.5893649703627718,-0.52870964,47.527,9.939,477,146.952,65.075,200.557,0
122.212,395.362,0.00252933,0.03731805993286329,-3.28827789,42.605,7.142,587,68.57,57.692,46.54,0
204.809,477.959,0.00209223,1.332071008140102,0.28673488,49.592,2.708,764,208.662,69.848,11.097,1
73.067,346.217,0.00288836,0.001979697729240244,-6.22481111,36.627,10.957,1148,184.153,69.437,133.735,0
64.766,337.916,0.00295932,0.001108068038226362,-6.80513729,35.984,2.94,754,276.248,78.295,18.271,0
204.581,477.731,0.00209323,1.321236359661763,0.27856793,49.487,3.069,870,202.533,65.677,47.254,1
60.992,334.142,0.00299274,0.000843025246972679,-7.07851365,43.738,11.151,1025,148.07,79.898,247.308,0
70.992,344.142,0.00290578,0.001716872826124653,-6.36725077,39.739,4.661,687,120.037,76.703,113.732,0
188.831,461.981,0.00216459,0.737043645271949,-0.30510817,44.418,3.769,1177,165.741,71.927,155.967,0
48.313,321.463,0.00311078,0.0003210396345043504,-8.04394597,39.512,11.598,313,167.981,68.557,149.947,0
137.571,410.721,0.00243474,0.08088947303244856,-2.51467159,45.312,10.19,1035,223.328,64.068,17.759,0
181.136,454.286,0.00220126,0.5460784190160315,-0.60499269,40.988,12.367,954,206.554,62.372,104.354,0
192.555,465.705,0.00214728,0.8491347297941663,-0.16353741,47.84,4.141,173,79.265,62.651,189.166,1
193.967,467.117,0.00214079,0.8954316975830184,-0.11044933,44.815,5.861,627,48.262,59.443,19.972,0
71.237,344.387,0.00290371,0.001746147716390657,-6.35034322,35.027,2.131,935,38.368,81.588,164.276,0
156.81,429.96,0.0023258,0.1971850478026054,-1.62361266,37.946,14.948,953,15.69,75.549,6.057,0
175.493,448.643,0.00222894,0.4354192104583455,-0.83144601,42.296,4.389,891,196.843,59.877,224.115,0
219.781,492.931,0.00202868,2.24004013126474,0.80649378,54.508,13.449,200,20.531,79.865,18.718,1
100.131,373.281,0.00267895,0.0109763611162841,-4.51201131,38.933,9.077,666,196.125,57.107,88.537,0
84.587,357.737,0.00279535,0.004236295557810413,-5.46406608,42.055,6.421,515,127.975,61.473,233.953,0
88.803,361.953,0.00276279,0.005528943411412275,-5.19775855,43.398,8.065,989,109.703,78.075,161.43,0
213.574,486.724,0.00205455,1.812841838607931,0.59489569,52.44,3.079,914,59.463,56.849,218.976,1
157.194,430.344,0.00232372,0.2005606509206297,-1.60663858,37.69,2.005,872,202.084,80.92,85.725,0
107.624,380.774,0.00262623,0.01689329619110016,-4.08083841,42.724,1.258,154,259.352,67.131,94.73,0
210.014,483.164,0.00206969,1.601725003268188,0.47108118,49.712,6.554,1156,274.89,78.54,157.676,1
186.088,459.238,0.00217752,0.6630838136135297,-0.41085388,40.777,7.459,549,59.622,58.66,73.166,0
152.47,425.62,0.00234951,0.1624176073630282,-1.81758444,45.848,9.139,988,210.912,61.551,242.633,0
117.741,390.891,0.00255826,0.02945479054453708,-3.52489872,40.19,1.612,635,109.585,60.377,13.944,0
124.038,397.188,0.0025177,0.04104149156827908,-3.19317173,41.821,2.281,742,95.506,62.417,173.44,0
84.905,358.055,0.00279287,0.004323194680665793,-5.44376064,38.729,2.191,920,102.56,74.49,142.794,0
83.416,356.566,0.00280453,0.003929862364138693,-5.53915088,41.224,1.282,507,177.795,65.438,204.218,0
205.965,479.115,0.00208718,1.388221060410743,0.32802311,50.236,11.532,737,299.468,58.72,226.052,0
159.359,432.509,0.00231209,0.2205783409143166,-1.51150236,45.611,8.359,1031,145.348,72.465,229.684,0
103.833,376.983,0.00265264,0.01361145826472832,-4.29684332,41.686,12.492,1048,56.198,77.471,133.464,0
199.359,472.509,0.00211636,1.093472851319673,0.08935873,48.774,5.998,731,94.319,64.382,184.111,1
123.876,397.026,0.00251873,0.04069809281486513,-3.20157405,37.167,11.533,965,42.781,61.307,171.542,0
138.256,411.406,0.00243069,0.08361646419338455,-2.48151484,38.083,3.331,235,261.342,72.146,179.287,0
202.189,475.339,0.00210376,1.212172713821748,0.19241438,50.278,1.127,738,89.692,54.459,114.993,1
130.795,403.945,0.00247558,0.05791868829401704,-2.84871518,39.574,12.016,131,56.501,64.858,139.849,0
177.01,450.16,0.00222143,0.4630080238993324,-0.77001089,44.074,5.608,965,199.07,70.801,88.466,0
93.601,366.751,0.00272665,0.007430684510080371,-4.9021373,39.287,2.593,201,154.606,73.069,173.974,0
50.023,323.173,0.00309432,0.0003673042731512538,-7.90931997,36.89,9.647,958,49.677,57.886,157.139,0
46.176,319.326,0.0031316,0.0002707767243091674,-8.21421597,44.292,1.088,1027,150.609,64.992,161.54,0
190.011,463.161,0.00215908,0.7710491520546935,-0.26000316,47.463,7.293,656,126.024,74.36,116.422,0
165.35,438.5,0.0022805,0.2856073002759372,-1.25313749,47.186,2.978,755,65.404,73.797,144.763,1
161.501,434.651,0.0023007,0.2421229742373538,-1.41830952,43.343,4.443,459,211.456,62.039,88.07,0
51.312,324.462,0.00308203,0.0004061545824283952,-7.80877673,39.402,6.444,812,163.429,64.3,73.655,0
164.682,437.832,0.00228398,0.2775941603454932,-1.28159509,40.68,11.31,461,240.806,74.385,116.001,0
45.911,319.061,0.0031342,0.0002650772234385193,-8.23548937,36.722,1.14,241,83.53,70.578,52.26,0
164.658,437.808,0.00228411,0.2773100370014402,-1.28261913,40.155,11.04,664,194.66,55.866,62.271,0
174.744,447.894,0.00223267,0.4223451960261189,-0.8619323,39.777,8.522,130,76.262,79.381,128.431,0
101.18,374.33,0.00267144,0.011671455511734,-4.45060912,41.846,6.424,615,133.114,75.411,116.274,0
75.32,348.47,0.00286969,0.002306386213634604,-6.07207339,36.464,6.977,195,28.621,67.185,77.281,0
124.475,397.625,0.00251493,0.04198090608813723,-3.17054038,36.814,5.598,366,204.844,64.549,67.987,0
75.604,348.754,0.00286735,0.002350892530449785,-6.05296022,39.657,8.523,725,63.257,79.283,67.408,0
160.256,433.406,0.00230731,0.2293825553543774,-1.47236412,46.153,1.04,598,74.008,56.155,162.84,1
135.287,408.437,0.00244836,0.0723651830326267,-2.62602999,44.897,3.934,712,281.503,58.693,129.937,0
65.503,338.653,0.00295288,0.001167999864957416,-6.75246251,39.329,5.898,538,19.701,76.878,147.88,0
214.459,487.609,0.00205082,1.868983756201504,0.62539484,49.297,6.238,113,50.472,66.769,166.68,1
204.541,477.691,0.0020934,1.319343590495268,0.27713433,43.535,13.574,935,240.731,57.341,157.219,0
83.016,356.166,0.00280768,0.003829917181399994,-5.5649121,40.29,4.671,303,51.569,80.859,218.558,0
43.983,317.133,0.00315325,0.0002268245814002027,-8.39133361,40.075,12.153,164,168.179,60.017,194.24,0
183.076,456.226,0.0021919,0.5895271093978396,-0.52843457,44.456,14.447,1085,157.517,74.794,54.632,0
116.431,389.581,0.00256686,0.02745361999584529,-3.59525724,42.948,13.827,157,299.04,62.547,81.379,0
166.29,439.44,0.00227562,0.2972330117763028,-1.2132389,41.15,3.381,615,237.214,66.712,96.606,0
56.104,329.254,0.00303717,0.0005861707317613075,-7.44189946,39.97,9.328,1067,176.061,68.873,43.643,0
86.815,359.965,0.00277805,0.00488026789243304,-5.32255516,35.699,14.482,1031,196.598,72.087,36.59,0
155.874,429.024,0.00233087,0.1891690371944257,-1.66511429,39.0,5.75,986,95.266,81.155,216.548,0
126.872,400.022,0.00249986,0.04748772546364336,-3.04728401,35.886,10.095,383,77.352,63.674,216.597,0
111.738,384.888,0.00259816,0.02125328327800019,-3.85124389,41.868,2.301,800,238.453,65.918,151.108,0
73.479,346.629,0.00288493,0.002036073601127919,-6.19673203,40.408,7.916,547,156.838,79.99,101.491,0
160.003,433.153,0.00230865,0.2268680519352116,-1.4833867,38.982,6.082,760,40.963,71.553,8.956,0
103.616,376.766,0.00265417,0.01344243005101152,-4.30933915,42.638,14.726,862,221.876,64.767,36.164,0
209.825,482.975,0.0020705,1.591149725744342,0.46445685,45.682,3.105,440,119.827,76.585,64.47,0
165.906,439.056,0.00227761,0.2924337145086928,-1.22951726,46.7,13.313,580,60.597,64.214,70.832,0
207.075,480.225,0.00208236,1.444092824142986,0.36748132,49.551,14.03,554,63.826,74.781,44.968,0
74.072,347.222,0.00288,0.002119798546767287,-6.15643422,41.164,3.803,1171,237.434,77.919,163.565,0
97.922,371.072,0.00269489,0.009634082292087629,-4.64244823,36.391,7.201,471,293.298,65.373,78.303,0
149.214,422.364,0.00236763,0.1400542923882738,-1.96572513,45.258,7.035,854,62.51,55.869,182.814,0
184.772,457.922,0.00218378,0.6299991253799515,-0.46203685,44.975,8.276,443,283.86,72.256,35.559,0
40.978,314.128,0.00318342,0.0001772324421678771,-8.63804845,39.674,8.817,432,223.712,70.619,101.76,0
118.036,391.186,0.00255633,0.02992324649905209,-3.50911963,36.938,1.582,150,108.934,55.867,76.743,0
158.31,431.46,0.00231771,0.2106664600083013,-1.55747915,44.965,1.798,159,280.081,64.434,243.778,0
153.103,426.253,0.00234602,0.1671193382852485,-1.78904712,45.249,10.909,1038,98.549,62.016,33.315,0
188.202,461.352,0.00216754,0.7194662157883305,-0.32924571,40.891,12.588,331,262.855,69.271,13.008,0
66.58,339.73,0.00294351,0.00126093936679075,-6.67589831,35.375,1.357,347,109.203,63.752,43.271,0
65.093,338.243,0.00295645,0.001134302162655173,-6.78173765,40.944,4.956,614,240.904,60.213,219.81,0
84.553,357.703,0.00279562,0.004227099412842412,-5.46623924,38.035,8.962,881,87.56,76.357,146.599,0
198.385,471.535,0.00212073,1.055066688249525,0.05360398,49.612,1.509,887,148.634,75.286,221.241,1
55.516,328.666,0.0030426,0.0005606907060181748,-7.48634113,42.151,7.689,293,114.356,72.232,170.355,0
61.548,334.698,0.00298777,0.0008780108735070484,-7.03785158,38.567,6.815,550,248.959,77.39,121.348,0
195.455,468.605,0.00213399,0.9466270887578903,-0.05485005,47.61,13.157,1004,117.866,67.07,115.593,0
88.672,361.822,0.00276379,0.005483893924992368,-5.20593986,37.489,13.152,116,76.056,67.289,53.29,0
84.948,358.098,0.00279253,0.004335069206046069,-5.4410177,36.054,12.505,1113,234.245,56.449,189.758,0
73.526,346.676,0.00288454,0.002042597337185126,-6.19353308,36.737,12.769,177,82.233,61.805,78.089,0
104.763,377.913,0.00264611,0.01435793829596081,-4.2434523,37.256,14.666,585,163.247,77.513,151.441,0
61.564,334.714,0.00298763,0.0008790371052779518,-7.03668345,44.561,9.985,294,217.286,80.359,128.948,0
170.173,443.323,0.00225569,0.3498618855838021,-1.05021681,46.635,3.472,1197,166.028,76.172,147.766,1
211.391,484.541,0.00206381,1.680662591857133,0.51918812,54.152,11.746,287,272.031,75.116,128.949,1
57.101,330.251,0.003028,0.0006318195138763214,-7.36690678,38.467,6.873,1062,254.101,69.999,51.399,0
152.392,425.542,0.00234994,0.16184652663048,-1.82110676,45.189,4.193,622,61.091,64.117,167.335,0
162.212,435.362,0.00229694,0.2496791759185694,-1.38757848,41.327,5.313,616,43.821,69.125,180.636,0
197.784,470.934,0.00212344,1.031968315351244,0.03146796,47.814,5.342,367,231.032,59.427,207.862,0
77.158,350.308,0.00285463,0.002608643461180638,-5.94892494,43.731,14.352,406,27.198,81.308,73.294,0
119.51,392.66,0.00254673,0.03236645072234705,-3.43063286,40.865,12.052,1082,29.5,73.642,96.659,0
153.375,426.525,0.00234453,0.1691768503337712,-1.77681066,39.48,5.456,918,139.852,72.417,144.622,0
187.954,461.104,0.00216871,0.7126387295334691,-0.33878068,44.334,1.274,649,141.164,56.02,120.706,0
167.957,441.107,0.00226702,0.3188926529691748,-1.14290074,40.357,3.381,631,162.332,68.056,73.049,0
88.018,361.168,0.00276879,0.005263954387698182,-5.24687275,38.521,4.891,655,176.888,73.184,141.532,0
64.473,337.623,0.00296188,0.001085035651980456,-6.82614243,39.014,9.152,102,151.395,73.791,44.012,0
170.822,443.972,0.00225239,0.3594257590495438,-1.02324763,40.504,13.743,1123,44.39,75.234,31.238,0
150.557,423.707,0.00236012,0.1489200392405966,-1.90434577,41.063,4.083,653,145.182,61.098,90.465,0
61.432,334.582,0.0029888,0.0008706035272047747,-7.04632388,37.801,12.098,696,242.076,68.871,205.278,0
161.764,434.914,0.00229931,0.2448938679580642,-1.40693035,44.525,1.892,578,261.201,58.04,224.514,0
171.285,444.435,0.00225005,0.3663904101104145,-1.00405582,44.176,6.36,406,256.061,58.611,106.854,0
78.345,351.495,0.00284499,0.002822650885376232,-5.87007881,42.464,1.987,1129,278.299,69.929,233.064,0
163.347,436.497,0.00229097,0.2621787748453521,-1.33872866,44.108,13.836,976,48.625,72.87,91.753,0
81.285,354.435,0.00282139,0.003423595145085519,-5.67706407,40.475,14.288,678,190.47,59.265,247.451,0
111.854,385.004,0.00259738,0.02138979638514261,-3.84484128,38.661,2.636,1060,126.547,60.389,243.262,0
58.895,332.045,0.00301164,0.0007222787963215725,-7.23309935,36.632,7.132,615,90.871,71.055,61.914,0
90.714,363.864,0.00274828,0.006225627314557556,-5.07908107,43.635,3.33,499,155.473,71.938,46.28,0
104.819,377.969,0.00264572,0.01440405173050358,-4.24024574,43.711,8.177,418,285.057,57.309,66.681,0
89.672,362.822,0.00275617,0.005836425938207331,-5.14363667,38.636,9.601,375,284.991,66.924,172.501,0
183.985,457.135,0.00218754,0.6109217978557085,-0.49278632,49.435,4.347,396,137.738,78.282,150.139,1
135.913,409.063,0.00244461,0.074617134668235,-2.59538511,35.929,2.711,960,295.079,79.768,195.76,0
181.584,454.734,0.00219909,0.555850846623196,-0.58725528,42.196,8.664,681,70.49,67.599,200.609,0
77.545,350.695,0.00285148,0.002676728511974907,-5.92315993,41.504,4.892,495,133.163,57.999,233.402,0
40.778,313.928,0.00318544,0.0001743167721993702,-8.65463638,41.274,8.535,958,123.668,61.526,165.236,0
164.273,437.423,0.00228612,0.2727875815381782,-1.29906188,42.138,5.515,555,271.144,64.441,6.631,0
174.298,447.448,0.0022349,0.4147272655637186,-0.88013417,40.05,4.936,335,191.721,67.32,92.043,0
52.662,325.812,0.00306925,0.0004508714297390048,-7.70432834,40.006,12.954,474,222.218,55.165,224.655,0
159.329,432.479,0.00231225,0.2202891810433356,-1.51281414,40.371,1.044,1125,75.623,66.021,158.445,0
79.44,352.59,0.00283616,0.003034178720737595,-5.79781449,35.425,6.004,1077,287.434,57.785,167.002,0
46.203,319.353,0.00313133,0.0002713637255536369,-8.21205048,35.836,13.83,762,33.373,77.921,86.447,0
156.742,429.892,0.00232617,0.1965926122155163,-1.62662165,45.762,5.984,1000,156.653,55.58,215.176,0
201.72,474.87,0.00210584,1.191747194837183,0.17542046,47.91,3.218,1145,97.781,74.413,144.791,1
165.342,438.492,0.00228054,0.2855101256183143,-1.25347778,42.624,3.227,886,85.202,79.604,54.276,0
141.752,414.902,0.00241021,0.09886503332868299,-2.31399966,45.278,8.565,688,90.277,80.159,72.055,0
169.816,442.966,0.00225751,0.3446983358749443,-1.06508563,46.868,14.973,306,79.645,78.937,26.551,0
116.809,389.959,0.00256437,0.0280180370556931,-3.5749068,38.121,3.481,251,233.444,74.129,206.0,0
97.303,370.453,0.0026994,0.009285716367163839,-4.67927793,38.532,7.468,162,151.559,58.746,126.441,0
189.891,463.041,0.00215964,0.7675285463551815,-0.26457961,45.819,3.388,1173,262.598,71.865,42.966,1
69.308,342.458,0.00292007,0.001527506108656602,-6.48411887,40.543,3.85,732,224.395,77.584,189.719,0
57.932,331.082,0.0030204,0.0006723406224379238,-7.30474547,38.817,9.17,497,132.185,55.161,166.652,0
80.045,353.195,0.0028313,0.003157168135170682,-5.75807981,37.293,14.252,921,84.653,80.194,186.164,0
174.175,447.325,0.00223551,0.4126480003593422,-0.88516035,45.088,3.952,936,220.814,74.568,153.121,0
169.95,443.1,0.00225683,0.3466284536496194,-1.05950181,43.554,8.131,625,278.694,71.719,206.694,0
79.245,352.395,0.00283772,0.002995480536583635,-5.81065061,44.483,6.006,953,43.138,69.916,209.996,0
148.963,422.113,0.00236903,0.1384508424518132,-1.97723994,40.25,2.885,609,143.682,78.586,173.303,0
114.291,387.441,0.00258104,0.02444773901319963,-3.71121754,43.47,4.243,227,292.09,63.455,100.075,0
123.926,397.076,0.00251841,0.04080380225631459,-3.19898001,42.573,11.232,329,51.719,61.296,194.318,0
180.854,454.004,0.00220262,0.5400056343202145,-0.61617571,42.525,10.91,373,68.05,68.587,178.627,0
210.149,483.299,0.00206911,1.609316673484963,0.47580966,53.197,12.931,662,259.841,75.436,56.263,1
204.528,477.678,0.00209346,1.318728956358962,0.27666836,48.269,8.478,167,297.943,62.495,37.788,0
90.756,363.906,0.00274796,0.006241799416215639,-5.07648677,40.327,4.549,712,151.647,65.154,152.732,0
96.063,369.213,0.00270846,0.00862208953494417,-4.75342782,41.036,10.145,210,80.187,56.623,67.076,0
80.466,353.616,0.00282793,0.003245421793735533,-5.73050995,39.595,9.968,277,72.092,64.98,168.168,0
179.661,452.811,0.00220843,0.514973659839331,-0.66363953,47.768,2.455,375,84.067,80.681,133.364,1
59.207,332.357,0.00300881,0.000739174933828898,-7.20997595,39.96,3.288,975,242.261,71.195,9.027,0
150.643,423.793,0.00235964,0.1495045357998148,-1.90042855,44.288,6.788,206,245.845,70.14,142.328,0
204.112,477.262,0.00209529,1.299193710424529,0.26174385,48.361,6.938,880,189.371,72.404,24.29,1
201.383,474.533,0.00210734,1.177258862451004,0.16318874,43.688,7.419,891,243.193,54.881,222.794,0
48.118,321.268,0.00311267,0.0003161198670192473,-8.05938909,35.664,13.927,285,227.848,55.468,96.515,0
56.916,330.066,0.0030297,0.0006231097184155341,-7.38078794,37.888,5.017,480,171.486,68.843,172.584,0
92.775,365.925,0.0027328,0.007065881024626788,-4.95247757,37.271,12.628,1192,137.662,66.518,120.704,0
165.201,438.351,0.00228128,0.28380226012842,-1.25947755,41.456,14.064,1158,97.383,77.713,53.263,0
179.677,452.827,0.00220835,0.5153024306130061,-0.66300131,48.125,12.06,700,249.264,64.789,53.476,0
66.546,339.696,0.00294381,0.001257904605485242,-6.67830795,42.736,7.761,547,182.71,60.146,44.66,0
120.155,393.305,0.00254256,0.03349117566887577,-3.39647329,35.453,12.966,458,124.266,66.299,229.734,0
43.71,316.86,0.00315597,0.0002218400236625027,-8.41355405,43.544,10.329,605,273.313,67.317,195.165,0
59.914,333.064,0.00300243,0.0007788142094672732,-7.15773804,37.281,12.812,680,149.607,63.303,221.481,0
65.948,339.098,0.002949,0.0012056114823236,-6.72076839,44.694,2.02,421,222.415,67.845,205.558,0
94.91,368.06,0.00271695,0.008044042501068374,-4.82282352,38.636,1.999,337,242.168,67.137,105.286,0
112.744,385.894,0.00259139,0.02246389694844484,-3.79584584,44.947,5.345,682,228.724,78.813,39.955,0
112.711,385.861,0.00259161,0.02242321465139699,-3.79765849,38.065,10.644,410,16.005,61.435,249.157,0
111.078,384.228,0.00260262,0.02049147931268105,-3.88774612,38.058,9.997,1196,218.138,67.007,14.782,0
186.581,459.731,0.00217519,0.6758695712063051,-0.39175516,45.43,6.365,1180,264.964,75.717,56.468,0
144.865,418.015,0.00239226,0.1144983649499998,-2.16719474,38.09,4.112,641,28.034,63.749,30.607,0
189.679,462.829,0.00216063,0.7613436339066174,-0.27267047,47.95,12.773,1132,218.761,73.62,193.919,0
218.421,491.571,0.00203429,2.139534341979583,0.76058821,55.567,2.288,828,154.623,72.322,19.175,1
160.278,433.428,0.00230719,0.2296023808665138,-1.47140624,38.716,7.113,590,152.666,73.185,22.334,0
218.015,491.165,0.00203598,2.110309819472896,0.74683477,54.95,2.931,113,167.128,76.322,128.008,1
130.719,403.869,0.00247605,0.05769842540503868,-2.8525254,36.442,12.816,1161,85.988,75.806,196.288,0
125.824,398.974,0.00250643,0.04500457567417609,-3.10099111,42.848,3.858,458,43.404,78.194,182.007,0
77.494,350.644,0.0028519,0.00266766407104399,-5.92655207,38.725,1.518,718,169.904,76.034,73.953,0
165.339,438.489,0.00228056,0.2854736927323779,-1.2536054,40.882,13.345,326,27.36,67.911,68.619,0
205.499,478.649,0.00208921,1.365339662614865,0.31140323,47.348,5.52,809,221.642,56.918,6.015,1
40.132,313.282,0.00319201,0.0001651989448596904,-8.70836008,40.836,7.004,1152,52.276,65.187,11.74,0
176.686,449.836,0.00222303,0.4569883534586108,-0.78309737,45.364,2.674,539,31.197,75.382,202.9,0
177.75,450.9,0.00221779,0.4770220541919388,-0.74019255,43.56,4.233,604,209.611,58.072,173.567,0
217.303,490.453,0.00203893,2.059906227277042,0.72266046,53.308,12.801,1140,81.963,59.122,93.227,1
191.833,464.983,0.00215062,0.8262915515103693,-0.1908076,44.858,8.965,1116,14.178,62.586,9.152,0
156.687,429.837,0.00232646,0.1961146020948615,-1.62905609,46.357,12.035,401,211.161,79.75,195.588,0
163.316,436.466,0.00229113,0.2618300864642868,-1.34005951,40.084,5.546,1165,76.09,59.259,57.343,0
82.444,355.594,0.0028122,0.00369102402209868,-5.60185135,39.837,5.817,834,165.121,77.434,247.206,0
151.94,425.09,0.00235244,0.1585724627880522,-1.84154361,36.54,5.204,1001,261.566,56.97,159.079,0
97.312,370.462,0.00269933,0.009290698284410651,-4.67874156,41.086,5.536,551,249.311,74.869,58.341,0
60.357,333.507,0.00299844,0.0008046371804061025,-7.12511909,39.799,2.128,164,245.565,66.144,128.73,0
114.591,387.741,0.00257904,0.02485032911639158,-3.69488428,38.87,2.409,689,215.361,70.443,196.532,0
69.855,343.005,0.00291541,0.001586806584263084,-6.44603172,40.431,10.065,1010,254.52,64.319,187.844,0
117.709,390.859,0.00255847,0.02940437585602074,-3.52661178,38.405,13.679,1173,224.212,60.911,32.769,0
213.166,486.316,0.00205628,1.787463691838493,0.58079768,52.528,14.619,640,195.957,59.378,173.701,1
207.18,480.33,0.0020819,1.449479334930856,0.37120441,51.037,2.022,106,19.452,62.897,189.13,1
77.367,350.517,0.00285293,0.002645213656945612,-5.93500344,39.76,12.008,1065,210.791,57.468,32.621,0
184.185,457.335,0.00218658,0.615720632071398,-0.48496194,44.165,7.575,640,29.7,75.445,197.284,0
185.942,459.092,0.00217821,0.659338800720703,-0.41651776,49.701,8.017,975,153.606,74.586,204.784,1
150.286,423.436,0.00236163,0.1470915686117477,-1.91669997,42.752,5.837,612,165.486,68.488,19.206,0
70.347,343.497,0.00291123,0.001641938378706851,-6.4118778,40.283,3.54,385,157.125,80.539,53.798,0
49.545,322.695,0.0030989,0.0003537894507121961,-7.94680859,36.598,13.151,506,31.837,79.147,109.773,0
133.221,406.371,0.00246081,0.06536045416821219,-2.72783788,44.381,10.459,946,214.454,70.791,239.561,0
54.885,328.035,0.00304846,0.0005344833315388023,-7.53421001,38.283,2.743,124,231.591,74.926,64.684,0
141.43,414.58,0.00241208,0.09736284934620193,-2.32931056,38.36,6.588,409,47.903,59.116,115.431,0
68.971,342.121,0.00292294,0.001491989933913889,-6.50764452,41.949,4.867,852,156.565,61.139,14.053,0
73.63,346.78,0.00288367,0.002057100893166164,-6.18645762,39.689,10.85,600,255.175,69.043,111.286,0
181.309,454.459,0.00220042,0.5498338954875496,-0.59813905,48.645,12.418,664,69.577,74.027,161.366,0
164.166,437.316,0.00228668,0.2715424442868245,-1.30363682,45.926,11.387,222,116.039,70.304,101.143,0
168.509,441.659,0.00226419,0.3263690680769005,-1.11972643,42.168,1.293,428,28.805,77.079,92.089,0
76.269,349.419,0.00286189,0.002458196441697118,-6.00832735,36.713,3.314,162,69.067,56.93,76.677,0
159.589,432.739,0.00231086,0.2228065337032747,-1.50145145,44.694,13.026,738,57.628,61.157,23.121,0
81.794,354.944,0.00281735,0.003538783411535689,-5.64397228,39.476,12.939,939,290.496,67.576,220.101,0
196.67,469.82,0.00212847,0.9903343922489694,-0.00971262,43.258,7.34,180,253.85,68.655,199.966,0
77.418,350.568,0.00285251,0.002654208338720309,-5.93160885,36.622,1.991,143,47.083,63.282,76.619,0
192.26,465.41,0.00214864,0.8397345566182396,-0.17466944,49.267,5.79,793,246.769,55.271,63.575,1
180.042,453.192,0.00220657,0.522853389347298,-0.64845418,40.37,9.327,265,119.719,81.227,6.477,0
171.647,444.797,0.00224822,0.3719192985363727,-0.98907839,44.537,8.446,330,215.704,80.765,167.886,0
170.786,443.936,0.00225258,0.3588892089408757,-1.02474155,39.408,2.553,285,17.459,71.844,156.268,0
64.498,337.648,0.00296166,0.001086983595015313,-6.82434876,41.224,10.133,224,25.437,78.737,213.37,0
101.035,374.185,0.00267247,0.01157305131225378,-4.45907605,41.896,7.755,1043,118.624,79.731,173.511,0
87.374,360.524,0.00277374,0.005055265667281397,-5.28732487,35.526,5.315,353,274.348,67.158,40.407,0
162.878,436.028,0.00229343,0.2569475373345704,-1.35888335,41.117,10.003,980,127.179,71.285,173.132,0
118.508,391.658,0.00255325,0.0306868049103996,-3.48392252,39.019,12.195,1082,203.817,61.812,39.894,0
209.117,482.267,0.00207354,1.552079702311989,0.43959578,48.926,3.771,108,193.943,63.641,37.32,1
72.286,345.436,0.00289489,0.001876733514825294,-6.27822251,42.363,8.215,1099,96.87,62.179,20.036,0
105.07,378.22,0.00264396,0.01461239463116128,-4.22588516,39.222,13.178,414,278.334,57.515,16.068,0
122.21,395.36,0.00252934,0.03731415478422576,-3.28838254,36.199,9.824,888,221.28,59.618,151.159,0
58.57,331.72,0.00301459,0.0007050565968955127,-7.25723248,42.806,9.759,274,37.741,75.348,228.044,0
61.81,334.96,0.00298543,0.0008949546885045008,-7.01873747,42.775,1.198,891,193.449,71.209,77.072,0
154.817,427.967,0.00233663,0.1804684649859183,-1.71219923,45.75,5.366,778,36.056,65.793,71.61,0
57.095,330.245,0.00302805,0.0006315352870389355,-7.36735674,36.608,6.763,116,234.408,56.493,46.754,0
100.566,373.716,0.00267583,0.01125990408494789,-4.48650717,42.712,4.908,454,149.028,74.451,103.163,0
166.606,439.756,0.00227399,0.3012350304479888,-1.19986449,39.429,14.61,403,107.62,74.351,40.276,0
41.005,314.155,0.00318314,0.0001776294885704694,-8.6358107,44.141,9.912,606,60.783,68.014,36.369,0
71.139,344.289,0.00290454,0.001734383339338374,-6.35710335,39.971,1.51,904,105.785,69.123,100.805,0
147.86,421.01,0.00237524,0.1315979754719289,-2.02800364,43.803,10.31,1160,29.812,73.968,249.466,0
141.955,415.105,0.00240903,0.09982273270643417,-2.30435934,38.338,4.136,265,243.598,77.664,18.723,0
185.007,458.157,0.00218266,0.6357973061781738,-0.45287547,42.281,5.842,720,73.424,62.659,132.643,0
115.467,388.617,0.00257323,0.02606047470731767,-3.64733549,37.352,11.022,159,175.946,57.041,162.973,0
159.546,432.696,0.00231109,0.2223884352556747,-1.50332972,44.12,7.521,100,264.709,59.39,204.963,0
125.729,398.879,0.00250703,0.0447853791691197,-3.10587355,38.809,4.992,1078,162.982,65.99,175.451,0
79.301,352.451,0.00283727,0.003006547435979037,-5.80696289,41.375,14.764,808,55.83,58.319,212.731,0
69.786,342.936,0.002916,0.00157921177180176,-6.45082944,38.405,10.985,916,142.609,58.122,21.536,0
104.12,377.27,0.00265062,0.01383797499235352,-4.28033866,36.682,3.981,924,126.464,75.909,241.495,0
200.153,473.303,0.00211281,1.125690874248346,0.11839696,43.811,8.416,872,66.295,59.203,182.544,0
111.018,384.168,0.00260303,0.02042346637567579,-3.89107073,40.872,9.508,155,211.518,67.488,18.143,0
96.996,370.146,0.00270164,0.009117225558051431,-4.69758974,38.309,14.829,693,261.257,63.574,81.266,0
65.024,338.174,0.00295706,0.001128719558979766,-6.78667142,44.52,1.257,1139,87.186,79.507,157.987,1
116.544,389.694,0.00256612,0.02762126015817245,-3.58916951,38.086,3.164,547,225.623,79.921,238.43,0
122.009,395.159,0.00253063,0.0369235649240239,-3.29890532,37.286,10.296,1103,44.299,78.642,28.115,0
174.945,448.095,0.00223167,0.4258189342311533,-0.85374106,42.487,4.555,694,226.007,78.154,29.186,0
176.203,449.353,0.00222542,0.4481438719602038,-0.80264096,42.793,11.625,549,46.696,67.533,18.536,0
199.462,472.612,0.0021159,1.097605692564551,0.09313116,51.153,2.74,192,245.188,71.317,19.399,1
117.068,390.218,0.00256267,0.02841080545843426,-3.56098573,39.248,10.567,968,78.039,77.838,5.949,0
137.138,410.288,0.00243731,0.07920723484793,-2.53568764,36.15,7.968,730,40.745,73.126,44.946,0
169.347,442.497,0.0022599,0.3380181652518237,-1.08465564,47.136,2.761,520,248.037,71.863,154.08,1
116.435,389.585,0.00256683,0.02745953840948494,-3.59504169,37.726,1.198,386,223.187,59.807,68.892,0
49.902,323.052,0.00309548,0.0003638389322887573,-7.91879928,40.705,5.746,1048,129.231,57.146,237.215,0
153.333,426.483,0.00234476,0.1688576723711958,-1.77869909,36.602,10.125,927,138.098,71.602,199.175,0
216.451,489.601,0.00204248,2.000986618756829,0.69364037,51.367,8.601,812,26.364,80.008,94.555,1
190.516,463.666,0.00215672,0.7860224768521821,-0.24076989,45.545,7.291,395,129.672,57.912,130.178,0
62.69,335.84,0.00297761,0.0009540869897935037,-6.95475571,37.225,7.468,926,90.66,62.045,34.685,0
145.104,418.254,0.00239089,0.1157857077430427,-2.15601414,41.614,8.645,666,298.02,80.296,102.341,0
202.906,476.056,0.00210059,1.243997145267907,0.2183297,52.915,11.956,586,69.17,58.835,245.927,1
112.002,385.152,0.00259638,0.02156512132269317,-3.83667802,38.793,7.013,817,13.271,64.822,5.693,0
81.679,354.829,0.00281826,0.003512453398596464,-5.65144051,37.488,14.238,851,247.21,68.337,158.913,0
198.472,471.622,0.00212034,1.058447998798175,0.05680368,42.543,9.954,139,203.933,71.342,234.96,0
67.473,340.623,0.0029358,0.001343090646224804,-6.61278187,36.351,12.553,279,144.305,74.039,181.447,0
154.341,427.491,0.00233923,0.1766686955548116,-1.73347908,43.886,8.436,918,38.396,77.42,111.238,0
208.668,481.818,0.00207547,1.527743021216789,0.4237915,49.089,8.46,506,264.802,60.958,149.769,1
173.66,446.81,0.00223809,0.4040425907036023,-0.90623498,42.097,5.475,1142,72.297,81.537,29.385,0
41.977,315.127,0.00317332,0.0001924821761353748,-8.555507,40.72,10.005,176,202.293,61.352,87.421,0
62.295,335.445,0.00298111,0.0009271146982163524,-6.98343327,40.77,8.735,463,147.502,68.155,112.013,0
83.728,356.878,0.00280208,0.004009466016933433,-5.51909721,42.402,5.52,587,76.848,60.265,61.722,0
49.289,322.439,0.00310136,0.0003467411967346435,-7.96693189,41.809,4.655,126,189.23,66.512,30.814,0
212.639,485.789,0.00205851,1.75514716501315,0.56255271,46.107,13.016,1117,31.123,67.479,10.988,0
88.253,361.403,0.00276699,0.005342041497431346,-5.2321474,40.689,4.763,311,34.039,63.388,86.905,0
50.474,323.624,0.00309001,0.0003804900831731997,-7.87405044,40.832,6.242,566,181.847,69.221,245.325,0
187.96,461.11,0.00216868,0.7128032296664581,-0.33854987,48.257,1.194,481,14.902,64.086,10.241,1
177.29,450.44,0.00222005,0.4682669417690333,-0.75871676,44.944,6.118,562,292.161,78.947,218.805,0
215.257,488.407,0.00204747,1.920913775205783,0.652801,49.758,5.058,439,203.226,80.166,138.618,1
210.02,483.17,0.00206966,1.602061739010499,0.47129139,53.923,7.625,904,279.374,57.97,42.566,1
82.533,355.683,0.00281149,0.003712328387129311,-5.596096,43.393,4.881,539,162.12,69.874,227.178,0
211.238,484.388,0.00206446,1.67172563423218,0.51385641,48.241,2.916,156,166.747,71.401,14.684,1
156.888,430.038,0.00232538,0.1978665731757788,-1.62016235,39.896,14.023,304,75.403,57.137,16.973,0
53.583,326.733,0.0030606,0.0004839317824350433,-7.63356661,36.303,2.573,957,45.191,56.608,44.128,0
93.095,366.245,0.00273041,0.007205228474401638,-4.93294834,41.889,10.298,265,152.076,60.75,104.407,0
95.213,368.363,0.00271471,0.00819242971622643,-4.80454476,39.654,1.995,918,233.851,58.367,116.911,0
52.909,326.059,0.00306693,0.0004595275092578902,-7.68531175,42.349,13.299,879,218.991,71.061,194.362,0
56.553,329.703,0.00303303,0.0006063396229574517,-7.40807029,36.263,8.039,1199,67.53,72.193,112.009,0
211.392,484.542,0.0020638,1.680721141605389,0.51922295,49.888,6.781,346,163.192,57.489,108.286,1
176.405,449.555,0.00222442,0.4518240973779783,-0.79446234,41.373,9.282,797,68.155,69.471,92.961,0
58.588,331.738,0.00301443,0.0007060004817994131,-7.25589464,39.353,13.655,508,66.636,66.339,119.235,0
98.016,371.166,0.00269421,0.009688011424717197,-4.63686609,41.12,5.183,825,106.223,59.761,21.689,0
44.477,317.627,0.00314835,0.0002361077510694225,-8.35122228,38.316,1.75,639,215.827,77.615,159.057,0
70.16,343.31,0.00291282,0.001620780376756856,-6.42484753,41.641,9.527,181,210.014,72.051,66.467,0
151.917,425.067,0.00235257,0.1584074604222894,-1.8425847,42.563,11.24,370,58.95,81.426,248.939,0
188.751,461.901,0.00216497,0.7347871033915855,-0.30817448,42.271,14.7,943,170.588,59.004,224.651,0
157.745,430.895,0.00232075,0.205494627386061,-1.58233539,41.078,14.227,333,122.989,55.444,92.857,0
102.749,375.899,0.00266029,0.01278594360430281,-4.35940887,40.605,2.162,400,149.915,65.924,62.443,0
132.227,405.377,0.00246684,0.06221309736213725,-2.77718973,38.004,3.072,718,29.739,62.602,230.738,0
160.968,434.118,0.00230352,0.2365932124329759,-1.44141302,46.244,9.771,785,171.573,67.983,48.109,0
70.405,343.555,0.00291074,0.001648551975373235,-6.40785797,43.645,3.807,621,72.775,80.838,101.542,0
48.874,322.024,0.00310536,0.0003355895890606291,-7.99962161,39.215,14.618,1188,223.553,57.604,185.604,0
215.435,488.585,0.00204673,1.932668980894402,0.65890194,54.743,14.532,325,149.505,76.953,203.106,1
83.085,356.235,0.00280714,0.003846990366022091,-5.56046416,38.563,10.97,1028,33.13,77.325,14.102,0
65.853,339.003,0.00294983,0.001197490020746677,-6.72752756,36.122,8.56,620,69.272,67.585,18.55,0
142.331,415.481,0.00240685,0.1016186435897737,-2.28652826,45.678,7.481,549,224.741,79.862,37.941,0
211.546,484.696,0.00206315,1.689759291166981,0.52458609,49.168,3.178,173,169.608,62.252,95.485,1
134.471,407.621,0.00245326,0.0695216301545455,-2.66611735,43.326,9.455,1024,277.748,72.544,96.911,0
119.06,392.21,0.00254965,0.0316021013096635,-3.45453166,44.587,11.237,149,202.975,68.988,90.566,0
109.267,382.417,0.00261495,0.01852649836898511,-3.98855323,37.319,8.333,967,93.596,72.318,43.429,0
155.331,428.481,0.00233383,0.1846535975589003,-1.68927365,41.782,6.365,165,28.543,78.991,116.231,0
157.056,430.206,0.00232447,0.1993416379893519,-1.61273515,40.327,8.558,588,146.125,66.944,64.892,0
186.427,459.577,0.00217591,0.6718523426045971,-0.39771669,45.819,11.131,656,281.014,73.363,7.216,0
206.767,479.917,0.00208369,1.4283941685806,0.35655085,52.788,10.194,1188,166.025,67.702,166.956,1
142.977,416.127,0.00240311,0.1047720552926643,-2.25596819,38.436,2.126,796,48.192,56.093,181.588,0
133.446,406.596,0.00245944,0.06609248846443959,-2.71670018,44.866,11.301,923,267.686,68.913,188.251,0
58.378,331.528,0.00301634,0.0006950603908161424,-7.27151182,40.043,11.567,387,150.138,77.094,114.359,0
90.379,363.529,0.00275081,0.006097995651773107,-5.09979514,39.917,13.197,677,205.624,57.732,239.501,0
179.101,452.251,0.00221116,0.5035835543886941,-0.68600563,46.329,5.523,239,181.39,65.453,156.113,0
63.886,337.036,0.00296704,0.001040208303411487,-6.86833429,38.74,2.356,483,239.761,69.335,243.487,0
176.82,449.97,0.00222237,0.4594694710566872,-0.77768278,47.828,11.894,981,263.108,79.374,73.017,0
167.156,440.306,0.00227115,0.3083153899734396,-1.17663203,40.877,1.332,104,69.545,70.706,11.883,0
121.189,394.339,0.00253589,0.03536809259834531,-3.3419452,41.011,5.832,1070,77.149,75.594,142.901,0
210.276,483.426,0.00206857,1.616487413709196,0.48025553,50.637,8.58,785,226.598,66.3,209.364,1
135.076,408.226,0.00244962,0.07162003997555987,-2.63638036,45.487,5.202,933,199.025,55.83,18.554,0
192.612,465.762,0.00214702,0.8509617451541224,-0.1613881,48.073,10.663,919,154.425,63.99,20.71,0
52.538,325.688,0.00307042,0.0004465826801077935,-7.713886,39.405,5.074,422,166.916,72.143,233.913,0
121.409,394.559,0.00253448,0.03577949348382443,-3.33038036,44.422,5.26,944,233.124,68.344,109.351,0
114.828,387.978,0.00257747,0.02517260780980378,-3.68199887,42.663,12.573,1088,214.431,78.451,74.842,0
108.896,382.046,0.00261749,0.01814568592922823,-4.00932244,43.807,2.38,1089,270.668,79.178,205.798,0
182.562,455.712,0.00219437,0.5777262979147795,-0.54865506,45.965,5.204,464,246.035,78.532,139.866,0
201.8,474.95,0.00210548,1.195209620957321,0.17832159,48.936,2.793,421,140.334,78.42,169.2,1
56.135,329.285,0.00303688,0.0005875431599518279,-7.43956085,38.025,8.954,939,229.577,73.783,126.543,0
179.382,452.532,0.00220979,0.5092706266570943,-0.67477572,46.054,6.729,499,177.124,67.601,44.022,0
123.592,396.742,0.00252053,0.04010234023915092,-3.21632059,40.204,1.102,485,168.02,62.905,136.394,0
209.412,482.562,0.00207227,1.568254822402812,0.44996342,53.123,9.287,361,30.756,54.407,188.577,1
97.806,370.956,0.00269574,0.009567907768644544,-4.64934072,42.707,13.182,1104,227.013,60.376,108.019,0
196.083,469.233,0.00213114,0.9690000936900001,-0.03149057,42.558,8.865,184,126.928,75.032,121.486,0
73.059,346.209,0.00288843,0.001978617334428963,-6.22535699,43.515,12.765,791,131.282,60.463,101.759,0
41.06,314.21,0.00318258,0.0001784408280826385,-8.63125351,38.125,4.927,326,216.965,59.948,39.03,0
151.104,424.254,0.00235708,0.15267290822619,-1.8794575,44.792,8.968,726,262.038,75.775,217.498,0
65.524,338.674,0.00295269,0.001169750313808359,-6.75096496,40.432,1.134,188,127.829,80.038,235.778,0
175.574,448.724,0.00222854,0.4368544556175237,-0.82815519,46.933,9.685,267,120.925,63.036,213.973,0
52.651,325.801,0.00306936,0.0004504894496089465,-7.7051759,36.63,8.083,1178,198.754,56.607,235.436,0
152.212,425.362,0.00235094,0.1605355084307699,-1.82924012,40.462,12.856,125,152.23,72.366,211.511,0
75.634,348.784,0.0028671,0.002355639487150599,-6.05094304,44.958,2.356,589,43.749,79.643,122.039,0
126.112,399.262,0.00250462,0.04567501650638505,-3.08620382,38.59,4.276,1066,255.567,81.507,220.787,0
108.322,381.472,0.00262142,0.0175704716694166,-4.04153553,43.215,11.453,1167,38.44,59.497,52.696,0
62.44,335.59,0.00297983,0.0009369335271187653,-6.97289822,38.085,6.25,950,154.183,71.372,226.135,0
92.194,365.344,0.00273715,0.006819134181363291,-4.98802277,35.399,14.676,927,36.427,67.642,90.489,0
145.856,419.006,0.0023866,0.1199214608932352,-2.12091824,38.845,1.844,745,26.199,73.863,38.595,0
215.876,489.026,0.00204488,1.962066121122516,0.67399806,54.568,5.56,286,220.449,62.683,113.281,1
218.769,491.919,0.00203286,2.164866722656518,0.7723588,53.472,14.622,128,92.97,56.394,50.282,1
53.504,326.654,0.00306134,0.0004810108924857946,-7.63962064,44.49,4.059,443,10.647,73.952,94.748,0
169.458,442.608,0.00225934,0.3395886701174906,-1.08002019,43.615,11.245,1047,134.613,55.482,31.502,0
85.925,359.075,0.00278493,0.004613019367875595,-5.37887268,37.779,4.642,101,143.438,70.125,186.53,0
115.396,388.546,0.0025737,0.02596044235603554,-3.65118135,35.575,1.863,597,162.367,68.297,27.572,0
118.859,392.009,0.00255096,0.03126599518439004,-3.46522419,38.751,12.809,608,190.708,56.861,193.313,0
101.386,374.536,0.00266997,0.01181256464774422,-4.43859151,42.044,6.88,715,208.349,60.323,25.666,0
126.52,399.67,0.00250206,0.04664023843103764,-3.06529162,39.279,6.438,610,126.333,67.297,185.67,0
199.722,472.872,0.00211474,1.108099621381995,0.1026465,45.546,11.09,1191,207.391,81.581,216.457,0
193.969,467.119,0.00214078,0.895498828785393,-0.11037437,43.46,1.273,950,246.903,80.46,207.817,0
127.814,400.964,0.00249399,0.0498244869789845,-2.99924871,44.803,13.522,128,210.859,67.147,79.092,0
74.71,347.86,0.00287472,0.002213385969962379,-6.11323182,44.85,12.485,207,178.923,67.08,72.105,0
44.727,317.877,0.00314587,0.0002409380905993817,-8.33097054,35.731,7.008,1015,109.832,66.401,157.382,0
76.99,350.14,0.002856,0.002579583114708071,-5.96012748,35.742,13.65,846,225.862,63.126,45.9,0
210.697,483.847,0.00206677,1.640460052759037,0.49497672,49.241,13.747,1095,289.878,68.484,236.893,0
62.873,336.023,0.00297599,0.0009668255335143822,-6.9414925,38.156,13.172,553,115.451,61.604,69.126,0
215.751,488.901,0.0020454,1.953693885561582,0.66972188,47.181,6.861,557,254.829,59.565,98.602,0
104.061,377.211,0.00265104,0.01379113134430486,-4.28372955,36.337,6.276,324,50.557,67.506,47.019,0
113.698,386.848,0.00258499,0.02366927519533193,-3.74357748,36.729,1.818,458,187.162,74.628,87.083,0
177.976,451.126,0.00221668,0.4813765958309636,-0.73110537,40.876,7.666,589,123.624,58.862,143.433,0
153.066,426.216,0.00234623,0.1668411950710954,-1.79071285,45.578,1.359,824,283.419,55.478,18.64,1
61.744,334.894,0.00298602,0.000890658344705425,-7.02354966,40.312,2.941,1022,283.615,61.723,143.465,0
188.297,461.447,0.0021671,0.7220969165609092,-0.32559592,47.21,5.289,373,205.695,58.779,213.612,0
176.153,449.303,0.00222567,0.4472370550132094,-0.8046665,47.614,11.921,730,140.004,76.042,29.254,0
43.964,317.114,0.00315344,0.0002264743538883495,-8.39287885,42.764,5.463,170,268.713,76.99,91.841,0
217.261,490.411,0.00203911,2.056966358530831,0.72123226,54.39,2.547,1137,95.936,60.202,112.877,1
120.332,393.482,0.00254141,0.03380593679385357,-3.38711885,36.815,2.693,925,228.119,63.288,245.077,0
210.361,483.511,0.00206821,1.621302452594847,0.48322981,51.358,9.776,1154,13.473,64.034,102.457,1
140.05,413.2,0.00242014,0.09115453564493665,-2.39519902,43.077,10.291,474,48.569,72.051,28.554,0
108.847,381.997,0.00261782,0.01809592407240312,-4.01206856,36.024,12.955,890,70.069,59.8,220.448,0
67.918,341.068,0.00293197,0.001385834139247716,-6.58145305,39.289,7.528,800,187.957,58.139,24.028,0
139.027,412.177,0.00242614,0.08678450609851819,-2.44432717,42.919,7.963,880,166.768,59.462,209.737,0
216.62,489.77,0.00204177,2.012554334869623,0.69940473,50.281,4.759,697,112.198,65.411,211.902,1
185.646,458.796,0.00217962,0.6518037463654971,-0.42801176,49.985,4.213,719,255.878,56.362,133.135,1
61.972,335.122,0.00298399,0.0009055810534945403,-7.00693377,42.757,6.643,697,259.394,73.55,229.338,0
144.774,417.924,0.00239278,0.1140115929550119,-2.17145514,40.791,7.065,1076,161.852,59.955,26.434,0
122.378,395.528,0.00252827,0.03764347719126118,-3.27959559,42.972,8.255,251,246.064,59.903,210.21,0
208.452,481.602,0.0020764,1.516155795695046,0.41617805,49.8,4.692,459,129.572,79.231,91.932,1
212.911,486.061,0.00205735,1.771761783897984,0.57197441,46.299,7.199,1078,264.379,59.09,212.064,0
58.234,331.384,0.00301765,0.0006876488866516482,-7.28223219,38.784,9.24,379,246.827,69.828,174.167,0
61.743,334.893,0.00298603,0.0008905933944652434,-7.02362258,39.071,11.127,874,97.054,69.104,72.519,0
86.501,359.651,0.00278047,0.004784409505337381,-5.34239267,41.235,4.652,493,256.994,67.178,20.095,0
132.888,406.038,0.00246282,0.06429044031711514,-2.74434433,45.108,11.809,1097,232.615,74.125,15.765,0
90.696,363.846,0.00274842,0.006218708106793524,-5.08019309,44.825,7.983,624,166.5,57.704,105.667,0
72.245,345.395,0.00289524,0.001871466172484974,-6.28103311,42.847,5.915,987,38.94,75.918,191.408,0
78.73,351.88,0.00284188,0.002895436104230437,-5.84461954,40.031,1.441,1158,248.749,79.665,62.158,0
212.485,485.635,0.00205916,1.745801361290265,0.55721368,45.716,11.076,1185,204.564,75.926,158.222,0
175.83,448.98,0.00222727,0.441418270873135,-0.81776239,47.823,7.623,1187,185.81,80.127,166.325,1
57.894,331.044,0.00302075,0.0006704367627868557,-7.30758117,43.74,7.491,246,273.813,66.496,142.707,0
108.574,381.724,0.00261969,0.01782093716520947,-4.02738127,38.917,4.964,462,249.074,67.148,87.338,0
214.651,487.801,0.00205002,1.881363899663063,0.63199699,52.704,1.079,927,141.457,70.161,99.551,1
175.101,448.251,0.00223089,0.4285324803845101,-0.84738874,41.523,2.13,722,219.171,69.901,17.069,0
141.488,414.638,0.00241174,0.09763190498288513,-2.32655094,37.487,11.489,519,16.407,58.45,116.263,0
47.966,321.116,0.00311414,0.0003123332559262168,-8.07143981,36.332,9.057,965,271.652,68.153,225.368,0
195.003,468.153,0.00213605,0.9308085131537532,-0.0717017,49.562,5.55,318,277.157,62.299,165.759,1
48.483,321.633,0.00310913,0.0003253861209528839,-8.03049802,44.606,4.075,731,187.383,67.97,225.462,0
41.503,314.653,0.0031781,0.0001851016418822922,-8.59460547,44.825,8.368,916,232.46,77.477,73.682,0
53.348,326.498,0.00306281,0.0004752906470343015,-7.65158405,41.307,5.575,772,11.474,65.939,188.515,0
173.8,446.95,0.00223739,0.4063659583126553,-0.90050115,48.195,6.969,397,111.909,59.223,227.996,0
90.742,363.892,0.00274807,0.00623640446826855,-5.07735147,40.253,14.24,1066,170.579,67.715,113.199,0
161.885,435.035,0.00229867,0.246178181038569,-1.40169969,43.451,10.272,265,114.65,73.158,98.751,0
186.154,459.304,0.00217721,0.6647829531780588,-0.40829468,40.198,4.207,589,72.112,55.958,191.093,0
154.615,427.765,0.00233773,0.1788471110402824,-1.72122397,37.825,6.208,857,267.115,60.462,158.673,0
89.008,362.158,0.00276123,0.0056001180241726,-5.18496761,45.037,9.77,957,171.591,74.244,138.884,0
71.546,344.696,0.00290111,0.001783721645569523,-6.32905329,40.229,5.507,713,225.922,69.129,149.944,0
110.713,383.863,0.0026051,0.02008088588138313,-3.90798687,39.564,11.123,1118,159.352,68.443,185.14,0
200.214,473.364,0.00211254,1.128200431091933,0.12062382,48.146,14.49,1148,226.764,56.73,249.277,0
50.15,323.3,0.0030931,0.0003709741241118199,-7.89937824,43.942,9.94,576,173.541,70.35,194.427,0
102.867,376.017,0.00265945,0.01287354652557978,-4.35258073,37.42,2.505,895,52.156,62.255,32.634,0
168.946,442.096,0.00226195,0.332398364802529,-1.10142114,42.323,7.571,792,140.313,62.092,167.753,0
156.516,429.666,0.00232739,0.194635061928607,-1.63662895,40.614,13.088,291,46.503,73.942,149.739,0
208.274,481.424,0.00207717,1.506665408891025,0.40989887,44.55,2.03,126,212.405,75.624,8.996,0
82.984,356.134,0.00280793,0.003822022686053041,-5.5669755,37.301,14.058,1108,253.539,70.732,67.241,0
138.048,411.198,0.00243192,0.08277980125433132,-2.49157119,43.308,9.899,686,277.695,58.435,53.843,0
186.664,459.814,0.00217479,0.6780435305970214,-0.38854379,48.177,8.564,264,126.412,79.326,163.362,0
197.137,470.287,0.00212636,1.007603202068463,0.00757444,45.222,2.763,874,120.115,75.792,145.073,0
188.232,461.382,0.0021674,0.7202960433086847,-0.32809298,40.664,8.502,571,60.983,79.985,99.491,0
135.39,408.54,0.00244774,0.07273145432819678,-2.62098133,42.085,12.039,335,111.011,59.612,229.904,0
47.736,320.886,0.00311637,0.0003066829240559753,-8.08969616,40.329,11.281,978,235.359,72.03,197.304,0
62.518,335.668,0.00297913,0.000942254777417764,-6.96723486,36.541,9.831,490,85.527,66.475,61.529,0
41.585,314.735,0.00317728,0.000186359459035278,-8.58783317,44.161,3.243,456,176.455,66.723,173.973,0
150.502,423.652,0.00236043,0.1485473080301653,-1.9068518,44.429,2.459,665,142.921,75.077,134.715,0
91.206,364.356,0.00274457,0.006417489682629746,-5.04872825,40.19,11.668,917,173.249,75.564,186.567,0
76.206,349.356,0.00286241,0.002447842039533398,-6.01254844,37.762,2.897,1025,83.23,72.812,52.231,0
210.303,483.453,0.00206845,1.618015528275099,0.48120042,48.691,12.059,150,104.679,70.445,245.609,0
71.618,344.768,0.0029005,0.001792582421370186,-6.32409801,41.42,12.873,239,260.715,72.908,82.831,0
53.978,327.128,0.00305691,0.0004987825708067424,-7.60334029,43.592,5.105,838,240.606,78.87,15.522,0
190.419,463.569,0.00215718,0.7831265692669294,-0.24446095,49.093,5.934,517,167.147,71.787,137.896,1
114.051,387.201,0.00258264,0.02412992828664786,-3.72430237,39.877,8.563,442,199.238,54.973,216.583,0
184.53,457.68,0.00218493,0.624077354309766,-0.47148095,45.46,1.563,383,64.238,60.046,169.02,0
177.864,451.014,0.00221723,0.4792141923955356,-0.73560762,42.177,9.0,340,262.906,73.289,234.668,0
117.313,390.463,0.00256106,0.02878692014843948,-3.54783416,42.374,10.369,132,287.084,75.854,198.896,0
63.081,336.231,0.00297415,0.0009814937529649456,-6.92643491,36.053,6.811,910,41.398,58.857,92.895,0
94.18,367.33,0.00272235,0.00769653293272191,-4.86698532,42.298,2.749,188,47.707,64.59,66.231,0
111.298,384.448,0.00260113,0.02074261943301384,-3.87556479,37.324,12.505,435,39.071,77.226,72.13,0
94.747,367.897,0.00271815,0.007965232778754253,-4.83266911,40.763,1.478,938,70.464,72.685,157.039,0
171.75,444.9,0.0022477,0.3735059638124216,-0.98482131,43.409,14.896,452,124.725,64.513,120.078,0
65.464,338.614,0.00295322,0.001164755403901233,-6.75524417,39.33,9.203,1091,113.817,70.515,134.15,0
126.59,399.74,0.00250163,0.04680767755146119,-3.06170804,38.653,3.8,211,27.886,69.98,209.982,0
189.179,462.329,0.00216296,0.7469312940271062,-0.29178207,47.92,12.813,991,268.473,80.501,192.572,0
116.908,390.058,0.00256372,0.02816758488749804,-3.56958343,36.857,9.242,583,109.227,57.389,102.597,0
94.056,367.206,0.00272327,0.007638880470966859,-4.87450422,38.946,1.26,857,135.071,79.843,68.9,0
66.646,339.796,0.00294294,0.001266849546471882,-6.67122213,39.62,6.246,648,143.756,72.904,122.406,0
157.012,430.162,0.00232471,0.1989543635113535,-1.61467981,39.691,14.641,1091,134.801,68.833,228.535,0
45.502,318.652,0.00313822,0.0002564973852494798,-8.26839209,39.884,6.363,1144,213.586,66.162,68.97,0
101.341,374.491,0.00267029,0.01178160821098419,-4.44121559,38.271,4.084,1038,285.781,64.874,49.681,0
58.252,331.402,0.00301748,0.0006885713361761897,-7.28089163,44.967,7.923,350,299.279,55.303,232.082,0
190.502,463.652,0.00215679,0.7856039254029513,-0.24130253,45.642,9.856,363,264.323,77.249,147.693,0
41.576,314.726,0.00317737,0.0001862210215118076,-8.5885763,37.601,10.895,952,224.237,58.341,184.746,0
138.988,412.138,0.00242637,0.08662169965144864,-2.44620492,39.089,13.101,418,98.354,57.297,79.305,0
175.09,448.24,0.00223095,0.4283406372700597,-0.84783652,44.782,6.513,340,93.968,78.141,73.764,0
180.594,453.744,0.00220389,0.5344598842095484,-0.6264986,47.538,3.558,320,133.335,60.863,101.669,1
141.709,414.859,0.00241046,0.09866323367787935,-2.31604291,44.947,14.613,744,23.261,67.619,27.727,0
152.427,425.577,0.00234975,0.1621025579111807,-1.81952607,39.153,3.034,1021,149.401,57.204,228.844,0
145.809,418.959,0.00238687,0.1196591438720775,-2.12310805,45.825,13.332,602,281.68,78.863,163.385,0
210.089,483.239,0.00206937,1.605938689507455,0.47370844,49.43,10.331,1037,131.226,77.104,14.012,1
217.092,490.242,0.00203981,2.045174175224983,0.71548296,47.733,14.524,798,17.992,55.874,104.057,0
177.293,450.443,0.00222004,0.468323573927509,-0.75859582,47.327,3.696,697,290.998,73.93,119.962,1
120.158,393.308,0.00254254,0.0334964884599441,-3.39631467,42.307,9.22,1123,276.627,61.789,239.151,0
215.361,488.511,0.00204704,1.927774314639386,0.65636613,49.941,7.026,510,84.047,69.443,239.342,1
107.671,380.821,0.00262591,0.01693813961398272,-4.07818742,39.572,6.385,1111,227.245,69.399,174.1,0
105.905,379.055,0.00263814,0.01532532187110682,-4.17824879,44.207,12.949,366,43.608,76.216,78.506,0
81.056,354.206,0.00282322,0.00337289739878393,-5.69198314,42.261,7.534,362,226.382,78.824,111.441,0
69.306,342.456,0.00292008,0.001527293064581564,-6.48425835,41.047,11.895,1067,283.637,69.383,202.464,0
70.014,343.164,0.00291406,0.001604435237952433,-6.43498346,40.224,9.783,106,148.656,77.717,147.953,0
50.714,323.864,0.00308772,0.0003876833025216533,-7.85532178,38.148,2.696,240,14.353,55.407,21.275,0
44.456,317.606,0.00314856,0.0002357060965491394,-8.35292488,41.407,9.993,689,135.423,63.806,227.516,0
80.806,353.956,0.00282521,0.003318334159368109,-5.70829238,36.407,6.847,724,72.445,77.59,241.168,0
177.551,450.701,0.00221877,0.4732167999475512,-0.74820164,47.89,12.288,234,12.434,61.553,103.785,0
178.815,451.965,0.00221256,0.4978533588077071,-0.69744971,46.059,9.669,917,121.152,63.877,42.233,0
94.986,368.136,0.00271639,0.008081030130338628,-4.81823592,35.907,2.795,687,214.867,60.877,15.192,0
42.121,315.271,0.00317187,0.0001947775795891876,-8.54365227,41.577,3.739,222,79.449,71.075,207.113,0
140.818,413.968,0.00241565,0.09456418656439516,-2.35847645,38.609,9.208,363,144.723,66.491,244.061,0
57.982,331.132,0.00301994,0.0006748532711845191,-7.30101527,41.012,1.935,642,65.963,60.629,145.726,0
171.744,444.894,0.00224773,0.3734133715080581,-0.98506924,42.567,8.685,186,162.737,55.76,52.124,0
95.694,368.844,0.00271117,0.008433110081823968,-4.77558964,38.992,1.627,399,279.247,58.705,99.365,0
72.627,345.777,0.00289204,0.001921071144212965,-6.25487236,40.662,5.386,448,68.487,59.474,179.82,0
177.676,450.826,0.00221815,0.4756038671905876,-0.74316998,43.493,6.644,721,201.747,55.697,146.867,0
198.45,471.6,0.00212044,1.057592050397037,0.05599467,45.379,2.905,260,89.521,60.103,40.46,0
180.018,453.168,0.00220669,0.5223538829457087,-0.64940998,48.457,1.3,1090,252.266,80.549,242.893,1
43.0,316.15,0.00316306,0.0002093457931334007,-8.47152316,36.89,11.975,795,271.574,74.632,239.345,0
166.027,439.177,0.00227699,0.2939384742846776,-1.2243848,43.144,6.265,440,201.026,74.861,51.913,0
97.553,370.703,0.00269758,0.009425010338581567,-4.66438845,39.478,10.66,842,14.733,66.114,211.488,0
219.896,493.046,0.00202821,2.248726127066362,0.81036389,48.44,1.161,491,22.839,58.288,23.016,1
155.225,428.375,0.0023344,0.1837834726755116,-1.69399699,41.613,4.128,678,130.581,58.526,153.481,0
131.852,405.002,0.00246912,0.06106164660147056,-2.79587133,36.875,7.588,889,167.367,70.82,248.627,0
82.81,355.96,0.0028093,0.003779355765051579,-5.57820172,40.317,7.981,539,242.099,65.422,115.972,0
190.744,463.894,0.00215566,0.7928667712937874,-0.23210008,45.251,8.186,212,165.01,59.888,112.336,0
47.311,320.461,0.0031205,0.0002964892251423327,-8.12349968,40.254,3.899,491,139.414,77.066,192.148,0
215.438,488.588,0.00204671,1.932867643907365,0.65900473,50.842,13.635,211,270.163,71.486,122.363,0
188.342,461.492,0.00216688,0.7233460137990997,-0.32386759,43.13,1.972,313,156.86,60.165,248.343,0
41.278,314.428,0.00318038,0.0001816904529753455,-8.61320613,39.102,10.831,541,288.155,57.581,36.251,0
164.261,437.411,0.00228618,0.2726476865891566,-1.29957484,38.359,2.983,1062,294.62,70.534,134.204,0
55.168,328.318,0.00304583,0.0005460946045029207,-7.51271833,38.031,10.824,650,59.418,63.941,206.689,0
164.623,437.773,0.00228429,0.2768961559256727,-1.28411273,46.854,13.691,700,100.368,72.231,118.966,0
160.136,433.286,0.00230794,0.2281868159963252,-1.47759062,38.079,5.663,166,216.781,79.12,176.111,0
95.222,368.372,0.00271465,0.00819687510056314,-4.80400228,35.263,12.374,329,260.007,76.931,78.403,0
73.997,347.147,0.00288062,0.002109038120310176,-6.1615233,43.445,3.359,987,185.158,76.927,55.441,0
54.825,327.975,0.00304901,0.0005320509411102718,-7.53877132,41.466,9.473,618,63.563,69.62,101.269,0
84.289,357.439,0.00279768,0.004156311559932889,-5.48312724,42.868,6.205,403,150.618,74.692,183.635,0
97.818,370.968,0.00269565,0.009574734190960976,-4.64862751,38.816,11.97,270,108.293,57.896,248.806,0
119.462,392.612,0.00254704,0.03228413133926207,-3.43317946,43.437,12.878,595,155.38,62.409,156.053,0
54.767,327.917,0.00304955,0.000529709312707179,-7.54318217,44.467,7.962,520,157.364,61.06,153.276,0
209.732,482.882,0.0020709,1.585968658963813,0.46119536,54.41,8.364,1006,179.159,71.805,132.354,1
215.328,488.478,0.00204718,1.92559507957631,0.65523505,52.57,3.335,1033,248.141,62.325,64.079,1
64.099,337.249,0.00296517,0.001056274174326886,-6.85300749,35.19,12.721,484,175.248,80.0,175.53,0
148.876,422.026,0.00236952,0.1378989191485724,-1.98123433,44.209,9.58,448,144.64,76.944,105.392,0
176.543,449.693,0.00222374,0.4543537526269038,-0.78887919,44.602,11.667,705,17.944,81.149,80.494,0
173.248,446.398,0.00224015,0.3972737443767796,-0.9231297,40.204,7.556,131,262.018,73.825,130.749,0
146.5,419.65,0.00238294,0.1235681203079328,-2.09096269,41.029,12.641,664,43.397,78.149,99.445,0
210.182,483.332,0.00206897,1.611177234103939,0.47696511,44.93,12.444,629,179.505,66.932,132.989,0
117.779,390.929,0.00255801,0.0295147595157024,-3.52286482,38.788,12.911,270,261.046,59.696,197.187,0
65.866,339.016,0.00294971,0.001198598407490595,-6.7266024,36.616,10.645,744,257.534,64.797,103.206,0
121.864,395.014,0.00253156,0.0366440935195599,-3.30650302,43.441,2.691,871,214.131,55.004,232.483,0
104.366,377.516,0.00264889,0.01403484979298317,-4.26621177,35.936,2.78,449,135.067,63.269,33.485,0
172.369,445.519,0.00224457,0.3831690689229877,-0.95927895,38.253,10.246,428,54.838,75.89,99.291,0
111.905,385.055,0.00259703,0.02145006605955536,-3.84202755,44.478,4.035,113,162.563,57.885,146.876,0
156.32,429.47,0.00232845,0.1929515076008156,-1.64531638,38.049,2.382,810,132.349,63.744,64.627,0
52.432,325.582,0.00307142,0.0004429462914341833,-7.72206203,36.49,4.29,652,86.083,58.761,28.146,0
204.191,477.341,0.00209494,1.302883744030402,0.26458007,44.384,13.889,215,72.636,66.361,175.937,0
218.924,492.074,0.00203221,2.176234498438072,0.77759609,47.605,1.426,473,179.497,75.9,84.979,1
197.942,471.092,0.00212273,1.037996992782804,0.03729289,50.712,9.375,542,263.201,79.803,78.895,1
111.256,384.406,0.00260142,0.02069446022145106,-3.87788924,35.304,9.857,647,192.627,64.407,70.649,0
189.585,462.735,0.00216106,0.7586154398051697,-0.2762603,45.324,10.509,103,85.297,64.634,210.455,0
98.67,371.82,0.00268947,0.01007088377586401,-4.59810681,42.016,12.113,1114,101.371,58.404,124.267,0
80.044,353.194,0.00283131,0.00315696114272201,-5.75814538,42.967,7.126,1027,250.672,80.795,168.399,0
204.652,477.802,0.00209292,1.324601931940761,0.28111199,44.923,5.566,742,63.313,73.433,227.279,0
55.605,328.755,0.00304178,0.0005644807900288783,-7.47960421,36.394,12.925,221,86.295,58.745,7.93,0
201.331,474.481,0.00210757,1.175037196053705,0.1612998,46.055,8.196,170,297.5,62.599,141.341,0
72.0,345.15,0.00289729,0.001840271665514186,-6.29784207,42.623,10.364,481,63.467,68.537,25.107,0
136.649,409.799,0.00244022,0.07734532884218184,-2.55947509,39.829,14.426,957,169.774,75.172,234.744,0
61.999,335.149,0.00298375,0.0009073633343261135,-7.0049676,37.653,6.522,805,242.889,68.262,224.764,0
176.201,449.351,0.00222543,0.4481075678831231,-0.80272197,42.857,12.512,414,50.351,71.305,204.181,0
143.859,417.009,0.00239803,0.1092193922534156,-2.21439665,40.255,2.906,539,128.693,66.347,223.796,0
93.611,366.761,0.00272657,0.00743520416528717,-4.90152924,40.596,5.399,354,232.391,68.575,40.55,0
85.428,358.578,0.00278879,0.004469657299050353,-5.41044354,36.178,4.568,440,275.522,69.368,53.058,0
70.539,343.689,0.00290961,0.001663925078825602,-6.39857596,35.738,12.85,261,166.305,57.419,55.755,0
127.992,401.142,0.00249288,0.05027751512038357,-2.99019732,41.004,8.282,346,274.991,72.906,76.827,0
64.045,337.195,0.00296564,0.00105217973513299,-6.85689133,43.19,1.74,921,112.307,81.203,115.318,0
146.65,419.8,0.00238209,0.1244316554720537,-2.08399867,38.547,10.905,327,53.253,58.531,143.982,0
182.064,455.214,0.00219677,0.5664935070488232,-0.56828966,46.406,2.039,123,218.136,73.193,6.949,1
197.65,470.8,0.00212404,1.02687968860726,0.02652478,45.767,1.501,282,287.906,66.203,29.71,1
116.076,389.226,0.0025692,0.0269329339828477,-3.61440543,43.466,14.229,540,241.397,54.695,244.072,0
142.833,415.983,0.00240394,0.1040616130888481,-2.26277212,44.548,14.197,721,136.33,77.242,28.962,0
76.082,349.232,0.00286343,0.002427578378339062,-6.02086107,35.638,10.579,821,30.738,80.451,29.797,0
81.818,354.968,0.00281716,0.003544301052389072,-5.6424143,43.924,1.414,974,281.618,66.725,246.95,0
106.49,379.64,0.00263407,0.01584344160631516,-4.14499964,39.317,12.011,550,237.248,67.962,88.387,0
138.249,411.399,0.00243073,0.08358818406176513,-2.48185311,42.165,9.942,1072,265.151,63.584,142.699,0
205.26,478.41,0.00209026,1.353734058866596,0.30286674,52.259,13.724,826,299.539,55.749,143.725,1
53.961,327.111,0.00305707,0.0004981348854317204,-7.60463966,41.628,1.426,204,35.689,57.823,127.843,0
159.589,432.739,0.00231086,0.2228065337032747,-1.50145145,46.491,2.468,705,203.63,74.725,29.941,1
44.271,317.421,0.00315039,0.0002321948442428632,-8.36793369,41.216,2.406,373,49.171,59.655,195.237,0
146.47,419.62,0.00238311,0.1233960600212317,-2.0923561,44.127,10.963,151,112.976,68.541,31.702,0
94.264,367.414,0.00272173,0.007735812535060756,-4.86189475,39.048,4.082,523,229.291,56.675,13.62,0
49.538,322.688,0.00309897,0.000353594983059045,-7.94735842,41.005,1.456,934,165.961,70.135,82.807,0
205.005,478.155,0.00209137,1.341447644216413,0.29374936,51.201,6.753,785,69.151,81.139,122.072,1
208.844,481.994,0.00207471,1.537242152712858,0.42999,53.915,3.92,196,118.634,57.29,29.456,1
109.269,382.419,0.00261493,0.01852857075125511,-3.98844137,35.577,3.02,382,227.202,80.013,131.095,0
75.35,348.5,0.00286944,0.002311050903941004,-6.07005292,36.481,9.098,952,267.321,66.648,31.978,0
177.91,451.06,0.002217,0.4801012742844938,-0.73375821,42.42,1.654,205,259.469,61.551,84.232,0
116.494,389.644,0.00256645,0.02754696919793055,-3.59186276,39.171,9.171,200,12.024,72.096,245.083,0
98.614,371.764,0.00268988,0.01003756913727644,-4.60142031,38.291,3.086,859,246.438,68.655,84.511,0
48.344,321.494,0.00311048,0.0003218282189684992,-8.04149264,38.067,14.245,629,136.478,54.896,19.515,0
102.009,375.159,0.00266554,0.01224879980779193,-4.40232732,42.04,13.44,467,279.648,64.129,91.436,0
133.645,406.795,0.00245824,0.06674607626179116,-2.70685977,44.921,14.367,633,240.232,66.937,161.883,0
161.632,434.782,0.0023,0.2434996310382302,-1.41263985,41.164,11.983,748,102.865,73.606,105.666,0
193.095,466.245,0.0021448,0.8665836517023624,-0.14319663,47.903,9.784,427,250.447,72.031,78.837,0
73.686,346.836,0.00288321,0.002064949480272919,-6.18264952,36.724,5.685,1092,27.945,70.28,108.106,0
140.82,413.97,0.00241563,0.09457321350669594,-2.358381,43.286,13.779,909,214.6,75.043,128.182,0
147.317,420.467,0.00237831,0.1283374537521515,-2.05309213,40.227,3.096,973,11.481,71.276,230.795,0
68.894,342.044,0.0029236,0.00148398190409656,-6.51302633,35.632,8.807,730,138.763,61.68,78.773,0
173.129,446.279,0.00224075,0.3953375606511707,-0.9280153,45.804,6.658,239,84.447,67.59,149.486,0
198.631,471.781,0.00211963,1.064652413486134,0.06264837,50.291,5.411,894,182.497,76.19,209.001,1
164.703,437.853,0.00228387,0.2778429814711527,-1.28069914,44.797,11.361,1012,223.67,75.465,174.773,0
99.622,372.772,0.0026826,0.01065283048507584,-4.54192965,40.426,10.781,948,222.999,57.446,74.4,0
206.134,479.284,0.00208645,1.396602512710833,0.33404251,44.864,1.109,740,264.274,57.506,45.24,1
45.6,318.75,0.00313725,0.0002585295354624587,-8.26050061,44.795,13.108,881,122.775,67.965,199.604,0
78.457,351.607,0.00284408,0.002843650335603439,-5.86266672,39.49,2.261,985,140.336,77.329,154.062,0
41.228,314.378,0.00318088,0.0001809403349608842,-8.61734322,35.848,10.313,947,16.415,58.124,27.397,0
146.037,419.187,0.00238557,0.1209364884608882,-2.11248976,42.231,4.207,1192,197.205,79.898,5.605,0
136.441,409.591,0.00244146,0.07656536224723448,-2.56961049,43.44,7.695,500,100.638,64.649,120.779,0
87.377,360.527,0.00277372,0.005056220073253868,-5.2871361,40.124,3.273,894,151.026,61.719,118.084,0
173.246,446.396,0.00224016,0.3972411338066205,-0.92321179,43.404,5.738,330,179.816,72.413,135.49,0
162.917,436.067,0.00229323,0.2573789617325061,-1.35720572,40.637,5.189,1175,207.976,81.272,145.965,0
67.674,340.824,0.00293407,0.001362245320203549,-6.59862097,44.527,6.071,542,158.933,73.301,128.481,0
86.587,359.737,0.00277981,0.004810491475565884,-5.33695602,43.676,5.468,324,16.957,70.922,54.355,0
204.626,477.776,0.00209303,1.323368591232527,0.28018045,49.262,6.713,358,112.929,62.713,152.266,1
210.037,483.187,0.00206959,1.603016162661739,0.47188696,48.121,12.128,131,234.243,70.384,94.948,0
211.176,484.326,0.00206472,1.668116066955085,0.51169489,46.359,8.94,972,273.931,54.539,183.43,0
74.89,348.04,0.00287323,0.002240465312094291,-6.10107171,38.258,10.52,112,113.568,77.471,88.021,0
146.951,420.101,0.00238038,0.1261808370970651,-2.07003919,45.128,2.561,910,27.887,80.691,197.243,0
133.511,406.661,0.00245905,0.0663053352519342,-2.71348491,44.313,13.864,272,266.427,78.082,21.61,0
211.721,484.871,0.0020624,1.700081896181834,0.53067642,48.936,6.709,933,95.397,59.607,56.604,1
184.09,457.24,0.00218704,0.6134370273154774,-0.48867767,45.83,13.619,886,117.189,72.301,87.458,0
145.271,418.421,0.00238994,0.1166929277836832,-2.14820934,45.473,1.04,296,29.743,60.58,115.656,0
208.143,481.293,0.00207774,1.499714429726682,0.40527471,46.348,8.599,167,260.436,80.462,170.197,0
79.064,352.214,0.00283918,0.002959964849796492,-5.82257789,36.565,12.341,694,185.444,58.819,127.465,0
135.931,409.081,0.0024445,0.07468280988462811,-2.59450534,43.352,5.721,910,51.807,71.129,21.24,0
213.274,486.424,0.00205582,1.794150785892652,0.58453181,54.967,6.996,1130,269.562,66.494,57.093,1
125.73,398.88,0.00250702,0.04478768147422878,-3.10582214,36.797,2.172,991,232.582,67.221,70.471,0
178.365,451.515,0.00221477,0.4889546840974272,-0.71548546,45.965,7.833,549,212.07,62.437,47.975,0
110.521,383.671,0.0026064,0.01986790802289619,-3.91864951,36.811,8.42,283,228.055,80.271,39.562,0
154.195,427.345,0.00234003,0.1755176642506714,-1.74001559,42.828,5.854,458,191.068,79.396,156.393,0
57.677,330.827,0.00302273,0.0006596593262337005,-7.32378703,35.156,1.814,983,277.527,59.759,82.833,0
41.316,314.466,0.00317999,0.0001822624614030327,-8.61006281,43.038,12.453,797,61.767,81.463,199.817,0
125.133,398.283,0.00251078,0.04343205277154405,-3.13655757,44.514,12.286,487,25.91,81.375,119.053,0
97.657,370.807,0.00269682,0.009483514191271998,-4.65820034,37.027,11.819,1020,102.647,75.153,237.007,0
153.119,426.269,0.00234594,0.1672397450224214,-1.7883269,41.356,3.48,289,267.832,56.39,187.369,0
145.733,418.883,0.0023873,0.1192360612291931,-2.12665004,37.419,11.111,353,293.344,71.54,70.498,0
113.019,386.169,0.00258954,0.02280552447485541,-3.78075247,45.02,1.118,1022,277.084,74.97,106.439,1
80.275,353.425,0.00282945,0.003205107155757158,-5.74300976,43.568,1.786,696,24.787,59.749,87.088,0
182.664,455.814,0.00219388,0.5800512579193381,-0.5446388,44.924,11.126,241,254.58,72.252,30.952,0
108.191,381.341,0.00262232,0.01744153422599529,-4.04890089,39.923,11.41,639,226.898,78.907,200.967,0
58.755,331.905,0.00301291,0.0007148131597548648,-7.24348936,35.768,11.812,952,58.286,64.443,120.256,0
205.178,478.328,0.00209062,1.349772338783261,0.29993594,47.582,13.321,1010,33.947,67.637,6.65,0
108.512,381.662,0.00262012,0.01775901628295081,-4.03086193,42.992,7.256,743,100.983,67.603,238.958,0
184.351,457.501,0.00218579,0.6197290596299143,-0.4784729,43.361,10.001,453,284.14,65.347,173.27,0
147.883,421.033,0.00237511,0.1317377081094577,-2.02694239,37.781,8.01,858,211.895,68.138,8.39,0
44.85,318.0,0.00314465,0.0002433479190153108,-8.32101837,40.471,10.436,372,270.823,67.029,22.678,0
207.099,480.249,0.00208225,1.445322466584766,0.36833246,49.039,2.825,823,84.621,58.897,107.587,1
217.084,490.234,0.00203984,2.044617443310166,0.7152107,53.897,8.564,343,30.045,66.165,219.713,1
53.992,327.142,0.00305678,0.0004993165404124474,-7.60227031,36.869,2.665,1047,13.175,67.158,188.701,0
168.761,441.911,0.0022629,0.3298338961745486,-1.1091661,47.602,11.055,795,140.846,80.931,225.18,0
176.895,450.045,0.002222,0.4608633827229542,-0.77465363,48.599,9.913,774,236.157,55.178,9.229,1
92.116,365.266,0.00273773,0.00678661243764284,-4.99280337,35.827,9.43,447,66.045,68.744,192.437,0
161.878,435.028,0.0022987,0.2461037182336304,-1.40200221,44.478,1.854,945,265.269,59.441,134.847,0
54.046,327.196,0.00305627,0.0005013810676266878,-7.59814413,40.449,2.279,1099,243.652,76.69,189.597,0
191.484,464.634,0.00215223,0.8154461975974293,-0.20401983,46.887,9.59,934,287.842,72.011,215.043,0
83.281,356.431,0.00280559,0.003895867805661823,-5.54783882,44.929,9.183,709,44.234,71.761,106.935,0
88.9,362.05,0.00276205,0.005562517739857662,-5.19170444,44.921,5.786,436,185.791,58.769,83.08,0
148.707,421.857,0.00237047,0.136832428213235,-1.98899825,37.841,8.903,469,96.233,56.708,189.685,0
63.864,337.014,0.00296724,0.001038561758026283,-6.86991845,36.023,8.733,1039,154.499,56.68,9.405,0
188.368,461.518,0.00216676,0.7240685878106082,-0.32286916,43.518,7.053,1039,234.1,66.252,83.435,0
162.034,435.184,0.00229788,0.24776795779165,-1.39526262,42.015,14.886,618,115.097,60.535,102.431,0
116.016,389.166,0.0025696,0.02684581881857718,-3.61764519,44.098,6.224,944,66.654,63.011,105.321,0
202.864,476.014,0.00210078,1.242112799199914,0.2168138,51.766,7.506,1033,241.919,65.658,198.592,1
84.351,357.501,0.00279719,0.004172838082607501,-5.47915888,35.162,8.182,961,109.446,59.623,205.057,0
129.138,402.288,0.00248578,0.05328425383522687,-2.93211442,42.606,8.44,396,287.473,56.608,102.057,0
198.951,472.101,0.00211819,1.07723690102475,0.07439934,51.113,10.587,842,202.258,64.493,127.335,1
139.136,412.286,0.0024255,0.08724098944295952,-2.439081,40.329,2.084,502,209.524,62.594,176.365,0
156.176,429.326,0.00232923,0.1917229282394373,-1.65170403,43.483,11.091,1068,18.646,81.433,47.38,0
55.848,328.998,0.00303953,0.0005749493033798095,-7.46122869,35.234,9.218,292,213.936,59.746,77.028,0
181.187,454.337,0.00220101,0.5471831474870986,-0.60297171,44.877,9.809,1158,127.166,64.048,203.465,0
53.931,327.081,0.00305735,0.0004969937984771837,-7.60693301,39.226,8.082,714,54.991,74.141,243.554,0
116.634,389.784,0.00256552,0.02775544081348294,-3.58432339,38.824,8.16,138,218.467,79.72,125.702,0
114.729,387.879,0.00257812,0.02503752780392913,-3.68737947,43.531,8.142,725,229.887,78.822,203.421,0
78.61,351.76,0.00284285,0.002872567883082356,-5.85254892,44.484,13.262,818,68.568,77.237,144.338,0
45.408,318.558,0.00313915,0.0002545620290739763,-8.27596602,42.988,13.526,1052,58.906,61.508,187.353,0
81.277,354.427,0.00282146,0.003421812377283959,-5.67758493,35.262,14.662,630,190.881,57.169,52.99,0
49.478,322.628,0.00309954,0.0003519321517490119,-7.95207215,44.498,9.317,603,13.927,55.594,37.509,0
201.948,475.098,0.00210483,1.201638555470506,0.18368609,46.654,5.734,822,46.921,80.191,29.554,1
122.23,395.38,0.00252921,0.03735322288748279,-3.28733608,35.591,10.985,193,164.222,65.356,213.725,0
76.992,350.142,0.00285598,0.002579927323097924,-5.95999405,41.293,3.335,127,194.817,81.492,206.468,0
140.806,413.956,0.00241572,0.09451004117101433,-2.35904919,42.782,14.571,271,272.955,71.33,167.047,0
140.426,413.576,0.00241794,0.09280978328410902,-2.37720322,39.904,12.118,1157,119.126,72.536,187.018,0
194.501,467.651,0.00213835,0.9135148389715284,-0.09045566,46.402,5.807,423,180.884,62.248,179.662,0
51.173,324.323,0.00308335,0.0004017902323292324,-7.81958042,44.407,5.098,791,285.167,75.828,123.921,0
196.771,469.921,0.00212802,0.9940468243352739,-0.00597097,50.252,14.403,262,208.216,70.016,150.947,0
120.083,393.233,0.00254302,0.0333638969458679,-3.40028089,41.682,9.614,1148,244.064,74.987,63.512,0
101.57,374.72,0.00266866,0.01193991232347166,-4.42786851,41.985,1.663,849,150.551,59.154,91.63,0
173.616,446.766,0.00223831,0.4033148372053545,-0.90803779,41.007,5.654,984,211.597,73.454,79.366,0
121.187,394.337,0.0025359,0.0353643722772415,-3.3420504,42.521,9.328,180,158.673,71.904,19.461,0
106.301,379.451,0.00263539,0.01567433737566053,-4.15573047,41.051,5.4,598,191.894,59.522,143.152,0
135.635,408.785,0.00244627,0.07360939629626992,-2.60898259,44.207,11.85,1112,17.843,74.854,80.349,0
117.005,390.155,0.00256308,0.02831481152572027,-3.56437024,36.676,14.471,628,53.328,79.987,194.891,0
80.493,353.643,0.00282771,0.003251157941732916,-5.72874406,38.156,1.78,357,254.633,57.13,65.199,0
169.46,442.61,0.00225933,0.3396170270814473,-1.07993669,43.602,14.465,1196,25.869,68.939,147.39,0
188.545,461.695,0.00216593,0.7290046905871878,-0.31607511,42.433,9.106,494,63.728,59.223,105.416,0
117.468,390.618,0.00256005,0.02902719028966054,-3.53952229,43.916,4.288,214,66.123,77.225,160.476,0
152.678,425.828,0.00234837,0.1639493258410457,-1.80819789,37.151,13.274,843,249.735,57.579,244.101,0
152.985,426.135,0.00234667,0.1662337340391509,-1.79436044,42.245,2.483,223,196.766,60.96,100.644,0
212.141,485.291,0.00206062,1.725083250975713,0.54527531,54.071,4.645,323,128.681,62.28,179.358,1
211.354,484.504,0.00206397,1.678497514756569,0.51789906,53.05,12.583,1084,128.252,66.426,136.697,1
56.533,329.683,0.00303322,0.000605427824947519,-7.4095752,38.788,6.458,515,213.78,63.084,166.372,0
208.315,481.465,0.00207699,1.508846738535437,0.41134561,51.958,8.164,748,155.68,76.136,118.963,1
121.446,394.596,0.00253424,0.03584910679891928,-3.32843663,37.567,9.133,142,95.659,59.361,129.262,0
140.256,413.406,0.00241893,0.09205808293960124,-2.38533556,40.343,1.676,774,167.066,69.034,220.663,0
202.662,475.812,0.00210167,1.233085181362737,0.20951931,50.641,5.092,450,262.642,64.967,212.153,1
115.21,388.36,0.00257493,0.02570003118494951,-3.66126307,42.297,4.763,1147,93.712,63.63,125.981,0
126.061,399.211,0.00250494,0.04555563992233579,-3.08882084,42.916,2.607,844,39.474,64.812,184.363,0
105.098,378.248,0.00264377,0.01463580481587313,-4.22428437,42.106,2.833,472,237.558,68.741,223.869,0
151.539,424.689,0.00235466,0.1557176336546348,-1.85971095,37.476,3.716,527,72.224,54.799,227.145,0
123.428,396.578,0.00252157,0.0397619118678021,-3.22484581,43.17,12.695,253,183.216,66.432,76.618,0
160.688,433.838,0.00230501,0.2337337390363665,-1.45357268,39.091,2.844,907,51.373,79.962,243.905,0
171.696,444.846,0.00224797,0.3726733691985089,-0.98705293,40.734,12.56,502,64.045,66.685,203.294,0
114.261,387.411,0.00258124,0.02440780652267607,-3.71285226,42.403,14.498,1118,229.057,58.524,180.465,0
53.225,326.375,0.00306396,0.0004708246601680586,-7.6610248,36.276,12.429,507,131.203,56.145,145.634,0
89.524,362.674,0.0027573,0.005782981625098811,-5.15283588,42.459,14.771,1093,225.152,55.11,226.457,0
41.12,314.27,0.00318198,0.000179329826608576,-8.62628384,43.936,2.917,981,117.371,75.226,131.948,0
43.596,316.746,0.0031571,0.0002197886285820638,-8.42284425,36.995,6.105,534,252.809,57.616,228.013,0
117.628,390.778,0.002559,0.02927711227741757,-3.53094922,41.456,7.067,887,201.244,63.249,198.258,0
132.163,405.313,0.00246723,0.06201520937483244,-2.78037561,42.258,6.908,1138,65.584,73.177,184.584,0
78.888,352.038,0.0028406,0.00292579969351514,-5.83418744,41.857,12.895,868,266.746,59.279,118.383,0
109.512,382.662,0.00261327,0.01878193470570664,-3.97485979,40.141,12.421,438,171.923,62.741,223.496,0
135.986,409.136,0.00244418,0.07488380661383999,-2.59181761,39.23,6.559,298,280.173,77.501,181.64,0
131.825,404.975,0.00246929,0.06097948792209645,-2.79721773,40.78,12.621,716,36.702,71.185,61.489,0
144.344,417.494,0.00239524,0.1117364997781072,-2.19161186,39.845,3.319,667,228.822,81.218,88.489,0
180.639,453.789,0.00220367,0.5354160866967526,-0.6247111,39.777,5.078,913,208.971,67.558,108.754,0
211.002,484.152,0.00206547,1.658022662943317,0.50562573,50.849,10.899,647,167.102,56.668,63.899,1
210.644,483.794,0.002067,1.637424974957319,0.49312487,52.355,1.33,511,115.784,57.628,83.424,1
110.705,383.855,0.00260515,0.02007197066540371,-3.90843093,38.067,12.393,422,161.286,68.202,119.705,0
181.349,454.499,0.00220022,0.5507054744523834,-0.59655514,44.589,1.57,939,84.6,79.585,184.61,0
112.982,386.132,0.00258979,0.02275928777221405,-3.78278196,36.83,11.222,554,164.311,58.318,204.145,0
103.402,376.552,0.00265568,0.01327760714873613,-4.32167634,44.678,6.29,1001,278.584,71.35,139.958,0
193.657,466.807,0.00214221,0.885080096690014,-0.12207713,50.926,14.815,374,279.601,75.854,79.739,0
190.888,464.038,0.002155,0.7972166576963812,-0.2266288,49.186,5.022,306,272.775,76.942,86.883,1
42.039,315.189,0.0031727,0.0001934673968636046,-8.55040155,42.828,1.92,770,177.615,63.68,133.825,0
126.368,399.518,0.00250302,0.04627851572782535,-3.07307745,45.395,13.993,1196,280.009,68.698,34.365,0
58.898,332.048,0.00301161,0.0007224395554065816,-7.2328768,38.833,5.449,418,129.901,72.123,198.59,0
192.524,465.674,0.00214743,0.8481425498419359,-0.16470656,41.64,11.92,125,211.622,68.453,76.684,0
143.553,416.703,0.00239979,0.1076575965085482,-2.22879949,38.518,8.518,961,153.346,66.656,39.177,0
121.865,395.015,0.00253155,0.0366460143462518,-3.30645061,44.033,2.352,906,265.037,64.099,78.824,0
162.449,435.599,0.00229569,0.2522443308667387,-1.37735709,38.609,3.149,689,173.993,77.483,237.086,0
195.902,469.052,0.00213196,0.9625043033942844,-0.03821674,48.394,1.576,1197,16.479,57.213,234.869,1
60.656,333.806,0.00299575,0.0008225082231234102,-7.10315208,40.839,9.422,1001,90.353,61.293,236.991,0
192.828,465.978,0.00214602,0.8579168228693416,-0.15324813,44.327,2.833,218,70.955,70.075,13.999,0
110.667,383.817,0.00260541,0.02002967234813348,-3.91054049,42.8,11.302,493,58.775,76.937,182.624,0
193.179,466.329,0.00214441,0.8693262891413268,-0.14003675,44.186,3.348,459,135.665,80.017,171.66,0
152.839,425.989,0.00234748,0.1651438063993003,-1.80093863,37.881,4.061,1186,147.404,65.49,130.28,0
42.593,315.743,0.00316713,0.0002024797049540926,-8.5048709,39.324,14.865,288,273.959,76.005,50.816,0
109.524,382.674,0.00261319,0.01879452748879656,-3.97418954,35.728,14.746,543,240.551,60.863,147.318,0
196.734,469.884,0.00212818,0.9926853972772185,-0.00734149,44.647,2.81,557,258.673,55.811,33.542,0
85.565,358.715,0.00278773,0.004508764211573289,-5.40173217,39.654,14.314,415,192.876,73.613,55.669,0
155.406,428.556,0.00233342,0.1852714779015799,-1.68593308,40.128,7.908,763,88.265,74.251,155.536,0
137.432,410.582,0.00243557,0.0803459777562151,-2.52141325,39.772,11.169,658,53.489,63.609,198.48,0
53.767,326.917,0.00305888,0.000490798250078451,-7.61947741,40.032,3.663,713,147.551,62.093,121.64,0
70.173,343.323,0.00291271,0.00162224313638231,-6.42394544,40.455,10.051,883,242.515,67.194,209.192,0
177.299,450.449,0.00222001,0.4684368565288389,-0.75835396,44.337,9.908,692,151.724,71.062,220.382,0
142.073,415.223,0.00240834,0.1003832479782224,-2.29875994,38.189,3.27,586,100.156,66.346,9.054,0
130.156,403.306,0.00247951,0.05609010834902899,-2.8807958,40.37,2.721,989,278.841,68.968,141.196,0
104.521,377.671,0.00264781,0.01416019899779835,-4.25732014,42.591,3.353,990,75.433,75.543,97.211,0
72.41,345.56,0.00289385,0.001892746724084714,-6.26972621,42.147,13.099,1118,193.495,74.014,60.083,0
41.663,314.813,0.00317649,0.0001875632362692105,-8.58139451,39.835,3.59,700,128.121,69.368,164.73,0
90.286,363.436,0.00275152,0.006062988854844724,-5.10555239,43.492,6.525,379,281.929,54.87,62.019,0
125.83,398.98,0.00250639,0.0450184521134235,-3.10068283,37.282,11.392,875,161.952,79.023,91.133,0
198.3,471.45,0.00212112,1.051772341951625,0.05047669,42.497,7.253,335,76.953,62.611,120.997,0
119.251,392.401,0.00254841,0.03192450904296614,-3.44438126,40.526,1.297,414,143.461,80.263,100.195,0
157.697,430.847,0.00232101,0.2050605302138518,-1.58445007,46.487,3.055,718,236.913,76.333,147.663,1
48.229,321.379,0.00311159,0.0003189117645281441,-8.05059609,37.692,12.487,811,157.258,57.682,218.146,0
211.078,484.228,0.00206514,1.662424634149155,0.50827716,49.449,3.862,905,151.936,57.719,82.188,1
126.827,399.977,0.00250014,0.04737861297482137,-3.04958436,38.109,5.565,432,215.733,67.106,83.676,0
217.311,490.461,0.0020389,2.060466621337031,0.72293247,49.841,5.228,1105,92.304,79.577,227.486,1
139.097,412.247,0.00242573,0.08707741308958822,-2.44095775,38.096,13.578,867,258.821,64.445,64.45,0
161.617,434.767,0.00230008,0.2433416447470044,-1.41328888,42.132,6.261,298,11.901,74.922,178.118,0
104.711,377.861,0.00264648,0.0143152386933061,-4.24643067,38.242,1.522,464,94.006,77.974,88.659,0
99.217,372.367,0.00268552,0.01040162286389371,-4.56579344,38.501,10.271,543,73.138,59.099,122.685,0
217.213,490.363,0.00203931,2.05361103061197,0.71959972,53.442,3.965,641,216.743,64.349,117.025,1
90.014,363.164,0.00275358,0.005961651658223664,-5.12240771,35.549,3.979,257,55.112,56.648,138.597,0
158.248,431.398,0.00231805,0.2100933000399383,-1.56020356,43.647,11.59,468,279.545,66.759,235.41,0
100.566,373.716,0.00267583,0.01125990408494789,-4.48650717,37.873,5.639,947,130.832,67.464,98.644,0
63.941,337.091,0.00296656,0.001044335151881624,-6.86437481,43.164,8.671,736,84.698,67.771,130.35,0
49.079,322.229,0.00310338,0.0003410562464736388,-7.98346315,38.495,6.406,1006,44.788,78.531,246.923,0
212.006,485.156,0.00206119,1.717011995221748,0.54058557,52.158,5.53,885,162.8,54.464,14.932,1
199.194,472.344,0.0021171,1.086880960536138,0.08331209,48.749,1.493,1086,262.289,69.774,217.712,1
131.512,404.662,0.0024712,0.06003429901346611,-2.81283923,39.264,2.111,354,125.526,54.564,55.576,0
75.276,348.426,0.00287005,0.002299560246541564,-6.07503737,39.959,11.356,422,63.585,61.897,115.132,0
74.856,348.006,0.00287351,0.002235327222427989,-6.10336765,40.533,13.369,1039,239.362,72.611,93.555,0
123.193,396.343,0.00252307,0.03927865107545107,-3.23707414,38.345,1.937,664,199.942,69.525,30.213,0
69.094,342.244,0.00292189,0.001504864166801157,-6.49905264,41.66,8.822,732,36.262,79.126,94.517,0
127.994,401.144,0.00249287,0.05028262636106349,-2.99009566,36.824,6.93,789,280.248,55.991,115.819,0
160.797,433.947,0.00230443,0.2348431979218583,-1.44883723,45.445,8.282,422,182.855,72.478,185.158,0
178.599,451.749,0.00221362,0.4935641762621062,-0.70610239,47.589,12.233,606,121.77,77.659,226.564,0
122.234,395.384,0.00252919,0.0373610409406657,-3.2871268,42.672,13.72,987,47.532,55.142,83.789,0
93.578,366.728,0.00272682,0.007420298792820125,-4.90353595,40.383,8.353,873,122.37,68.515,115.457,0
55.148,328.298,0.00304601,0.0005452664634087937,-7.51423596,36.756,13.732,351,92.261,68.274,135.155,0
131.905,405.055,0.0024688,0.06122321113500542,-2.79322889,43.828,9.614,1086,298.202,80.98,220.765,0
215.255,488.405,0.00204748,1.920782052729288,0.65273242,48.219,11.057,144,181.723,57.786,176.296,0
136.447,409.597,0.00244142,0.0765877617734165,-2.56931798,38.738,9.051,524,39.616,78.045,79.973,0
41.454,314.604,0.0031786,0.000184353764682741,-8.59865401,37.817,1.117,973,40.568,55.139,85.48,0
194.594,467.744,0.00213792,0.9166970038372607,-0.08697828,48.316,5.795,534,287.082,80.203,125.413,1
160.615,433.765,0.0023054,0.2329933290193343,-1.45674546,45.091,4.793,631,252.062,59.639,17.289,0
88.306,361.456,0.00276659,0.005359797925512278,-5.22882901,44.048,11.272,171,93.848,59.642,226.518,0
132.601,405.751,0.00246457,0.06338092364164456,-2.75859235,38.55,11.808,309,24.745,55.735,104.389,0
207.129,480.279,0.00208212,1.446860819063494,0.36939626,44.031,9.056,709,264.338,76.446,237.111,0
59.436,332.586,0.00300674,0.0007518065066995539,-7.19303157,44.29,8.208,526,283.883,66.934,33.949,0
171.892,445.042,0.00224698,0.3757032960532756,-0.97895555,41.351,7.958,502,164.234,62.903,72.252,0
131.243,404.393,0.00247284,0.05923255019593868,-2.82628405,40.662,9.79,1160,180.398,72.336,195.676,0
106.215,379.365,0.00263598,0.01559793392965982,-4.16061681,44.342,12.364,659,15.225,61.902,118.318,0
203.216,476.366,0.00209923,1.257983716132663,0.22951021,45.659,5.673,460,229.357,57.916,232.559,0
95.808,368.958,0.00271034,0.008491087715657715,-4.76873817,38.398,10.884,447,28.164,70.382,57.133,0
178.401,451.551,0.00221459,0.4896613345660066,-0.71404128,44.412,8.853,515,83.748,62.872,137.876,0
57.782,330.932,0.00302177,0.0006648541718676322,-7.31594283,43.235,3.976,319,121.435,70.74,146.199,0
106.722,379.872,0.00263247,0.01605328119797967,-4.13184201,37.055,5.546,117,278.717,78.262,50.072,0
136.808,409.958,0.00243927,0.07794636669505658,-2.5517343,43.101,8.929,112,191.314,80.156,39.705,0
205.398,478.548,0.00208965,1.360424527960034,0.3077968,53.298,9.788,443,189.439,63.125,36.976,1
123.926,397.076,0.00251841,0.04080380225631459,-3.19898001,37.892,8.922,777,255.154,64.557,89.712,0
142.1,415.25,0.00240819,0.1005118983373329,-2.29747917,44.506,10.126,399,226.034,80.76,84.673,0
60.261,333.411,0.0029993,0.0007989754015459657,-7.1321804,37.103,1.668,667,108.846,54.576,109.838,0
127.994,401.144,0.00249287,0.05028262636106349,-2.99009566,44.682,2.816,960,209.91,60.054,143.038,0
103.924,377.074,0.002652,0.01368291349866995,-4.29160741,45.066,8.73,1112,99.755,80.152,188.356,0
55.571,328.721,0.00304209,0.0005630301204252506,-7.48217743,41.161,14.788,1043,45.247,73.319,186.67,0
124.185,397.335,0.00251677,0.04135535577033107,-3.18555334,43.758,9.314,867,252.566,56.402,176.384,0
124.928,398.078,0.00251207,0.04297516578378113,-3.14713287,36.686,14.997,603,140.414,56.15,81.967,0
76.703,349.853,0.00285834,0.002530622311553912,-5.97929003,36.318,1.699,899,149.786,74.593,242.641,0
196.495,469.645,0.00212927,0.9839310052063144,-0.0161995,42.441,5.35,175,211.835,70.272,193.948,0
219.207,492.357,0.00203105,2.197125377253553,0.78714986,53.157,13.082,825,162.427,74.022,142.668,1
123.58,396.73,0.00252061,0.04007734189524214,-3.21694414,39.116,4.243,456,104.034,70.695,81.255,0
58.321,331.471,0.00301686,0.0006921179370736892,-7.27575419,36.132,2.876,965,288.358,54.439,78.223,0
216.725,489.875,0.00204134,2.019770988131907,0.70298413,49.829,1.702,789,174.499,61.841,69.617,1
43.32,316.47,0.00315986,0.0002148943512499613,-8.44536404,37.236,5.229,1132,47.704,77.903,209.669,0
78.527,351.677,0.00284352,0.002856847403775185,-5.85803657,39.847,12.332,1102,10.931,74.93,141.823,0
155.277,428.427,0.00233412,0.1842098666451104,-1.69167959,38.149,5.879,532,198.966,69.843,122.751,0
174.858,448.008,0.0022321,0.4243122654739317,-0.85728562,45.184,1.102,628,215.827,60.95,42.909,1
69.89,343.04,0.00291511,0.001590671803370658,-6.44359883,43.405,3.466,1033,135.968,55.39,207.462,0
102.903,376.053,0.0026592,0.01290038113683668,-4.35049842,41.684,9.791,394,130.805,79.301,107.601,0
203.082,476.232,0.00209982,1.251920950977871,0.22467913,44.085,8.037,793,26.326,68.792,67.935,0
165.823,438.973,0.00227804,0.2914055039020056,-1.2330395,42.652,8.071,723,206.378,80.323,6.927,0
76.681,349.831,0.00285852,0.002526904513459004,-5.98076024,41.736,10.167,862,234.148,64.995,197.351,0
79.253,352.403,0.00283766,0.002997059239693867,-5.81012372,38.446,10.767,941,243.907,54.595,162.492,0
208.524,481.674,0.00207609,1.520009559506616,0.41871662,44.909,9.351,1165,273.795,78.253,189.462,0
205.59,478.74,0.00208882,1.369781571206679,0.31465129,46.681,2.655,134,141.373,76.58,50.307,1
57.203,330.353,0.00302706,0.0006366693965320135,-7.35926004,38.827,14.578,255,181.182,75.919,131.662,0
68.97,342.12,0.00292295,0.001491885680228637,-6.5077144,42.172,10.71,591,24.897,64.732,12.073,0
154.437,427.587,0.00233871,0.177429216815977,-1.72918353,41.857,3.534,414,16.029,61.196,143.931,0
183.784,456.934,0.0021885,0.6061324684647229,-0.50065672,42.96,3.598,944,49.495,69.965,227.641,0
134.285,407.435,0.00245438,0.06888771761476567,-2.67527738,44.39,8.354,1195,25.027,69.634,31.041,0
119.735,392.885,0.00254527,0.03275485792422596,-3.41870399,40.605,9.192,528,61.789,72.945,98.695,0
212.665,485.815,0.0020584,1.756729370397967,0.56345377,45.704,10.969,914,286.673,62.315,5.906,0
208.89,482.04,0.00207452,1.5397334524197,0.43160932,44.79,13.533,1060,91.991,58.905,5.335,0
211.196,484.346,0.00206464,1.669279692062468,0.51239221,46.168,11.271,366,154.151,69.614,209.859,0
44.885,318.035,0.00314431,0.0002440376938078934,-8.31818786,43.742,12.155,726,181.045,77.447,118.172,0
125.373,398.523,0.00250927,0.04397251277694072,-3.12419055,43.728,10.93,1044,25.476,66.141,219.031,0
214.678,487.828,0.0020499,1.88311063691924,0.632925,47.81,6.949,915,167.312,69.561,99.85,1
219.474,492.624,0.00202995,2.216996658821486,0.79615342,54.23,1.365,1127,160.743,73.935,117.462,1
139.329,412.479,0.00242437,0.08805455684558083,-2.42979869,38.684,4.185,351,205.938,67.871,191.637,0
53.542,326.692,0.00306099,0.0004824138467076393,-7.63670821,38.268,10.004,712,213.016,74.739,141.756,0
116.56,389.71,0.00256601,0.02764507151935235,-3.58830781,39.557,7.382,151,64.239,58.583,149.522,0
99.499,372.649,0.00268349,0.01057596097077616,-4.54917169,41.909,11.658,185,48.95,72.536,75.548,0
147.889,421.039,0.00237508,0.131774181983874,-2.02666556,39.523,4.471,363,226.261,69.83,84.433,0
201.693,474.843,0.00210596,1.190580628674107,0.17444111,51.695,5.839,558,220.263,64.97,102.081,1
173.31,446.46,0.00223984,0.398285855686247,-0.9205853,43.661,13.398,1085,101.393,64.478,169.897,0
141.421,414.571,0.00241213,0.0973211591045062,-2.32973885,45.91,3.985,985,211.532,71.634,31.995,1
55.798,328.948,0.00303999,0.0005727808122315301,-7.46500744,40.4,3.393,831,218.828,73.808,113.348,0
155.233,428.383,0.00233436,0.1838490141814596,-1.69364043,42.296,4.647,688,105.484,78.431,67.467,0
216.314,489.464,0.00204305,1.991652235030173,0.68896456,55.864,2.615,712,16.907,75.58,241.538,1
87.673,360.823,0.00277144,0.005151200049266409,-5.26852557,35.572,8.438,1140,23.199,66.51,206.667,0
208.523,481.673,0.0020761,1.519955975886707,0.41868137,52.481,7.635,356,244.891,77.945,192.872,1
111.224,384.374,0.00260163,0.02065783550882753,-3.87966059,36.213,11.13,1122,84.295,63.322,227.294,0
141.456,414.606,0.00241193,0.0974833779874856,-2.3280734,45.597,9.957,269,195.947,67.603,32.983,0
149.507,422.657,0.00236598,0.1419470991829765,-1.95230083,42.258,11.16,534,84.656,61.841,81.296,0
165.619,438.769,0.0022791,0.2888920360610241,-1.24170224,41.254,3.38,383,13.003,71.165,109.1,0
100.681,373.831,0.00267501,0.01133596774079008,-4.47977462,38.392,1.733,289,102.692,60.262,247.733,0
198.678,471.828,0.00211942,1.066492573066584,0.0643753,51.919,8.605,226,200.095,55.785,76.79,1
130.79,403.94,0.00247562,0.0579041740608876,-2.84896581,41.819,3.617,415,93.143,68.795,190.23,0
102.363,375.513,0.00266302,0.01250314637353493,-4.38177496,35.6,6.921,747,124.647,64.467,60.053,0
212.835,485.985,0.00205768,1.767105570436616,0.56934294,54.499,6.993,1039,212.816,81.106,140.085,1
76.766,349.916,0.00285783,0.002541296421895369,-5.97508093,41.005,13.534,626,37.621,63.202,44.591,0
73.22,346.37,0.00288709,0.00200046447757397,-6.21437589,35.24,12.713,747,179.543,79.167,86.273,0
109.093,382.243,0.00261614,0.0183470033644202,-3.99828902,37.668,8.81,188,138.674,56.42,116.34,0
166.465,439.615,0.00227472,0.299443416253462,-1.20582981,39.666,12.482,196,145.433,73.487,245.461,0
40.153,313.303,0.0031918,0.0001654882828802261,-8.70661016,39.103,6.437,585,67.672,76.444,105.074,0
124.415,397.565,0.00251531,0.04185078544481148,-3.17364471,40.017,5.414,1149,189.059,68.981,73.295,0
201.063,474.213,0.00210876,1.163645737853184,0.15155795,48.216,7.791,623,240.771,71.628,132.648,0
170.868,444.018,0.00225216,0.3601123914054006,-1.0213391,45.9,6.743,333,267.826,64.416,187.466,0
211.889,485.039,0.00206169,1.710043848688744,0.53651901,48.86,2.517,584,78.191,71.282,235.236,1
41.294,314.444,0.00318022,0.0001819310963468256,-8.61188253,40.864,10.151,1086,102.67,63.249,198.431,0
171.597,444.747,0.00224847,0.3711512407206182,-0.99114564,44.874,10.303,127,291.835,59.269,8.195,0
80.427,353.577,0.00282824,0.003237152567730498,-5.73306117,39.805,10.354,916,199.114,68.779,116.455,0
98.222,371.372,0.00269272,0.00980715767347197,-4.62464279,35.769,2.839,1048,231.797,74.044,19.327,0
79.712,352.862,0.00283397,0.003088920975070894,-5.77993345,44.769,12.983,284,150.41,69.098,239.123,0
128.806,401.956,0.00248783,0.0523969366799231,-2.94890715,38.901,8.482,564,93.639,67.055,201.112,0
209.605,482.755,0.00207144,1.57891747263508,0.45673947,49.053,12.281,562,105.306,65.282,132.79,0
147.431,420.581,0.00237766,0.1290159087147877,-2.04781956,40.11,2.849,665,276.85,77.508,178.666,0
68.8,341.95,0.0029244,0.001474259264694108,-6.51959961,35.238,5.398,1069,200.173,55.714,69.829,0
209.15,482.3,0.0020734,1.553881782227924,0.44075618,47.42,6.704,592,230.889,69.426,110.35,0
162.084,435.234,0.00229761,0.2483034920168515,-1.39310352,38.937,11.307,262,69.355,73.796,141.164,0
57.36,330.51,0.00302563,0.0006442013214418216,-7.34749927,40.322,7.337,1192,25.698,73.156,134.68,0
198.568,471.718,0.00211991,1.062190222624723,0.06033302,48.153,8.919,1184,147.112,59.091,178.357,1
199.759,472.909,0.00211457,1.109600177125261,0.10399975,45.265,10.232,662,91.204,66.504,51.459,0
192.098,465.248,0.00214939,0.8346117540281927,-0.18078863,45.475,9.233,1003,100.379,57.567,237.604,0
50.855,324.005,0.00308637,0.0003919674990036708,-7.84433163,35.028,2.521,851,23.97,79.399,196.741,0
48.448,321.598,0.00310947,0.0003244868486929986,-8.03326555,41.524,6.355,565,198.2,71.614,103.964,0
138.396,411.546,0.00242986,0.08418387696980596,-2.47475186,42.959,12.971,530,249.507,69.423,239.173,0
178.496,451.646,0.00221412,0.4915304706105372,-0.71023135,48.979,10.601,314,85.284,66.766,15.377,0
58.201,331.351,0.00301795,0.0006859606780726982,-7.28469025,36.715,3.538,679,236.686,75.183,37.346,0
93.396,366.546,0.00272817,0.007338580988797831,-4.91460978,42.774,7.859,360,79.181,55.142,245.474,0
104.776,377.926,0.00264602,0.01436863124244256,-4.24270783,42.027,2.292,402,192.419,72.859,149.478,0
167.431,440.581,0.00226973,0.3119109501673434,-1.16503755,44.808,7.674,573,157.703,66.193,191.289,0
62.0,335.15,0.00298374,0.0009074294065277476,-7.00489478,38.462,10.054,303,74.126,69.985,207.924,0
159.864,433.014,0.00230939,0.2254970810680979,-1.48944806,45.347,6.385,1116,98.138,79.569,232.436,0
190.38,463.53,0.00215736,0.7819649042353664,-0.24594542,49.308,5.649,532,138.626,77.721,44.188,1
147.569,420.719,0.00237688,0.1298415004486978,-2.0414408,43.872,1.679,869,13.849,62.992,118.446,0
77.078,350.228,0.00285528,0.002594768074007049,-5.95425814,40.178,1.699,627,165.005,72.854,170.057,0
119.161,392.311,0.002549,0.03177222053822243,-3.44916294,37.54,8.154,1067,287.986,63.011,192.198,0
142.34,415.49,0.0024068,0.1016619842626163,-2.28610185,39.75,13.855,652,144.019,62.238,212.078,0
134.445,407.595,0.00245342,0.06943270412836407,-2.66739728,44.72,7.972,1103,233.409,54.679,38.963,0
97.643,370.793,0.00269692,0.009475619485564624,-4.65903315,40.647,2.514,1060,69.765,55.886,63.048,0
65.747,338.897,0.00295075,0.001188487424579498,-6.73507385,41.092,9.769,128,32.614,69.343,18.034,0
117.189,390.339,0.00256188,0.02859600086338907,-3.5544884,38.782,4.854,543,101.867,79.857,245.737,0
171.664,444.814,0.00224813,0.3721807606949876,-0.98837563,47.818,6.647,861,82.695,60.353,57.251,1
134.229,407.379,0.00245472,0.0686978841979207,-2.67803688,43.491,9.001,853,150.15,69.684,131.836,0
115.838,388.988,0.00257077,0.02658887523047411,-3.62726238,35.6,7.714,800,75.817,80.492,245.575,0
169.922,443.072,0.00225697,0.346224350902704,-1.0606683,43.109,4.903,1059,106.074,68.28,14.579,0
50.666,323.816,0.00308817,0.0003862347187768664,-7.85906529,35.904,4.353,421,101.579,81.322,230.426,0
164.698,437.848,0.0022839,0.2777837202893473,-1.28091245,37.798,2.056,111,61.442,55.058,40.335,0
167.186,440.336,0.00227099,0.3087058273583858,-1.17536647,39.003,1.849,326,123.116,64.169,198.339,0
53.241,326.391,0.00306381,0.0004714034085672959,-7.65979634,38.619,9.86,945,93.624,62.105,168.605,0
133.676,406.826,0.00245805,0.06684841374808925,-2.7053277,44.64,1.871,709,244.911,76.018,246.528,0
192.137,465.287,0.00214921,0.8358424834255788,-0.1793151,41.614,4.036,943,292.516,65.399,244.546,0
217.232,490.382,0.00203923,2.054938604821416,0.72024597,55.972,5.129,482,271.594,57.202,221.599,1
57.286,330.436,0.0030263,0.0006406410967267898,-7.35304117,39.923,1.396,312,121.4,66.782,174.485,0
77.401,350.551,0.00285265,0.002651207009198913,-5.93274027,44.978,3.362,775,193.981,61.183,110.098,0
94.342,367.492,0.00272115,0.007772449731962749,-4.85716988,35.888,9.943,577,290.51,75.339,130.922,0
49.712,322.862,0.0030973,0.0003584582048830224,-7.93369849,43.174,7.18,709,269.46,67.155,28.167,0
169.651,442.801,0.00225835,0.3423348671054866,-1.07196588,47.924,3.783,898,277.639,70.104,146.747,1
107.616,380.766,0.00262628,0.01688567399998613,-4.08128971,43.218,13.207,889,131.726,65.972,139.623,0
63.566,336.716,0.00296986,0.001016492885622816,-6.89139692,40.994,5.909,151,293.461,68.988,158.106,0
111.111,384.261,0.0026024,0.02052897383721092,-3.88591803,40.411,3.01,988,154.276,55.401,112.289,0
138.497,411.647,0.00242927,0.08459537249971572,-2.46987571,43.177,11.284,468,121.019,63.249,231.538,0
121.906,395.056,0.00253129,0.03672484660166683,-3.30430173,38.829,10.682,125,128.909,73.246,144.895,0
149.346,422.496,0.00236689,0.1409042048142336,-1.95967502,39.083,1.224,1084,61.965,66.939,49.646,0
175.148,448.298,0.00223066,0.4293530357498342,-0.84547577,46.615,2.479,1063,293.651,72.368,116.236,1
94.445,367.595,0.00272039,0.007821071576162353,-4.8509337,37.426,8.614,517,284.029,73.456,223.131,0
209.463,482.613,0.00207205,1.571066221831105,0.45175451,53.573,7.461,622,126.441,56.031,127.049,1
155.931,429.081,0.00233056,0.1896487187014778,-1.66258177,41.783,7.702,614,284.786,70.689,190.497,0
180.361,453.511,0.00220502,0.5295331201366228,-0.63575957,40.813,3.976,758,24.802,71.351,74.861,0
150.429,423.579,0.00236083,0.1480538836930996,-1.91017899,42.04,10.492,169,242.594,76.989,201.136,0
100.331,373.481,0.00267751,0.0111059098723712,-4.50027789,41.512,1.114,1062,53.363,64.406,163.33,0
77.317,350.467,0.00285334,0.002636422404417229,-5.93833243,38.289,3.049,1050,46.45,63.629,162.021,0
169.401,442.551,0.00225963,0.3387813837294174,-1.08240027,42.987,8.558,783,287.001,72.334,226.957,0
140.975,414.125,0.00241473,0.09527516189755499,-2.35098613,45.742,11.427,674,189.669,75.74,10.618,0
80.04,353.19,0.00283134,0.003156133296910424,-5.75840764,37.362,5.264,246,59.619,59.602,166.746,0
130.507,403.657,0.00247735,0.05708799218728237,-2.86316148,37.084,10.76,160,95.95,77.316,210.412,0
200.701,473.851,0.00211037,1.148413807612971,0.13838169,43.987,2.798,921,133.959,69.248,93.104,0
123.007,396.157,0.00252425,0.03889992286016068,-3.24676301,40.419,4.554,970,187.72,78.818,218.981,0
173.045,446.195,0.00224117,0.3939759086913793,-0.93146552,43.76,2.444,1200,299.641,56.594,173.642,0
53.417,326.567,0.00306216,0.0004778129908202998,-7.64629113,35.092,14.677,198,212.521,69.6,172.018,0
118.956,392.106,0.00255033,0.03142779001165311,-3.46006275,42.025,4.482,872,170.346,63.136,204.609,0
99.161,372.311,0.00268593,0.01036731499338975,-4.56909721,40.738,12.092,471,216.734,70.209,233.83,0
215.948,489.098,0.00204458,1.966902852145832,0.67646015,48.774,14.688,476,40.646,73.75,159.546,0
181.232,454.382,0.00220079,0.5481595571997584,-0.60118887,41.114,11.292,1140,72.842,64.244,82.248,0
146.99,420.14,0.00238016,0.1264090822973274,-2.06823195,42.073,1.535,373,270.051,68.065,177.419,0
189.428,462.578,0.0021618,0.7540781044771385,-0.28225933,50.036,1.748,957,264.211,60.911,165.834,1
163.19,436.34,0.00229179,0.2604170966128959,-1.34547072,39.796,6.251,416,40.397,66.499,152.877,0
138.015,411.165,0.00243211,0.08264775579594792,-2.49316761,36.478,1.225,619,74.736,79.935,217.466,0
200.959,474.109,0.00210922,1.159251535349261,0.14777457,47.946,11.57,1126,16.873,69.818,101.456,0
136.057,409.207,0.00244375,0.07514399493949805,-2.58834907,44.044,13.781,742,260.43,65.754,243.965,0
153.162,426.312,0.0023457,0.1675637232741538,-1.78639156,36.556,3.614,296,274.564,63.399,78.195,0
52.613,325.763,0.00306972,0.0004491721723058661,-7.70810429,42.689,2.194,816,297.212,76.001,198.345,0
214.754,487.904,0.00204958,1.888035049702659,0.63553663,47.847,7.92,805,66.767,60.706,59.07,1
203.563,476.713,0.0020977,1.273804292645969,0.24200793,44.537,1.242,793,265.559,66.068,16.986,1
208.61,481.76,0.00207572,1.524623989925641,0.42174782,49.173,1.425,577,31.359,69.429,45.833,1
79.923,353.073,0.00283228,0.003132006375992458,-5.76608147,35.497,8.422,620,176.726,78.452,12.697,0
74.214,347.364,0.00287882,0.002140309339296315,-6.14680491,40.568,2.479,1030,140.691,61.624,231.865,0
58.415,331.565,0.003016,0.0006969765527753979,-7.26875879,42.429,12.675,1183,133.24,78.045,191.693,0
61.012,334.162,0.00299256,0.0008442611929883879,-7.07704864,35.229,10.743,579,204.422,72.756,223.753,0
106.194,379.344,0.00263613,0.01557932867404452,-4.16181033,38.371,5.641,659,27.395,67.819,9.317,0
93.11,366.26,0.0027303,0.007211821356811235,-4.93203374,45.027,8.443,734,107.39,61.911,5.981,0
112.433,385.583,0.00259348,0.02208313670539914,-3.81294101,42.252,12.326,765,236.196,80.13,196.436,0
110.251,383.401,0.00260824,0.01957187050324712,-3.93366192,35.665,10.524,281,173.533,81.246,54.188,0
121.189,394.339,0.00253589,0.03536809259834531,-3.3419452,44.336,9.436,892,168.395,72.483,89.443,0
161.607,434.757,0.00230014,0.2432363714516731,-1.41372159,46.871,12.479,192,290.115,66.579,59.93,0
215.672,488.822,0.00204573,1.948418868497132,0.66701821,54.936,1.563,522,37.46,76.128,191.487,1
153.347,426.497,0.00234468,0.1689640050431554,-1.77806957,36.928,1.22,222,42.522,67.125,132.304,0
54.843,327.993,0.00304885,0.0005327795869874932,-7.53740275,35.577,3.684,210,41.336,54.778,162.829,0
59.785,332.935,0.00300359,0.0007714390597661858,-7.16725288,41.478,1.242,616,240.672,55.731,92.843,0
68.757,341.907,0.00292477,0.001469831163167218,-6.52260774,41.067,7.4,285,134.034,78.195,107.573,0
111.883,385.033,0.00259718,0.02142404853527723,-3.84324122,42.597,5.154,1111,101.356,79.477,46.823,0
204.962,478.112,0.00209156,1.339385549006595,0.29221096,50.872,4.36,206,191.797,81.554,72.927,1
173.556,446.706,0.00223861,0.4023243278119477,-0.91049673,45.411,3.182,388,64.605,74.469,238.159,0
173.043,446.193,0.00224118,0.3939435393948953,-0.93154768,40.011,4.243,168,19.358,55.797,238.425,0
142.74,415.89,0.00240448,0.1036050887347814,-2.26716883,41.427,11.08,868,34.889,81.397,176.797,0
212.736,485.886,0.0020581,1.761056412393661,0.56591386,45.881,14.71,235,109.101,73.957,149.058,0
57.284,330.434,0.00302632,0.0006405451259372824,-7.35319098,41.544,4.855,1129,127.873,75.13,142.67,0
87.245,360.395,0.00277473,0.005014381276889167,-5.29544524,36.609,12.524,423,276.724,69.136,228.876,0
200.267,473.417,0.0021123,1.130384880824491,0.12255818,49.874,5.549,1033,283.357,57.252,22.999,1
166.895,440.045,0.00227249,0.3049371331664673,-1.18764964,38.604,10.481,333,91.005,79.618,207.589,0
181.108,454.258,0.00220139,0.5454727448595924,-0.60610244,46.843,3.774,642,217.681,63.647,195.614,1
82.243,355.393,0.00281379,0.003643319801874512,-5.61485998,41.193,12.115,754,295.962,66.201,36.036,0
216.922,490.072,0.00204052,2.033372283812602,0.70969564,50.764,10.04,1023,52.728,71.346,212.165,1
46.202,319.352,0.00313134,0.0002713419638630785,-8.21213067,37.959,14.907,1085,69.539,76.117,79.677,0
85.424,358.574,0.00278882,0.004468520155160738,-5.41069799,38.24,4.85,346,43.951,55.226,225.263,0
119.3,392.45,0.0025481,0.03200769882679166,-3.44177882,44.172,5.597,800,182.527,59.674,31.826,0
148.826,421.976,0.0023698,0.1375826154681129,-1.9835307,38.858,13.113,559,282.904,64.684,94.816,0
128.342,401.492,0.00249071,0.05117915074394829,-2.97242304,45.039,12.187,1051,131.188,70.384,137.321,0
206.218,479.368,0.00208608,1.400785037526451,0.33703282,45.355,5.322,119,81.482,71.329,15.894,0
81.699,354.849,0.0028181,0.003517019640425199,-5.65014134,42.842,13.767,693,126.131,76.972,147.681,0
151.715,424.865,0.00235369,0.1569649049348083,-1.85173303,38.23,3.137,1057,290.356,59.306,56.614,0
216.474,489.624,0.00204238,2.002557474603753,0.6944251,52.667,8.578,578,259.985,74.314,94.992,1
63.521,336.671,0.00297026,0.001013197991479996,-6.89464362,39.359,3.845,375,188.767,74.021,92.562,0
73.675,346.825,0.0028833,0.00206340563402934,-6.18339744,39.157,11.575,726,107.635,67.733,64.353,0
85.772,358.922,0.00278612,0.004568445160610181,-5.38858236,37.427,8.902,719,189.639,65.35,106.847,0
189.034,462.184,0.00216364,0.7427972330720766,-0.29733217,45.656,3.375,411,48.3,81.369,20.778,0
122.327,395.477,0.00252859,0.03754322787844215,-3.28226227,36.326,5.136,966,218.434,59.664,130.06,0
155.027,428.177,0.00233548,0.1821679714980439,-1.7028261,38.135,5.343,878,273.689,75.241,30.674,0
81.734,354.884,0.00281782,0.003525023610146477,-5.64786814,44.128,10.131,670,254.995,66.813,31.068,0
175.909,449.059,0.00222688,0.4428351799396977,-0.81455763,42.015,12.293,108,31.136,65.256,79.937,0
147.943,421.093,0.00237477,0.1321028547220494,-2.02417446,39.059,1.723,1054,17.567,68.648,128.909,0
50.413,323.563,0.00309059,0.0003786815008601948,-7.87881507,43.635,8.358,801,145.342,67.524,117.259,0
168.327,441.477,0.00226512,0.3238869218123608,-1.12736083,41.653,10.906,171,285.788,71.026,19.904,0
140.558,413.708,0.00241716,0.09339725672324896,-2.37089331,44.873,3.239,439,167.886,63.365,244.547,0
193.739,466.889,0.00214184,0.887807897812679,-0.11899989,45.879,1.505,1030,102.57,60.274,44.868,1
156.672,429.822,0.00232654,0.1959844163422926,-1.62972013,38.911,3.287,1198,86.822,73.189,50.003,0
44.923,318.073,0.00314393,0.0002447886334266491,-8.31511544,40.524,10.225,383,225.313,79.248,80.913,0
107.695,380.845,0.00262574,0.01696107999492381,-4.07683397,39.145,1.274,593,212.281,72.016,56.505,0
202.993,476.143,0.00210021,1.247908470544053,0.22146893,48.237,7.954,226,43.885,71.56,50.082,0
114.527,387.677,0.00257947,0.024763943130253,-3.69836659,42.752,5.495,1123,179.687,61.549,143.886,0
95.667,368.817,0.00271137,0.00841943139783735,-4.77721298,40.763,10.096,795,219.716,78.84,61.713,0
42.67,315.82,0.00316636,0.0002037625372910004,-8.49855528,42.261,14.066,1193,261.526,66.055,72.208,0
88.734,361.884,0.00276332,0.005505173184806475,-5.20206705,36.494,2.738,481,275.776,69.293,184.196,0
194.157,467.307,0.00213992,0.9018291020009969,-0.10333024,48.091,3.816,893,270.323,55.026,133.068,1
115.409,388.559,0.00257361,0.02597873210980358,-3.65047707,42.765,6.943,177,16.001,77.141,150.551,0
72.561,345.711,0.00289259,0.001912415552657549,-6.25938815,37.341,8.748,199,254.358,79.887,160.017,0
105.878,379.028,0.00263833,0.01530178411743911,-4.17978585,35.586,10.6,514,297.575,67.144,41.269,0
116.633,389.783,0.00256553,0.0277539466833308,-3.58437723,37.958,2.748,466,201.788,80.595,40.338,0
218.243,491.393,0.00203503,2.126678076246226,0.75456117,47.731,14.671,170,299.107,73.932,175.869,0
47.244,320.394,0.00312116,0.0002949110158079074,-8.12883689,35.385,3.117,140,28.148,74.299,247.691,0
207.524,480.674,0.00208041,1.46725099094124,0.38339058,53.205,2.427,948,82.029,79.236,190.192,1
203.573,476.723,0.00209765,1.274262810923661,0.24236782,53.147,1.279,460,60.85,77.704,225.061,1
53.338,326.488,0.0030629,0.0004749261081912955,-7.65235133,44.023,9.597,1197,21.865,74.121,34.815,0
138.804,411.954,0.00242746,0.0858572855653381,-2.45506883,45.656,11.901,1113,263.361,54.523,221.671,0
188.462,461.612,0.00216632,0.726686316256677,-0.31926037,46.823,8.686,430,223.28,80.656,128.972,0
199.09,472.24,0.00211757,1.082744153761707,0.0794987,51.077,12.644,487,238.338,66.636,213.859,0
89.836,362.986,0.00275493,0.005896173439059849,-5.13345171,42.04,3.165,766,75.809,77.937,61.422,0
95.459,368.609,0.0027129,0.008314729719108493,-4.78972667,40.548,11.031,923,97.016,76.336,122.226,0
141.844,414.994,0.00240967,0.09929803683106725,-2.30962948,38.948,6.362,954,151.429,80.682,31.313,0
206.33,479.48,0.00208559,1.406378936132102,0.34101827,49.63,12.619,910,76.667,69.951,208.648,0
106.67,379.82,0.00263283,0.01600603019808765,-4.13478974,40.006,1.929,1137,240.857,75.327,197.466,0
108.157,381.307,0.00262256,0.01740821008230741,-4.05081334,35.203,7.107,286,39.631,67.375,204.119,0
212.036,485.186,0.00206107,1.718802725516101,0.54162796,51.585,2.007,946,42.581,70.559,90.784,1
143.418,416.568,0.00240057,0.1069749682166551,-2.23516041,39.37,11.338,372,186.64,60.389,45.152,0
211.314,484.464,0.00206414,1.676159656995055,0.51650526,44.933,13.738,865,167.468,57.261,194.443,0
47.667,320.817,0.00311704,0.0003050062850091465,-8.09517817,38.17,9.169,1126,154.39,79.03,183.166,0
204.079,477.229,0.00209543,1.29765503946275,0.26055882,48.589,8.816,1081,29.682,76.499,107.765,1
88.192,361.342,0.00276746,0.005321671243453782,-5.23596788,40.634,9.408,1093,221.212,64.893,158.561,0
208.382,481.532,0.00207671,1.512417347661877,0.41370926,53.541,3.132,1193,49.795,58.645,180.855,1
48.229,321.379,0.00311159,0.0003189117645281441,-8.05059609,44.603,2.505,1084,227.375,65.067,130.618,0
142.819,415.969,0.00240403,0.1039927736621082,-2.26343387,36.325,12.555,972,94.704,59.533,174.201,0
143.997,417.147,0.00239724,0.1099303649135674,-2.20790816,41.557,14.398,559,143.039,58.166,53.109,0
80.117,353.267,0.00283072,0.003172104219404149,-5.75336012,39.052,11.966,1102,115.916,69.382,162.165,0
129.11,402.26,0.00248595,0.05320890012894917,-2.9335296,35.813,3.621,228,51.788,69.344,71.773,0
152.998,426.148,0.0023466,0.1663310941126291,-1.79377493,44.436,14.106,1067,160.594,55.555,134.671,0
44.413,317.563,0.00314898,0.00023488562674419,-8.35641186,41.405,2.859,307,99.667,76.029,237.581,0
62.207,335.357,0.0029819,0.0009212018362954008,-6.9898314,35.307,3.838,1128,222.308,62.795,228.926,0
45.914,319.064,0.00313417,0.0002651411223371085,-8.23524834,44.657,5.39,351,251.679,56.447,115.047,0
44.506,317.656,0.00314806,0.0002366634547037528,-8.34887145,43.652,3.595,387,11.834,72.24,126.468,0
148.483,421.633,0.00237173,0.1354302560432438,-1.99929849,38.004,10.231,796,207.812,80.902,230.932,0
169.888,443.038,0.00225714,0.3457342194752817,-1.06208495,41.043,7.107,771,45.052,78.732,60.298,0
164.094,437.244,0.00228705,0.2707074542303512,-1.30671655,40.936,10.204,1005,215.966,73.954,95.709,0
116.312,389.462,0.00256764,0.02727807421208946,-3.60167204,44.099,7.57,517,284.324,60.455,169.805,0
87.855,361.005,0.00277004,0.005210404607700449,-5.25709777,44.068,3.307,639,150.707,56.952,239.226,0
178.193,451.343,0.00221561,0.485590971243845,-0.72238863,43.421,9.944,606,184.224,75.442,89.935,0
97.297,370.447,0.00269944,0.009282396438818622,-4.67963553,39.764,13.668,374,137.574,71.587,117.463,0
68.319,341.469,0.00292852,0.001425415592827293,-6.55329186,35.098,11.804,915,25.248,70.926,58.532,0
118.431,391.581,0.00255375,0.03056105106061728,-3.48802892,38.699,2.173,149,135.573,75.964,229.139,0
48.882,322.032,0.00310528,0.0003358013993764074,-7.99899065,36.266,6.384,1182,60.929,74.384,98.882,0
216.974,490.124,0.0020403,2.036975894184128,0.7114663,48.63,7.689,954,221.629,69.073,69.758,1
139.124,412.274,0.00242557,0.08719062885333716,-2.43965842,36.354,2.981,850,98.887,56.395,208.82,0
47.252,320.402,0.00312108,0.0002950990508093917,-8.12819949,44.779,6.408,751,33.134,73.805,133.21,0
101.87,375.02,0.00266652,0.01215022091616656,-4.41040793,37.798,8.388,183,76.583,60.214,173.624,0
55.953,329.103,0.00303856,0.0005795277285155363,-7.45329705,44.233,3.24,678,215.542,75.1,47.448,0
204.225,477.375,0.00209479,1.304474707070831,0.26580044,47.314,2.878,984,296.171,74.808,140.513,1
69.572,342.722,0.00291782,0.001555868152096505,-6.46572159,36.403,5.115,802,195.076,73.23,244.786,0
81.704,354.854,0.00281806,0.003518162047606567,-5.64981657,35.475,5.958,723,288.017,71.283,51.97,0
170.635,443.785,0.00225334,0.3566464493638757,-1.03101033,40.783,12.438,663,233.419,75.906,25.319,0
72.9,346.05,0.00288976,0.001957256132871218,-6.23621172,39.48,10.565,167,25.062,54.602,176.767,0
195.577,468.727,0.00213344,0.9509372906270681,-0.05030716,47.001,13.558,1044,269.455,68.655,7.955,0
44.77,317.92,0.00314545,0.0002417780373763009,-8.32749045,42.833,13.11,214,205.974,55.995,184.601,0
69.053,342.203,0.00292224,0.001500561489348469,-6.50191591,43.269,5.463,813,180.278,54.863,245.126,0
143.925,417.075,0.00239765,0.1095589058229928,-2.21129292,38.338,9.108,1081,218.026,80.011,209.844,0
80.775,353.925,0.00282546,0.003311624804492085,-5.71031633,38.612,14.441,559,209.683,74.724,206.461,0
120.375,393.525,0.00254113,0.03388280671232228,-3.38484757,42.684,10.833,743,156.608,80.75,148.957,0
130.188,403.338,0.00247931,0.05618042768877966,-2.87918684,39.62,9.863,748,286.388,77.06,229.026,0
183.868,457.018,0.0021881,0.6081299075773144,-0.49736676,41.987,12.899,251,206.584,79.067,23.271,0
167.972,441.122,0.00226695,0.3190937792935715,-1.14227024,46.856,10.961,189,91.99,59.529,241.424,0
198.483,471.633,0.00212029,1.058876202775797,0.05720816,42.307,6.579,837,148.105,58.771,219.333,0
171.975,445.125,0.00224656,0.3769929801555533,-0.97552871,47.267,11.812,1046,170.526,79.685,33.436,0
79.469,352.619,0.00283592,0.003039972696532843,-5.79590675,44.149,4.45,625,55.598,64.907,243.736,0
55.017,328.167,0.00304723,0.0005398706356163066,-7.52418101,39.844,1.474,1073,83.428,70.29,13.283,0
81.833,354.983,0.00281704,0.003547753566277213,-5.64144067,39.659,1.225,664,124.0,81.528,66.643,0
40.077,313.227,0.00319257,0.0001644433671389832,-8.71294432,35.971,1.753,731,185.35,64.926,50.619,0
159.744,432.894,0.00231003,0.2243194721668705,-1.49468403,44.846,8.918,232,241.464,80.705,47.65,0
167.396,440.546,0.00226991,0.311451265191036,-1.16651241,41.207,8.493,413,89.253,60.414,235.027,0
74.86,348.01,0.00287348,0.002235931143517827,-6.10309752,35.541,2.188,1100,154.145,79.929,32.686,0
187.496,460.646,0.00217086,0.7001808641421277,-0.3564166,45.415,13.613,915,272.966,81.064,27.694,0
67.239,340.389,0.00293782,0.001321102374621461,-6.62928876,41.32,1.945,610,14.081,67.26,22.67,0
144.764,417.914,0.00239284,0.1139582149927613,-2.17192343,42.416,7.673,847,42.326,72.261,27.905,0
200.752,473.902,0.00211014,1.150549017411175,0.14023923,43.01,1.832,354,24.942,67.88,84.494,0
191.535,464.685,0.002152,0.8170231345456054,-0.20208787,46.295,5.945,280,108.561,80.074,224.251,0
190.84,463.99,0.00215522,0.7957643506480573,-0.22845218,43.729,5.09,747,86.754,80.145,155.916,0
55.202,328.352,0.00304551,0.000547505099654672,-7.51013878,35.28,3.339,830,154.114,67.207,8.997,0
49.537,322.687,0.00309898,0.0003535672100045793,-7.94743696,41.546,9.092,729,59.254,75.889,82.12,0
72.811,345.961,0.0028905,0.001945391592473263,-6.24229199,41.681,3.228,817,37.24,79.309,130.935,0
47.978,321.128,0.00311402,0.0003126306723461929,-8.07048802,36.917,1.59,537,50.9,60.043,47.676,0
55.211,328.361,0.00304543,0.0005478790264581014,-7.50945605,39.939,14.192,968,131.329,58.627,154.174,0
99.888,373.038,0.00268069,0.01082080792300057,-4.52628434,35.322,7.607,217,106.704,58.12,161.994,0
139.899,413.049,0.00242102,0.09049729887986215,-2.40243528,43.049,14.358,260,152.864,79.385,203.642,0
97.96,371.11,0.00269462,0.009655850475148418,-4.64019128,39.64,1.216,1003,12.28,54.874,179.905,0
164.244,437.394,0.00228627,0.2724496117522727,-1.30030159,45.99,14.269,507,250.979,69.093,81.348,0
211.129,484.279,0.00206493,1.665384362240633,0.51005594,49.821,13.0,445,53.626,60.714,83.284,0
124.1,397.25,0.00251731,0.04117360645802468,-3.18995785,43.86,11.302,240,240.248,80.843,182.875,0
114.893,388.043,0.00257703,0.02526165506279585,-3.67846764,37.603,11.293,671,263.428,61.275,163.138,0
205.109,478.259,0.00209092,1.346446631879494,0.297469,45.114,7.048,560,247.762,68.235,199.144,0
166.6,439.75,0.00227402,0.3011585970984403,-1.20011825,39.512,5.639,1065,288.801,66.589,77.185,0
93.086,366.236,0.00273048,0.007201275379334353,-4.93349713,41.712,2.635,370,165.956,68.878,108.636,0
62.861,336.011,0.00297609,0.0009659854605604825,-6.94236178,43.583,7.554,972,284.069,71.975,225.132,0
184.714,457.864,0.00218405,0.6285753298961314,-0.4642994,42.92,13.948,390,92.606,59.626,92.555,0
203.614,476.764,0.00209747,1.276144260651394,0.24384324,49.762,4.315,210,59.662,56.588,85.518,1
169.909,443.059,0.00225704,0.3460368746013589,-1.06120994,40.45,9.488,772,292.359,70.54,199.245,0
48.66,321.81,0.00310742,0.0003299691407910297,-8.01651142,38.709,7.39,1151,165.905,61.735,141.622,0
132.852,406.002,0.00246304,0.06417571344560069,-2.74613044,38.517,7.668,1167,220.39,57.042,9.826,0
141.531,414.681,0.00241149,0.09783180834934835,-2.32450552,40.252,7.539,555,239.498,71.465,83.067,0
189.681,462.831,0.00216062,0.7614017749991012,-0.2725941,44.461,11.12,953,293.484,64.708,93.912,0
126.939,400.089,0.00249944,0.04765060191519181,-3.04386002,41.59,13.501,689,239.902,76.103,169.117,0
219.116,492.266,0.00203142,2.190388657068843,0.784079,48.155,12.38,880,195.052,66.754,176.257,0
131.653,404.803,0.00247034,0.06045844069024744,-2.80579908,41.063,12.38,338,282.115,79.193,76.291,0
70.068,343.218,0.0029136,0.001610463020872167,-6.43123355,36.871,10.933,717,103.736,65.67,214.351,0
192.645,465.795,0.00214687,0.8520210822337702,-0.16014401,46.942,2.56,641,143.117,73.905,110.426,1
207.342,480.492,0.0020812,1.457824737702994,0.37694542,53.597,1.572,133,127.978,58.154,44.458,1
121.908,395.058,0.00253127,0.03672869599345489,-3.30419692,44.004,8.005,984,177.23,57.615,141.322,0
207.848,480.998,0.00207901,1.484164965440978,0.3948523,48.94,3.56,890,15.683,71.354,60.377,1
94.029,367.179,0.00272347,0.007626379344150761,-4.87614208,39.531,12.57,918,249.464,78.039,39.496,0
111.93,385.08,0.00259686,0.02147966616689907,-3.84064855,44.574,13.863,1032,227.667,57.257,202.814,0
107.794,380.944,0.00262506,0.01705600719939442,-4.07125281,39.802,5.536,947,282.548,69.911,193.052,0
181.404,454.554,0.00219996,0.5519059006576744,-0.59437772,43.83,8.428,786,169.299,70.267,15.028,0
179.598,452.748,0.00220873,0.5136809374219443,-0.66615295,47.499,7.2,262,272.902,76.344,26.839,0
205.147,478.297,0.00209075,1.348277284304274,0.29882769,46.882,14.505,261,258.573,60.791,168.228,0
133.881,407.031,0.00245682,0.06752872593751873,-2.6952022,36.762,13.667,1048,222.567,62.509,50.689,0
53.177,326.327,0.00306441,0.0004690923356506314,-7.66471093,43.131,8.925,355,59.137,71.463,217.377,0
46.617,319.767,0.00312728,0.0002805125764911608,-8.178892,36.91,5.376,722,95.501,73.679,140.401,0
129.349,402.499,0.00248448,0.05385519950496002,-2.92145632,36.296,11.814,822,274.422,56.075,135.555,0
182.492,455.642,0.00219471,0.5761355320816652,-0.55141235,44.695,1.009,1147,108.482,67.226,52.159,1
124.317,397.467,0.00251593,0.04163903791005322,-3.17871714,36.979,14.922,262,185.657,55.448,71.748,0
91.697,364.847,0.00274087,0.006614316959730365,-5.01851874,40.472,10.927,139,274.189,54.452,108.554,0
190.958,464.108,0.00215467,0.7993388175465268,-0.22397037,50.65,1.505,860,143.574,78.29,150.695,1
43.384,316.534,0.00315922,0.0002160202158014174,-8.44013856,40.322,13.991,704,154.319,72.368,168.92,0
84.759,357.909,0.00279401,0.004283097638123451,-5.45307878,37.246,11.866,627,145.704,57.27,190.674,0
115.315,388.465,0.00257423,0.02584674538408127,-3.65557059,43.377,2.685,1200,82.966,56.153,60.25,0
71.152,344.302,0.00290443,0.001735939732933666,-6.35620638,35.406,7.041,152,16.218,58.634,122.731,0
136.403,409.553,0.00244169,0.07642363542428367,-2.57146327,36.151,8.181,154,61.694,75.185,235.482,0
115.744,388.894,0.00257139,0.02645408571004481,-3.63234466,36.253,11.712,522,11.156,63.85,45.346,0
85.643,358.793,0.00278712,0.004531168663125798,-5.39677539,36.793,1.841,638,46.333,75.499,122.946,0
205.961,479.111,0.0020872,1.388023221981728,0.32788059,49.406,1.688,451,255.031,73.573,102.373,1
148.07,421.22,0.00237406,0.1328787446028785,-2.01831826,41.829,13.691,504,263.038,58.123,76.659,0
170.547,443.697,0.00225379,0.3553451810262669,-1.03466562,43.204,10.565,620,205.358,72.056,112.645,0
120.54,393.69,0.00254007,0.03417924097204277,-3.37613681,41.148,11.718,740,93.585,75.292,57.436,0
67.539,340.689,0.00293523,0.001349352840901019,-6.60813018,36.399,14.932,791,174.011,56.573,192.86,0
133.422,406.572,0.00245959,0.06601405455766743,-2.71788761,39.994,11.848,1165,188.314,77.214,55.123,0
191.864,465.014,0.00215047,0.8272610462376709,-0.18963498,48.184,9.905,1041,107.562,79.847,135.166,0
196.508,469.658,0.00212921,0.9844054220974371,-0.01571745,45.755,5.027,1074,96.685,70.471,85.376,0
204.33,477.48,0.00209433,1.309398813087464,0.26956811,52.802,14.633,514,208.527,72.471,25.071,1
96.03,369.18,0.00270871,0.008605033412761323,-4.75540797,36.267,11.687,959,223.007,71.785,6.611,0
140.488,413.638,0.00241757,0.09308530283395806,-2.37423897,41.195,8.891,949,78.272,79.867,189.069,0
108.695,381.845,0.00261886,0.01794234687374698,-4.02059161,38.722,11.522,668,22.416,80.802,25.376,0
112.853,386.003,0.00259065,0.02259874729427391,-3.7898608,37.652,11.638,698,187.589,70.876,37.075,0
181.475,454.625,0.00219962,0.5534589806479917,-0.59156764,45.812,12.542,114,73.692,78.61,221.281,0
76.524,349.674,0.00285981,0.002500517618942936,-5.99125752,38.481,14.807,759,214.463,77.865,83.749,0
179.279,452.429,0.00221029,0.5071794446679809,-0.6788904,39.113,12.937,1082,176.768,60.312,223.208,0
94.794,367.944,0.0027178,0.007987884648368122,-4.8298293,42.391,5.597,424,242.16,71.483,127.15,0
52.537,325.687,0.00307043,0.000446548246554291,-7.71396311,40.026,1.739,347,295.538,63.332,33.085,0
60.863,334.013,0.0029939,0.000835093231466741,-7.08796718,43.706,8.791,1026,18.889,56.247,47.972,0
175.045,448.195,0.00223117,0.4275566205810858,-0.84966855,47.677,13.577,1147,184.055,60.358,234.872,0
186.308,459.458,0.00217648,0.6687626515309177,-0.40232606,42.813,14.162,226,270.582,61.239,105.455,0
74.866,348.016,0.00287343,0.002236837305051331,-6.10269233,41.329,8.437,622,23.195,61.924,160.899,0
41.089,314.239,0.00318229,0.0001788700014644845,-8.62885126,41.247,5.799,274,204.356,68.252,42.645,0
155.754,428.904,0.00233152,0.1881627294892405,-1.67044811,36.864,2.1,1028,193.044,67.376,234.901,0
133.478,406.628,0.00245925,0.06619719755508371,-2.71511715,42.884,8.324,843,85.588,55.021,79.054,0
68.755,341.905,0.00292479,0.00146962550189903,-6.52274767,42.804,3.517,290,64.614,66.55,110.739,0
163.849,436.999,0.00228833,0.2678833182262693,-1.31720377,44.786,12.117,1050,102.202,79.358,55.482,0
188.787,461.937,0.0021648,0.7358017877312856,-0.30679451,44.261,8.23,418,258.668,78.117,29.433,0
87.09,360.24,0.00277593,0.004965655519807714,-5.30520996,44.066,2.089,1190,112.564,58.338,79.937,1
49.985,323.135,0.00309468,0.0003662127240301781,-7.91229618,39.579,14.584,159,93.506,78.425,22.544,0
185.93,459.08,0.00217827,0.6590318281605377,-0.41698345,44.932,13.075,366,81.607,56.207,239.713,0
120.334,393.484,0.0025414,0.03380950864093708,-3.3870132,39.073,4.256,1181,144.961,75.239,129.293,0
80.236,353.386,0.00282977,0.003196931831715981,-5.74556373,43.431,8.16,1131,296.76,66.715,31.442,0
180.48,453.63,0.00220444,0.5320442959831193,-0.63102853,40.803,8.618,851,235.677,76.339,196.67,0
169.638,442.788,0.00225842,0.3421492700034179,-1.07250818,44.989,10.725,848,86.104,70.54,66.131,0
214.432,487.582,0.00205094,1.867248565844205,0.62446599,55.451,14.506,456,119.373,61.547,231.813,1
92.166,365.316,0.00273736,0.006807443416052814,-4.98973865,37.261,9.635,104,83.774,69.813,25.412,0
135.461,408.611,0.00244732,0.0729849032663541,-2.61750266,37.516,10.845,1157,96.954,79.68,181.365,0
211.901,485.051,0.00206164,1.710757381440182,0.53693619,49.045,3.998,954,278.813,76.002,235.455,1
123.241,396.391,0.00252276,0.03937692639270361,-3.23457526,43.983,7.722,801,192.879,74.906,7.658,0
68.94,342.09,0.00292321,0.001488761171991907,-6.50981093,35.114,8.978,1119,274.004,76.6,241.771,0
206.047,479.197,0.00208682,1.392282238147267,0.3309443,47.242,14.341,777,18.197,74.166,239.635,0
85.945,359.095,0.00278478,0.004618875288039738,-5.37760405,43.277,5.843,861,123.779,77.504,159.781,0
87.995,361.145,0.00276897,0.005256368003452232,-5.24831498,43.806,5.17,445,26.622,79.996,17.67,0
42.945,316.095,0.00316361,0.000208405554914049,-8.47602459,39.423,12.439,292,164.654,77.289,145.026,0
52.789,325.939,0.00306806,0.0004553032042131487,-7.69454698,41.727,12.296,467,44.501,64.17,71.235,0
72.031,345.181,0.00289703,0.001844192242381709,-6.29571391,43.498,10.688,524,182.813,65.01,129.329,0
49.782,322.932,0.00309663,0.0003604319923738002,-7.92820727,43.766,2.49,820,77.953,80.815,226.532,0
138.962,412.112,0.00242652,0.08651331465307957,-2.44745695,39.998,9.837,1025,227.925,76.385,92.781,0
71.684,344.834,0.00289995,0.001800740187804656,-6.31955748,39.776,9.109,1190,55.465,55.903,240.908,0
184.689,457.839,0.00218417,0.6279625067511765,-0.46527482,46.855,5.605,102,84.406,70.472,125.234,0
64.823,337.973,0.00295882,0.001112600520672086,-6.80105519,38.091,6.577,213,283.824,63.584,132.529,0
110.808,383.958,0.00260445,0.02018702871102061,-3.90271502,41.112,4.91,1092,259.82,62.074,113.939,0
219.398,492.548,0.00203026,2.211324384523837,0.79359161,49.77,13.257,273,288.895,56.348,247.19,0
92.373,365.523,0.00273581,0.006894304650883871,-4.97705962,41.105,10.723,584,21.235,67.988,205.169,0
180.013,453.163,0.00220671,0.5222498725366516,-0.64960912,48.651,4.833,777,144.338,76.613,7.735,1
138.478,411.628,0.00242938,0.08451782458862496,-2.47079282,36.791,10.891,470,164.831,61.687,47.395,0
189.359,462.509,0.00216212,0.7520916140092183,-0.28489714,48.202,9.174,799,172.976,67.546,48.514,0
130.915,404.065,0.00247485,0.05826801500347439,-2.84270196,37.333,12.808,545,150.54,70.656,166.923,0
